HCP_ID,HCP_Name,Specialty,City,Locality,Zone
NPIIN0000000001,HCP_00001,General Medicine,Chennai,Velachery,South Chennai
NPIIN0000000002,HCP_00002,General Medicine,Chennai,Madhavaram,North Chennai
NPIIN0000000003,HCP_00003,Cardiology,Chennai,Velachery,South Chennai
NPIIN0000000004,HCP_00004,Orthopedics,Chennai,Guindy,South Chennai
NPIIN0000000005,HCP_00005,Endocrinology,Chennai,Egmore,Central Chennai
NPIIN0000000006,HCP_00006,Diabetology,Chennai,Velachery,South Chennai
NPIIN0000000007,HCP_00007,Endocrinology,Chennai,Porur,South Chennai
NPIIN0000000008,HCP_00008,Urology,Chennai,Velachery,South Chennai
NPIIN0000000009,HCP_00009,Gastroenterology,Chennai,Nungambakkam,Central Chennai
NPIIN0000000010,HCP_00010,General Medicine,Chennai,Ambattur,North Chennai
NPIIN0000000011,HCP_00011,Orthopedics,Chennai,Royapuram,North Chennai
NPIIN0000000012,HCP_00012,Cardiology,Chennai,Velachery,South Chennai
NPIIN0000000013,HCP_00013,Urology,Chennai,Guindy,South Chennai
NPIIN0000000014,HCP_00014,Cardiology,Chennai,Adyar,South Chennai
NPIIN0000000015,HCP_00015,General Medicine,Chennai,Washermenpet,North Chennai
NPIIN0000000016,HCP_00016,Cardiology,Chennai,Egmore,Central Chennai
NPIIN0000000017,HCP_00017,Orthopedics,Chennai,Madhavaram,North Chennai
NPIIN0000000018,HCP_00018,Urology,Chennai,Mylapore,Central Chennai
NPIIN0000000019,HCP_00019,Pulmonology,Chennai,Sholinganallur,South Chennai
NPIIN0000000020,HCP_00020,Endocrinology,Chennai,Tambaram,South Chennai
NPIIN0000000021,HCP_00021,Diabetology,Chennai,Porur,South Chennai
NPIIN0000000022,HCP_00022,General Medicine,Chennai,Royapuram,North Chennai
NPIIN0000000023,HCP_00023,Diabetology,Chennai,Velachery,South Chennai
NPIIN0000000024,HCP_00024,Cardiology,Chennai,Velachery,South Chennai
NPIIN0000000025,HCP_00025,Neurology,Chennai,Sholinganallur,South Chennai
NPIIN0000000026,HCP_00026,Pulmonology,Chennai,Egmore,Central Chennai
NPIIN0000000027,HCP_00027,Urology,Chennai,Madhavaram,North Chennai
NPIIN0000000028,HCP_00028,General Medicine,Chennai,Mylapore,Central Chennai
NPIIN0000000029,HCP_00029,General Medicine,Chennai,Mylapore,Central Chennai
NPIIN0000000030,HCP_00030,General Medicine,Chennai,Guindy,South Chennai
NPIIN0000000031,HCP_00031,Endocrinology,Chennai,Adyar,South Chennai
NPIIN0000000032,HCP_00032,Pulmonology,Chennai,Sholinganallur,South Chennai
NPIIN0000000033,HCP_00033,Gastroenterology,Chennai,Egmore,Central Chennai
NPIIN0000000034,HCP_00034,Endocrinology,Chennai,Madhavaram,North Chennai
NPIIN0000000035,HCP_00035,Diabetology,Chennai,Royapuram,North Chennai
NPIIN0000000036,HCP_00036,Urology,Chennai,Mylapore,Central Chennai
NPIIN0000000037,HCP_00037,General Medicine,Chennai,Egmore,Central Chennai
NPIIN0000000038,HCP_00038,Pulmonology,Chennai,Ambattur,North Chennai
NPIIN0000000039,HCP_00039,Gastroenterology,Chennai,T Nagar,Central Chennai
NPIIN0000000040,HCP_00040,Pulmonology,Chennai,Velachery,South Chennai
NPIIN0000000041,HCP_00041,Cardiology,Chennai,Madhavaram,North Chennai
NPIIN0000000042,HCP_00042,Dermatology,Chennai,Sholinganallur,South Chennai
NPIIN0000000043,HCP_00043,Urology,Chennai,Guindy,South Chennai
NPIIN0000000044,HCP_00044,Cardiology,Chennai,Mylapore,Central Chennai
NPIIN0000000045,HCP_00045,Cardiology,Chennai,Guindy,South Chennai
NPIIN0000000046,HCP_00046,Neurology,Chennai,Guindy,South Chennai
NPIIN0000000047,HCP_00047,Pulmonology,Chennai,Tondiarpet,North Chennai
NPIIN0000000048,HCP_00048,General Medicine,Chennai,Nungambakkam,Central Chennai
NPIIN0000000049,HCP_00049,Pulmonology,Chennai,Adyar,South Chennai
NPIIN0000000050,HCP_00050,Neurology,Chennai,Nungambakkam,Central Chennai
NPIIN0000000051,HCP_00051,General Medicine,Chennai,Egmore,Central Chennai
NPIIN0000000052,HCP_00052,Endocrinology,Chennai,Nungambakkam,Central Chennai
NPIIN0000000053,HCP_00053,Cardiology,Chennai,Adyar,South Chennai
NPIIN0000000054,HCP_00054,General Medicine,Chennai,Porur,South Chennai
NPIIN0000000055,HCP_00055,Urology,Chennai,Porur,South Chennai
NPIIN0000000056,HCP_00056,Pulmonology,Chennai,Guindy,South Chennai
NPIIN0000000057,HCP_00057,General Medicine,Chennai,Tondiarpet,North Chennai
NPIIN0000000058,HCP_00058,Urology,Chennai,Washermenpet,North Chennai
NPIIN0000000059,HCP_00059,General Medicine,Chennai,T Nagar,Central Chennai
NPIIN0000000060,HCP_00060,General Medicine,Chennai,Nungambakkam,Central Chennai
NPIIN0000000061,HCP_00061,Cardiology,Chennai,Adyar,South Chennai
NPIIN0000000062,HCP_00062,Gastroenterology,Chennai,Tondiarpet,North Chennai
NPIIN0000000063,HCP_00063,Neurology,Chennai,Washermenpet,North Chennai
NPIIN0000000064,HCP_00064,Dermatology,Chennai,Porur,South Chennai
NPIIN0000000065,HCP_00065,Diabetology,Chennai,Guindy,South Chennai
NPIIN0000000066,HCP_00066,General Medicine,Chennai,Madhavaram,North Chennai
NPIIN0000000067,HCP_00067,Endocrinology,Chennai,Ambattur,North Chennai
NPIIN0000000068,HCP_00068,Orthopedics,Chennai,Anna Nagar,Central Chennai
NPIIN0000000069,HCP_00069,Cardiology,Chennai,Anna Nagar,Central Chennai
NPIIN0000000070,HCP_00070,Neurology,Chennai,Tondiarpet,North Chennai
NPIIN0000000071,HCP_00071,Neurology,Chennai,Nungambakkam,Central Chennai
NPIIN0000000072,HCP_00072,Endocrinology,Chennai,Ambattur,North Chennai
NPIIN0000000073,HCP_00073,General Medicine,Chennai,Velachery,South Chennai
NPIIN0000000074,HCP_00074,Cardiology,Chennai,T Nagar,Central Chennai
NPIIN0000000075,HCP_00075,Pulmonology,Chennai,T Nagar,Central Chennai
NPIIN0000000076,HCP_00076,Orthopedics,Chennai,Kilpauk,Central Chennai
NPIIN0000000077,HCP_00077,General Medicine,Chennai,T Nagar,Central Chennai
NPIIN0000000078,HCP_00078,Orthopedics,Chennai,Sholinganallur,South Chennai
NPIIN0000000079,HCP_00079,Cardiology,Chennai,Royapuram,North Chennai
NPIIN0000000080,HCP_00080,General Medicine,Chennai,Velachery,South Chennai
NPIIN0000000081,HCP_00081,Urology,Chennai,Porur,South Chennai
NPIIN0000000082,HCP_00082,Urology,Chennai,Washermenpet,North Chennai
NPIIN0000000083,HCP_00083,Diabetology,Chennai,Porur,South Chennai
NPIIN0000000084,HCP_00084,Neurology,Chennai,Nungambakkam,Central Chennai
NPIIN0000000085,HCP_00085,Urology,Chennai,Nungambakkam,Central Chennai
NPIIN0000000086,HCP_00086,Gastroenterology,Chennai,Kilpauk,Central Chennai
NPIIN0000000087,HCP_00087,Pulmonology,Chennai,Porur,South Chennai
NPIIN0000000088,HCP_00088,Endocrinology,Chennai,Ambattur,North Chennai
NPIIN0000000089,HCP_00089,Cardiology,Chennai,Nungambakkam,Central Chennai
NPIIN0000000090,HCP_00090,Pulmonology,Chennai,Royapuram,North Chennai
NPIIN0000000091,HCP_00091,General Medicine,Chennai,Egmore,Central Chennai
NPIIN0000000092,HCP_00092,Endocrinology,Chennai,Adyar,South Chennai
NPIIN0000000093,HCP_00093,Diabetology,Chennai,Tondiarpet,North Chennai
NPIIN0000000094,HCP_00094,General Medicine,Chennai,Royapuram,North Chennai
NPIIN0000000095,HCP_00095,General Medicine,Chennai,Mylapore,Central Chennai
NPIIN0000000096,HCP_00096,General Medicine,Chennai,Adyar,South Chennai
NPIIN0000000097,HCP_00097,General Medicine,Chennai,Ambattur,North Chennai
NPIIN0000000098,HCP_00098,Cardiology,Chennai,Mylapore,Central Chennai
NPIIN0000000099,HCP_00099,Urology,Chennai,Egmore,Central Chennai
NPIIN0000000100,HCP_00100,Pulmonology,Chennai,Velachery,South Chennai
NPIIN0000000101,HCP_00101,Endocrinology,Chennai,Velachery,South Chennai
NPIIN0000000102,HCP_00102,General Medicine,Chennai,Velachery,South Chennai
NPIIN0000000103,HCP_00103,General Medicine,Chennai,Nungambakkam,Central Chennai
NPIIN0000000104,HCP_00104,Pulmonology,Chennai,Sholinganallur,South Chennai
NPIIN0000000105,HCP_00105,Pulmonology,Chennai,Adyar,South Chennai
NPIIN0000000106,HCP_00106,Neurology,Chennai,Porur,South Chennai
NPIIN0000000107,HCP_00107,Neurology,Chennai,Tondiarpet,North Chennai
NPIIN0000000108,HCP_00108,Cardiology,Chennai,T Nagar,Central Chennai
NPIIN0000000109,HCP_00109,Diabetology,Chennai,T Nagar,Central Chennai
NPIIN0000000110,HCP_00110,Cardiology,Chennai,Sholinganallur,South Chennai
NPIIN0000000111,HCP_00111,General Medicine,Chennai,Ambattur,North Chennai
NPIIN0000000112,HCP_00112,General Medicine,Chennai,Mylapore,Central Chennai
NPIIN0000000113,HCP_00113,Gastroenterology,Chennai,Nungambakkam,Central Chennai
NPIIN0000000114,HCP_00114,Endocrinology,Chennai,Perambur,North Chennai
NPIIN0000000115,HCP_00115,Neurology,Chennai,T Nagar,Central Chennai
NPIIN0000000116,HCP_00116,Diabetology,Chennai,Adyar,South Chennai
NPIIN0000000117,HCP_00117,General Medicine,Chennai,Guindy,South Chennai
NPIIN0000000118,HCP_00118,Gastroenterology,Chennai,Porur,South Chennai
NPIIN0000000119,HCP_00119,Cardiology,Chennai,Ambattur,North Chennai
NPIIN0000000120,HCP_00120,General Medicine,Chennai,Sholinganallur,South Chennai
NPIIN0000000121,HCP_00121,General Medicine,Chennai,Ambattur,North Chennai
NPIIN0000000122,HCP_00122,Gastroenterology,Chennai,Adyar,South Chennai
NPIIN0000000123,HCP_00123,Endocrinology,Chennai,T Nagar,Central Chennai
NPIIN0000000124,HCP_00124,Orthopedics,Chennai,Madhavaram,North Chennai
NPIIN0000000125,HCP_00125,Orthopedics,Chennai,Anna Nagar,Central Chennai
NPIIN0000000126,HCP_00126,Dermatology,Chennai,Ambattur,North Chennai
NPIIN0000000127,HCP_00127,Diabetology,Chennai,Mylapore,Central Chennai
NPIIN0000000128,HCP_00128,Neurology,Chennai,Mylapore,Central Chennai
NPIIN0000000129,HCP_00129,Cardiology,Chennai,Nungambakkam,Central Chennai
NPIIN0000000130,HCP_00130,Urology,Chennai,Madhavaram,North Chennai
NPIIN0000000131,HCP_00131,General Medicine,Chennai,Anna Nagar,Central Chennai
NPIIN0000000132,HCP_00132,Endocrinology,Chennai,Tambaram,South Chennai
NPIIN0000000133,HCP_00133,Diabetology,Chennai,Perambur,North Chennai
NPIIN0000000134,HCP_00134,Dermatology,Chennai,Anna Nagar,Central Chennai
NPIIN0000000135,HCP_00135,Urology,Chennai,Madhavaram,North Chennai
NPIIN0000000136,HCP_00136,General Medicine,Chennai,Mylapore,Central Chennai
NPIIN0000000137,HCP_00137,General Medicine,Chennai,Guindy,South Chennai
NPIIN0000000138,HCP_00138,Gastroenterology,Chennai,Perambur,North Chennai
NPIIN0000000139,HCP_00139,Dermatology,Chennai,Sholinganallur,South Chennai
NPIIN0000000140,HCP_00140,Gastroenterology,Chennai,Kilpauk,Central Chennai
NPIIN0000000141,HCP_00141,General Medicine,Chennai,Tondiarpet,North Chennai
NPIIN0000000142,HCP_00142,Neurology,Chennai,Tondiarpet,North Chennai
NPIIN0000000143,HCP_00143,Dermatology,Chennai,Tambaram,South Chennai
NPIIN0000000144,HCP_00144,Endocrinology,Chennai,Washermenpet,North Chennai
NPIIN0000000145,HCP_00145,General Medicine,Chennai,Royapuram,North Chennai
NPIIN0000000146,HCP_00146,Cardiology,Chennai,Mylapore,Central Chennai
NPIIN0000000147,HCP_00147,General Medicine,Chennai,Kilpauk,Central Chennai
NPIIN0000000148,HCP_00148,Gastroenterology,Chennai,Madhavaram,North Chennai
NPIIN0000000149,HCP_00149,Endocrinology,Chennai,Royapuram,North Chennai
NPIIN0000000150,HCP_00150,Pulmonology,Chennai,T Nagar,Central Chennai
NPIIN0000000151,HCP_00151,Cardiology,Chennai,Porur,South Chennai
NPIIN0000000152,HCP_00152,Urology,Chennai,Guindy,South Chennai
NPIIN0000000153,HCP_00153,Dermatology,Chennai,Anna Nagar,Central Chennai
NPIIN0000000154,HCP_00154,General Medicine,Chennai,Madhavaram,North Chennai
NPIIN0000000155,HCP_00155,Neurology,Chennai,Anna Nagar,Central Chennai
NPIIN0000000156,HCP_00156,Cardiology,Chennai,Velachery,South Chennai
NPIIN0000000157,HCP_00157,Dermatology,Chennai,Kilpauk,Central Chennai
NPIIN0000000158,HCP_00158,Gastroenterology,Chennai,Porur,South Chennai
NPIIN0000000159,HCP_00159,Cardiology,Chennai,Sholinganallur,South Chennai
NPIIN0000000160,HCP_00160,Orthopedics,Chennai,Guindy,South Chennai
NPIIN0000000161,HCP_00161,Cardiology,Chennai,Anna Nagar,Central Chennai
NPIIN0000000162,HCP_00162,Pulmonology,Chennai,Guindy,South Chennai
NPIIN0000000163,HCP_00163,Endocrinology,Chennai,Egmore,Central Chennai
NPIIN0000000164,HCP_00164,Gastroenterology,Chennai,Egmore,Central Chennai
NPIIN0000000165,HCP_00165,Cardiology,Chennai,Tondiarpet,North Chennai
NPIIN0000000166,HCP_00166,Cardiology,Chennai,Tondiarpet,North Chennai
NPIIN0000000167,HCP_00167,General Medicine,Chennai,Adyar,South Chennai
NPIIN0000000168,HCP_00168,Orthopedics,Chennai,Adyar,South Chennai
NPIIN0000000169,HCP_00169,Diabetology,Chennai,Kilpauk,Central Chennai
NPIIN0000000170,HCP_00170,Pulmonology,Chennai,Porur,South Chennai
NPIIN0000000171,HCP_00171,General Medicine,Chennai,Nungambakkam,Central Chennai
NPIIN0000000172,HCP_00172,Dermatology,Chennai,Tondiarpet,North Chennai
NPIIN0000000173,HCP_00173,Diabetology,Chennai,Mylapore,Central Chennai
NPIIN0000000174,HCP_00174,Pulmonology,Chennai,Velachery,South Chennai
NPIIN0000000175,HCP_00175,Orthopedics,Chennai,T Nagar,Central Chennai
NPIIN0000000176,HCP_00176,General Medicine,Chennai,Kilpauk,Central Chennai
NPIIN0000000177,HCP_00177,General Medicine,Chennai,Tondiarpet,North Chennai
NPIIN0000000178,HCP_00178,Urology,Chennai,Velachery,South Chennai
NPIIN0000000179,HCP_00179,General Medicine,Chennai,Guindy,South Chennai
NPIIN0000000180,HCP_00180,General Medicine,Chennai,Adyar,South Chennai
NPIIN0000000181,HCP_00181,Diabetology,Chennai,Tambaram,South Chennai
NPIIN0000000182,HCP_00182,Dermatology,Chennai,Velachery,South Chennai
NPIIN0000000183,HCP_00183,Orthopedics,Chennai,Ambattur,North Chennai
NPIIN0000000184,HCP_00184,Neurology,Chennai,Egmore,Central Chennai
NPIIN0000000185,HCP_00185,Pulmonology,Chennai,Tambaram,South Chennai
NPIIN0000000186,HCP_00186,General Medicine,Chennai,Tambaram,South Chennai
NPIIN0000000187,HCP_00187,Cardiology,Chennai,Tondiarpet,North Chennai
NPIIN0000000188,HCP_00188,Endocrinology,Chennai,Anna Nagar,Central Chennai
NPIIN0000000189,HCP_00189,Endocrinology,Chennai,Velachery,South Chennai
NPIIN0000000190,HCP_00190,Cardiology,Chennai,Mylapore,Central Chennai
NPIIN0000000191,HCP_00191,Neurology,Chennai,Sholinganallur,South Chennai
NPIIN0000000192,HCP_00192,Cardiology,Chennai,Egmore,Central Chennai
NPIIN0000000193,HCP_00193,Cardiology,Chennai,Kilpauk,Central Chennai
NPIIN0000000194,HCP_00194,General Medicine,Chennai,Sholinganallur,South Chennai
NPIIN0000000195,HCP_00195,Diabetology,Chennai,Kilpauk,Central Chennai
NPIIN0000000196,HCP_00196,Endocrinology,Chennai,Nungambakkam,Central Chennai
NPIIN0000000197,HCP_00197,Endocrinology,Chennai,Madhavaram,North Chennai
NPIIN0000000198,HCP_00198,Diabetology,Chennai,Tambaram,South Chennai
NPIIN0000000199,HCP_00199,Pulmonology,Chennai,T Nagar,Central Chennai
NPIIN0000000200,HCP_00200,Gastroenterology,Chennai,Egmore,Central Chennai
NPIIN0000000201,HCP_00201,Dermatology,Chennai,Porur,South Chennai
NPIIN0000000202,HCP_00202,Gastroenterology,Chennai,Velachery,South Chennai
NPIIN0000000203,HCP_00203,Pulmonology,Chennai,Washermenpet,North Chennai
NPIIN0000000204,HCP_00204,Urology,Chennai,Mylapore,Central Chennai
NPIIN0000000205,HCP_00205,General Medicine,Chennai,Mylapore,Central Chennai
NPIIN0000000206,HCP_00206,Neurology,Chennai,Anna Nagar,Central Chennai
NPIIN0000000207,HCP_00207,General Medicine,Chennai,Egmore,Central Chennai
NPIIN0000000208,HCP_00208,Diabetology,Chennai,Porur,South Chennai
NPIIN0000000209,HCP_00209,General Medicine,Chennai,Mylapore,Central Chennai
NPIIN0000000210,HCP_00210,Endocrinology,Chennai,Madhavaram,North Chennai
NPIIN0000000211,HCP_00211,Dermatology,Chennai,Velachery,South Chennai
NPIIN0000000212,HCP_00212,Cardiology,Chennai,Tondiarpet,North Chennai
NPIIN0000000213,HCP_00213,Neurology,Chennai,Mylapore,Central Chennai
NPIIN0000000214,HCP_00214,Urology,Chennai,Velachery,South Chennai
NPIIN0000000215,HCP_00215,General Medicine,Chennai,Velachery,South Chennai
NPIIN0000000216,HCP_00216,Cardiology,Chennai,Porur,South Chennai
NPIIN0000000217,HCP_00217,General Medicine,Chennai,Egmore,Central Chennai
NPIIN0000000218,HCP_00218,General Medicine,Chennai,Kilpauk,Central Chennai
NPIIN0000000219,HCP_00219,Orthopedics,Chennai,Tambaram,South Chennai
NPIIN0000000220,HCP_00220,Neurology,Chennai,Perambur,North Chennai
NPIIN0000000221,HCP_00221,Gastroenterology,Chennai,T Nagar,Central Chennai
NPIIN0000000222,HCP_00222,General Medicine,Chennai,Washermenpet,North Chennai
NPIIN0000000223,HCP_00223,Neurology,Chennai,Sholinganallur,South Chennai
NPIIN0000000224,HCP_00224,Gastroenterology,Chennai,Adyar,South Chennai
NPIIN0000000225,HCP_00225,Cardiology,Chennai,Kilpauk,Central Chennai
NPIIN0000000226,HCP_00226,Endocrinology,Chennai,Tambaram,South Chennai
NPIIN0000000227,HCP_00227,Cardiology,Chennai,Mylapore,Central Chennai
NPIIN0000000228,HCP_00228,General Medicine,Chennai,Perambur,North Chennai
NPIIN0000000229,HCP_00229,Urology,Chennai,Adyar,South Chennai
NPIIN0000000230,HCP_00230,Pulmonology,Chennai,T Nagar,Central Chennai
NPIIN0000000231,HCP_00231,General Medicine,Chennai,Egmore,Central Chennai
NPIIN0000000232,HCP_00232,Urology,Chennai,Madhavaram,North Chennai
NPIIN0000000233,HCP_00233,Endocrinology,Chennai,Tambaram,South Chennai
NPIIN0000000234,HCP_00234,Cardiology,Chennai,Perambur,North Chennai
NPIIN0000000235,HCP_00235,Urology,Chennai,Sholinganallur,South Chennai
NPIIN0000000236,HCP_00236,Urology,Chennai,Tambaram,South Chennai
NPIIN0000000237,HCP_00237,Neurology,Chennai,Madhavaram,North Chennai
NPIIN0000000238,HCP_00238,Diabetology,Chennai,Porur,South Chennai
NPIIN0000000239,HCP_00239,Orthopedics,Chennai,Mylapore,Central Chennai
NPIIN0000000240,HCP_00240,Gastroenterology,Chennai,Kilpauk,Central Chennai
NPIIN0000000241,HCP_00241,Neurology,Chennai,Adyar,South Chennai
NPIIN0000000242,HCP_00242,Endocrinology,Chennai,Velachery,South Chennai
NPIIN0000000243,HCP_00243,General Medicine,Chennai,T Nagar,Central Chennai
NPIIN0000000244,HCP_00244,Dermatology,Chennai,Perambur,North Chennai
NPIIN0000000245,HCP_00245,Urology,Chennai,Tondiarpet,North Chennai
NPIIN0000000246,HCP_00246,Pulmonology,Chennai,Velachery,South Chennai
NPIIN0000000247,HCP_00247,General Medicine,Chennai,Royapuram,North Chennai
NPIIN0000000248,HCP_00248,Neurology,Chennai,Royapuram,North Chennai
NPIIN0000000249,HCP_00249,General Medicine,Chennai,Ambattur,North Chennai
NPIIN0000000250,HCP_00250,General Medicine,Chennai,Madhavaram,North Chennai
NPIIN0000000251,HCP_00251,Cardiology,Chennai,Adyar,South Chennai
NPIIN0000000252,HCP_00252,Cardiology,Chennai,Velachery,South Chennai
NPIIN0000000253,HCP_00253,Gastroenterology,Chennai,Tondiarpet,North Chennai
NPIIN0000000254,HCP_00254,Cardiology,Chennai,Mylapore,Central Chennai
NPIIN0000000255,HCP_00255,Cardiology,Chennai,T Nagar,Central Chennai
NPIIN0000000256,HCP_00256,Urology,Chennai,Adyar,South Chennai
NPIIN0000000257,HCP_00257,Neurology,Chennai,Guindy,South Chennai
NPIIN0000000258,HCP_00258,Cardiology,Chennai,Mylapore,Central Chennai
NPIIN0000000259,HCP_00259,Diabetology,Chennai,Mylapore,Central Chennai
NPIIN0000000260,HCP_00260,Gastroenterology,Chennai,Ambattur,North Chennai
NPIIN0000000261,HCP_00261,General Medicine,Chennai,Egmore,Central Chennai
NPIIN0000000262,HCP_00262,General Medicine,Chennai,Sholinganallur,South Chennai
NPIIN0000000263,HCP_00263,General Medicine,Chennai,Kilpauk,Central Chennai
NPIIN0000000264,HCP_00264,Endocrinology,Chennai,T Nagar,Central Chennai
NPIIN0000000265,HCP_00265,Gastroenterology,Chennai,Velachery,South Chennai
NPIIN0000000266,HCP_00266,Cardiology,Chennai,Egmore,Central Chennai
NPIIN0000000267,HCP_00267,General Medicine,Chennai,Anna Nagar,Central Chennai
NPIIN0000000268,HCP_00268,Endocrinology,Chennai,T Nagar,Central Chennai
NPIIN0000000269,HCP_00269,Cardiology,Chennai,Mylapore,Central Chennai
NPIIN0000000270,HCP_00270,Endocrinology,Chennai,Kilpauk,Central Chennai
NPIIN0000000271,HCP_00271,Urology,Chennai,Egmore,Central Chennai
NPIIN0000000272,HCP_00272,Endocrinology,Chennai,Nungambakkam,Central Chennai
NPIIN0000000273,HCP_00273,Diabetology,Chennai,T Nagar,Central Chennai
NPIIN0000000274,HCP_00274,Cardiology,Chennai,Perambur,North Chennai
NPIIN0000000275,HCP_00275,Gastroenterology,Chennai,Velachery,South Chennai
NPIIN0000000276,HCP_00276,General Medicine,Chennai,Madhavaram,North Chennai
NPIIN0000000277,HCP_00277,Orthopedics,Chennai,Kilpauk,Central Chennai
NPIIN0000000278,HCP_00278,Neurology,Chennai,Ambattur,North Chennai
NPIIN0000000279,HCP_00279,Pulmonology,Chennai,Sholinganallur,South Chennai
NPIIN0000000280,HCP_00280,Neurology,Chennai,Sholinganallur,South Chennai
NPIIN0000000281,HCP_00281,Cardiology,Chennai,Egmore,Central Chennai
NPIIN0000000282,HCP_00282,Orthopedics,Chennai,Kilpauk,Central Chennai
NPIIN0000000283,HCP_00283,Orthopedics,Chennai,Anna Nagar,Central Chennai
NPIIN0000000284,HCP_00284,Diabetology,Chennai,Egmore,Central Chennai
NPIIN0000000285,HCP_00285,Pulmonology,Chennai,Madhavaram,North Chennai
NPIIN0000000286,HCP_00286,Endocrinology,Chennai,Madhavaram,North Chennai
NPIIN0000000287,HCP_00287,Pulmonology,Chennai,Nungambakkam,Central Chennai
NPIIN0000000288,HCP_00288,Gastroenterology,Chennai,Ambattur,North Chennai
NPIIN0000000289,HCP_00289,Orthopedics,Chennai,Tondiarpet,North Chennai
NPIIN0000000290,HCP_00290,General Medicine,Chennai,Nungambakkam,Central Chennai
NPIIN0000000291,HCP_00291,Neurology,Chennai,Porur,South Chennai
NPIIN0000000292,HCP_00292,Gastroenterology,Chennai,Kilpauk,Central Chennai
NPIIN0000000293,HCP_00293,Endocrinology,Chennai,Guindy,South Chennai
NPIIN0000000294,HCP_00294,Pulmonology,Chennai,Mylapore,Central Chennai
NPIIN0000000295,HCP_00295,Neurology,Chennai,Velachery,South Chennai
NPIIN0000000296,HCP_00296,Gastroenterology,Chennai,Guindy,South Chennai
NPIIN0000000297,HCP_00297,Orthopedics,Chennai,Velachery,South Chennai
NPIIN0000000298,HCP_00298,Cardiology,Chennai,Velachery,South Chennai
NPIIN0000000299,HCP_00299,Endocrinology,Chennai,Velachery,South Chennai
NPIIN0000000300,HCP_00300,Endocrinology,Chennai,Guindy,South Chennai
NPIIN0000000301,HCP_00301,Endocrinology,Chennai,Porur,South Chennai
NPIIN0000000302,HCP_00302,General Medicine,Chennai,Nungambakkam,Central Chennai
NPIIN0000000303,HCP_00303,Urology,Chennai,Perambur,North Chennai
NPIIN0000000304,HCP_00304,General Medicine,Chennai,Perambur,North Chennai
NPIIN0000000305,HCP_00305,Neurology,Chennai,Tambaram,South Chennai
NPIIN0000000306,HCP_00306,General Medicine,Chennai,Royapuram,North Chennai
NPIIN0000000307,HCP_00307,Diabetology,Chennai,Ambattur,North Chennai
NPIIN0000000308,HCP_00308,Dermatology,Chennai,Sholinganallur,South Chennai
NPIIN0000000309,HCP_00309,Neurology,Chennai,Anna Nagar,Central Chennai
NPIIN0000000310,HCP_00310,General Medicine,Chennai,Mylapore,Central Chennai
NPIIN0000000311,HCP_00311,Urology,Chennai,Tondiarpet,North Chennai
NPIIN0000000312,HCP_00312,General Medicine,Chennai,Perambur,North Chennai
NPIIN0000000313,HCP_00313,Endocrinology,Chennai,Nungambakkam,Central Chennai
NPIIN0000000314,HCP_00314,General Medicine,Chennai,Madhavaram,North Chennai
NPIIN0000000315,HCP_00315,Neurology,Chennai,Royapuram,North Chennai
NPIIN0000000316,HCP_00316,General Medicine,Chennai,Mylapore,Central Chennai
NPIIN0000000317,HCP_00317,Dermatology,Chennai,Royapuram,North Chennai
NPIIN0000000318,HCP_00318,Pulmonology,Chennai,Guindy,South Chennai
NPIIN0000000319,HCP_00319,General Medicine,Chennai,Mylapore,Central Chennai
NPIIN0000000320,HCP_00320,Dermatology,Chennai,Tambaram,South Chennai
NPIIN0000000321,HCP_00321,General Medicine,Chennai,Sholinganallur,South Chennai
NPIIN0000000322,HCP_00322,General Medicine,Chennai,Ambattur,North Chennai
NPIIN0000000323,HCP_00323,Cardiology,Chennai,T Nagar,Central Chennai
NPIIN0000000324,HCP_00324,General Medicine,Chennai,Ambattur,North Chennai
NPIIN0000000325,HCP_00325,General Medicine,Chennai,Tambaram,South Chennai
NPIIN0000000326,HCP_00326,Endocrinology,Chennai,Adyar,South Chennai
NPIIN0000000327,HCP_00327,Pulmonology,Chennai,Velachery,South Chennai
NPIIN0000000328,HCP_00328,Endocrinology,Chennai,Ambattur,North Chennai
NPIIN0000000329,HCP_00329,Endocrinology,Chennai,Adyar,South Chennai
NPIIN0000000330,HCP_00330,Pulmonology,Chennai,Anna Nagar,Central Chennai
NPIIN0000000331,HCP_00331,Diabetology,Chennai,Tambaram,South Chennai
NPIIN0000000332,HCP_00332,Neurology,Chennai,T Nagar,Central Chennai
NPIIN0000000333,HCP_00333,Neurology,Chennai,Sholinganallur,South Chennai
NPIIN0000000334,HCP_00334,Diabetology,Chennai,Sholinganallur,South Chennai
NPIIN0000000335,HCP_00335,Cardiology,Chennai,Egmore,Central Chennai
NPIIN0000000336,HCP_00336,General Medicine,Chennai,Madhavaram,North Chennai
NPIIN0000000337,HCP_00337,Cardiology,Chennai,Nungambakkam,Central Chennai
NPIIN0000000338,HCP_00338,General Medicine,Chennai,Velachery,South Chennai
NPIIN0000000339,HCP_00339,Gastroenterology,Chennai,Egmore,Central Chennai
NPIIN0000000340,HCP_00340,Pulmonology,Chennai,Guindy,South Chennai
NPIIN0000000341,HCP_00341,General Medicine,Chennai,Nungambakkam,Central Chennai
NPIIN0000000342,HCP_00342,Orthopedics,Chennai,Porur,South Chennai
NPIIN0000000343,HCP_00343,Cardiology,Chennai,Velachery,South Chennai
NPIIN0000000344,HCP_00344,Urology,Chennai,Washermenpet,North Chennai
NPIIN0000000345,HCP_00345,Dermatology,Chennai,Tambaram,South Chennai
NPIIN0000000346,HCP_00346,General Medicine,Chennai,Guindy,South Chennai
NPIIN0000000347,HCP_00347,Endocrinology,Chennai,Porur,South Chennai
NPIIN0000000348,HCP_00348,Endocrinology,Chennai,T Nagar,Central Chennai
NPIIN0000000349,HCP_00349,Urology,Chennai,Washermenpet,North Chennai
NPIIN0000000350,HCP_00350,Endocrinology,Chennai,Mylapore,Central Chennai
NPIIN0000000351,HCP_00351,Urology,Chennai,Washermenpet,North Chennai
NPIIN0000000352,HCP_00352,General Medicine,Chennai,T Nagar,Central Chennai
NPIIN0000000353,HCP_00353,General Medicine,Chennai,Royapuram,North Chennai
NPIIN0000000354,HCP_00354,Pulmonology,Chennai,Ambattur,North Chennai
NPIIN0000000355,HCP_00355,Endocrinology,Chennai,Perambur,North Chennai
NPIIN0000000356,HCP_00356,General Medicine,Chennai,Tondiarpet,North Chennai
NPIIN0000000357,HCP_00357,Orthopedics,Chennai,Porur,South Chennai
NPIIN0000000358,HCP_00358,Endocrinology,Chennai,Sholinganallur,South Chennai
NPIIN0000000359,HCP_00359,Urology,Chennai,Washermenpet,North Chennai
NPIIN0000000360,HCP_00360,Orthopedics,Chennai,Tondiarpet,North Chennai
NPIIN0000000361,HCP_00361,Cardiology,Chennai,Sholinganallur,South Chennai
NPIIN0000000362,HCP_00362,Pulmonology,Chennai,Egmore,Central Chennai
NPIIN0000000363,HCP_00363,Endocrinology,Chennai,Kilpauk,Central Chennai
NPIIN0000000364,HCP_00364,Pulmonology,Chennai,Anna Nagar,Central Chennai
NPIIN0000000365,HCP_00365,Orthopedics,Chennai,Tambaram,South Chennai
NPIIN0000000366,HCP_00366,Urology,Chennai,Ambattur,North Chennai
NPIIN0000000367,HCP_00367,Urology,Chennai,Sholinganallur,South Chennai
NPIIN0000000368,HCP_00368,Endocrinology,Chennai,Sholinganallur,South Chennai
NPIIN0000000369,HCP_00369,Pulmonology,Chennai,Nungambakkam,Central Chennai
NPIIN0000000370,HCP_00370,Endocrinology,Chennai,Adyar,South Chennai
NPIIN0000000371,HCP_00371,Urology,Chennai,Tambaram,South Chennai
NPIIN0000000372,HCP_00372,Endocrinology,Chennai,T Nagar,Central Chennai
NPIIN0000000373,HCP_00373,Endocrinology,Chennai,Perambur,North Chennai
NPIIN0000000374,HCP_00374,Cardiology,Chennai,Egmore,Central Chennai
NPIIN0000000375,HCP_00375,Endocrinology,Chennai,Anna Nagar,Central Chennai
NPIIN0000000376,HCP_00376,Endocrinology,Chennai,Anna Nagar,Central Chennai
NPIIN0000000377,HCP_00377,Cardiology,Chennai,Sholinganallur,South Chennai
NPIIN0000000378,HCP_00378,Urology,Chennai,Royapuram,North Chennai
NPIIN0000000379,HCP_00379,Gastroenterology,Chennai,Royapuram,North Chennai
NPIIN0000000380,HCP_00380,Diabetology,Chennai,Adyar,South Chennai
NPIIN0000000381,HCP_00381,Gastroenterology,Chennai,Ambattur,North Chennai
NPIIN0000000382,HCP_00382,General Medicine,Chennai,Tambaram,South Chennai
NPIIN0000000383,HCP_00383,Gastroenterology,Chennai,Adyar,South Chennai
NPIIN0000000384,HCP_00384,Diabetology,Chennai,Ambattur,North Chennai
NPIIN0000000385,HCP_00385,Pulmonology,Chennai,Tondiarpet,North Chennai
NPIIN0000000386,HCP_00386,General Medicine,Chennai,Porur,South Chennai
NPIIN0000000387,HCP_00387,Endocrinology,Chennai,Velachery,South Chennai
NPIIN0000000388,HCP_00388,Pulmonology,Chennai,Sholinganallur,South Chennai
NPIIN0000000389,HCP_00389,Gastroenterology,Chennai,Nungambakkam,Central Chennai
NPIIN0000000390,HCP_00390,Gastroenterology,Chennai,Porur,South Chennai
NPIIN0000000391,HCP_00391,General Medicine,Chennai,Guindy,South Chennai
NPIIN0000000392,HCP_00392,General Medicine,Chennai,Kilpauk,Central Chennai
NPIIN0000000393,HCP_00393,Gastroenterology,Chennai,Washermenpet,North Chennai
NPIIN0000000394,HCP_00394,Cardiology,Chennai,Sholinganallur,South Chennai
NPIIN0000000395,HCP_00395,Cardiology,Chennai,Mylapore,Central Chennai
NPIIN0000000396,HCP_00396,General Medicine,Chennai,Royapuram,North Chennai
NPIIN0000000397,HCP_00397,Endocrinology,Chennai,Sholinganallur,South Chennai
NPIIN0000000398,HCP_00398,General Medicine,Chennai,T Nagar,Central Chennai
NPIIN0000000399,HCP_00399,Cardiology,Chennai,Madhavaram,North Chennai
NPIIN0000000400,HCP_00400,Pulmonology,Chennai,Perambur,North Chennai
NPIIN0000000401,HCP_00401,Neurology,Chennai,Nungambakkam,Central Chennai
NPIIN0000000402,HCP_00402,Dermatology,Chennai,Sholinganallur,South Chennai
NPIIN0000000403,HCP_00403,Neurology,Chennai,Velachery,South Chennai
NPIIN0000000404,HCP_00404,General Medicine,Chennai,Anna Nagar,Central Chennai
NPIIN0000000405,HCP_00405,Orthopedics,Chennai,Tambaram,South Chennai
NPIIN0000000406,HCP_00406,Gastroenterology,Chennai,Porur,South Chennai
NPIIN0000000407,HCP_00407,General Medicine,Chennai,T Nagar,Central Chennai
NPIIN0000000408,HCP_00408,Endocrinology,Chennai,Adyar,South Chennai
NPIIN0000000409,HCP_00409,Neurology,Chennai,Anna Nagar,Central Chennai
NPIIN0000000410,HCP_00410,Pulmonology,Chennai,Adyar,South Chennai
NPIIN0000000411,HCP_00411,Neurology,Chennai,Adyar,South Chennai
NPIIN0000000412,HCP_00412,Gastroenterology,Chennai,Sholinganallur,South Chennai
NPIIN0000000413,HCP_00413,Urology,Chennai,Anna Nagar,Central Chennai
NPIIN0000000414,HCP_00414,Orthopedics,Chennai,Porur,South Chennai
NPIIN0000000415,HCP_00415,Neurology,Chennai,T Nagar,Central Chennai
NPIIN0000000416,HCP_00416,Orthopedics,Chennai,Kilpauk,Central Chennai
NPIIN0000000417,HCP_00417,Urology,Chennai,Anna Nagar,Central Chennai
NPIIN0000000418,HCP_00418,Cardiology,Chennai,Velachery,South Chennai
NPIIN0000000419,HCP_00419,Neurology,Chennai,Kilpauk,Central Chennai
NPIIN0000000420,HCP_00420,Endocrinology,Chennai,Velachery,South Chennai
NPIIN0000000421,HCP_00421,Diabetology,Chennai,Guindy,South Chennai
NPIIN0000000422,HCP_00422,Diabetology,Chennai,Anna Nagar,Central Chennai
NPIIN0000000423,HCP_00423,General Medicine,Chennai,Mylapore,Central Chennai
NPIIN0000000424,HCP_00424,Cardiology,Chennai,Egmore,Central Chennai
NPIIN0000000425,HCP_00425,Endocrinology,Chennai,Madhavaram,North Chennai
NPIIN0000000426,HCP_00426,Cardiology,Chennai,Velachery,South Chennai
NPIIN0000000427,HCP_00427,Neurology,Chennai,T Nagar,Central Chennai
NPIIN0000000428,HCP_00428,Urology,Chennai,Velachery,South Chennai
NPIIN0000000429,HCP_00429,Orthopedics,Chennai,Nungambakkam,Central Chennai
NPIIN0000000430,HCP_00430,General Medicine,Chennai,Guindy,South Chennai
NPIIN0000000431,HCP_00431,Diabetology,Chennai,Porur,South Chennai
NPIIN0000000432,HCP_00432,Dermatology,Chennai,Adyar,South Chennai
NPIIN0000000433,HCP_00433,Cardiology,Chennai,Tambaram,South Chennai
NPIIN0000000434,HCP_00434,Orthopedics,Chennai,Porur,South Chennai
NPIIN0000000435,HCP_00435,Gastroenterology,Chennai,Nungambakkam,Central Chennai
NPIIN0000000436,HCP_00436,General Medicine,Chennai,Anna Nagar,Central Chennai
NPIIN0000000437,HCP_00437,Cardiology,Chennai,Egmore,Central Chennai
NPIIN0000000438,HCP_00438,Cardiology,Chennai,Perambur,North Chennai
NPIIN0000000439,HCP_00439,Pulmonology,Chennai,Sholinganallur,South Chennai
NPIIN0000000440,HCP_00440,General Medicine,Chennai,Guindy,South Chennai
NPIIN0000000441,HCP_00441,Dermatology,Chennai,Guindy,South Chennai
NPIIN0000000442,HCP_00442,Neurology,Chennai,T Nagar,Central Chennai
NPIIN0000000443,HCP_00443,General Medicine,Chennai,Tambaram,South Chennai
NPIIN0000000444,HCP_00444,Endocrinology,Chennai,Kilpauk,Central Chennai
NPIIN0000000445,HCP_00445,General Medicine,Chennai,Anna Nagar,Central Chennai
NPIIN0000000446,HCP_00446,Endocrinology,Chennai,Tambaram,South Chennai
NPIIN0000000447,HCP_00447,Neurology,Chennai,Sholinganallur,South Chennai
NPIIN0000000448,HCP_00448,Pulmonology,Chennai,Royapuram,North Chennai
NPIIN0000000449,HCP_00449,Dermatology,Chennai,Mylapore,Central Chennai
NPIIN0000000450,HCP_00450,General Medicine,Chennai,Madhavaram,North Chennai
NPIIN0000000451,HCP_00451,Diabetology,Chennai,T Nagar,Central Chennai
NPIIN0000000452,HCP_00452,Dermatology,Chennai,Guindy,South Chennai
NPIIN0000000453,HCP_00453,Neurology,Chennai,Adyar,South Chennai
NPIIN0000000454,HCP_00454,Neurology,Chennai,Mylapore,Central Chennai
NPIIN0000000455,HCP_00455,General Medicine,Chennai,Kilpauk,Central Chennai
NPIIN0000000456,HCP_00456,Urology,Chennai,Nungambakkam,Central Chennai
NPIIN0000000457,HCP_00457,Endocrinology,Chennai,Sholinganallur,South Chennai
NPIIN0000000458,HCP_00458,General Medicine,Chennai,Perambur,North Chennai
NPIIN0000000459,HCP_00459,Dermatology,Chennai,Sholinganallur,South Chennai
NPIIN0000000460,HCP_00460,Cardiology,Chennai,Tambaram,South Chennai
NPIIN0000000461,HCP_00461,Dermatology,Chennai,Washermenpet,North Chennai
NPIIN0000000462,HCP_00462,General Medicine,Chennai,T Nagar,Central Chennai
NPIIN0000000463,HCP_00463,Cardiology,Chennai,Adyar,South Chennai
NPIIN0000000464,HCP_00464,Cardiology,Chennai,Nungambakkam,Central Chennai
NPIIN0000000465,HCP_00465,Dermatology,Chennai,Tondiarpet,North Chennai
NPIIN0000000466,HCP_00466,Gastroenterology,Chennai,Guindy,South Chennai
NPIIN0000000467,HCP_00467,Diabetology,Chennai,Velachery,South Chennai
NPIIN0000000468,HCP_00468,Cardiology,Chennai,Guindy,South Chennai
NPIIN0000000469,HCP_00469,Diabetology,Chennai,Anna Nagar,Central Chennai
NPIIN0000000470,HCP_00470,Endocrinology,Chennai,Washermenpet,North Chennai
NPIIN0000000471,HCP_00471,Gastroenterology,Chennai,Ambattur,North Chennai
NPIIN0000000472,HCP_00472,Endocrinology,Chennai,Washermenpet,North Chennai
NPIIN0000000473,HCP_00473,Endocrinology,Chennai,Kilpauk,Central Chennai
NPIIN0000000474,HCP_00474,Cardiology,Chennai,Anna Nagar,Central Chennai
NPIIN0000000475,HCP_00475,Pulmonology,Chennai,T Nagar,Central Chennai
NPIIN0000000476,HCP_00476,Neurology,Chennai,Egmore,Central Chennai
NPIIN0000000477,HCP_00477,Neurology,Chennai,Ambattur,North Chennai
NPIIN0000000478,HCP_00478,Pulmonology,Chennai,Madhavaram,North Chennai
NPIIN0000000479,HCP_00479,Orthopedics,Chennai,Adyar,South Chennai
NPIIN0000000480,HCP_00480,General Medicine,Chennai,Ambattur,North Chennai
NPIIN0000000481,HCP_00481,Urology,Chennai,Tondiarpet,North Chennai
NPIIN0000000482,HCP_00482,Neurology,Chennai,Egmore,Central Chennai
NPIIN0000000483,HCP_00483,Cardiology,Chennai,Tondiarpet,North Chennai
NPIIN0000000484,HCP_00484,Dermatology,Chennai,T Nagar,Central Chennai
NPIIN0000000485,HCP_00485,Pulmonology,Chennai,Egmore,Central Chennai
NPIIN0000000486,HCP_00486,Neurology,Chennai,Ambattur,North Chennai
NPIIN0000000487,HCP_00487,Endocrinology,Chennai,Washermenpet,North Chennai
NPIIN0000000488,HCP_00488,General Medicine,Chennai,T Nagar,Central Chennai
NPIIN0000000489,HCP_00489,Urology,Chennai,Madhavaram,North Chennai
NPIIN0000000490,HCP_00490,Endocrinology,Chennai,Washermenpet,North Chennai
NPIIN0000000491,HCP_00491,Cardiology,Chennai,Velachery,South Chennai
NPIIN0000000492,HCP_00492,Diabetology,Chennai,Guindy,South Chennai
NPIIN0000000493,HCP_00493,General Medicine,Chennai,Velachery,South Chennai
NPIIN0000000494,HCP_00494,Dermatology,Chennai,Anna Nagar,Central Chennai
NPIIN0000000495,HCP_00495,Neurology,Chennai,Guindy,South Chennai
NPIIN0000000496,HCP_00496,Urology,Chennai,Madhavaram,North Chennai
NPIIN0000000497,HCP_00497,General Medicine,Chennai,Madhavaram,North Chennai
NPIIN0000000498,HCP_00498,General Medicine,Chennai,Guindy,South Chennai
NPIIN0000000499,HCP_00499,Endocrinology,Chennai,Perambur,North Chennai
NPIIN0000000500,HCP_00500,Endocrinology,Chennai,Ambattur,North Chennai
NPIIN0000000501,HCP_00501,Gastroenterology,Chennai,Guindy,South Chennai
NPIIN0000000502,HCP_00502,Cardiology,Chennai,Guindy,South Chennai
NPIIN0000000503,HCP_00503,Diabetology,Chennai,Guindy,South Chennai
NPIIN0000000504,HCP_00504,Urology,Chennai,Madhavaram,North Chennai
NPIIN0000000505,HCP_00505,Pulmonology,Chennai,Royapuram,North Chennai
NPIIN0000000506,HCP_00506,Cardiology,Chennai,Guindy,South Chennai
NPIIN0000000507,HCP_00507,Neurology,Chennai,T Nagar,Central Chennai
NPIIN0000000508,HCP_00508,General Medicine,Chennai,Porur,South Chennai
NPIIN0000000509,HCP_00509,Dermatology,Chennai,Ambattur,North Chennai
NPIIN0000000510,HCP_00510,Neurology,Chennai,Anna Nagar,Central Chennai
NPIIN0000000511,HCP_00511,Cardiology,Chennai,Anna Nagar,Central Chennai
NPIIN0000000512,HCP_00512,Endocrinology,Chennai,Guindy,South Chennai
NPIIN0000000513,HCP_00513,Diabetology,Chennai,Anna Nagar,Central Chennai
NPIIN0000000514,HCP_00514,Neurology,Chennai,Mylapore,Central Chennai
NPIIN0000000515,HCP_00515,General Medicine,Chennai,Mylapore,Central Chennai
NPIIN0000000516,HCP_00516,Gastroenterology,Chennai,Egmore,Central Chennai
NPIIN0000000517,HCP_00517,General Medicine,Chennai,Nungambakkam,Central Chennai
NPIIN0000000518,HCP_00518,Diabetology,Chennai,Velachery,South Chennai
NPIIN0000000519,HCP_00519,Cardiology,Chennai,Egmore,Central Chennai
NPIIN0000000520,HCP_00520,Endocrinology,Chennai,Adyar,South Chennai
NPIIN0000000521,HCP_00521,General Medicine,Chennai,Porur,South Chennai
NPIIN0000000522,HCP_00522,Pulmonology,Chennai,Madhavaram,North Chennai
NPIIN0000000523,HCP_00523,Orthopedics,Chennai,Nungambakkam,Central Chennai
NPIIN0000000524,HCP_00524,Endocrinology,Chennai,Royapuram,North Chennai
NPIIN0000000525,HCP_00525,Neurology,Chennai,Nungambakkam,Central Chennai
NPIIN0000000526,HCP_00526,Endocrinology,Chennai,Tondiarpet,North Chennai
NPIIN0000000527,HCP_00527,Gastroenterology,Chennai,Porur,South Chennai
NPIIN0000000528,HCP_00528,Cardiology,Chennai,Porur,South Chennai
NPIIN0000000529,HCP_00529,Neurology,Chennai,Porur,South Chennai
NPIIN0000000530,HCP_00530,Endocrinology,Chennai,Egmore,Central Chennai
NPIIN0000000531,HCP_00531,Endocrinology,Chennai,Tambaram,South Chennai
NPIIN0000000532,HCP_00532,Pulmonology,Chennai,Porur,South Chennai
NPIIN0000000533,HCP_00533,General Medicine,Chennai,Washermenpet,North Chennai
NPIIN0000000534,HCP_00534,General Medicine,Chennai,Porur,South Chennai
NPIIN0000000535,HCP_00535,Diabetology,Chennai,Kilpauk,Central Chennai
NPIIN0000000536,HCP_00536,Orthopedics,Chennai,Anna Nagar,Central Chennai
NPIIN0000000537,HCP_00537,Diabetology,Chennai,Tondiarpet,North Chennai
NPIIN0000000538,HCP_00538,Pulmonology,Chennai,Nungambakkam,Central Chennai
NPIIN0000000539,HCP_00539,Dermatology,Chennai,Nungambakkam,Central Chennai
NPIIN0000000540,HCP_00540,Neurology,Chennai,Guindy,South Chennai
NPIIN0000000541,HCP_00541,Diabetology,Chennai,Tambaram,South Chennai
NPIIN0000000542,HCP_00542,Pulmonology,Chennai,Royapuram,North Chennai
NPIIN0000000543,HCP_00543,Cardiology,Chennai,Adyar,South Chennai
NPIIN0000000544,HCP_00544,Pulmonology,Chennai,Velachery,South Chennai
NPIIN0000000545,HCP_00545,General Medicine,Chennai,Kilpauk,Central Chennai
NPIIN0000000546,HCP_00546,Gastroenterology,Chennai,Perambur,North Chennai
NPIIN0000000547,HCP_00547,Dermatology,Chennai,Tondiarpet,North Chennai
NPIIN0000000548,HCP_00548,Endocrinology,Chennai,Nungambakkam,Central Chennai
NPIIN0000000549,HCP_00549,Cardiology,Chennai,Velachery,South Chennai
NPIIN0000000550,HCP_00550,General Medicine,Chennai,Tondiarpet,North Chennai
NPIIN0000000551,HCP_00551,Pulmonology,Chennai,Tondiarpet,North Chennai
NPIIN0000000552,HCP_00552,General Medicine,Chennai,Kilpauk,Central Chennai
NPIIN0000000553,HCP_00553,Pulmonology,Chennai,Kilpauk,Central Chennai
NPIIN0000000554,HCP_00554,General Medicine,Chennai,Sholinganallur,South Chennai
NPIIN0000000555,HCP_00555,Orthopedics,Chennai,Nungambakkam,Central Chennai
NPIIN0000000556,HCP_00556,General Medicine,Chennai,Kilpauk,Central Chennai
NPIIN0000000557,HCP_00557,Cardiology,Chennai,Kilpauk,Central Chennai
NPIIN0000000558,HCP_00558,Diabetology,Chennai,Royapuram,North Chennai
NPIIN0000000559,HCP_00559,Pulmonology,Chennai,Tondiarpet,North Chennai
NPIIN0000000560,HCP_00560,Diabetology,Chennai,Ambattur,North Chennai
NPIIN0000000561,HCP_00561,Diabetology,Chennai,Nungambakkam,Central Chennai
NPIIN0000000562,HCP_00562,General Medicine,Chennai,Mylapore,Central Chennai
NPIIN0000000563,HCP_00563,Gastroenterology,Chennai,Velachery,South Chennai
NPIIN0000000564,HCP_00564,Orthopedics,Chennai,Velachery,South Chennai
NPIIN0000000565,HCP_00565,General Medicine,Chennai,Porur,South Chennai
NPIIN0000000566,HCP_00566,Endocrinology,Chennai,Tambaram,South Chennai
NPIIN0000000567,HCP_00567,General Medicine,Chennai,Velachery,South Chennai
NPIIN0000000568,HCP_00568,General Medicine,Chennai,Mylapore,Central Chennai
NPIIN0000000569,HCP_00569,Orthopedics,Chennai,Perambur,North Chennai
NPIIN0000000570,HCP_00570,General Medicine,Chennai,Ambattur,North Chennai
NPIIN0000000571,HCP_00571,Neurology,Chennai,Nungambakkam,Central Chennai
NPIIN0000000572,HCP_00572,Urology,Chennai,Porur,South Chennai
NPIIN0000000573,HCP_00573,Pulmonology,Chennai,Washermenpet,North Chennai
NPIIN0000000574,HCP_00574,Diabetology,Chennai,Velachery,South Chennai
NPIIN0000000575,HCP_00575,Pulmonology,Chennai,Porur,South Chennai
NPIIN0000000576,HCP_00576,General Medicine,Chennai,Tondiarpet,North Chennai
NPIIN0000000577,HCP_00577,General Medicine,Chennai,Adyar,South Chennai
NPIIN0000000578,HCP_00578,Orthopedics,Chennai,Royapuram,North Chennai
NPIIN0000000579,HCP_00579,Diabetology,Chennai,Velachery,South Chennai
NPIIN0000000580,HCP_00580,General Medicine,Chennai,T Nagar,Central Chennai
NPIIN0000000581,HCP_00581,Endocrinology,Chennai,Ambattur,North Chennai
NPIIN0000000582,HCP_00582,Endocrinology,Chennai,Tondiarpet,North Chennai
NPIIN0000000583,HCP_00583,Pulmonology,Chennai,Anna Nagar,Central Chennai
NPIIN0000000584,HCP_00584,Gastroenterology,Chennai,Perambur,North Chennai
NPIIN0000000585,HCP_00585,Neurology,Chennai,Porur,South Chennai
NPIIN0000000586,HCP_00586,Diabetology,Chennai,Velachery,South Chennai
NPIIN0000000587,HCP_00587,Cardiology,Chennai,Egmore,Central Chennai
NPIIN0000000588,HCP_00588,General Medicine,Chennai,Mylapore,Central Chennai
NPIIN0000000589,HCP_00589,General Medicine,Chennai,Egmore,Central Chennai
NPIIN0000000590,HCP_00590,Gastroenterology,Chennai,Anna Nagar,Central Chennai
NPIIN0000000591,HCP_00591,Neurology,Chennai,Sholinganallur,South Chennai
NPIIN0000000592,HCP_00592,Urology,Chennai,Tondiarpet,North Chennai
NPIIN0000000593,HCP_00593,Gastroenterology,Chennai,T Nagar,Central Chennai
NPIIN0000000594,HCP_00594,General Medicine,Chennai,Tondiarpet,North Chennai
NPIIN0000000595,HCP_00595,Neurology,Chennai,Nungambakkam,Central Chennai
NPIIN0000000596,HCP_00596,Gastroenterology,Chennai,Kilpauk,Central Chennai
NPIIN0000000597,HCP_00597,Orthopedics,Chennai,Porur,South Chennai
NPIIN0000000598,HCP_00598,General Medicine,Chennai,Velachery,South Chennai
NPIIN0000000599,HCP_00599,Neurology,Chennai,Adyar,South Chennai
NPIIN0000000600,HCP_00600,General Medicine,Chennai,Tambaram,South Chennai
NPIIN0000000601,HCP_00601,Gastroenterology,Chennai,Ambattur,North Chennai
NPIIN0000000602,HCP_00602,Urology,Chennai,Tambaram,South Chennai
NPIIN0000000603,HCP_00603,Urology,Chennai,Adyar,South Chennai
NPIIN0000000604,HCP_00604,Endocrinology,Chennai,Adyar,South Chennai
NPIIN0000000605,HCP_00605,Endocrinology,Chennai,Tambaram,South Chennai
NPIIN0000000606,HCP_00606,Gastroenterology,Chennai,Porur,South Chennai
NPIIN0000000607,HCP_00607,Neurology,Chennai,Guindy,South Chennai
NPIIN0000000608,HCP_00608,Urology,Chennai,T Nagar,Central Chennai
NPIIN0000000609,HCP_00609,Diabetology,Chennai,Velachery,South Chennai
NPIIN0000000610,HCP_00610,Dermatology,Chennai,Perambur,North Chennai
NPIIN0000000611,HCP_00611,Neurology,Chennai,Ambattur,North Chennai
NPIIN0000000612,HCP_00612,Endocrinology,Chennai,Velachery,South Chennai
NPIIN0000000613,HCP_00613,Cardiology,Chennai,Porur,South Chennai
NPIIN0000000614,HCP_00614,Neurology,Chennai,Velachery,South Chennai
NPIIN0000000615,HCP_00615,Endocrinology,Chennai,Nungambakkam,Central Chennai
NPIIN0000000616,HCP_00616,Dermatology,Chennai,Sholinganallur,South Chennai
NPIIN0000000617,HCP_00617,Pulmonology,Chennai,Adyar,South Chennai
NPIIN0000000618,HCP_00618,General Medicine,Chennai,Egmore,Central Chennai
NPIIN0000000619,HCP_00619,Diabetology,Chennai,Nungambakkam,Central Chennai
NPIIN0000000620,HCP_00620,Orthopedics,Chennai,Anna Nagar,Central Chennai
NPIIN0000000621,HCP_00621,Gastroenterology,Chennai,Tambaram,South Chennai
NPIIN0000000622,HCP_00622,Gastroenterology,Chennai,Madhavaram,North Chennai
NPIIN0000000623,HCP_00623,Gastroenterology,Chennai,Sholinganallur,South Chennai
NPIIN0000000624,HCP_00624,Pulmonology,Chennai,Royapuram,North Chennai
NPIIN0000000625,HCP_00625,Orthopedics,Chennai,Adyar,South Chennai
NPIIN0000000626,HCP_00626,Pulmonology,Chennai,Washermenpet,North Chennai
NPIIN0000000627,HCP_00627,General Medicine,Chennai,Guindy,South Chennai
NPIIN0000000628,HCP_00628,Diabetology,Chennai,Anna Nagar,Central Chennai
NPIIN0000000629,HCP_00629,Diabetology,Chennai,Royapuram,North Chennai
NPIIN0000000630,HCP_00630,Gastroenterology,Chennai,Guindy,South Chennai
NPIIN0000000631,HCP_00631,General Medicine,Chennai,Porur,South Chennai
NPIIN0000000632,HCP_00632,Gastroenterology,Chennai,Sholinganallur,South Chennai
NPIIN0000000633,HCP_00633,Orthopedics,Chennai,Kilpauk,Central Chennai
NPIIN0000000634,HCP_00634,General Medicine,Chennai,Madhavaram,North Chennai
NPIIN0000000635,HCP_00635,Cardiology,Chennai,Anna Nagar,Central Chennai
NPIIN0000000636,HCP_00636,Neurology,Chennai,T Nagar,Central Chennai
NPIIN0000000637,HCP_00637,Cardiology,Chennai,Sholinganallur,South Chennai
NPIIN0000000638,HCP_00638,Gastroenterology,Chennai,Tambaram,South Chennai
NPIIN0000000639,HCP_00639,General Medicine,Chennai,Adyar,South Chennai
NPIIN0000000640,HCP_00640,General Medicine,Chennai,Velachery,South Chennai
NPIIN0000000641,HCP_00641,Pulmonology,Chennai,Porur,South Chennai
NPIIN0000000642,HCP_00642,General Medicine,Chennai,Velachery,South Chennai
NPIIN0000000643,HCP_00643,Diabetology,Chennai,Anna Nagar,Central Chennai
NPIIN0000000644,HCP_00644,Diabetology,Chennai,Anna Nagar,Central Chennai
NPIIN0000000645,HCP_00645,General Medicine,Chennai,Velachery,South Chennai
NPIIN0000000646,HCP_00646,Urology,Chennai,Tambaram,South Chennai
NPIIN0000000647,HCP_00647,Cardiology,Chennai,Mylapore,Central Chennai
NPIIN0000000648,HCP_00648,Diabetology,Chennai,Perambur,North Chennai
NPIIN0000000649,HCP_00649,Endocrinology,Chennai,Sholinganallur,South Chennai
NPIIN0000000650,HCP_00650,General Medicine,Chennai,Mylapore,Central Chennai
NPIIN0000000651,HCP_00651,Cardiology,Chennai,Ambattur,North Chennai
NPIIN0000000652,HCP_00652,Gastroenterology,Chennai,Tambaram,South Chennai
NPIIN0000000653,HCP_00653,Cardiology,Chennai,Tambaram,South Chennai
NPIIN0000000654,HCP_00654,Neurology,Chennai,T Nagar,Central Chennai
NPIIN0000000655,HCP_00655,Diabetology,Chennai,Adyar,South Chennai
NPIIN0000000656,HCP_00656,General Medicine,Chennai,Egmore,Central Chennai
NPIIN0000000657,HCP_00657,Endocrinology,Chennai,Guindy,South Chennai
NPIIN0000000658,HCP_00658,Gastroenterology,Chennai,Nungambakkam,Central Chennai
NPIIN0000000659,HCP_00659,Orthopedics,Chennai,Washermenpet,North Chennai
NPIIN0000000660,HCP_00660,Endocrinology,Chennai,Tondiarpet,North Chennai
NPIIN0000000661,HCP_00661,Orthopedics,Chennai,Kilpauk,Central Chennai
NPIIN0000000662,HCP_00662,Diabetology,Chennai,Adyar,South Chennai
NPIIN0000000663,HCP_00663,Pulmonology,Chennai,Mylapore,Central Chennai
NPIIN0000000664,HCP_00664,Neurology,Chennai,Egmore,Central Chennai
NPIIN0000000665,HCP_00665,Endocrinology,Chennai,Mylapore,Central Chennai
NPIIN0000000666,HCP_00666,General Medicine,Chennai,Sholinganallur,South Chennai
NPIIN0000000667,HCP_00667,Cardiology,Chennai,Porur,South Chennai
NPIIN0000000668,HCP_00668,Neurology,Chennai,Velachery,South Chennai
NPIIN0000000669,HCP_00669,General Medicine,Chennai,Anna Nagar,Central Chennai
NPIIN0000000670,HCP_00670,Urology,Chennai,Tondiarpet,North Chennai
NPIIN0000000671,HCP_00671,Diabetology,Chennai,Nungambakkam,Central Chennai
NPIIN0000000672,HCP_00672,Urology,Chennai,Madhavaram,North Chennai
NPIIN0000000673,HCP_00673,Endocrinology,Chennai,Adyar,South Chennai
NPIIN0000000674,HCP_00674,Pulmonology,Chennai,Adyar,South Chennai
NPIIN0000000675,HCP_00675,Diabetology,Chennai,Tondiarpet,North Chennai
NPIIN0000000676,HCP_00676,Endocrinology,Chennai,Tondiarpet,North Chennai
NPIIN0000000677,HCP_00677,Cardiology,Chennai,Tambaram,South Chennai
NPIIN0000000678,HCP_00678,Neurology,Chennai,Royapuram,North Chennai
NPIIN0000000679,HCP_00679,Endocrinology,Chennai,Egmore,Central Chennai
NPIIN0000000680,HCP_00680,Pulmonology,Chennai,Tondiarpet,North Chennai
NPIIN0000000681,HCP_00681,Orthopedics,Chennai,Anna Nagar,Central Chennai
NPIIN0000000682,HCP_00682,Diabetology,Chennai,Egmore,Central Chennai
NPIIN0000000683,HCP_00683,Cardiology,Chennai,Egmore,Central Chennai
NPIIN0000000684,HCP_00684,Endocrinology,Chennai,Perambur,North Chennai
NPIIN0000000685,HCP_00685,Cardiology,Chennai,Guindy,South Chennai
NPIIN0000000686,HCP_00686,General Medicine,Chennai,Egmore,Central Chennai
NPIIN0000000687,HCP_00687,Gastroenterology,Chennai,Perambur,North Chennai
NPIIN0000000688,HCP_00688,Diabetology,Chennai,Sholinganallur,South Chennai
NPIIN0000000689,HCP_00689,Endocrinology,Chennai,Tambaram,South Chennai
NPIIN0000000690,HCP_00690,Neurology,Chennai,Perambur,North Chennai
NPIIN0000000691,HCP_00691,Diabetology,Chennai,Anna Nagar,Central Chennai
NPIIN0000000692,HCP_00692,Pulmonology,Chennai,Porur,South Chennai
NPIIN0000000693,HCP_00693,Orthopedics,Chennai,Nungambakkam,Central Chennai
NPIIN0000000694,HCP_00694,Diabetology,Chennai,Anna Nagar,Central Chennai
NPIIN0000000695,HCP_00695,General Medicine,Chennai,Tambaram,South Chennai
NPIIN0000000696,HCP_00696,Dermatology,Chennai,Royapuram,North Chennai
NPIIN0000000697,HCP_00697,Neurology,Chennai,Porur,South Chennai
NPIIN0000000698,HCP_00698,Gastroenterology,Chennai,Perambur,North Chennai
NPIIN0000000699,HCP_00699,Gastroenterology,Chennai,Sholinganallur,South Chennai
NPIIN0000000700,HCP_00700,Pulmonology,Chennai,Nungambakkam,Central Chennai
NPIIN0000000701,HCP_00701,Pulmonology,Chennai,Kilpauk,Central Chennai
NPIIN0000000702,HCP_00702,Gastroenterology,Chennai,Kilpauk,Central Chennai
NPIIN0000000703,HCP_00703,Neurology,Chennai,T Nagar,Central Chennai
NPIIN0000000704,HCP_00704,Neurology,Chennai,Porur,South Chennai
NPIIN0000000705,HCP_00705,General Medicine,Chennai,T Nagar,Central Chennai
NPIIN0000000706,HCP_00706,Dermatology,Chennai,Tondiarpet,North Chennai
NPIIN0000000707,HCP_00707,Endocrinology,Chennai,Tambaram,South Chennai
NPIIN0000000708,HCP_00708,Endocrinology,Chennai,Guindy,South Chennai
NPIIN0000000709,HCP_00709,General Medicine,Chennai,Ambattur,North Chennai
NPIIN0000000710,HCP_00710,Diabetology,Chennai,Royapuram,North Chennai
NPIIN0000000711,HCP_00711,Neurology,Chennai,Adyar,South Chennai
NPIIN0000000712,HCP_00712,Endocrinology,Chennai,Adyar,South Chennai
NPIIN0000000713,HCP_00713,Neurology,Chennai,Porur,South Chennai
NPIIN0000000714,HCP_00714,General Medicine,Chennai,Sholinganallur,South Chennai
NPIIN0000000715,HCP_00715,Endocrinology,Chennai,Sholinganallur,South Chennai
NPIIN0000000716,HCP_00716,Diabetology,Chennai,Anna Nagar,Central Chennai
NPIIN0000000717,HCP_00717,General Medicine,Chennai,Royapuram,North Chennai
NPIIN0000000718,HCP_00718,Gastroenterology,Chennai,Egmore,Central Chennai
NPIIN0000000719,HCP_00719,General Medicine,Chennai,Guindy,South Chennai
NPIIN0000000720,HCP_00720,Endocrinology,Chennai,Adyar,South Chennai
NPIIN0000000721,HCP_00721,Diabetology,Chennai,Royapuram,North Chennai
NPIIN0000000722,HCP_00722,Cardiology,Chennai,Tondiarpet,North Chennai
NPIIN0000000723,HCP_00723,Cardiology,Chennai,T Nagar,Central Chennai
NPIIN0000000724,HCP_00724,Orthopedics,Chennai,Sholinganallur,South Chennai
NPIIN0000000725,HCP_00725,Cardiology,Chennai,Nungambakkam,Central Chennai
NPIIN0000000726,HCP_00726,Cardiology,Chennai,Kilpauk,Central Chennai
NPIIN0000000727,HCP_00727,Urology,Chennai,Mylapore,Central Chennai
NPIIN0000000728,HCP_00728,Neurology,Chennai,T Nagar,Central Chennai
NPIIN0000000729,HCP_00729,General Medicine,Chennai,Washermenpet,North Chennai
NPIIN0000000730,HCP_00730,Neurology,Chennai,Washermenpet,North Chennai
NPIIN0000000731,HCP_00731,Orthopedics,Chennai,Egmore,Central Chennai
NPIIN0000000732,HCP_00732,Cardiology,Chennai,T Nagar,Central Chennai
NPIIN0000000733,HCP_00733,Diabetology,Chennai,Egmore,Central Chennai
NPIIN0000000734,HCP_00734,Urology,Chennai,Perambur,North Chennai
NPIIN0000000735,HCP_00735,Gastroenterology,Chennai,Egmore,Central Chennai
NPIIN0000000736,HCP_00736,Orthopedics,Chennai,Tambaram,South Chennai
NPIIN0000000737,HCP_00737,Diabetology,Chennai,Nungambakkam,Central Chennai
NPIIN0000000738,HCP_00738,Orthopedics,Chennai,Egmore,Central Chennai
NPIIN0000000739,HCP_00739,General Medicine,Chennai,Washermenpet,North Chennai
NPIIN0000000740,HCP_00740,Gastroenterology,Chennai,Tondiarpet,North Chennai
NPIIN0000000741,HCP_00741,Urology,Chennai,T Nagar,Central Chennai
NPIIN0000000742,HCP_00742,Endocrinology,Chennai,T Nagar,Central Chennai
NPIIN0000000743,HCP_00743,Endocrinology,Chennai,Porur,South Chennai
NPIIN0000000744,HCP_00744,Pulmonology,Chennai,Mylapore,Central Chennai
NPIIN0000000745,HCP_00745,Dermatology,Chennai,Ambattur,North Chennai
NPIIN0000000746,HCP_00746,Cardiology,Chennai,Washermenpet,North Chennai
NPIIN0000000747,HCP_00747,Dermatology,Chennai,Anna Nagar,Central Chennai
NPIIN0000000748,HCP_00748,General Medicine,Chennai,Perambur,North Chennai
NPIIN0000000749,HCP_00749,General Medicine,Chennai,Tambaram,South Chennai
NPIIN0000000750,HCP_00750,General Medicine,Chennai,Sholinganallur,South Chennai
NPIIN0000000751,HCP_00751,Urology,Chennai,Egmore,Central Chennai
NPIIN0000000752,HCP_00752,Cardiology,Chennai,Mylapore,Central Chennai
NPIIN0000000753,HCP_00753,Pulmonology,Chennai,Egmore,Central Chennai
NPIIN0000000754,HCP_00754,Endocrinology,Chennai,Perambur,North Chennai
NPIIN0000000755,HCP_00755,Urology,Chennai,Adyar,South Chennai
NPIIN0000000756,HCP_00756,Dermatology,Chennai,Kilpauk,Central Chennai
NPIIN0000000757,HCP_00757,Endocrinology,Chennai,Kilpauk,Central Chennai
NPIIN0000000758,HCP_00758,Diabetology,Chennai,Adyar,South Chennai
NPIIN0000000759,HCP_00759,General Medicine,Chennai,Nungambakkam,Central Chennai
NPIIN0000000760,HCP_00760,General Medicine,Chennai,Washermenpet,North Chennai
NPIIN0000000761,HCP_00761,Dermatology,Chennai,Tambaram,South Chennai
NPIIN0000000762,HCP_00762,Pulmonology,Chennai,Anna Nagar,Central Chennai
NPIIN0000000763,HCP_00763,General Medicine,Chennai,Anna Nagar,Central Chennai
NPIIN0000000764,HCP_00764,Gastroenterology,Chennai,T Nagar,Central Chennai
NPIIN0000000765,HCP_00765,General Medicine,Chennai,Sholinganallur,South Chennai
NPIIN0000000766,HCP_00766,Cardiology,Chennai,Anna Nagar,Central Chennai
NPIIN0000000767,HCP_00767,Cardiology,Chennai,Kilpauk,Central Chennai
NPIIN0000000768,HCP_00768,Diabetology,Chennai,Nungambakkam,Central Chennai
NPIIN0000000769,HCP_00769,Pulmonology,Chennai,Mylapore,Central Chennai
NPIIN0000000770,HCP_00770,Cardiology,Chennai,Tambaram,South Chennai
NPIIN0000000771,HCP_00771,Pulmonology,Chennai,Mylapore,Central Chennai
NPIIN0000000772,HCP_00772,Diabetology,Chennai,Ambattur,North Chennai
NPIIN0000000773,HCP_00773,Neurology,Chennai,Tondiarpet,North Chennai
NPIIN0000000774,HCP_00774,Cardiology,Chennai,Porur,South Chennai
NPIIN0000000775,HCP_00775,General Medicine,Chennai,Egmore,Central Chennai
NPIIN0000000776,HCP_00776,Cardiology,Chennai,Guindy,South Chennai
NPIIN0000000777,HCP_00777,General Medicine,Chennai,Washermenpet,North Chennai
NPIIN0000000778,HCP_00778,Cardiology,Chennai,T Nagar,Central Chennai
NPIIN0000000779,HCP_00779,General Medicine,Chennai,Porur,South Chennai
NPIIN0000000780,HCP_00780,Gastroenterology,Chennai,Adyar,South Chennai
NPIIN0000000781,HCP_00781,Cardiology,Chennai,Mylapore,Central Chennai
NPIIN0000000782,HCP_00782,Gastroenterology,Chennai,Velachery,South Chennai
NPIIN0000000783,HCP_00783,Pulmonology,Chennai,Tondiarpet,North Chennai
NPIIN0000000784,HCP_00784,General Medicine,Chennai,Perambur,North Chennai
NPIIN0000000785,HCP_00785,Pulmonology,Chennai,Adyar,South Chennai
NPIIN0000000786,HCP_00786,General Medicine,Chennai,Perambur,North Chennai
NPIIN0000000787,HCP_00787,Gastroenterology,Chennai,Sholinganallur,South Chennai
NPIIN0000000788,HCP_00788,Gastroenterology,Chennai,Egmore,Central Chennai
NPIIN0000000789,HCP_00789,Gastroenterology,Chennai,Velachery,South Chennai
NPIIN0000000790,HCP_00790,Diabetology,Chennai,Washermenpet,North Chennai
NPIIN0000000791,HCP_00791,Neurology,Chennai,Mylapore,Central Chennai
NPIIN0000000792,HCP_00792,Endocrinology,Chennai,Tondiarpet,North Chennai
NPIIN0000000793,HCP_00793,General Medicine,Chennai,Anna Nagar,Central Chennai
NPIIN0000000794,HCP_00794,Cardiology,Chennai,Mylapore,Central Chennai
NPIIN0000000795,HCP_00795,Endocrinology,Chennai,Anna Nagar,Central Chennai
NPIIN0000000796,HCP_00796,Neurology,Chennai,T Nagar,Central Chennai
NPIIN0000000797,HCP_00797,Urology,Chennai,Anna Nagar,Central Chennai
NPIIN0000000798,HCP_00798,Cardiology,Chennai,Kilpauk,Central Chennai
NPIIN0000000799,HCP_00799,Pulmonology,Chennai,Adyar,South Chennai
NPIIN0000000800,HCP_00800,Neurology,Chennai,Tambaram,South Chennai
NPIIN0000000801,HCP_00801,Orthopedics,Chennai,Tambaram,South Chennai
NPIIN0000000802,HCP_00802,Neurology,Chennai,Egmore,Central Chennai
NPIIN0000000803,HCP_00803,Cardiology,Chennai,Tambaram,South Chennai
NPIIN0000000804,HCP_00804,Endocrinology,Chennai,Perambur,North Chennai
NPIIN0000000805,HCP_00805,Neurology,Chennai,T Nagar,Central Chennai
NPIIN0000000806,HCP_00806,Endocrinology,Chennai,T Nagar,Central Chennai
NPIIN0000000807,HCP_00807,Urology,Chennai,Guindy,South Chennai
NPIIN0000000808,HCP_00808,Urology,Chennai,Kilpauk,Central Chennai
NPIIN0000000809,HCP_00809,Orthopedics,Chennai,Tondiarpet,North Chennai
NPIIN0000000810,HCP_00810,Diabetology,Chennai,Velachery,South Chennai
NPIIN0000000811,HCP_00811,Gastroenterology,Chennai,Mylapore,Central Chennai
NPIIN0000000812,HCP_00812,Neurology,Chennai,T Nagar,Central Chennai
NPIIN0000000813,HCP_00813,Cardiology,Chennai,Porur,South Chennai
NPIIN0000000814,HCP_00814,Diabetology,Chennai,Ambattur,North Chennai
NPIIN0000000815,HCP_00815,Endocrinology,Chennai,Mylapore,Central Chennai
NPIIN0000000816,HCP_00816,General Medicine,Chennai,Adyar,South Chennai
NPIIN0000000817,HCP_00817,Orthopedics,Chennai,Velachery,South Chennai
NPIIN0000000818,HCP_00818,Dermatology,Chennai,Royapuram,North Chennai
NPIIN0000000819,HCP_00819,Diabetology,Chennai,Velachery,South Chennai
NPIIN0000000820,HCP_00820,Pulmonology,Chennai,Egmore,Central Chennai
NPIIN0000000821,HCP_00821,Endocrinology,Chennai,T Nagar,Central Chennai
NPIIN0000000822,HCP_00822,Diabetology,Chennai,Tondiarpet,North Chennai
NPIIN0000000823,HCP_00823,Cardiology,Chennai,T Nagar,Central Chennai
NPIIN0000000824,HCP_00824,Neurology,Chennai,Porur,South Chennai
NPIIN0000000825,HCP_00825,Neurology,Chennai,Sholinganallur,South Chennai
NPIIN0000000826,HCP_00826,Dermatology,Chennai,Kilpauk,Central Chennai
NPIIN0000000827,HCP_00827,Urology,Chennai,Tondiarpet,North Chennai
NPIIN0000000828,HCP_00828,Endocrinology,Chennai,Anna Nagar,Central Chennai
NPIIN0000000829,HCP_00829,Gastroenterology,Chennai,Guindy,South Chennai
NPIIN0000000830,HCP_00830,Cardiology,Chennai,Kilpauk,Central Chennai
NPIIN0000000831,HCP_00831,General Medicine,Chennai,Tondiarpet,North Chennai
NPIIN0000000832,HCP_00832,General Medicine,Chennai,Tondiarpet,North Chennai
NPIIN0000000833,HCP_00833,Cardiology,Chennai,Perambur,North Chennai
NPIIN0000000834,HCP_00834,Endocrinology,Chennai,Sholinganallur,South Chennai
NPIIN0000000835,HCP_00835,Diabetology,Chennai,Guindy,South Chennai
NPIIN0000000836,HCP_00836,Cardiology,Chennai,Ambattur,North Chennai
NPIIN0000000837,HCP_00837,Orthopedics,Chennai,Adyar,South Chennai
NPIIN0000000838,HCP_00838,Diabetology,Chennai,Guindy,South Chennai
NPIIN0000000839,HCP_00839,General Medicine,Chennai,Madhavaram,North Chennai
NPIIN0000000840,HCP_00840,Orthopedics,Chennai,Madhavaram,North Chennai
NPIIN0000000841,HCP_00841,Pulmonology,Chennai,Egmore,Central Chennai
NPIIN0000000842,HCP_00842,General Medicine,Chennai,Sholinganallur,South Chennai
NPIIN0000000843,HCP_00843,Urology,Chennai,Tondiarpet,North Chennai
NPIIN0000000844,HCP_00844,Endocrinology,Chennai,Royapuram,North Chennai
NPIIN0000000845,HCP_00845,Endocrinology,Chennai,T Nagar,Central Chennai
NPIIN0000000846,HCP_00846,Pulmonology,Chennai,Porur,South Chennai
NPIIN0000000847,HCP_00847,General Medicine,Chennai,Washermenpet,North Chennai
NPIIN0000000848,HCP_00848,Dermatology,Chennai,Tambaram,South Chennai
NPIIN0000000849,HCP_00849,Cardiology,Chennai,Mylapore,Central Chennai
NPIIN0000000850,HCP_00850,Pulmonology,Chennai,Velachery,South Chennai
NPIIN0000000851,HCP_00851,Gastroenterology,Chennai,Egmore,Central Chennai
NPIIN0000000852,HCP_00852,Orthopedics,Chennai,Anna Nagar,Central Chennai
NPIIN0000000853,HCP_00853,Endocrinology,Chennai,Guindy,South Chennai
NPIIN0000000854,HCP_00854,Diabetology,Chennai,Velachery,South Chennai
NPIIN0000000855,HCP_00855,Orthopedics,Chennai,Anna Nagar,Central Chennai
NPIIN0000000856,HCP_00856,Neurology,Chennai,Washermenpet,North Chennai
NPIIN0000000857,HCP_00857,Cardiology,Chennai,Guindy,South Chennai
NPIIN0000000858,HCP_00858,Cardiology,Chennai,Sholinganallur,South Chennai
NPIIN0000000859,HCP_00859,Gastroenterology,Chennai,Ambattur,North Chennai
NPIIN0000000860,HCP_00860,Pulmonology,Chennai,Madhavaram,North Chennai
NPIIN0000000861,HCP_00861,Pulmonology,Chennai,Guindy,South Chennai
NPIIN0000000862,HCP_00862,Urology,Chennai,Porur,South Chennai
NPIIN0000000863,HCP_00863,Diabetology,Chennai,Sholinganallur,South Chennai
NPIIN0000000864,HCP_00864,Endocrinology,Chennai,Perambur,North Chennai
NPIIN0000000865,HCP_00865,Pulmonology,Chennai,Kilpauk,Central Chennai
NPIIN0000000866,HCP_00866,Urology,Chennai,Porur,South Chennai
NPIIN0000000867,HCP_00867,Diabetology,Chennai,Tambaram,South Chennai
NPIIN0000000868,HCP_00868,Neurology,Chennai,Adyar,South Chennai
NPIIN0000000869,HCP_00869,Endocrinology,Chennai,Kilpauk,Central Chennai
NPIIN0000000870,HCP_00870,Endocrinology,Chennai,T Nagar,Central Chennai
NPIIN0000000871,HCP_00871,Urology,Chennai,Porur,South Chennai
NPIIN0000000872,HCP_00872,Cardiology,Chennai,Egmore,Central Chennai
NPIIN0000000873,HCP_00873,Cardiology,Chennai,Guindy,South Chennai
NPIIN0000000874,HCP_00874,Gastroenterology,Chennai,Washermenpet,North Chennai
NPIIN0000000875,HCP_00875,General Medicine,Chennai,Velachery,South Chennai
NPIIN0000000876,HCP_00876,General Medicine,Chennai,Adyar,South Chennai
NPIIN0000000877,HCP_00877,Dermatology,Chennai,Perambur,North Chennai
NPIIN0000000878,HCP_00878,Endocrinology,Chennai,Kilpauk,Central Chennai
NPIIN0000000879,HCP_00879,Neurology,Chennai,Ambattur,North Chennai
NPIIN0000000880,HCP_00880,Diabetology,Chennai,Perambur,North Chennai
NPIIN0000000881,HCP_00881,Cardiology,Chennai,Washermenpet,North Chennai
NPIIN0000000882,HCP_00882,Neurology,Chennai,Washermenpet,North Chennai
NPIIN0000000883,HCP_00883,Diabetology,Chennai,Sholinganallur,South Chennai
NPIIN0000000884,HCP_00884,Urology,Chennai,Ambattur,North Chennai
NPIIN0000000885,HCP_00885,Urology,Chennai,Mylapore,Central Chennai
NPIIN0000000886,HCP_00886,Dermatology,Chennai,Perambur,North Chennai
NPIIN0000000887,HCP_00887,Diabetology,Chennai,Ambattur,North Chennai
NPIIN0000000888,HCP_00888,Endocrinology,Chennai,Anna Nagar,Central Chennai
NPIIN0000000889,HCP_00889,Urology,Chennai,Mylapore,Central Chennai
NPIIN0000000890,HCP_00890,General Medicine,Chennai,Tambaram,South Chennai
NPIIN0000000891,HCP_00891,Neurology,Chennai,Kilpauk,Central Chennai
NPIIN0000000892,HCP_00892,Dermatology,Chennai,Porur,South Chennai
NPIIN0000000893,HCP_00893,Diabetology,Chennai,Mylapore,Central Chennai
NPIIN0000000894,HCP_00894,Cardiology,Chennai,Kilpauk,Central Chennai
NPIIN0000000895,HCP_00895,Pulmonology,Chennai,Sholinganallur,South Chennai
NPIIN0000000896,HCP_00896,Pulmonology,Chennai,Sholinganallur,South Chennai
NPIIN0000000897,HCP_00897,Diabetology,Chennai,Egmore,Central Chennai
NPIIN0000000898,HCP_00898,Pulmonology,Chennai,Kilpauk,Central Chennai
NPIIN0000000899,HCP_00899,Dermatology,Chennai,Kilpauk,Central Chennai
NPIIN0000000900,HCP_00900,General Medicine,Chennai,Royapuram,North Chennai
NPIIN0000000901,HCP_00901,Diabetology,Chennai,Washermenpet,North Chennai
NPIIN0000000902,HCP_00902,Gastroenterology,Chennai,Egmore,Central Chennai
NPIIN0000000903,HCP_00903,Gastroenterology,Chennai,T Nagar,Central Chennai
NPIIN0000000904,HCP_00904,Orthopedics,Chennai,Madhavaram,North Chennai
NPIIN0000000905,HCP_00905,Endocrinology,Chennai,Porur,South Chennai
NPIIN0000000906,HCP_00906,Urology,Chennai,Velachery,South Chennai
NPIIN0000000907,HCP_00907,Gastroenterology,Chennai,Madhavaram,North Chennai
NPIIN0000000908,HCP_00908,Neurology,Chennai,Mylapore,Central Chennai
NPIIN0000000909,HCP_00909,Diabetology,Chennai,Egmore,Central Chennai
NPIIN0000000910,HCP_00910,Cardiology,Chennai,Kilpauk,Central Chennai
NPIIN0000000911,HCP_00911,General Medicine,Chennai,Adyar,South Chennai
NPIIN0000000912,HCP_00912,Diabetology,Chennai,Sholinganallur,South Chennai
NPIIN0000000913,HCP_00913,Diabetology,Chennai,Adyar,South Chennai
NPIIN0000000914,HCP_00914,Urology,Chennai,Tambaram,South Chennai
NPIIN0000000915,HCP_00915,Endocrinology,Chennai,Tambaram,South Chennai
NPIIN0000000916,HCP_00916,Orthopedics,Chennai,Guindy,South Chennai
NPIIN0000000917,HCP_00917,General Medicine,Chennai,Anna Nagar,Central Chennai
NPIIN0000000918,HCP_00918,Dermatology,Chennai,Kilpauk,Central Chennai
NPIIN0000000919,HCP_00919,Diabetology,Chennai,Egmore,Central Chennai
NPIIN0000000920,HCP_00920,Neurology,Chennai,Madhavaram,North Chennai
NPIIN0000000921,HCP_00921,Pulmonology,Chennai,Mylapore,Central Chennai
NPIIN0000000922,HCP_00922,Urology,Chennai,Guindy,South Chennai
NPIIN0000000923,HCP_00923,Endocrinology,Chennai,Ambattur,North Chennai
NPIIN0000000924,HCP_00924,Endocrinology,Chennai,Perambur,North Chennai
NPIIN0000000925,HCP_00925,Orthopedics,Chennai,T Nagar,Central Chennai
NPIIN0000000926,HCP_00926,Cardiology,Chennai,Nungambakkam,Central Chennai
NPIIN0000000927,HCP_00927,Neurology,Chennai,Egmore,Central Chennai
NPIIN0000000928,HCP_00928,Cardiology,Chennai,Adyar,South Chennai
NPIIN0000000929,HCP_00929,Cardiology,Chennai,Perambur,North Chennai
NPIIN0000000930,HCP_00930,Pulmonology,Chennai,Adyar,South Chennai
NPIIN0000000931,HCP_00931,Pulmonology,Chennai,Mylapore,Central Chennai
NPIIN0000000932,HCP_00932,Pulmonology,Chennai,Tondiarpet,North Chennai
NPIIN0000000933,HCP_00933,General Medicine,Chennai,Madhavaram,North Chennai
NPIIN0000000934,HCP_00934,Gastroenterology,Chennai,Adyar,South Chennai
NPIIN0000000935,HCP_00935,Orthopedics,Chennai,Tambaram,South Chennai
NPIIN0000000936,HCP_00936,Diabetology,Chennai,Egmore,Central Chennai
NPIIN0000000937,HCP_00937,Diabetology,Chennai,Adyar,South Chennai
NPIIN0000000938,HCP_00938,Diabetology,Chennai,Nungambakkam,Central Chennai
NPIIN0000000939,HCP_00939,Gastroenterology,Chennai,Tambaram,South Chennai
NPIIN0000000940,HCP_00940,General Medicine,Chennai,Kilpauk,Central Chennai
NPIIN0000000941,HCP_00941,Neurology,Chennai,Mylapore,Central Chennai
NPIIN0000000942,HCP_00942,General Medicine,Chennai,Adyar,South Chennai
NPIIN0000000943,HCP_00943,Pulmonology,Chennai,Nungambakkam,Central Chennai
NPIIN0000000944,HCP_00944,Dermatology,Chennai,Royapuram,North Chennai
NPIIN0000000945,HCP_00945,General Medicine,Chennai,Royapuram,North Chennai
NPIIN0000000946,HCP_00946,General Medicine,Chennai,Nungambakkam,Central Chennai
NPIIN0000000947,HCP_00947,Diabetology,Chennai,Guindy,South Chennai
NPIIN0000000948,HCP_00948,General Medicine,Chennai,Guindy,South Chennai
NPIIN0000000949,HCP_00949,Diabetology,Chennai,Porur,South Chennai
NPIIN0000000950,HCP_00950,Dermatology,Chennai,Anna Nagar,Central Chennai
NPIIN0000000951,HCP_00951,General Medicine,Chennai,Ambattur,North Chennai
NPIIN0000000952,HCP_00952,Cardiology,Chennai,Anna Nagar,Central Chennai
NPIIN0000000953,HCP_00953,Endocrinology,Chennai,Anna Nagar,Central Chennai
NPIIN0000000954,HCP_00954,Pulmonology,Chennai,Anna Nagar,Central Chennai
NPIIN0000000955,HCP_00955,Urology,Chennai,Sholinganallur,South Chennai
NPIIN0000000956,HCP_00956,Diabetology,Chennai,Tambaram,South Chennai
NPIIN0000000957,HCP_00957,Diabetology,Chennai,Tambaram,South Chennai
NPIIN0000000958,HCP_00958,General Medicine,Chennai,Madhavaram,North Chennai
NPIIN0000000959,HCP_00959,Orthopedics,Chennai,Tondiarpet,North Chennai
NPIIN0000000960,HCP_00960,Dermatology,Chennai,Ambattur,North Chennai
NPIIN0000000961,HCP_00961,Endocrinology,Chennai,Tondiarpet,North Chennai
NPIIN0000000962,HCP_00962,Pulmonology,Chennai,Royapuram,North Chennai
NPIIN0000000963,HCP_00963,Dermatology,Chennai,Egmore,Central Chennai
NPIIN0000000964,HCP_00964,Gastroenterology,Chennai,Nungambakkam,Central Chennai
NPIIN0000000965,HCP_00965,General Medicine,Chennai,Porur,South Chennai
NPIIN0000000966,HCP_00966,Gastroenterology,Chennai,Ambattur,North Chennai
NPIIN0000000967,HCP_00967,Pulmonology,Chennai,Adyar,South Chennai
NPIIN0000000968,HCP_00968,Endocrinology,Chennai,Mylapore,Central Chennai
NPIIN0000000969,HCP_00969,Cardiology,Chennai,Perambur,North Chennai
NPIIN0000000970,HCP_00970,General Medicine,Chennai,Nungambakkam,Central Chennai
NPIIN0000000971,HCP_00971,Cardiology,Chennai,T Nagar,Central Chennai
NPIIN0000000972,HCP_00972,General Medicine,Chennai,Mylapore,Central Chennai
NPIIN0000000973,HCP_00973,Dermatology,Chennai,Kilpauk,Central Chennai
NPIIN0000000974,HCP_00974,Dermatology,Chennai,Sholinganallur,South Chennai
NPIIN0000000975,HCP_00975,Cardiology,Chennai,Egmore,Central Chennai
NPIIN0000000976,HCP_00976,Cardiology,Chennai,Tondiarpet,North Chennai
NPIIN0000000977,HCP_00977,Neurology,Chennai,Tondiarpet,North Chennai
NPIIN0000000978,HCP_00978,General Medicine,Chennai,Royapuram,North Chennai
NPIIN0000000979,HCP_00979,Endocrinology,Chennai,Tondiarpet,North Chennai
NPIIN0000000980,HCP_00980,Dermatology,Chennai,T Nagar,Central Chennai
NPIIN0000000981,HCP_00981,Endocrinology,Chennai,Sholinganallur,South Chennai
NPIIN0000000982,HCP_00982,Cardiology,Chennai,Guindy,South Chennai
NPIIN0000000983,HCP_00983,Gastroenterology,Chennai,Guindy,South Chennai
NPIIN0000000984,HCP_00984,Pulmonology,Chennai,Perambur,North Chennai
NPIIN0000000985,HCP_00985,General Medicine,Chennai,Nungambakkam,Central Chennai
NPIIN0000000986,HCP_00986,Neurology,Chennai,Porur,South Chennai
NPIIN0000000987,HCP_00987,Urology,Chennai,Kilpauk,Central Chennai
NPIIN0000000988,HCP_00988,Cardiology,Chennai,Nungambakkam,Central Chennai
NPIIN0000000989,HCP_00989,Pulmonology,Chennai,Nungambakkam,Central Chennai
NPIIN0000000990,HCP_00990,Endocrinology,Chennai,Tambaram,South Chennai
NPIIN0000000991,HCP_00991,General Medicine,Chennai,Adyar,South Chennai
NPIIN0000000992,HCP_00992,General Medicine,Chennai,Tambaram,South Chennai
NPIIN0000000993,HCP_00993,General Medicine,Chennai,Adyar,South Chennai
NPIIN0000000994,HCP_00994,Endocrinology,Chennai,Mylapore,Central Chennai
NPIIN0000000995,HCP_00995,Dermatology,Chennai,Porur,South Chennai
NPIIN0000000996,HCP_00996,General Medicine,Chennai,Ambattur,North Chennai
NPIIN0000000997,HCP_00997,Urology,Chennai,Adyar,South Chennai
NPIIN0000000998,HCP_00998,General Medicine,Chennai,Nungambakkam,Central Chennai
NPIIN0000000999,HCP_00999,Dermatology,Chennai,Tambaram,South Chennai
NPIIN0000001000,HCP_01000,Pulmonology,Chennai,Mylapore,Central Chennai
NPIIN0000001001,HCP_01001,General Medicine,Chennai,Mylapore,Central Chennai
NPIIN0000001002,HCP_01002,Neurology,Chennai,Madhavaram,North Chennai
NPIIN0000001003,HCP_01003,Gastroenterology,Chennai,Egmore,Central Chennai
NPIIN0000001004,HCP_01004,General Medicine,Chennai,Anna Nagar,Central Chennai
NPIIN0000001005,HCP_01005,General Medicine,Chennai,Guindy,South Chennai
NPIIN0000001006,HCP_01006,Pulmonology,Chennai,Madhavaram,North Chennai
NPIIN0000001007,HCP_01007,Pulmonology,Chennai,Adyar,South Chennai
NPIIN0000001008,HCP_01008,General Medicine,Chennai,Egmore,Central Chennai
NPIIN0000001009,HCP_01009,Gastroenterology,Chennai,Porur,South Chennai
NPIIN0000001010,HCP_01010,General Medicine,Chennai,Washermenpet,North Chennai
NPIIN0000001011,HCP_01011,General Medicine,Chennai,Guindy,South Chennai
NPIIN0000001012,HCP_01012,Pulmonology,Chennai,Royapuram,North Chennai
NPIIN0000001013,HCP_01013,Orthopedics,Chennai,Royapuram,North Chennai
NPIIN0000001014,HCP_01014,Diabetology,Chennai,Tambaram,South Chennai
NPIIN0000001015,HCP_01015,Endocrinology,Chennai,Nungambakkam,Central Chennai
NPIIN0000001016,HCP_01016,Endocrinology,Chennai,T Nagar,Central Chennai
NPIIN0000001017,HCP_01017,Neurology,Chennai,Velachery,South Chennai
NPIIN0000001018,HCP_01018,General Medicine,Chennai,Sholinganallur,South Chennai
NPIIN0000001019,HCP_01019,General Medicine,Chennai,T Nagar,Central Chennai
NPIIN0000001020,HCP_01020,Endocrinology,Chennai,Washermenpet,North Chennai
NPIIN0000001021,HCP_01021,Urology,Chennai,Porur,South Chennai
NPIIN0000001022,HCP_01022,General Medicine,Chennai,Tambaram,South Chennai
NPIIN0000001023,HCP_01023,Pulmonology,Chennai,Porur,South Chennai
NPIIN0000001024,HCP_01024,Cardiology,Chennai,Madhavaram,North Chennai
NPIIN0000001025,HCP_01025,Cardiology,Chennai,Guindy,South Chennai
NPIIN0000001026,HCP_01026,Cardiology,Chennai,Egmore,Central Chennai
NPIIN0000001027,HCP_01027,General Medicine,Chennai,Velachery,South Chennai
NPIIN0000001028,HCP_01028,General Medicine,Chennai,Madhavaram,North Chennai
NPIIN0000001029,HCP_01029,Diabetology,Chennai,Tambaram,South Chennai
NPIIN0000001030,HCP_01030,General Medicine,Chennai,Madhavaram,North Chennai
NPIIN0000001031,HCP_01031,Cardiology,Chennai,Washermenpet,North Chennai
NPIIN0000001032,HCP_01032,General Medicine,Chennai,Velachery,South Chennai
NPIIN0000001033,HCP_01033,Cardiology,Chennai,Tondiarpet,North Chennai
NPIIN0000001034,HCP_01034,Cardiology,Chennai,Sholinganallur,South Chennai
NPIIN0000001035,HCP_01035,Cardiology,Chennai,Ambattur,North Chennai
NPIIN0000001036,HCP_01036,Neurology,Chennai,Guindy,South Chennai
NPIIN0000001037,HCP_01037,Orthopedics,Chennai,Mylapore,Central Chennai
NPIIN0000001038,HCP_01038,Pulmonology,Chennai,Madhavaram,North Chennai
NPIIN0000001039,HCP_01039,Cardiology,Chennai,Washermenpet,North Chennai
NPIIN0000001040,HCP_01040,Orthopedics,Chennai,Egmore,Central Chennai
NPIIN0000001041,HCP_01041,Orthopedics,Chennai,T Nagar,Central Chennai
NPIIN0000001042,HCP_01042,General Medicine,Chennai,Adyar,South Chennai
NPIIN0000001043,HCP_01043,Cardiology,Chennai,Sholinganallur,South Chennai
NPIIN0000001044,HCP_01044,Gastroenterology,Chennai,Porur,South Chennai
NPIIN0000001045,HCP_01045,Orthopedics,Chennai,T Nagar,Central Chennai
NPIIN0000001046,HCP_01046,Gastroenterology,Chennai,Egmore,Central Chennai
NPIIN0000001047,HCP_01047,Pulmonology,Chennai,Nungambakkam,Central Chennai
NPIIN0000001048,HCP_01048,Pulmonology,Chennai,Sholinganallur,South Chennai
NPIIN0000001049,HCP_01049,Orthopedics,Chennai,Porur,South Chennai
NPIIN0000001050,HCP_01050,Cardiology,Chennai,Kilpauk,Central Chennai
NPIIN0000001051,HCP_01051,Endocrinology,Chennai,Guindy,South Chennai
NPIIN0000001052,HCP_01052,Dermatology,Chennai,Nungambakkam,Central Chennai
NPIIN0000001053,HCP_01053,Endocrinology,Chennai,Nungambakkam,Central Chennai
NPIIN0000001054,HCP_01054,General Medicine,Chennai,Mylapore,Central Chennai
NPIIN0000001055,HCP_01055,Diabetology,Chennai,Kilpauk,Central Chennai
NPIIN0000001056,HCP_01056,Diabetology,Chennai,Guindy,South Chennai
NPIIN0000001057,HCP_01057,Cardiology,Chennai,Adyar,South Chennai
NPIIN0000001058,HCP_01058,Pulmonology,Chennai,Nungambakkam,Central Chennai
NPIIN0000001059,HCP_01059,General Medicine,Chennai,Washermenpet,North Chennai
NPIIN0000001060,HCP_01060,Pulmonology,Chennai,Sholinganallur,South Chennai
NPIIN0000001061,HCP_01061,Diabetology,Chennai,Porur,South Chennai
NPIIN0000001062,HCP_01062,Orthopedics,Chennai,Tondiarpet,North Chennai
NPIIN0000001063,HCP_01063,Pulmonology,Chennai,T Nagar,Central Chennai
NPIIN0000001064,HCP_01064,Orthopedics,Chennai,Porur,South Chennai
NPIIN0000001065,HCP_01065,General Medicine,Chennai,Mylapore,Central Chennai
NPIIN0000001066,HCP_01066,Cardiology,Chennai,Porur,South Chennai
NPIIN0000001067,HCP_01067,Gastroenterology,Chennai,Royapuram,North Chennai
NPIIN0000001068,HCP_01068,Dermatology,Chennai,Sholinganallur,South Chennai
NPIIN0000001069,HCP_01069,Cardiology,Chennai,Mylapore,Central Chennai
NPIIN0000001070,HCP_01070,Pulmonology,Chennai,Tondiarpet,North Chennai
NPIIN0000001071,HCP_01071,Neurology,Chennai,Sholinganallur,South Chennai
NPIIN0000001072,HCP_01072,Endocrinology,Chennai,Ambattur,North Chennai
NPIIN0000001073,HCP_01073,Pulmonology,Chennai,Washermenpet,North Chennai
NPIIN0000001074,HCP_01074,Diabetology,Chennai,Guindy,South Chennai
NPIIN0000001075,HCP_01075,Cardiology,Chennai,Adyar,South Chennai
NPIIN0000001076,HCP_01076,Urology,Chennai,Nungambakkam,Central Chennai
NPIIN0000001077,HCP_01077,General Medicine,Chennai,Perambur,North Chennai
NPIIN0000001078,HCP_01078,Gastroenterology,Chennai,Ambattur,North Chennai
NPIIN0000001079,HCP_01079,Gastroenterology,Chennai,Adyar,South Chennai
NPIIN0000001080,HCP_01080,Orthopedics,Chennai,Kilpauk,Central Chennai
NPIIN0000001081,HCP_01081,General Medicine,Chennai,Egmore,Central Chennai
NPIIN0000001082,HCP_01082,General Medicine,Chennai,Velachery,South Chennai
NPIIN0000001083,HCP_01083,Diabetology,Chennai,Adyar,South Chennai
NPIIN0000001084,HCP_01084,Pulmonology,Chennai,Porur,South Chennai
NPIIN0000001085,HCP_01085,General Medicine,Chennai,Adyar,South Chennai
NPIIN0000001086,HCP_01086,Gastroenterology,Chennai,Porur,South Chennai
NPIIN0000001087,HCP_01087,General Medicine,Chennai,Guindy,South Chennai
NPIIN0000001088,HCP_01088,Cardiology,Chennai,Porur,South Chennai
NPIIN0000001089,HCP_01089,Urology,Chennai,Tondiarpet,North Chennai
NPIIN0000001090,HCP_01090,Dermatology,Chennai,Tondiarpet,North Chennai
NPIIN0000001091,HCP_01091,General Medicine,Chennai,T Nagar,Central Chennai
NPIIN0000001092,HCP_01092,Neurology,Chennai,Tambaram,South Chennai
NPIIN0000001093,HCP_01093,General Medicine,Chennai,Kilpauk,Central Chennai
NPIIN0000001094,HCP_01094,Gastroenterology,Chennai,T Nagar,Central Chennai
NPIIN0000001095,HCP_01095,General Medicine,Chennai,Washermenpet,North Chennai
NPIIN0000001096,HCP_01096,Pulmonology,Chennai,Ambattur,North Chennai
NPIIN0000001097,HCP_01097,Cardiology,Chennai,Nungambakkam,Central Chennai
NPIIN0000001098,HCP_01098,Endocrinology,Chennai,Tambaram,South Chennai
NPIIN0000001099,HCP_01099,Gastroenterology,Chennai,Guindy,South Chennai
NPIIN0000001100,HCP_01100,General Medicine,Chennai,Egmore,Central Chennai
NPIIN0000001101,HCP_01101,Cardiology,Chennai,Anna Nagar,Central Chennai
NPIIN0000001102,HCP_01102,Endocrinology,Chennai,T Nagar,Central Chennai
NPIIN0000001103,HCP_01103,General Medicine,Chennai,Tambaram,South Chennai
NPIIN0000001104,HCP_01104,Gastroenterology,Chennai,Adyar,South Chennai
NPIIN0000001105,HCP_01105,General Medicine,Chennai,Nungambakkam,Central Chennai
NPIIN0000001106,HCP_01106,Gastroenterology,Chennai,Sholinganallur,South Chennai
NPIIN0000001107,HCP_01107,Dermatology,Chennai,Egmore,Central Chennai
NPIIN0000001108,HCP_01108,General Medicine,Chennai,Perambur,North Chennai
NPIIN0000001109,HCP_01109,Dermatology,Chennai,Sholinganallur,South Chennai
NPIIN0000001110,HCP_01110,Cardiology,Chennai,Egmore,Central Chennai
NPIIN0000001111,HCP_01111,General Medicine,Chennai,Egmore,Central Chennai
NPIIN0000001112,HCP_01112,Cardiology,Chennai,Madhavaram,North Chennai
NPIIN0000001113,HCP_01113,Cardiology,Chennai,Perambur,North Chennai
NPIIN0000001114,HCP_01114,Cardiology,Chennai,Adyar,South Chennai
NPIIN0000001115,HCP_01115,Cardiology,Chennai,Guindy,South Chennai
NPIIN0000001116,HCP_01116,Dermatology,Chennai,T Nagar,Central Chennai
NPIIN0000001117,HCP_01117,Pulmonology,Chennai,Mylapore,Central Chennai
NPIIN0000001118,HCP_01118,Orthopedics,Chennai,Sholinganallur,South Chennai
NPIIN0000001119,HCP_01119,Pulmonology,Chennai,Egmore,Central Chennai
NPIIN0000001120,HCP_01120,Pulmonology,Chennai,Velachery,South Chennai
NPIIN0000001121,HCP_01121,Endocrinology,Chennai,Guindy,South Chennai
NPIIN0000001122,HCP_01122,Pulmonology,Chennai,Anna Nagar,Central Chennai
NPIIN0000001123,HCP_01123,General Medicine,Chennai,Velachery,South Chennai
NPIIN0000001124,HCP_01124,Orthopedics,Chennai,Mylapore,Central Chennai
NPIIN0000001125,HCP_01125,Orthopedics,Chennai,Washermenpet,North Chennai
NPIIN0000001126,HCP_01126,Endocrinology,Chennai,Tondiarpet,North Chennai
NPIIN0000001127,HCP_01127,Pulmonology,Chennai,Madhavaram,North Chennai
NPIIN0000001128,HCP_01128,Neurology,Chennai,Sholinganallur,South Chennai
NPIIN0000001129,HCP_01129,Pulmonology,Chennai,Adyar,South Chennai
NPIIN0000001130,HCP_01130,Cardiology,Chennai,Guindy,South Chennai
NPIIN0000001131,HCP_01131,Neurology,Chennai,Guindy,South Chennai
NPIIN0000001132,HCP_01132,Dermatology,Chennai,Perambur,North Chennai
NPIIN0000001133,HCP_01133,General Medicine,Chennai,Egmore,Central Chennai
NPIIN0000001134,HCP_01134,General Medicine,Chennai,Guindy,South Chennai
NPIIN0000001135,HCP_01135,Cardiology,Chennai,Tambaram,South Chennai
NPIIN0000001136,HCP_01136,Orthopedics,Chennai,Anna Nagar,Central Chennai
NPIIN0000001137,HCP_01137,Cardiology,Chennai,Washermenpet,North Chennai
NPIIN0000001138,HCP_01138,Endocrinology,Chennai,Ambattur,North Chennai
NPIIN0000001139,HCP_01139,Diabetology,Chennai,Nungambakkam,Central Chennai
NPIIN0000001140,HCP_01140,Dermatology,Chennai,Tambaram,South Chennai
NPIIN0000001141,HCP_01141,Neurology,Chennai,Tondiarpet,North Chennai
NPIIN0000001142,HCP_01142,Cardiology,Chennai,Guindy,South Chennai
NPIIN0000001143,HCP_01143,Endocrinology,Chennai,Adyar,South Chennai
NPIIN0000001144,HCP_01144,Gastroenterology,Chennai,Adyar,South Chennai
NPIIN0000001145,HCP_01145,General Medicine,Chennai,Madhavaram,North Chennai
NPIIN0000001146,HCP_01146,Cardiology,Chennai,Egmore,Central Chennai
NPIIN0000001147,HCP_01147,Orthopedics,Chennai,Porur,South Chennai
NPIIN0000001148,HCP_01148,Endocrinology,Chennai,Porur,South Chennai
NPIIN0000001149,HCP_01149,General Medicine,Chennai,Royapuram,North Chennai
NPIIN0000001150,HCP_01150,Diabetology,Chennai,Velachery,South Chennai
NPIIN0000001151,HCP_01151,Gastroenterology,Chennai,Anna Nagar,Central Chennai
NPIIN0000001152,HCP_01152,Gastroenterology,Chennai,Adyar,South Chennai
NPIIN0000001153,HCP_01153,General Medicine,Chennai,Mylapore,Central Chennai
NPIIN0000001154,HCP_01154,Neurology,Chennai,Nungambakkam,Central Chennai
NPIIN0000001155,HCP_01155,Urology,Chennai,Madhavaram,North Chennai
NPIIN0000001156,HCP_01156,Dermatology,Chennai,Mylapore,Central Chennai
NPIIN0000001157,HCP_01157,General Medicine,Chennai,Nungambakkam,Central Chennai
NPIIN0000001158,HCP_01158,General Medicine,Chennai,Mylapore,Central Chennai
NPIIN0000001159,HCP_01159,Urology,Chennai,Perambur,North Chennai
NPIIN0000001160,HCP_01160,Cardiology,Chennai,Tambaram,South Chennai
NPIIN0000001161,HCP_01161,Cardiology,Chennai,Kilpauk,Central Chennai
NPIIN0000001162,HCP_01162,Endocrinology,Chennai,Guindy,South Chennai
NPIIN0000001163,HCP_01163,Dermatology,Chennai,Guindy,South Chennai
NPIIN0000001164,HCP_01164,Endocrinology,Chennai,T Nagar,Central Chennai
NPIIN0000001165,HCP_01165,Diabetology,Chennai,Anna Nagar,Central Chennai
NPIIN0000001166,HCP_01166,Pulmonology,Chennai,Tambaram,South Chennai
NPIIN0000001167,HCP_01167,Endocrinology,Chennai,Porur,South Chennai
NPIIN0000001168,HCP_01168,Diabetology,Chennai,Madhavaram,North Chennai
NPIIN0000001169,HCP_01169,General Medicine,Chennai,Velachery,South Chennai
NPIIN0000001170,HCP_01170,Endocrinology,Chennai,Anna Nagar,Central Chennai
NPIIN0000001171,HCP_01171,Orthopedics,Chennai,Washermenpet,North Chennai
NPIIN0000001172,HCP_01172,Endocrinology,Chennai,Sholinganallur,South Chennai
NPIIN0000001173,HCP_01173,Dermatology,Chennai,Mylapore,Central Chennai
NPIIN0000001174,HCP_01174,General Medicine,Chennai,Velachery,South Chennai
NPIIN0000001175,HCP_01175,Cardiology,Chennai,Madhavaram,North Chennai
NPIIN0000001176,HCP_01176,Cardiology,Chennai,Adyar,South Chennai
NPIIN0000001177,HCP_01177,General Medicine,Chennai,Tondiarpet,North Chennai
NPIIN0000001178,HCP_01178,General Medicine,Chennai,Perambur,North Chennai
NPIIN0000001179,HCP_01179,Endocrinology,Chennai,Anna Nagar,Central Chennai
NPIIN0000001180,HCP_01180,Orthopedics,Chennai,Mylapore,Central Chennai
NPIIN0000001181,HCP_01181,General Medicine,Chennai,Velachery,South Chennai
NPIIN0000001182,HCP_01182,Urology,Chennai,Nungambakkam,Central Chennai
NPIIN0000001183,HCP_01183,Endocrinology,Chennai,Mylapore,Central Chennai
NPIIN0000001184,HCP_01184,Endocrinology,Chennai,T Nagar,Central Chennai
NPIIN0000001185,HCP_01185,Pulmonology,Chennai,Anna Nagar,Central Chennai
NPIIN0000001186,HCP_01186,Diabetology,Chennai,Guindy,South Chennai
NPIIN0000001187,HCP_01187,Endocrinology,Chennai,Tondiarpet,North Chennai
NPIIN0000001188,HCP_01188,Cardiology,Chennai,Sholinganallur,South Chennai
NPIIN0000001189,HCP_01189,Cardiology,Chennai,Kilpauk,Central Chennai
NPIIN0000001190,HCP_01190,Gastroenterology,Chennai,Tambaram,South Chennai
NPIIN0000001191,HCP_01191,Diabetology,Chennai,Tondiarpet,North Chennai
NPIIN0000001192,HCP_01192,Orthopedics,Chennai,Madhavaram,North Chennai
NPIIN0000001193,HCP_01193,Endocrinology,Chennai,Tambaram,South Chennai
NPIIN0000001194,HCP_01194,General Medicine,Chennai,Guindy,South Chennai
NPIIN0000001195,HCP_01195,General Medicine,Chennai,Guindy,South Chennai
NPIIN0000001196,HCP_01196,General Medicine,Chennai,Kilpauk,Central Chennai
NPIIN0000001197,HCP_01197,Urology,Chennai,Egmore,Central Chennai
NPIIN0000001198,HCP_01198,Dermatology,Chennai,Porur,South Chennai
NPIIN0000001199,HCP_01199,Cardiology,Chennai,Mylapore,Central Chennai
NPIIN0000001200,HCP_01200,General Medicine,Chennai,Porur,South Chennai
NPIIN0000001201,HCP_01201,Dermatology,Chennai,Perambur,North Chennai
NPIIN0000001202,HCP_01202,Cardiology,Chennai,Ambattur,North Chennai
NPIIN0000001203,HCP_01203,Pulmonology,Chennai,Sholinganallur,South Chennai
NPIIN0000001204,HCP_01204,Diabetology,Chennai,Adyar,South Chennai
NPIIN0000001205,HCP_01205,General Medicine,Chennai,Egmore,Central Chennai
NPIIN0000001206,HCP_01206,General Medicine,Chennai,Anna Nagar,Central Chennai
NPIIN0000001207,HCP_01207,General Medicine,Chennai,Ambattur,North Chennai
NPIIN0000001208,HCP_01208,Urology,Chennai,Washermenpet,North Chennai
NPIIN0000001209,HCP_01209,Pulmonology,Chennai,Egmore,Central Chennai
NPIIN0000001210,HCP_01210,Urology,Chennai,Perambur,North Chennai
NPIIN0000001211,HCP_01211,Gastroenterology,Chennai,Guindy,South Chennai
NPIIN0000001212,HCP_01212,General Medicine,Chennai,Velachery,South Chennai
NPIIN0000001213,HCP_01213,General Medicine,Chennai,Tondiarpet,North Chennai
NPIIN0000001214,HCP_01214,General Medicine,Chennai,Madhavaram,North Chennai
NPIIN0000001215,HCP_01215,Dermatology,Chennai,Egmore,Central Chennai
NPIIN0000001216,HCP_01216,Endocrinology,Chennai,Ambattur,North Chennai
NPIIN0000001217,HCP_01217,Orthopedics,Chennai,Anna Nagar,Central Chennai
NPIIN0000001218,HCP_01218,Pulmonology,Chennai,Washermenpet,North Chennai
NPIIN0000001219,HCP_01219,Pulmonology,Chennai,Guindy,South Chennai
NPIIN0000001220,HCP_01220,General Medicine,Chennai,T Nagar,Central Chennai
NPIIN0000001221,HCP_01221,Pulmonology,Chennai,Egmore,Central Chennai
NPIIN0000001222,HCP_01222,Neurology,Chennai,Mylapore,Central Chennai
NPIIN0000001223,HCP_01223,Neurology,Chennai,Adyar,South Chennai
NPIIN0000001224,HCP_01224,Endocrinology,Chennai,Tambaram,South Chennai
NPIIN0000001225,HCP_01225,Pulmonology,Chennai,Nungambakkam,Central Chennai
NPIIN0000001226,HCP_01226,General Medicine,Chennai,Adyar,South Chennai
NPIIN0000001227,HCP_01227,Neurology,Chennai,Madhavaram,North Chennai
NPIIN0000001228,HCP_01228,Pulmonology,Chennai,Ambattur,North Chennai
NPIIN0000001229,HCP_01229,Endocrinology,Chennai,Sholinganallur,South Chennai
NPIIN0000001230,HCP_01230,Gastroenterology,Chennai,Egmore,Central Chennai
NPIIN0000001231,HCP_01231,General Medicine,Chennai,Anna Nagar,Central Chennai
NPIIN0000001232,HCP_01232,Pulmonology,Chennai,Washermenpet,North Chennai
NPIIN0000001233,HCP_01233,Neurology,Chennai,Nungambakkam,Central Chennai
NPIIN0000001234,HCP_01234,Neurology,Chennai,Guindy,South Chennai
NPIIN0000001235,HCP_01235,Gastroenterology,Chennai,Egmore,Central Chennai
NPIIN0000001236,HCP_01236,Endocrinology,Chennai,Anna Nagar,Central Chennai
NPIIN0000001237,HCP_01237,Cardiology,Chennai,T Nagar,Central Chennai
NPIIN0000001238,HCP_01238,Neurology,Chennai,Ambattur,North Chennai
NPIIN0000001239,HCP_01239,Endocrinology,Chennai,Anna Nagar,Central Chennai
NPIIN0000001240,HCP_01240,Cardiology,Chennai,Nungambakkam,Central Chennai
NPIIN0000001241,HCP_01241,Cardiology,Chennai,Porur,South Chennai
NPIIN0000001242,HCP_01242,Diabetology,Chennai,Nungambakkam,Central Chennai
NPIIN0000001243,HCP_01243,Orthopedics,Chennai,Tondiarpet,North Chennai
NPIIN0000001244,HCP_01244,Endocrinology,Chennai,Mylapore,Central Chennai
NPIIN0000001245,HCP_01245,Diabetology,Chennai,Perambur,North Chennai
NPIIN0000001246,HCP_01246,Urology,Chennai,Mylapore,Central Chennai
NPIIN0000001247,HCP_01247,Orthopedics,Chennai,Madhavaram,North Chennai
NPIIN0000001248,HCP_01248,Endocrinology,Chennai,Anna Nagar,Central Chennai
NPIIN0000001249,HCP_01249,Urology,Chennai,Tambaram,South Chennai
NPIIN0000001250,HCP_01250,Cardiology,Chennai,Adyar,South Chennai
NPIIN0000001251,HCP_01251,Gastroenterology,Chennai,T Nagar,Central Chennai
NPIIN0000001252,HCP_01252,Cardiology,Chennai,T Nagar,Central Chennai
NPIIN0000001253,HCP_01253,General Medicine,Chennai,Anna Nagar,Central Chennai
NPIIN0000001254,HCP_01254,Diabetology,Chennai,Tondiarpet,North Chennai
NPIIN0000001255,HCP_01255,Neurology,Chennai,T Nagar,Central Chennai
NPIIN0000001256,HCP_01256,Cardiology,Chennai,Porur,South Chennai
NPIIN0000001257,HCP_01257,General Medicine,Chennai,Adyar,South Chennai
NPIIN0000001258,HCP_01258,Neurology,Chennai,Guindy,South Chennai
NPIIN0000001259,HCP_01259,Cardiology,Chennai,Tondiarpet,North Chennai
NPIIN0000001260,HCP_01260,Urology,Chennai,Adyar,South Chennai
NPIIN0000001261,HCP_01261,General Medicine,Chennai,T Nagar,Central Chennai
NPIIN0000001262,HCP_01262,Endocrinology,Chennai,Madhavaram,North Chennai
NPIIN0000001263,HCP_01263,Endocrinology,Chennai,Egmore,Central Chennai
NPIIN0000001264,HCP_01264,General Medicine,Chennai,Sholinganallur,South Chennai
NPIIN0000001265,HCP_01265,Endocrinology,Chennai,Tondiarpet,North Chennai
NPIIN0000001266,HCP_01266,General Medicine,Chennai,Guindy,South Chennai
NPIIN0000001267,HCP_01267,Neurology,Chennai,Kilpauk,Central Chennai
NPIIN0000001268,HCP_01268,General Medicine,Chennai,Sholinganallur,South Chennai
NPIIN0000001269,HCP_01269,General Medicine,Chennai,Royapuram,North Chennai
NPIIN0000001270,HCP_01270,Gastroenterology,Chennai,Washermenpet,North Chennai
NPIIN0000001271,HCP_01271,Diabetology,Chennai,Porur,South Chennai
NPIIN0000001272,HCP_01272,Pulmonology,Chennai,Perambur,North Chennai
NPIIN0000001273,HCP_01273,Urology,Chennai,Ambattur,North Chennai
NPIIN0000001274,HCP_01274,Endocrinology,Chennai,Washermenpet,North Chennai
NPIIN0000001275,HCP_01275,Pulmonology,Chennai,Kilpauk,Central Chennai
NPIIN0000001276,HCP_01276,Orthopedics,Chennai,Nungambakkam,Central Chennai
NPIIN0000001277,HCP_01277,General Medicine,Chennai,Anna Nagar,Central Chennai
NPIIN0000001278,HCP_01278,Orthopedics,Chennai,Egmore,Central Chennai
NPIIN0000001279,HCP_01279,Diabetology,Chennai,Porur,South Chennai
NPIIN0000001280,HCP_01280,Pulmonology,Chennai,Washermenpet,North Chennai
NPIIN0000001281,HCP_01281,Diabetology,Chennai,Madhavaram,North Chennai
NPIIN0000001282,HCP_01282,Cardiology,Chennai,Ambattur,North Chennai
NPIIN0000001283,HCP_01283,Orthopedics,Chennai,Washermenpet,North Chennai
NPIIN0000001284,HCP_01284,Diabetology,Chennai,Sholinganallur,South Chennai
NPIIN0000001285,HCP_01285,Orthopedics,Chennai,Porur,South Chennai
NPIIN0000001286,HCP_01286,Neurology,Chennai,Velachery,South Chennai
NPIIN0000001287,HCP_01287,Urology,Chennai,Royapuram,North Chennai
NPIIN0000001288,HCP_01288,Orthopedics,Chennai,Anna Nagar,Central Chennai
NPIIN0000001289,HCP_01289,Pulmonology,Chennai,Madhavaram,North Chennai
NPIIN0000001290,HCP_01290,Orthopedics,Chennai,Ambattur,North Chennai
NPIIN0000001291,HCP_01291,Gastroenterology,Chennai,Madhavaram,North Chennai
NPIIN0000001292,HCP_01292,General Medicine,Chennai,Sholinganallur,South Chennai
NPIIN0000001293,HCP_01293,Neurology,Chennai,Perambur,North Chennai
NPIIN0000001294,HCP_01294,Endocrinology,Chennai,Mylapore,Central Chennai
NPIIN0000001295,HCP_01295,Cardiology,Chennai,Anna Nagar,Central Chennai
NPIIN0000001296,HCP_01296,Diabetology,Chennai,Madhavaram,North Chennai
NPIIN0000001297,HCP_01297,General Medicine,Chennai,T Nagar,Central Chennai
NPIIN0000001298,HCP_01298,Endocrinology,Chennai,Anna Nagar,Central Chennai
NPIIN0000001299,HCP_01299,General Medicine,Chennai,Adyar,South Chennai
NPIIN0000001300,HCP_01300,Neurology,Chennai,Royapuram,North Chennai
NPIIN0000001301,HCP_01301,Neurology,Chennai,Kilpauk,Central Chennai
NPIIN0000001302,HCP_01302,Urology,Chennai,Royapuram,North Chennai
NPIIN0000001303,HCP_01303,Orthopedics,Chennai,Velachery,South Chennai
NPIIN0000001304,HCP_01304,Urology,Chennai,Kilpauk,Central Chennai
NPIIN0000001305,HCP_01305,Pulmonology,Chennai,Porur,South Chennai
NPIIN0000001306,HCP_01306,Endocrinology,Chennai,Adyar,South Chennai
NPIIN0000001307,HCP_01307,Orthopedics,Chennai,Washermenpet,North Chennai
NPIIN0000001308,HCP_01308,Endocrinology,Chennai,Porur,South Chennai
NPIIN0000001309,HCP_01309,Endocrinology,Chennai,Anna Nagar,Central Chennai
NPIIN0000001310,HCP_01310,Diabetology,Chennai,Sholinganallur,South Chennai
NPIIN0000001311,HCP_01311,Pulmonology,Chennai,Ambattur,North Chennai
NPIIN0000001312,HCP_01312,Neurology,Chennai,Guindy,South Chennai
NPIIN0000001313,HCP_01313,Cardiology,Chennai,Ambattur,North Chennai
NPIIN0000001314,HCP_01314,Gastroenterology,Chennai,Egmore,Central Chennai
NPIIN0000001315,HCP_01315,Endocrinology,Chennai,Nungambakkam,Central Chennai
NPIIN0000001316,HCP_01316,Diabetology,Chennai,Tambaram,South Chennai
NPIIN0000001317,HCP_01317,Diabetology,Chennai,Ambattur,North Chennai
NPIIN0000001318,HCP_01318,General Medicine,Chennai,Mylapore,Central Chennai
NPIIN0000001319,HCP_01319,Gastroenterology,Chennai,Sholinganallur,South Chennai
NPIIN0000001320,HCP_01320,Cardiology,Chennai,Velachery,South Chennai
NPIIN0000001321,HCP_01321,Endocrinology,Chennai,Tondiarpet,North Chennai
NPIIN0000001322,HCP_01322,Cardiology,Chennai,Ambattur,North Chennai
NPIIN0000001323,HCP_01323,Gastroenterology,Chennai,Nungambakkam,Central Chennai
NPIIN0000001324,HCP_01324,Orthopedics,Chennai,Tambaram,South Chennai
NPIIN0000001325,HCP_01325,Neurology,Chennai,Kilpauk,Central Chennai
NPIIN0000001326,HCP_01326,Pulmonology,Chennai,Porur,South Chennai
NPIIN0000001327,HCP_01327,Urology,Chennai,Tondiarpet,North Chennai
NPIIN0000001328,HCP_01328,Diabetology,Chennai,Perambur,North Chennai
NPIIN0000001329,HCP_01329,Cardiology,Chennai,Mylapore,Central Chennai
NPIIN0000001330,HCP_01330,General Medicine,Chennai,Kilpauk,Central Chennai
NPIIN0000001331,HCP_01331,Diabetology,Chennai,Guindy,South Chennai
NPIIN0000001332,HCP_01332,General Medicine,Chennai,Perambur,North Chennai
NPIIN0000001333,HCP_01333,General Medicine,Chennai,Royapuram,North Chennai
NPIIN0000001334,HCP_01334,Diabetology,Chennai,Porur,South Chennai
NPIIN0000001335,HCP_01335,General Medicine,Chennai,Velachery,South Chennai
NPIIN0000001336,HCP_01336,General Medicine,Chennai,Porur,South Chennai
NPIIN0000001337,HCP_01337,Cardiology,Chennai,Nungambakkam,Central Chennai
NPIIN0000001338,HCP_01338,Urology,Chennai,Tondiarpet,North Chennai
NPIIN0000001339,HCP_01339,Neurology,Chennai,Adyar,South Chennai
NPIIN0000001340,HCP_01340,Cardiology,Chennai,Perambur,North Chennai
NPIIN0000001341,HCP_01341,Cardiology,Chennai,Egmore,Central Chennai
NPIIN0000001342,HCP_01342,Cardiology,Chennai,Tambaram,South Chennai
NPIIN0000001343,HCP_01343,Cardiology,Chennai,Washermenpet,North Chennai
NPIIN0000001344,HCP_01344,Cardiology,Chennai,Royapuram,North Chennai
NPIIN0000001345,HCP_01345,Endocrinology,Chennai,Tambaram,South Chennai
NPIIN0000001346,HCP_01346,Dermatology,Chennai,Madhavaram,North Chennai
NPIIN0000001347,HCP_01347,Dermatology,Chennai,Madhavaram,North Chennai
NPIIN0000001348,HCP_01348,Gastroenterology,Chennai,Royapuram,North Chennai
NPIIN0000001349,HCP_01349,Pulmonology,Chennai,Royapuram,North Chennai
NPIIN0000001350,HCP_01350,Gastroenterology,Chennai,Mylapore,Central Chennai
NPIIN0000001351,HCP_01351,Gastroenterology,Chennai,Tambaram,South Chennai
NPIIN0000001352,HCP_01352,Urology,Chennai,Adyar,South Chennai
NPIIN0000001353,HCP_01353,Gastroenterology,Chennai,Anna Nagar,Central Chennai
NPIIN0000001354,HCP_01354,Gastroenterology,Chennai,T Nagar,Central Chennai
NPIIN0000001355,HCP_01355,Dermatology,Chennai,Velachery,South Chennai
NPIIN0000001356,HCP_01356,Pulmonology,Chennai,Kilpauk,Central Chennai
NPIIN0000001357,HCP_01357,Endocrinology,Chennai,Washermenpet,North Chennai
NPIIN0000001358,HCP_01358,Cardiology,Chennai,Perambur,North Chennai
NPIIN0000001359,HCP_01359,General Medicine,Chennai,Sholinganallur,South Chennai
NPIIN0000001360,HCP_01360,Cardiology,Chennai,Egmore,Central Chennai
NPIIN0000001361,HCP_01361,Endocrinology,Chennai,Velachery,South Chennai
NPIIN0000001362,HCP_01362,Cardiology,Chennai,Tondiarpet,North Chennai
NPIIN0000001363,HCP_01363,Diabetology,Chennai,Ambattur,North Chennai
NPIIN0000001364,HCP_01364,Orthopedics,Chennai,Kilpauk,Central Chennai
NPIIN0000001365,HCP_01365,General Medicine,Chennai,Madhavaram,North Chennai
NPIIN0000001366,HCP_01366,Diabetology,Chennai,Washermenpet,North Chennai
NPIIN0000001367,HCP_01367,General Medicine,Chennai,Egmore,Central Chennai
NPIIN0000001368,HCP_01368,Diabetology,Chennai,Kilpauk,Central Chennai
NPIIN0000001369,HCP_01369,Neurology,Chennai,T Nagar,Central Chennai
NPIIN0000001370,HCP_01370,Neurology,Chennai,Nungambakkam,Central Chennai
NPIIN0000001371,HCP_01371,Cardiology,Chennai,Kilpauk,Central Chennai
NPIIN0000001372,HCP_01372,General Medicine,Chennai,Guindy,South Chennai
NPIIN0000001373,HCP_01373,Cardiology,Chennai,Perambur,North Chennai
NPIIN0000001374,HCP_01374,Neurology,Chennai,Tambaram,South Chennai
NPIIN0000001375,HCP_01375,Orthopedics,Chennai,Porur,South Chennai
NPIIN0000001376,HCP_01376,Urology,Chennai,Mylapore,Central Chennai
NPIIN0000001377,HCP_01377,Endocrinology,Chennai,Tambaram,South Chennai
NPIIN0000001378,HCP_01378,Gastroenterology,Chennai,Sholinganallur,South Chennai
NPIIN0000001379,HCP_01379,Dermatology,Chennai,Guindy,South Chennai
NPIIN0000001380,HCP_01380,Urology,Chennai,Madhavaram,North Chennai
NPIIN0000001381,HCP_01381,Diabetology,Chennai,Ambattur,North Chennai
NPIIN0000001382,HCP_01382,General Medicine,Chennai,Kilpauk,Central Chennai
NPIIN0000001383,HCP_01383,Endocrinology,Chennai,Royapuram,North Chennai
NPIIN0000001384,HCP_01384,Cardiology,Chennai,Velachery,South Chennai
NPIIN0000001385,HCP_01385,Neurology,Chennai,Sholinganallur,South Chennai
NPIIN0000001386,HCP_01386,General Medicine,Chennai,T Nagar,Central Chennai
NPIIN0000001387,HCP_01387,Diabetology,Chennai,Porur,South Chennai
NPIIN0000001388,HCP_01388,Dermatology,Chennai,T Nagar,Central Chennai
NPIIN0000001389,HCP_01389,General Medicine,Chennai,Porur,South Chennai
NPIIN0000001390,HCP_01390,Orthopedics,Chennai,Anna Nagar,Central Chennai
NPIIN0000001391,HCP_01391,Dermatology,Chennai,Sholinganallur,South Chennai
NPIIN0000001392,HCP_01392,Urology,Chennai,Adyar,South Chennai
NPIIN0000001393,HCP_01393,Gastroenterology,Chennai,Egmore,Central Chennai
NPIIN0000001394,HCP_01394,Cardiology,Chennai,Egmore,Central Chennai
NPIIN0000001395,HCP_01395,Cardiology,Chennai,Adyar,South Chennai
NPIIN0000001396,HCP_01396,Urology,Chennai,Egmore,Central Chennai
NPIIN0000001397,HCP_01397,Cardiology,Chennai,Royapuram,North Chennai
NPIIN0000001398,HCP_01398,General Medicine,Chennai,Adyar,South Chennai
NPIIN0000001399,HCP_01399,Pulmonology,Chennai,Perambur,North Chennai
NPIIN0000001400,HCP_01400,Endocrinology,Chennai,Madhavaram,North Chennai
NPIIN0000001401,HCP_01401,Endocrinology,Chennai,Washermenpet,North Chennai
NPIIN0000001402,HCP_01402,General Medicine,Chennai,Mylapore,Central Chennai
NPIIN0000001403,HCP_01403,General Medicine,Chennai,Porur,South Chennai
NPIIN0000001404,HCP_01404,Neurology,Chennai,Nungambakkam,Central Chennai
NPIIN0000001405,HCP_01405,Cardiology,Chennai,Egmore,Central Chennai
NPIIN0000001406,HCP_01406,General Medicine,Chennai,Mylapore,Central Chennai
NPIIN0000001407,HCP_01407,Endocrinology,Chennai,Adyar,South Chennai
NPIIN0000001408,HCP_01408,Pulmonology,Chennai,Kilpauk,Central Chennai
NPIIN0000001409,HCP_01409,Cardiology,Chennai,Sholinganallur,South Chennai
NPIIN0000001410,HCP_01410,Endocrinology,Chennai,Sholinganallur,South Chennai
NPIIN0000001411,HCP_01411,Dermatology,Chennai,Sholinganallur,South Chennai
NPIIN0000001412,HCP_01412,Endocrinology,Chennai,Adyar,South Chennai
NPIIN0000001413,HCP_01413,Gastroenterology,Chennai,Tambaram,South Chennai
NPIIN0000001414,HCP_01414,Diabetology,Chennai,Velachery,South Chennai
NPIIN0000001415,HCP_01415,Endocrinology,Chennai,Nungambakkam,Central Chennai
NPIIN0000001416,HCP_01416,Diabetology,Chennai,Porur,South Chennai
NPIIN0000001417,HCP_01417,Urology,Chennai,Royapuram,North Chennai
NPIIN0000001418,HCP_01418,General Medicine,Chennai,Tondiarpet,North Chennai
NPIIN0000001419,HCP_01419,Diabetology,Chennai,Velachery,South Chennai
NPIIN0000001420,HCP_01420,Pulmonology,Chennai,Adyar,South Chennai
NPIIN0000001421,HCP_01421,General Medicine,Chennai,Guindy,South Chennai
NPIIN0000001422,HCP_01422,Dermatology,Chennai,Madhavaram,North Chennai
NPIIN0000001423,HCP_01423,Orthopedics,Chennai,Madhavaram,North Chennai
NPIIN0000001424,HCP_01424,General Medicine,Chennai,Royapuram,North Chennai
NPIIN0000001425,HCP_01425,General Medicine,Chennai,Perambur,North Chennai
NPIIN0000001426,HCP_01426,General Medicine,Chennai,Washermenpet,North Chennai
NPIIN0000001427,HCP_01427,Orthopedics,Chennai,Anna Nagar,Central Chennai
NPIIN0000001428,HCP_01428,General Medicine,Chennai,Egmore,Central Chennai
NPIIN0000001429,HCP_01429,Endocrinology,Chennai,Velachery,South Chennai
NPIIN0000001430,HCP_01430,Orthopedics,Chennai,Madhavaram,North Chennai
NPIIN0000001431,HCP_01431,Orthopedics,Chennai,Velachery,South Chennai
NPIIN0000001432,HCP_01432,General Medicine,Chennai,Tondiarpet,North Chennai
NPIIN0000001433,HCP_01433,General Medicine,Chennai,Kilpauk,Central Chennai
NPIIN0000001434,HCP_01434,Neurology,Chennai,Kilpauk,Central Chennai
NPIIN0000001435,HCP_01435,Dermatology,Chennai,Nungambakkam,Central Chennai
NPIIN0000001436,HCP_01436,General Medicine,Chennai,Porur,South Chennai
NPIIN0000001437,HCP_01437,General Medicine,Chennai,Egmore,Central Chennai
NPIIN0000001438,HCP_01438,Diabetology,Chennai,Tondiarpet,North Chennai
NPIIN0000001439,HCP_01439,Diabetology,Chennai,Porur,South Chennai
NPIIN0000001440,HCP_01440,Cardiology,Chennai,Velachery,South Chennai
NPIIN0000001441,HCP_01441,Gastroenterology,Chennai,Kilpauk,Central Chennai
NPIIN0000001442,HCP_01442,Cardiology,Chennai,Kilpauk,Central Chennai
NPIIN0000001443,HCP_01443,General Medicine,Chennai,Anna Nagar,Central Chennai
NPIIN0000001444,HCP_01444,Dermatology,Chennai,T Nagar,Central Chennai
NPIIN0000001445,HCP_01445,General Medicine,Chennai,T Nagar,Central Chennai
NPIIN0000001446,HCP_01446,Diabetology,Chennai,Ambattur,North Chennai
NPIIN0000001447,HCP_01447,Orthopedics,Chennai,Adyar,South Chennai
NPIIN0000001448,HCP_01448,Cardiology,Chennai,Washermenpet,North Chennai
NPIIN0000001449,HCP_01449,Urology,Chennai,Porur,South Chennai
NPIIN0000001450,HCP_01450,Cardiology,Chennai,Nungambakkam,Central Chennai
NPIIN0000001451,HCP_01451,General Medicine,Chennai,Sholinganallur,South Chennai
NPIIN0000001452,HCP_01452,Neurology,Chennai,Ambattur,North Chennai
NPIIN0000001453,HCP_01453,General Medicine,Chennai,Tambaram,South Chennai
NPIIN0000001454,HCP_01454,Pulmonology,Chennai,Velachery,South Chennai
NPIIN0000001455,HCP_01455,Endocrinology,Chennai,Anna Nagar,Central Chennai
NPIIN0000001456,HCP_01456,Pulmonology,Chennai,Egmore,Central Chennai
NPIIN0000001457,HCP_01457,Cardiology,Chennai,Egmore,Central Chennai
NPIIN0000001458,HCP_01458,Dermatology,Chennai,Tondiarpet,North Chennai
NPIIN0000001459,HCP_01459,Pulmonology,Chennai,Velachery,South Chennai
NPIIN0000001460,HCP_01460,General Medicine,Chennai,Washermenpet,North Chennai
NPIIN0000001461,HCP_01461,Cardiology,Chennai,Porur,South Chennai
NPIIN0000001462,HCP_01462,General Medicine,Chennai,Royapuram,North Chennai
NPIIN0000001463,HCP_01463,Pulmonology,Chennai,Nungambakkam,Central Chennai
NPIIN0000001464,HCP_01464,Diabetology,Chennai,Kilpauk,Central Chennai
NPIIN0000001465,HCP_01465,Neurology,Chennai,Sholinganallur,South Chennai
NPIIN0000001466,HCP_01466,Cardiology,Chennai,Adyar,South Chennai
NPIIN0000001467,HCP_01467,Endocrinology,Chennai,Royapuram,North Chennai
NPIIN0000001468,HCP_01468,Gastroenterology,Chennai,Anna Nagar,Central Chennai
NPIIN0000001469,HCP_01469,Endocrinology,Chennai,Guindy,South Chennai
NPIIN0000001470,HCP_01470,Diabetology,Chennai,Mylapore,Central Chennai
NPIIN0000001471,HCP_01471,Neurology,Chennai,Porur,South Chennai
NPIIN0000001472,HCP_01472,Gastroenterology,Chennai,Anna Nagar,Central Chennai
NPIIN0000001473,HCP_01473,Cardiology,Chennai,Mylapore,Central Chennai
NPIIN0000001474,HCP_01474,Cardiology,Chennai,Madhavaram,North Chennai
NPIIN0000001475,HCP_01475,General Medicine,Chennai,Madhavaram,North Chennai
NPIIN0000001476,HCP_01476,Pulmonology,Chennai,Perambur,North Chennai
NPIIN0000001477,HCP_01477,General Medicine,Chennai,Ambattur,North Chennai
NPIIN0000001478,HCP_01478,Neurology,Chennai,Guindy,South Chennai
NPIIN0000001479,HCP_01479,Gastroenterology,Chennai,Madhavaram,North Chennai
NPIIN0000001480,HCP_01480,Orthopedics,Chennai,Ambattur,North Chennai
NPIIN0000001481,HCP_01481,General Medicine,Chennai,Royapuram,North Chennai
NPIIN0000001482,HCP_01482,Endocrinology,Chennai,Anna Nagar,Central Chennai
NPIIN0000001483,HCP_01483,Diabetology,Chennai,Tondiarpet,North Chennai
NPIIN0000001484,HCP_01484,Endocrinology,Chennai,T Nagar,Central Chennai
NPIIN0000001485,HCP_01485,General Medicine,Chennai,Guindy,South Chennai
NPIIN0000001486,HCP_01486,Urology,Chennai,Kilpauk,Central Chennai
NPIIN0000001487,HCP_01487,General Medicine,Chennai,Velachery,South Chennai
NPIIN0000001488,HCP_01488,Endocrinology,Chennai,Tondiarpet,North Chennai
NPIIN0000001489,HCP_01489,General Medicine,Chennai,Adyar,South Chennai
NPIIN0000001490,HCP_01490,Orthopedics,Chennai,Ambattur,North Chennai
NPIIN0000001491,HCP_01491,Endocrinology,Chennai,T Nagar,Central Chennai
NPIIN0000001492,HCP_01492,Gastroenterology,Chennai,Tambaram,South Chennai
NPIIN0000001493,HCP_01493,Dermatology,Chennai,Sholinganallur,South Chennai
NPIIN0000001494,HCP_01494,General Medicine,Chennai,Adyar,South Chennai
NPIIN0000001495,HCP_01495,Pulmonology,Chennai,Madhavaram,North Chennai
NPIIN0000001496,HCP_01496,General Medicine,Chennai,Guindy,South Chennai
NPIIN0000001497,HCP_01497,Diabetology,Chennai,Tambaram,South Chennai
NPIIN0000001498,HCP_01498,General Medicine,Chennai,Guindy,South Chennai
NPIIN0000001499,HCP_01499,Cardiology,Chennai,Egmore,Central Chennai
NPIIN0000001500,HCP_01500,Neurology,Chennai,Adyar,South Chennai
NPIIN0000001501,HCP_01501,Dermatology,Chennai,Adyar,South Chennai
NPIIN0000001502,HCP_01502,Diabetology,Chennai,Velachery,South Chennai
NPIIN0000001503,HCP_01503,Pulmonology,Chennai,Madhavaram,North Chennai
NPIIN0000001504,HCP_01504,Endocrinology,Chennai,Perambur,North Chennai
NPIIN0000001505,HCP_01505,Cardiology,Chennai,Adyar,South Chennai
NPIIN0000001506,HCP_01506,Neurology,Chennai,Madhavaram,North Chennai
NPIIN0000001507,HCP_01507,Cardiology,Chennai,Porur,South Chennai
NPIIN0000001508,HCP_01508,Gastroenterology,Chennai,Madhavaram,North Chennai
NPIIN0000001509,HCP_01509,Diabetology,Chennai,Nungambakkam,Central Chennai
NPIIN0000001510,HCP_01510,Dermatology,Chennai,Adyar,South Chennai
NPIIN0000001511,HCP_01511,General Medicine,Chennai,Anna Nagar,Central Chennai
NPIIN0000001512,HCP_01512,General Medicine,Chennai,T Nagar,Central Chennai
NPIIN0000001513,HCP_01513,Gastroenterology,Chennai,Porur,South Chennai
NPIIN0000001514,HCP_01514,General Medicine,Chennai,Sholinganallur,South Chennai
NPIIN0000001515,HCP_01515,Endocrinology,Chennai,Velachery,South Chennai
NPIIN0000001516,HCP_01516,Dermatology,Chennai,Mylapore,Central Chennai
NPIIN0000001517,HCP_01517,General Medicine,Chennai,Egmore,Central Chennai
NPIIN0000001518,HCP_01518,Cardiology,Chennai,Velachery,South Chennai
NPIIN0000001519,HCP_01519,General Medicine,Chennai,Nungambakkam,Central Chennai
NPIIN0000001520,HCP_01520,Pulmonology,Chennai,Kilpauk,Central Chennai
NPIIN0000001521,HCP_01521,Pulmonology,Chennai,T Nagar,Central Chennai
NPIIN0000001522,HCP_01522,Dermatology,Chennai,Perambur,North Chennai
NPIIN0000001523,HCP_01523,Pulmonology,Chennai,Sholinganallur,South Chennai
NPIIN0000001524,HCP_01524,Endocrinology,Chennai,Sholinganallur,South Chennai
NPIIN0000001525,HCP_01525,Diabetology,Chennai,Sholinganallur,South Chennai
NPIIN0000001526,HCP_01526,Cardiology,Chennai,T Nagar,Central Chennai
NPIIN0000001527,HCP_01527,Gastroenterology,Chennai,Tondiarpet,North Chennai
NPIIN0000001528,HCP_01528,Cardiology,Chennai,Royapuram,North Chennai
NPIIN0000001529,HCP_01529,Pulmonology,Chennai,Egmore,Central Chennai
NPIIN0000001530,HCP_01530,Pulmonology,Chennai,Nungambakkam,Central Chennai
NPIIN0000001531,HCP_01531,Gastroenterology,Chennai,Nungambakkam,Central Chennai
NPIIN0000001532,HCP_01532,Cardiology,Chennai,T Nagar,Central Chennai
NPIIN0000001533,HCP_01533,Endocrinology,Chennai,Perambur,North Chennai
NPIIN0000001534,HCP_01534,Urology,Chennai,Porur,South Chennai
NPIIN0000001535,HCP_01535,Pulmonology,Chennai,Mylapore,Central Chennai
NPIIN0000001536,HCP_01536,General Medicine,Chennai,Royapuram,North Chennai
NPIIN0000001537,HCP_01537,Gastroenterology,Chennai,Adyar,South Chennai
NPIIN0000001538,HCP_01538,Urology,Chennai,Guindy,South Chennai
NPIIN0000001539,HCP_01539,Diabetology,Chennai,Guindy,South Chennai
NPIIN0000001540,HCP_01540,Urology,Chennai,Perambur,North Chennai
NPIIN0000001541,HCP_01541,Cardiology,Chennai,Porur,South Chennai
NPIIN0000001542,HCP_01542,Orthopedics,Chennai,Egmore,Central Chennai
NPIIN0000001543,HCP_01543,Endocrinology,Chennai,Perambur,North Chennai
NPIIN0000001544,HCP_01544,Diabetology,Chennai,T Nagar,Central Chennai
NPIIN0000001545,HCP_01545,Cardiology,Chennai,Perambur,North Chennai
NPIIN0000001546,HCP_01546,Dermatology,Chennai,Perambur,North Chennai
NPIIN0000001547,HCP_01547,Orthopedics,Chennai,Egmore,Central Chennai
NPIIN0000001548,HCP_01548,Diabetology,Chennai,Adyar,South Chennai
NPIIN0000001549,HCP_01549,Diabetology,Chennai,Mylapore,Central Chennai
NPIIN0000001550,HCP_01550,Diabetology,Chennai,Kilpauk,Central Chennai
NPIIN0000001551,HCP_01551,Endocrinology,Chennai,Egmore,Central Chennai
NPIIN0000001552,HCP_01552,Gastroenterology,Chennai,Perambur,North Chennai
NPIIN0000001553,HCP_01553,Cardiology,Chennai,Nungambakkam,Central Chennai
NPIIN0000001554,HCP_01554,Orthopedics,Chennai,Ambattur,North Chennai
NPIIN0000001555,HCP_01555,Urology,Chennai,Mylapore,Central Chennai
NPIIN0000001556,HCP_01556,Cardiology,Chennai,Sholinganallur,South Chennai
NPIIN0000001557,HCP_01557,General Medicine,Chennai,Porur,South Chennai
NPIIN0000001558,HCP_01558,Orthopedics,Chennai,Tondiarpet,North Chennai
NPIIN0000001559,HCP_01559,Dermatology,Chennai,Adyar,South Chennai
NPIIN0000001560,HCP_01560,Gastroenterology,Chennai,Velachery,South Chennai
NPIIN0000001561,HCP_01561,Cardiology,Chennai,Porur,South Chennai
NPIIN0000001562,HCP_01562,Cardiology,Chennai,Tondiarpet,North Chennai
NPIIN0000001563,HCP_01563,Dermatology,Chennai,Sholinganallur,South Chennai
NPIIN0000001564,HCP_01564,General Medicine,Chennai,Velachery,South Chennai
NPIIN0000001565,HCP_01565,Neurology,Chennai,Guindy,South Chennai
NPIIN0000001566,HCP_01566,Gastroenterology,Chennai,Washermenpet,North Chennai
NPIIN0000001567,HCP_01567,General Medicine,Chennai,Kilpauk,Central Chennai
NPIIN0000001568,HCP_01568,Endocrinology,Chennai,Nungambakkam,Central Chennai
NPIIN0000001569,HCP_01569,General Medicine,Chennai,Washermenpet,North Chennai
NPIIN0000001570,HCP_01570,Urology,Chennai,Tondiarpet,North Chennai
NPIIN0000001571,HCP_01571,General Medicine,Chennai,Washermenpet,North Chennai
NPIIN0000001572,HCP_01572,Cardiology,Chennai,Madhavaram,North Chennai
NPIIN0000001573,HCP_01573,Orthopedics,Chennai,Perambur,North Chennai
NPIIN0000001574,HCP_01574,Neurology,Chennai,Porur,South Chennai
NPIIN0000001575,HCP_01575,Pulmonology,Chennai,Mylapore,Central Chennai
NPIIN0000001576,HCP_01576,Dermatology,Chennai,T Nagar,Central Chennai
NPIIN0000001577,HCP_01577,General Medicine,Chennai,Adyar,South Chennai
NPIIN0000001578,HCP_01578,Orthopedics,Chennai,Porur,South Chennai
NPIIN0000001579,HCP_01579,Dermatology,Chennai,Velachery,South Chennai
NPIIN0000001580,HCP_01580,Diabetology,Chennai,Tambaram,South Chennai
NPIIN0000001581,HCP_01581,General Medicine,Chennai,Guindy,South Chennai
NPIIN0000001582,HCP_01582,Diabetology,Chennai,Kilpauk,Central Chennai
NPIIN0000001583,HCP_01583,Neurology,Chennai,Royapuram,North Chennai
NPIIN0000001584,HCP_01584,Neurology,Chennai,Kilpauk,Central Chennai
NPIIN0000001585,HCP_01585,General Medicine,Chennai,Washermenpet,North Chennai
NPIIN0000001586,HCP_01586,Orthopedics,Chennai,Sholinganallur,South Chennai
NPIIN0000001587,HCP_01587,General Medicine,Chennai,Nungambakkam,Central Chennai
NPIIN0000001588,HCP_01588,Gastroenterology,Chennai,Madhavaram,North Chennai
NPIIN0000001589,HCP_01589,Neurology,Chennai,Mylapore,Central Chennai
NPIIN0000001590,HCP_01590,General Medicine,Chennai,Egmore,Central Chennai
NPIIN0000001591,HCP_01591,Cardiology,Chennai,Mylapore,Central Chennai
NPIIN0000001592,HCP_01592,Neurology,Chennai,Anna Nagar,Central Chennai
NPIIN0000001593,HCP_01593,Neurology,Chennai,Porur,South Chennai
NPIIN0000001594,HCP_01594,Cardiology,Chennai,Ambattur,North Chennai
NPIIN0000001595,HCP_01595,Dermatology,Chennai,Velachery,South Chennai
NPIIN0000001596,HCP_01596,General Medicine,Chennai,Guindy,South Chennai
NPIIN0000001597,HCP_01597,Diabetology,Chennai,T Nagar,Central Chennai
NPIIN0000001598,HCP_01598,Dermatology,Chennai,Mylapore,Central Chennai
NPIIN0000001599,HCP_01599,General Medicine,Chennai,Sholinganallur,South Chennai
NPIIN0000001600,HCP_01600,Pulmonology,Chennai,T Nagar,Central Chennai
NPIIN0000001601,HCP_01601,Pulmonology,Chennai,Tambaram,South Chennai
NPIIN0000001602,HCP_01602,Cardiology,Chennai,Mylapore,Central Chennai
NPIIN0000001603,HCP_01603,General Medicine,Chennai,Velachery,South Chennai
NPIIN0000001604,HCP_01604,Endocrinology,Chennai,Porur,South Chennai
NPIIN0000001605,HCP_01605,Endocrinology,Chennai,Nungambakkam,Central Chennai
NPIIN0000001606,HCP_01606,Neurology,Chennai,Kilpauk,Central Chennai
NPIIN0000001607,HCP_01607,Cardiology,Chennai,Tambaram,South Chennai
NPIIN0000001608,HCP_01608,Orthopedics,Chennai,Nungambakkam,Central Chennai
NPIIN0000001609,HCP_01609,General Medicine,Chennai,Ambattur,North Chennai
NPIIN0000001610,HCP_01610,Diabetology,Chennai,Perambur,North Chennai
NPIIN0000001611,HCP_01611,Urology,Chennai,Kilpauk,Central Chennai
NPIIN0000001612,HCP_01612,General Medicine,Chennai,Sholinganallur,South Chennai
NPIIN0000001613,HCP_01613,Pulmonology,Chennai,Adyar,South Chennai
NPIIN0000001614,HCP_01614,Neurology,Chennai,Tondiarpet,North Chennai
NPIIN0000001615,HCP_01615,Urology,Chennai,Velachery,South Chennai
NPIIN0000001616,HCP_01616,Cardiology,Chennai,Mylapore,Central Chennai
NPIIN0000001617,HCP_01617,Cardiology,Chennai,Kilpauk,Central Chennai
NPIIN0000001618,HCP_01618,Orthopedics,Chennai,Ambattur,North Chennai
NPIIN0000001619,HCP_01619,Cardiology,Chennai,Velachery,South Chennai
NPIIN0000001620,HCP_01620,Neurology,Chennai,T Nagar,Central Chennai
NPIIN0000001621,HCP_01621,Pulmonology,Chennai,Egmore,Central Chennai
NPIIN0000001622,HCP_01622,Pulmonology,Chennai,Royapuram,North Chennai
NPIIN0000001623,HCP_01623,Gastroenterology,Chennai,Sholinganallur,South Chennai
NPIIN0000001624,HCP_01624,Orthopedics,Chennai,Mylapore,Central Chennai
NPIIN0000001625,HCP_01625,Cardiology,Chennai,Ambattur,North Chennai
NPIIN0000001626,HCP_01626,Pulmonology,Chennai,Sholinganallur,South Chennai
NPIIN0000001627,HCP_01627,Gastroenterology,Chennai,Tondiarpet,North Chennai
NPIIN0000001628,HCP_01628,Diabetology,Chennai,Mylapore,Central Chennai
NPIIN0000001629,HCP_01629,Urology,Chennai,T Nagar,Central Chennai
NPIIN0000001630,HCP_01630,General Medicine,Chennai,Madhavaram,North Chennai
NPIIN0000001631,HCP_01631,Endocrinology,Chennai,Madhavaram,North Chennai
NPIIN0000001632,HCP_01632,Dermatology,Chennai,Adyar,South Chennai
NPIIN0000001633,HCP_01633,Orthopedics,Chennai,Porur,South Chennai
NPIIN0000001634,HCP_01634,Cardiology,Chennai,Porur,South Chennai
NPIIN0000001635,HCP_01635,Gastroenterology,Chennai,Porur,South Chennai
NPIIN0000001636,HCP_01636,Endocrinology,Chennai,Washermenpet,North Chennai
NPIIN0000001637,HCP_01637,Cardiology,Chennai,Ambattur,North Chennai
NPIIN0000001638,HCP_01638,Diabetology,Chennai,Porur,South Chennai
NPIIN0000001639,HCP_01639,Dermatology,Chennai,Egmore,Central Chennai
NPIIN0000001640,HCP_01640,Endocrinology,Chennai,Sholinganallur,South Chennai
NPIIN0000001641,HCP_01641,Cardiology,Chennai,Adyar,South Chennai
NPIIN0000001642,HCP_01642,Gastroenterology,Chennai,Kilpauk,Central Chennai
NPIIN0000001643,HCP_01643,General Medicine,Chennai,Tondiarpet,North Chennai
NPIIN0000001644,HCP_01644,Endocrinology,Chennai,Mylapore,Central Chennai
NPIIN0000001645,HCP_01645,Endocrinology,Chennai,Mylapore,Central Chennai
NPIIN0000001646,HCP_01646,Dermatology,Chennai,Madhavaram,North Chennai
NPIIN0000001647,HCP_01647,Pulmonology,Chennai,Nungambakkam,Central Chennai
NPIIN0000001648,HCP_01648,Gastroenterology,Chennai,Adyar,South Chennai
NPIIN0000001649,HCP_01649,Cardiology,Chennai,Sholinganallur,South Chennai
NPIIN0000001650,HCP_01650,General Medicine,Chennai,Sholinganallur,South Chennai
NPIIN0000001651,HCP_01651,Dermatology,Chennai,Nungambakkam,Central Chennai
NPIIN0000001652,HCP_01652,Diabetology,Chennai,Nungambakkam,Central Chennai
NPIIN0000001653,HCP_01653,Endocrinology,Chennai,Nungambakkam,Central Chennai
NPIIN0000001654,HCP_01654,General Medicine,Chennai,Mylapore,Central Chennai
NPIIN0000001655,HCP_01655,General Medicine,Chennai,Adyar,South Chennai
NPIIN0000001656,HCP_01656,Endocrinology,Chennai,Ambattur,North Chennai
NPIIN0000001657,HCP_01657,Orthopedics,Chennai,Nungambakkam,Central Chennai
NPIIN0000001658,HCP_01658,General Medicine,Chennai,Adyar,South Chennai
NPIIN0000001659,HCP_01659,Pulmonology,Chennai,Perambur,North Chennai
NPIIN0000001660,HCP_01660,Cardiology,Chennai,Egmore,Central Chennai
NPIIN0000001661,HCP_01661,Pulmonology,Chennai,Egmore,Central Chennai
NPIIN0000001662,HCP_01662,Pulmonology,Chennai,Velachery,South Chennai
NPIIN0000001663,HCP_01663,Orthopedics,Chennai,Guindy,South Chennai
NPIIN0000001664,HCP_01664,General Medicine,Chennai,T Nagar,Central Chennai
NPIIN0000001665,HCP_01665,Gastroenterology,Chennai,Sholinganallur,South Chennai
NPIIN0000001666,HCP_01666,Diabetology,Chennai,Tambaram,South Chennai
NPIIN0000001667,HCP_01667,Pulmonology,Chennai,Velachery,South Chennai
NPIIN0000001668,HCP_01668,Urology,Chennai,Mylapore,Central Chennai
NPIIN0000001669,HCP_01669,Pulmonology,Chennai,Mylapore,Central Chennai
NPIIN0000001670,HCP_01670,Gastroenterology,Chennai,Adyar,South Chennai
NPIIN0000001671,HCP_01671,Urology,Chennai,Nungambakkam,Central Chennai
NPIIN0000001672,HCP_01672,Urology,Chennai,Madhavaram,North Chennai
NPIIN0000001673,HCP_01673,Endocrinology,Chennai,Tambaram,South Chennai
NPIIN0000001674,HCP_01674,Endocrinology,Chennai,T Nagar,Central Chennai
NPIIN0000001675,HCP_01675,Pulmonology,Chennai,Porur,South Chennai
NPIIN0000001676,HCP_01676,Orthopedics,Chennai,Tambaram,South Chennai
NPIIN0000001677,HCP_01677,General Medicine,Chennai,Sholinganallur,South Chennai
NPIIN0000001678,HCP_01678,General Medicine,Chennai,Tondiarpet,North Chennai
NPIIN0000001679,HCP_01679,Pulmonology,Chennai,Tambaram,South Chennai
NPIIN0000001680,HCP_01680,Cardiology,Chennai,Ambattur,North Chennai
NPIIN0000001681,HCP_01681,Endocrinology,Chennai,Sholinganallur,South Chennai
NPIIN0000001682,HCP_01682,Endocrinology,Chennai,Porur,South Chennai
NPIIN0000001683,HCP_01683,Cardiology,Chennai,Tambaram,South Chennai
NPIIN0000001684,HCP_01684,Gastroenterology,Chennai,Mylapore,Central Chennai
NPIIN0000001685,HCP_01685,Diabetology,Chennai,Mylapore,Central Chennai
NPIIN0000001686,HCP_01686,Endocrinology,Chennai,Anna Nagar,Central Chennai
NPIIN0000001687,HCP_01687,General Medicine,Chennai,Tondiarpet,North Chennai
NPIIN0000001688,HCP_01688,Diabetology,Chennai,Tondiarpet,North Chennai
NPIIN0000001689,HCP_01689,General Medicine,Chennai,Madhavaram,North Chennai
NPIIN0000001690,HCP_01690,Diabetology,Chennai,Madhavaram,North Chennai
NPIIN0000001691,HCP_01691,Cardiology,Chennai,Velachery,South Chennai
NPIIN0000001692,HCP_01692,Neurology,Chennai,Porur,South Chennai
NPIIN0000001693,HCP_01693,Cardiology,Chennai,T Nagar,Central Chennai
NPIIN0000001694,HCP_01694,Endocrinology,Chennai,Tambaram,South Chennai
NPIIN0000001695,HCP_01695,Endocrinology,Chennai,Adyar,South Chennai
NPIIN0000001696,HCP_01696,General Medicine,Chennai,Perambur,North Chennai
NPIIN0000001697,HCP_01697,Endocrinology,Chennai,Anna Nagar,Central Chennai
NPIIN0000001698,HCP_01698,General Medicine,Chennai,Sholinganallur,South Chennai
NPIIN0000001699,HCP_01699,Diabetology,Chennai,Porur,South Chennai
NPIIN0000001700,HCP_01700,Cardiology,Chennai,Velachery,South Chennai
NPIIN0000001701,HCP_01701,Urology,Chennai,Velachery,South Chennai
NPIIN0000001702,HCP_01702,Diabetology,Chennai,Sholinganallur,South Chennai
NPIIN0000001703,HCP_01703,Cardiology,Chennai,Tondiarpet,North Chennai
NPIIN0000001704,HCP_01704,General Medicine,Chennai,Porur,South Chennai
NPIIN0000001705,HCP_01705,Cardiology,Chennai,Royapuram,North Chennai
NPIIN0000001706,HCP_01706,Gastroenterology,Chennai,Adyar,South Chennai
NPIIN0000001707,HCP_01707,Cardiology,Chennai,Anna Nagar,Central Chennai
NPIIN0000001708,HCP_01708,General Medicine,Chennai,Washermenpet,North Chennai
NPIIN0000001709,HCP_01709,Orthopedics,Chennai,Velachery,South Chennai
NPIIN0000001710,HCP_01710,Endocrinology,Chennai,Egmore,Central Chennai
NPIIN0000001711,HCP_01711,Endocrinology,Chennai,Sholinganallur,South Chennai
NPIIN0000001712,HCP_01712,Pulmonology,Chennai,Royapuram,North Chennai
NPIIN0000001713,HCP_01713,Orthopedics,Chennai,Adyar,South Chennai
NPIIN0000001714,HCP_01714,General Medicine,Chennai,Tambaram,South Chennai
NPIIN0000001715,HCP_01715,Neurology,Chennai,Nungambakkam,Central Chennai
NPIIN0000001716,HCP_01716,Endocrinology,Chennai,Porur,South Chennai
NPIIN0000001717,HCP_01717,Neurology,Chennai,Mylapore,Central Chennai
NPIIN0000001718,HCP_01718,Diabetology,Chennai,Tondiarpet,North Chennai
NPIIN0000001719,HCP_01719,Pulmonology,Chennai,Sholinganallur,South Chennai
NPIIN0000001720,HCP_01720,Cardiology,Chennai,Velachery,South Chennai
NPIIN0000001721,HCP_01721,General Medicine,Chennai,Anna Nagar,Central Chennai
NPIIN0000001722,HCP_01722,Endocrinology,Chennai,Anna Nagar,Central Chennai
NPIIN0000001723,HCP_01723,Neurology,Chennai,Guindy,South Chennai
NPIIN0000001724,HCP_01724,Gastroenterology,Chennai,Ambattur,North Chennai
NPIIN0000001725,HCP_01725,Dermatology,Chennai,Perambur,North Chennai
NPIIN0000001726,HCP_01726,Orthopedics,Chennai,Kilpauk,Central Chennai
NPIIN0000001727,HCP_01727,General Medicine,Chennai,Anna Nagar,Central Chennai
NPIIN0000001728,HCP_01728,Neurology,Chennai,Tambaram,South Chennai
NPIIN0000001729,HCP_01729,Cardiology,Chennai,Anna Nagar,Central Chennai
NPIIN0000001730,HCP_01730,Urology,Chennai,Washermenpet,North Chennai
NPIIN0000001731,HCP_01731,Pulmonology,Chennai,Velachery,South Chennai
NPIIN0000001732,HCP_01732,General Medicine,Chennai,Anna Nagar,Central Chennai
NPIIN0000001733,HCP_01733,General Medicine,Chennai,Tambaram,South Chennai
NPIIN0000001734,HCP_01734,Gastroenterology,Chennai,Mylapore,Central Chennai
NPIIN0000001735,HCP_01735,Dermatology,Chennai,Adyar,South Chennai
NPIIN0000001736,HCP_01736,Dermatology,Chennai,Adyar,South Chennai
NPIIN0000001737,HCP_01737,General Medicine,Chennai,Guindy,South Chennai
NPIIN0000001738,HCP_01738,General Medicine,Chennai,Mylapore,Central Chennai
NPIIN0000001739,HCP_01739,Orthopedics,Chennai,Madhavaram,North Chennai
NPIIN0000001740,HCP_01740,Neurology,Chennai,Velachery,South Chennai
NPIIN0000001741,HCP_01741,Pulmonology,Chennai,Nungambakkam,Central Chennai
NPIIN0000001742,HCP_01742,Pulmonology,Chennai,Mylapore,Central Chennai
NPIIN0000001743,HCP_01743,Pulmonology,Chennai,Nungambakkam,Central Chennai
NPIIN0000001744,HCP_01744,Gastroenterology,Chennai,Tambaram,South Chennai
NPIIN0000001745,HCP_01745,Pulmonology,Chennai,Tambaram,South Chennai
NPIIN0000001746,HCP_01746,Urology,Chennai,Tambaram,South Chennai
NPIIN0000001747,HCP_01747,Dermatology,Chennai,Guindy,South Chennai
NPIIN0000001748,HCP_01748,General Medicine,Chennai,Washermenpet,North Chennai
NPIIN0000001749,HCP_01749,Endocrinology,Chennai,Ambattur,North Chennai
NPIIN0000001750,HCP_01750,Pulmonology,Chennai,Royapuram,North Chennai
NPIIN0000001751,HCP_01751,Pulmonology,Chennai,Tambaram,South Chennai
NPIIN0000001752,HCP_01752,General Medicine,Chennai,Egmore,Central Chennai
NPIIN0000001753,HCP_01753,Urology,Chennai,Tambaram,South Chennai
NPIIN0000001754,HCP_01754,Cardiology,Chennai,Adyar,South Chennai
NPIIN0000001755,HCP_01755,Diabetology,Chennai,Mylapore,Central Chennai
NPIIN0000001756,HCP_01756,Urology,Chennai,Washermenpet,North Chennai
NPIIN0000001757,HCP_01757,Orthopedics,Chennai,Mylapore,Central Chennai
NPIIN0000001758,HCP_01758,General Medicine,Chennai,Sholinganallur,South Chennai
NPIIN0000001759,HCP_01759,Endocrinology,Chennai,Porur,South Chennai
NPIIN0000001760,HCP_01760,General Medicine,Chennai,Velachery,South Chennai
NPIIN0000001761,HCP_01761,General Medicine,Chennai,Anna Nagar,Central Chennai
NPIIN0000001762,HCP_01762,General Medicine,Chennai,Nungambakkam,Central Chennai
NPIIN0000001763,HCP_01763,Diabetology,Chennai,T Nagar,Central Chennai
NPIIN0000001764,HCP_01764,Diabetology,Chennai,Egmore,Central Chennai
NPIIN0000001765,HCP_01765,Neurology,Chennai,Egmore,Central Chennai
NPIIN0000001766,HCP_01766,Pulmonology,Chennai,Kilpauk,Central Chennai
NPIIN0000001767,HCP_01767,Neurology,Chennai,Velachery,South Chennai
NPIIN0000001768,HCP_01768,General Medicine,Chennai,Kilpauk,Central Chennai
NPIIN0000001769,HCP_01769,General Medicine,Chennai,Mylapore,Central Chennai
NPIIN0000001770,HCP_01770,General Medicine,Chennai,Sholinganallur,South Chennai
NPIIN0000001771,HCP_01771,Orthopedics,Chennai,Royapuram,North Chennai
NPIIN0000001772,HCP_01772,General Medicine,Chennai,Velachery,South Chennai
NPIIN0000001773,HCP_01773,Pulmonology,Chennai,Velachery,South Chennai
NPIIN0000001774,HCP_01774,General Medicine,Chennai,Tambaram,South Chennai
NPIIN0000001775,HCP_01775,Urology,Chennai,Velachery,South Chennai
NPIIN0000001776,HCP_01776,General Medicine,Chennai,Madhavaram,North Chennai
NPIIN0000001777,HCP_01777,General Medicine,Chennai,Tambaram,South Chennai
NPIIN0000001778,HCP_01778,Dermatology,Chennai,Ambattur,North Chennai
NPIIN0000001779,HCP_01779,Endocrinology,Chennai,Kilpauk,Central Chennai
NPIIN0000001780,HCP_01780,Pulmonology,Chennai,Perambur,North Chennai
NPIIN0000001781,HCP_01781,General Medicine,Chennai,Nungambakkam,Central Chennai
NPIIN0000001782,HCP_01782,Orthopedics,Chennai,Velachery,South Chennai
NPIIN0000001783,HCP_01783,Gastroenterology,Chennai,T Nagar,Central Chennai
NPIIN0000001784,HCP_01784,Cardiology,Chennai,Kilpauk,Central Chennai
NPIIN0000001785,HCP_01785,Dermatology,Chennai,T Nagar,Central Chennai
NPIIN0000001786,HCP_01786,Neurology,Chennai,Tambaram,South Chennai
NPIIN0000001787,HCP_01787,Pulmonology,Chennai,T Nagar,Central Chennai
NPIIN0000001788,HCP_01788,Endocrinology,Chennai,Sholinganallur,South Chennai
NPIIN0000001789,HCP_01789,Endocrinology,Chennai,Sholinganallur,South Chennai
NPIIN0000001790,HCP_01790,Pulmonology,Chennai,Mylapore,Central Chennai
NPIIN0000001791,HCP_01791,General Medicine,Chennai,Porur,South Chennai
NPIIN0000001792,HCP_01792,Urology,Chennai,Anna Nagar,Central Chennai
NPIIN0000001793,HCP_01793,Diabetology,Chennai,Anna Nagar,Central Chennai
NPIIN0000001794,HCP_01794,Neurology,Chennai,Adyar,South Chennai
NPIIN0000001795,HCP_01795,Diabetology,Chennai,Sholinganallur,South Chennai
NPIIN0000001796,HCP_01796,Neurology,Chennai,Egmore,Central Chennai
NPIIN0000001797,HCP_01797,Cardiology,Chennai,Washermenpet,North Chennai
NPIIN0000001798,HCP_01798,General Medicine,Chennai,Anna Nagar,Central Chennai
NPIIN0000001799,HCP_01799,Endocrinology,Chennai,Ambattur,North Chennai
NPIIN0000001800,HCP_01800,Pulmonology,Chennai,Tambaram,South Chennai
NPIIN0000001801,HCP_01801,Diabetology,Chennai,Tondiarpet,North Chennai
NPIIN0000001802,HCP_01802,Gastroenterology,Chennai,Velachery,South Chennai
NPIIN0000001803,HCP_01803,Cardiology,Chennai,Mylapore,Central Chennai
NPIIN0000001804,HCP_01804,Pulmonology,Chennai,Adyar,South Chennai
NPIIN0000001805,HCP_01805,Pulmonology,Chennai,Tambaram,South Chennai
NPIIN0000001806,HCP_01806,Cardiology,Chennai,Adyar,South Chennai
NPIIN0000001807,HCP_01807,Cardiology,Chennai,Anna Nagar,Central Chennai
NPIIN0000001808,HCP_01808,Diabetology,Chennai,Madhavaram,North Chennai
NPIIN0000001809,HCP_01809,Pulmonology,Chennai,Perambur,North Chennai
NPIIN0000001810,HCP_01810,Orthopedics,Chennai,T Nagar,Central Chennai
NPIIN0000001811,HCP_01811,Cardiology,Chennai,Kilpauk,Central Chennai
NPIIN0000001812,HCP_01812,Neurology,Chennai,Madhavaram,North Chennai
NPIIN0000001813,HCP_01813,Neurology,Chennai,Adyar,South Chennai
NPIIN0000001814,HCP_01814,Neurology,Chennai,Mylapore,Central Chennai
NPIIN0000001815,HCP_01815,General Medicine,Chennai,Guindy,South Chennai
NPIIN0000001816,HCP_01816,Orthopedics,Chennai,Tondiarpet,North Chennai
NPIIN0000001817,HCP_01817,General Medicine,Chennai,Guindy,South Chennai
NPIIN0000001818,HCP_01818,Dermatology,Chennai,Ambattur,North Chennai
NPIIN0000001819,HCP_01819,Diabetology,Chennai,Tondiarpet,North Chennai
NPIIN0000001820,HCP_01820,Dermatology,Chennai,Perambur,North Chennai
NPIIN0000001821,HCP_01821,Orthopedics,Chennai,Sholinganallur,South Chennai
NPIIN0000001822,HCP_01822,Urology,Chennai,Tondiarpet,North Chennai
NPIIN0000001823,HCP_01823,Diabetology,Chennai,Washermenpet,North Chennai
NPIIN0000001824,HCP_01824,Dermatology,Chennai,Washermenpet,North Chennai
NPIIN0000001825,HCP_01825,Cardiology,Chennai,Porur,South Chennai
NPIIN0000001826,HCP_01826,Neurology,Chennai,Nungambakkam,Central Chennai
NPIIN0000001827,HCP_01827,General Medicine,Chennai,Ambattur,North Chennai
NPIIN0000001828,HCP_01828,Neurology,Chennai,Tondiarpet,North Chennai
NPIIN0000001829,HCP_01829,General Medicine,Chennai,Velachery,South Chennai
NPIIN0000001830,HCP_01830,Cardiology,Chennai,Ambattur,North Chennai
NPIIN0000001831,HCP_01831,Endocrinology,Chennai,Royapuram,North Chennai
NPIIN0000001832,HCP_01832,Cardiology,Chennai,Guindy,South Chennai
NPIIN0000001833,HCP_01833,General Medicine,Chennai,Royapuram,North Chennai
NPIIN0000001834,HCP_01834,Dermatology,Chennai,Anna Nagar,Central Chennai
NPIIN0000001835,HCP_01835,Gastroenterology,Chennai,Kilpauk,Central Chennai
NPIIN0000001836,HCP_01836,Gastroenterology,Chennai,T Nagar,Central Chennai
NPIIN0000001837,HCP_01837,Dermatology,Chennai,Anna Nagar,Central Chennai
NPIIN0000001838,HCP_01838,General Medicine,Chennai,Washermenpet,North Chennai
NPIIN0000001839,HCP_01839,General Medicine,Chennai,Adyar,South Chennai
NPIIN0000001840,HCP_01840,General Medicine,Chennai,Adyar,South Chennai
NPIIN0000001841,HCP_01841,Cardiology,Chennai,Mylapore,Central Chennai
NPIIN0000001842,HCP_01842,Pulmonology,Chennai,Perambur,North Chennai
NPIIN0000001843,HCP_01843,Gastroenterology,Chennai,Nungambakkam,Central Chennai
NPIIN0000001844,HCP_01844,Pulmonology,Chennai,Adyar,South Chennai
NPIIN0000001845,HCP_01845,Gastroenterology,Chennai,Kilpauk,Central Chennai
NPIIN0000001846,HCP_01846,Cardiology,Chennai,Guindy,South Chennai
NPIIN0000001847,HCP_01847,Gastroenterology,Chennai,Egmore,Central Chennai
NPIIN0000001848,HCP_01848,Endocrinology,Chennai,Adyar,South Chennai
NPIIN0000001849,HCP_01849,Urology,Chennai,Perambur,North Chennai
NPIIN0000001850,HCP_01850,Diabetology,Chennai,Sholinganallur,South Chennai
NPIIN0000001851,HCP_01851,General Medicine,Chennai,Nungambakkam,Central Chennai
NPIIN0000001852,HCP_01852,General Medicine,Chennai,Tambaram,South Chennai
NPIIN0000001853,HCP_01853,Diabetology,Chennai,Ambattur,North Chennai
NPIIN0000001854,HCP_01854,General Medicine,Chennai,Adyar,South Chennai
NPIIN0000001855,HCP_01855,Endocrinology,Chennai,Porur,South Chennai
NPIIN0000001856,HCP_01856,Pulmonology,Chennai,Guindy,South Chennai
NPIIN0000001857,HCP_01857,Urology,Chennai,T Nagar,Central Chennai
NPIIN0000001858,HCP_01858,Diabetology,Chennai,T Nagar,Central Chennai
NPIIN0000001859,HCP_01859,General Medicine,Chennai,Mylapore,Central Chennai
NPIIN0000001860,HCP_01860,Urology,Chennai,T Nagar,Central Chennai
NPIIN0000001861,HCP_01861,General Medicine,Chennai,Royapuram,North Chennai
NPIIN0000001862,HCP_01862,Dermatology,Chennai,Sholinganallur,South Chennai
NPIIN0000001863,HCP_01863,General Medicine,Chennai,Adyar,South Chennai
NPIIN0000001864,HCP_01864,General Medicine,Chennai,Washermenpet,North Chennai
NPIIN0000001865,HCP_01865,Endocrinology,Chennai,Porur,South Chennai
NPIIN0000001866,HCP_01866,Cardiology,Chennai,Adyar,South Chennai
NPIIN0000001867,HCP_01867,Pulmonology,Chennai,Guindy,South Chennai
NPIIN0000001868,HCP_01868,Dermatology,Chennai,Egmore,Central Chennai
NPIIN0000001869,HCP_01869,Cardiology,Chennai,Tondiarpet,North Chennai
NPIIN0000001870,HCP_01870,Urology,Chennai,Sholinganallur,South Chennai
NPIIN0000001871,HCP_01871,General Medicine,Chennai,Anna Nagar,Central Chennai
NPIIN0000001872,HCP_01872,General Medicine,Chennai,Tondiarpet,North Chennai
NPIIN0000001873,HCP_01873,Urology,Chennai,Sholinganallur,South Chennai
NPIIN0000001874,HCP_01874,Urology,Chennai,Tambaram,South Chennai
NPIIN0000001875,HCP_01875,General Medicine,Chennai,Tambaram,South Chennai
NPIIN0000001876,HCP_01876,Diabetology,Chennai,Tambaram,South Chennai
NPIIN0000001877,HCP_01877,Endocrinology,Chennai,T Nagar,Central Chennai
NPIIN0000001878,HCP_01878,Diabetology,Chennai,Kilpauk,Central Chennai
NPIIN0000001879,HCP_01879,Gastroenterology,Chennai,Madhavaram,North Chennai
NPIIN0000001880,HCP_01880,Diabetology,Chennai,Washermenpet,North Chennai
NPIIN0000001881,HCP_01881,Neurology,Chennai,Tondiarpet,North Chennai
NPIIN0000001882,HCP_01882,Endocrinology,Chennai,Tambaram,South Chennai
NPIIN0000001883,HCP_01883,General Medicine,Chennai,Perambur,North Chennai
NPIIN0000001884,HCP_01884,General Medicine,Chennai,Guindy,South Chennai
NPIIN0000001885,HCP_01885,General Medicine,Chennai,Kilpauk,Central Chennai
NPIIN0000001886,HCP_01886,Pulmonology,Chennai,Mylapore,Central Chennai
NPIIN0000001887,HCP_01887,Orthopedics,Chennai,Mylapore,Central Chennai
NPIIN0000001888,HCP_01888,Urology,Chennai,T Nagar,Central Chennai
NPIIN0000001889,HCP_01889,Neurology,Chennai,Velachery,South Chennai
NPIIN0000001890,HCP_01890,Endocrinology,Chennai,Washermenpet,North Chennai
NPIIN0000001891,HCP_01891,Urology,Chennai,Egmore,Central Chennai
NPIIN0000001892,HCP_01892,Urology,Chennai,Adyar,South Chennai
NPIIN0000001893,HCP_01893,Urology,Chennai,Tondiarpet,North Chennai
NPIIN0000001894,HCP_01894,General Medicine,Chennai,T Nagar,Central Chennai
NPIIN0000001895,HCP_01895,Endocrinology,Chennai,Kilpauk,Central Chennai
NPIIN0000001896,HCP_01896,Gastroenterology,Chennai,Nungambakkam,Central Chennai
NPIIN0000001897,HCP_01897,General Medicine,Chennai,Porur,South Chennai
NPIIN0000001898,HCP_01898,General Medicine,Chennai,Egmore,Central Chennai
NPIIN0000001899,HCP_01899,General Medicine,Chennai,Kilpauk,Central Chennai
NPIIN0000001900,HCP_01900,Pulmonology,Chennai,T Nagar,Central Chennai
NPIIN0000001901,HCP_01901,General Medicine,Chennai,Ambattur,North Chennai
NPIIN0000001902,HCP_01902,Neurology,Chennai,Mylapore,Central Chennai
NPIIN0000001903,HCP_01903,Neurology,Chennai,Guindy,South Chennai
NPIIN0000001904,HCP_01904,General Medicine,Chennai,Kilpauk,Central Chennai
NPIIN0000001905,HCP_01905,Cardiology,Chennai,Tondiarpet,North Chennai
NPIIN0000001906,HCP_01906,Orthopedics,Chennai,Washermenpet,North Chennai
NPIIN0000001907,HCP_01907,General Medicine,Chennai,Madhavaram,North Chennai
NPIIN0000001908,HCP_01908,General Medicine,Chennai,Kilpauk,Central Chennai
NPIIN0000001909,HCP_01909,General Medicine,Chennai,Adyar,South Chennai
NPIIN0000001910,HCP_01910,General Medicine,Chennai,Guindy,South Chennai
NPIIN0000001911,HCP_01911,Neurology,Chennai,Kilpauk,Central Chennai
NPIIN0000001912,HCP_01912,Cardiology,Chennai,Anna Nagar,Central Chennai
NPIIN0000001913,HCP_01913,Urology,Chennai,Velachery,South Chennai
NPIIN0000001914,HCP_01914,Cardiology,Chennai,Perambur,North Chennai
NPIIN0000001915,HCP_01915,Orthopedics,Chennai,Mylapore,Central Chennai
NPIIN0000001916,HCP_01916,Pulmonology,Chennai,Nungambakkam,Central Chennai
NPIIN0000001917,HCP_01917,Cardiology,Chennai,Sholinganallur,South Chennai
NPIIN0000001918,HCP_01918,Pulmonology,Chennai,Guindy,South Chennai
NPIIN0000001919,HCP_01919,General Medicine,Chennai,Royapuram,North Chennai
NPIIN0000001920,HCP_01920,Orthopedics,Chennai,Adyar,South Chennai
NPIIN0000001921,HCP_01921,Gastroenterology,Chennai,Madhavaram,North Chennai
NPIIN0000001922,HCP_01922,General Medicine,Chennai,Mylapore,Central Chennai
NPIIN0000001923,HCP_01923,General Medicine,Chennai,Tondiarpet,North Chennai
NPIIN0000001924,HCP_01924,Orthopedics,Chennai,Washermenpet,North Chennai
NPIIN0000001925,HCP_01925,Neurology,Chennai,Egmore,Central Chennai
NPIIN0000001926,HCP_01926,General Medicine,Chennai,Kilpauk,Central Chennai
NPIIN0000001927,HCP_01927,General Medicine,Chennai,Washermenpet,North Chennai
NPIIN0000001928,HCP_01928,Diabetology,Chennai,Guindy,South Chennai
NPIIN0000001929,HCP_01929,Neurology,Chennai,Kilpauk,Central Chennai
NPIIN0000001930,HCP_01930,Pulmonology,Chennai,Madhavaram,North Chennai
NPIIN0000001931,HCP_01931,Dermatology,Chennai,Guindy,South Chennai
NPIIN0000001932,HCP_01932,Pulmonology,Chennai,Madhavaram,North Chennai
NPIIN0000001933,HCP_01933,Pulmonology,Chennai,Tambaram,South Chennai
NPIIN0000001934,HCP_01934,General Medicine,Chennai,Adyar,South Chennai
NPIIN0000001935,HCP_01935,Gastroenterology,Chennai,Porur,South Chennai
NPIIN0000001936,HCP_01936,General Medicine,Chennai,Egmore,Central Chennai
NPIIN0000001937,HCP_01937,Dermatology,Chennai,Ambattur,North Chennai
NPIIN0000001938,HCP_01938,Diabetology,Chennai,Madhavaram,North Chennai
NPIIN0000001939,HCP_01939,Neurology,Chennai,Anna Nagar,Central Chennai
NPIIN0000001940,HCP_01940,Urology,Chennai,Mylapore,Central Chennai
NPIIN0000001941,HCP_01941,Gastroenterology,Chennai,Nungambakkam,Central Chennai
NPIIN0000001942,HCP_01942,General Medicine,Chennai,Washermenpet,North Chennai
NPIIN0000001943,HCP_01943,Neurology,Chennai,Perambur,North Chennai
NPIIN0000001944,HCP_01944,Endocrinology,Chennai,Mylapore,Central Chennai
NPIIN0000001945,HCP_01945,Cardiology,Chennai,Tambaram,South Chennai
NPIIN0000001946,HCP_01946,Dermatology,Chennai,Sholinganallur,South Chennai
NPIIN0000001947,HCP_01947,Dermatology,Chennai,Egmore,Central Chennai
NPIIN0000001948,HCP_01948,Cardiology,Chennai,Porur,South Chennai
NPIIN0000001949,HCP_01949,Orthopedics,Chennai,Kilpauk,Central Chennai
NPIIN0000001950,HCP_01950,General Medicine,Chennai,Porur,South Chennai
NPIIN0000001951,HCP_01951,Urology,Chennai,Tambaram,South Chennai
NPIIN0000001952,HCP_01952,Gastroenterology,Chennai,Egmore,Central Chennai
NPIIN0000001953,HCP_01953,Urology,Chennai,Porur,South Chennai
NPIIN0000001954,HCP_01954,Dermatology,Chennai,Guindy,South Chennai
NPIIN0000001955,HCP_01955,Orthopedics,Chennai,Sholinganallur,South Chennai
NPIIN0000001956,HCP_01956,Pulmonology,Chennai,Adyar,South Chennai
NPIIN0000001957,HCP_01957,Endocrinology,Chennai,Ambattur,North Chennai
NPIIN0000001958,HCP_01958,General Medicine,Chennai,Anna Nagar,Central Chennai
NPIIN0000001959,HCP_01959,Gastroenterology,Chennai,Velachery,South Chennai
NPIIN0000001960,HCP_01960,Endocrinology,Chennai,Madhavaram,North Chennai
NPIIN0000001961,HCP_01961,Urology,Chennai,Ambattur,North Chennai
NPIIN0000001962,HCP_01962,Endocrinology,Chennai,Washermenpet,North Chennai
NPIIN0000001963,HCP_01963,Urology,Chennai,Madhavaram,North Chennai
NPIIN0000001964,HCP_01964,General Medicine,Chennai,Anna Nagar,Central Chennai
NPIIN0000001965,HCP_01965,Dermatology,Chennai,Tambaram,South Chennai
NPIIN0000001966,HCP_01966,Orthopedics,Chennai,Anna Nagar,Central Chennai
NPIIN0000001967,HCP_01967,General Medicine,Chennai,Guindy,South Chennai
NPIIN0000001968,HCP_01968,Neurology,Chennai,Guindy,South Chennai
NPIIN0000001969,HCP_01969,Endocrinology,Chennai,Madhavaram,North Chennai
NPIIN0000001970,HCP_01970,Dermatology,Chennai,Royapuram,North Chennai
NPIIN0000001971,HCP_01971,Dermatology,Chennai,T Nagar,Central Chennai
NPIIN0000001972,HCP_01972,Diabetology,Chennai,Guindy,South Chennai
NPIIN0000001973,HCP_01973,Cardiology,Chennai,Tambaram,South Chennai
NPIIN0000001974,HCP_01974,General Medicine,Chennai,Tondiarpet,North Chennai
NPIIN0000001975,HCP_01975,Endocrinology,Chennai,Nungambakkam,Central Chennai
NPIIN0000001976,HCP_01976,Dermatology,Chennai,Kilpauk,Central Chennai
NPIIN0000001977,HCP_01977,Diabetology,Chennai,Washermenpet,North Chennai
NPIIN0000001978,HCP_01978,Orthopedics,Chennai,Adyar,South Chennai
NPIIN0000001979,HCP_01979,Orthopedics,Chennai,Velachery,South Chennai
NPIIN0000001980,HCP_01980,Urology,Chennai,T Nagar,Central Chennai
NPIIN0000001981,HCP_01981,Pulmonology,Chennai,Tambaram,South Chennai
NPIIN0000001982,HCP_01982,Diabetology,Chennai,Royapuram,North Chennai
NPIIN0000001983,HCP_01983,Dermatology,Chennai,Porur,South Chennai
NPIIN0000001984,HCP_01984,Neurology,Chennai,Kilpauk,Central Chennai
NPIIN0000001985,HCP_01985,Orthopedics,Chennai,Royapuram,North Chennai
NPIIN0000001986,HCP_01986,General Medicine,Chennai,Porur,South Chennai
NPIIN0000001987,HCP_01987,Cardiology,Chennai,Egmore,Central Chennai
NPIIN0000001988,HCP_01988,Orthopedics,Chennai,Adyar,South Chennai
NPIIN0000001989,HCP_01989,Dermatology,Chennai,Tambaram,South Chennai
NPIIN0000001990,HCP_01990,Endocrinology,Chennai,T Nagar,Central Chennai
NPIIN0000001991,HCP_01991,Gastroenterology,Chennai,Kilpauk,Central Chennai
NPIIN0000001992,HCP_01992,Cardiology,Chennai,Adyar,South Chennai
NPIIN0000001993,HCP_01993,Pulmonology,Chennai,Kilpauk,Central Chennai
NPIIN0000001994,HCP_01994,General Medicine,Chennai,Nungambakkam,Central Chennai
NPIIN0000001995,HCP_01995,General Medicine,Chennai,Ambattur,North Chennai
NPIIN0000001996,HCP_01996,Diabetology,Chennai,Guindy,South Chennai
NPIIN0000001997,HCP_01997,Diabetology,Chennai,Egmore,Central Chennai
NPIIN0000001998,HCP_01998,General Medicine,Chennai,T Nagar,Central Chennai
NPIIN0000001999,HCP_01999,Diabetology,Chennai,Velachery,South Chennai
NPIIN0000002000,HCP_02000,General Medicine,Chennai,Tondiarpet,North Chennai
NPIIN0000002001,HCP_02001,Pulmonology,Chennai,Adyar,South Chennai
NPIIN0000002002,HCP_02002,Gastroenterology,Chennai,Royapuram,North Chennai
NPIIN0000002003,HCP_02003,Neurology,Chennai,Guindy,South Chennai
NPIIN0000002004,HCP_02004,Diabetology,Chennai,Sholinganallur,South Chennai
NPIIN0000002005,HCP_02005,Cardiology,Chennai,Nungambakkam,Central Chennai
NPIIN0000002006,HCP_02006,Dermatology,Chennai,Tambaram,South Chennai
NPIIN0000002007,HCP_02007,Urology,Chennai,Ambattur,North Chennai
NPIIN0000002008,HCP_02008,Orthopedics,Chennai,Nungambakkam,Central Chennai
NPIIN0000002009,HCP_02009,Orthopedics,Chennai,Nungambakkam,Central Chennai
NPIIN0000002010,HCP_02010,Neurology,Chennai,Guindy,South Chennai
NPIIN0000002011,HCP_02011,Urology,Chennai,Mylapore,Central Chennai
NPIIN0000002012,HCP_02012,General Medicine,Chennai,Anna Nagar,Central Chennai
NPIIN0000002013,HCP_02013,Gastroenterology,Chennai,Egmore,Central Chennai
NPIIN0000002014,HCP_02014,Orthopedics,Chennai,Perambur,North Chennai
NPIIN0000002015,HCP_02015,Dermatology,Chennai,Madhavaram,North Chennai
NPIIN0000002016,HCP_02016,General Medicine,Chennai,Royapuram,North Chennai
NPIIN0000002017,HCP_02017,General Medicine,Chennai,T Nagar,Central Chennai
NPIIN0000002018,HCP_02018,Diabetology,Chennai,Kilpauk,Central Chennai
NPIIN0000002019,HCP_02019,General Medicine,Chennai,Washermenpet,North Chennai
NPIIN0000002020,HCP_02020,Dermatology,Chennai,Tondiarpet,North Chennai
NPIIN0000002021,HCP_02021,Neurology,Chennai,Velachery,South Chennai
NPIIN0000002022,HCP_02022,Diabetology,Chennai,Mylapore,Central Chennai
NPIIN0000002023,HCP_02023,Gastroenterology,Chennai,Mylapore,Central Chennai
NPIIN0000002024,HCP_02024,General Medicine,Chennai,T Nagar,Central Chennai
NPIIN0000002025,HCP_02025,Pulmonology,Chennai,Washermenpet,North Chennai
NPIIN0000002026,HCP_02026,General Medicine,Chennai,Royapuram,North Chennai
NPIIN0000002027,HCP_02027,General Medicine,Chennai,Tambaram,South Chennai
NPIIN0000002028,HCP_02028,Gastroenterology,Chennai,Ambattur,North Chennai
NPIIN0000002029,HCP_02029,Gastroenterology,Chennai,Tondiarpet,North Chennai
NPIIN0000002030,HCP_02030,Gastroenterology,Chennai,Perambur,North Chennai
NPIIN0000002031,HCP_02031,General Medicine,Chennai,T Nagar,Central Chennai
NPIIN0000002032,HCP_02032,Neurology,Chennai,Tondiarpet,North Chennai
NPIIN0000002033,HCP_02033,Endocrinology,Chennai,Mylapore,Central Chennai
NPIIN0000002034,HCP_02034,General Medicine,Chennai,Madhavaram,North Chennai
NPIIN0000002035,HCP_02035,Pulmonology,Chennai,T Nagar,Central Chennai
NPIIN0000002036,HCP_02036,Neurology,Chennai,Adyar,South Chennai
NPIIN0000002037,HCP_02037,Urology,Chennai,Tambaram,South Chennai
NPIIN0000002038,HCP_02038,Diabetology,Chennai,Mylapore,Central Chennai
NPIIN0000002039,HCP_02039,Dermatology,Chennai,Perambur,North Chennai
NPIIN0000002040,HCP_02040,Diabetology,Chennai,Tambaram,South Chennai
NPIIN0000002041,HCP_02041,Pulmonology,Chennai,Kilpauk,Central Chennai
NPIIN0000002042,HCP_02042,Dermatology,Chennai,Sholinganallur,South Chennai
NPIIN0000002043,HCP_02043,Gastroenterology,Chennai,Guindy,South Chennai
NPIIN0000002044,HCP_02044,Urology,Chennai,Porur,South Chennai
NPIIN0000002045,HCP_02045,Dermatology,Chennai,Tambaram,South Chennai
NPIIN0000002046,HCP_02046,Diabetology,Chennai,Kilpauk,Central Chennai
NPIIN0000002047,HCP_02047,Orthopedics,Chennai,Tondiarpet,North Chennai
NPIIN0000002048,HCP_02048,Orthopedics,Chennai,Ambattur,North Chennai
NPIIN0000002049,HCP_02049,General Medicine,Chennai,Egmore,Central Chennai
NPIIN0000002050,HCP_02050,Cardiology,Chennai,Kilpauk,Central Chennai
NPIIN0000002051,HCP_02051,Diabetology,Chennai,Sholinganallur,South Chennai
NPIIN0000002052,HCP_02052,Dermatology,Chennai,Anna Nagar,Central Chennai
NPIIN0000002053,HCP_02053,Orthopedics,Chennai,Washermenpet,North Chennai
NPIIN0000002054,HCP_02054,Dermatology,Chennai,Sholinganallur,South Chennai
NPIIN0000002055,HCP_02055,General Medicine,Chennai,Anna Nagar,Central Chennai
NPIIN0000002056,HCP_02056,Cardiology,Chennai,Madhavaram,North Chennai
NPIIN0000002057,HCP_02057,General Medicine,Chennai,Sholinganallur,South Chennai
NPIIN0000002058,HCP_02058,General Medicine,Chennai,Ambattur,North Chennai
NPIIN0000002059,HCP_02059,Cardiology,Chennai,Mylapore,Central Chennai
NPIIN0000002060,HCP_02060,Cardiology,Chennai,T Nagar,Central Chennai
NPIIN0000002061,HCP_02061,Endocrinology,Chennai,Guindy,South Chennai
NPIIN0000002062,HCP_02062,Endocrinology,Chennai,Kilpauk,Central Chennai
NPIIN0000002063,HCP_02063,Gastroenterology,Chennai,Royapuram,North Chennai
NPIIN0000002064,HCP_02064,General Medicine,Chennai,T Nagar,Central Chennai
NPIIN0000002065,HCP_02065,General Medicine,Chennai,Perambur,North Chennai
NPIIN0000002066,HCP_02066,Pulmonology,Chennai,Tambaram,South Chennai
NPIIN0000002067,HCP_02067,Orthopedics,Chennai,Ambattur,North Chennai
NPIIN0000002068,HCP_02068,Gastroenterology,Chennai,Porur,South Chennai
NPIIN0000002069,HCP_02069,Neurology,Chennai,T Nagar,Central Chennai
NPIIN0000002070,HCP_02070,Gastroenterology,Chennai,Perambur,North Chennai
NPIIN0000002071,HCP_02071,Gastroenterology,Chennai,Guindy,South Chennai
NPIIN0000002072,HCP_02072,Neurology,Chennai,Madhavaram,North Chennai
NPIIN0000002073,HCP_02073,General Medicine,Chennai,Egmore,Central Chennai
NPIIN0000002074,HCP_02074,Pulmonology,Chennai,Porur,South Chennai
NPIIN0000002075,HCP_02075,General Medicine,Chennai,Tondiarpet,North Chennai
NPIIN0000002076,HCP_02076,General Medicine,Chennai,Royapuram,North Chennai
NPIIN0000002077,HCP_02077,Diabetology,Chennai,Porur,South Chennai
NPIIN0000002078,HCP_02078,General Medicine,Chennai,Mylapore,Central Chennai
NPIIN0000002079,HCP_02079,General Medicine,Chennai,Kilpauk,Central Chennai
NPIIN0000002080,HCP_02080,Pulmonology,Chennai,T Nagar,Central Chennai
NPIIN0000002081,HCP_02081,General Medicine,Chennai,Ambattur,North Chennai
NPIIN0000002082,HCP_02082,Cardiology,Chennai,T Nagar,Central Chennai
NPIIN0000002083,HCP_02083,General Medicine,Chennai,Guindy,South Chennai
NPIIN0000002084,HCP_02084,General Medicine,Chennai,Mylapore,Central Chennai
NPIIN0000002085,HCP_02085,Neurology,Chennai,Porur,South Chennai
NPIIN0000002086,HCP_02086,General Medicine,Chennai,Anna Nagar,Central Chennai
NPIIN0000002087,HCP_02087,Cardiology,Chennai,Ambattur,North Chennai
NPIIN0000002088,HCP_02088,Cardiology,Chennai,Nungambakkam,Central Chennai
NPIIN0000002089,HCP_02089,General Medicine,Chennai,Porur,South Chennai
NPIIN0000002090,HCP_02090,Endocrinology,Chennai,Perambur,North Chennai
NPIIN0000002091,HCP_02091,General Medicine,Chennai,Royapuram,North Chennai
NPIIN0000002092,HCP_02092,Pulmonology,Chennai,Sholinganallur,South Chennai
NPIIN0000002093,HCP_02093,Orthopedics,Chennai,Madhavaram,North Chennai
NPIIN0000002094,HCP_02094,Neurology,Chennai,T Nagar,Central Chennai
NPIIN0000002095,HCP_02095,Cardiology,Chennai,Porur,South Chennai
NPIIN0000002096,HCP_02096,General Medicine,Chennai,Nungambakkam,Central Chennai
NPIIN0000002097,HCP_02097,Dermatology,Chennai,T Nagar,Central Chennai
NPIIN0000002098,HCP_02098,Diabetology,Chennai,Royapuram,North Chennai
NPIIN0000002099,HCP_02099,Urology,Chennai,Nungambakkam,Central Chennai
NPIIN0000002100,HCP_02100,General Medicine,Chennai,Anna Nagar,Central Chennai
NPIIN0000002101,HCP_02101,Cardiology,Chennai,Tambaram,South Chennai
NPIIN0000002102,HCP_02102,Diabetology,Chennai,Mylapore,Central Chennai
NPIIN0000002103,HCP_02103,Urology,Chennai,Porur,South Chennai
NPIIN0000002104,HCP_02104,Orthopedics,Chennai,Sholinganallur,South Chennai
NPIIN0000002105,HCP_02105,Urology,Chennai,Madhavaram,North Chennai
NPIIN0000002106,HCP_02106,Diabetology,Chennai,Guindy,South Chennai
NPIIN0000002107,HCP_02107,Gastroenterology,Chennai,Guindy,South Chennai
NPIIN0000002108,HCP_02108,Endocrinology,Chennai,Adyar,South Chennai
NPIIN0000002109,HCP_02109,General Medicine,Chennai,Mylapore,Central Chennai
NPIIN0000002110,HCP_02110,Neurology,Chennai,T Nagar,Central Chennai
NPIIN0000002111,HCP_02111,Orthopedics,Chennai,Madhavaram,North Chennai
NPIIN0000002112,HCP_02112,General Medicine,Chennai,Royapuram,North Chennai
NPIIN0000002113,HCP_02113,General Medicine,Chennai,T Nagar,Central Chennai
NPIIN0000002114,HCP_02114,Endocrinology,Chennai,Ambattur,North Chennai
NPIIN0000002115,HCP_02115,General Medicine,Chennai,Nungambakkam,Central Chennai
NPIIN0000002116,HCP_02116,Cardiology,Chennai,Tambaram,South Chennai
NPIIN0000002117,HCP_02117,Dermatology,Chennai,Nungambakkam,Central Chennai
NPIIN0000002118,HCP_02118,Cardiology,Chennai,T Nagar,Central Chennai
NPIIN0000002119,HCP_02119,Neurology,Chennai,Anna Nagar,Central Chennai
NPIIN0000002120,HCP_02120,Diabetology,Chennai,T Nagar,Central Chennai
NPIIN0000002121,HCP_02121,General Medicine,Chennai,Anna Nagar,Central Chennai
NPIIN0000002122,HCP_02122,Diabetology,Chennai,Egmore,Central Chennai
NPIIN0000002123,HCP_02123,General Medicine,Chennai,T Nagar,Central Chennai
NPIIN0000002124,HCP_02124,Pulmonology,Chennai,Egmore,Central Chennai
NPIIN0000002125,HCP_02125,Neurology,Chennai,Tondiarpet,North Chennai
NPIIN0000002126,HCP_02126,Orthopedics,Chennai,Perambur,North Chennai
NPIIN0000002127,HCP_02127,General Medicine,Chennai,Mylapore,Central Chennai
NPIIN0000002128,HCP_02128,Pulmonology,Chennai,Mylapore,Central Chennai
NPIIN0000002129,HCP_02129,Urology,Chennai,Egmore,Central Chennai
NPIIN0000002130,HCP_02130,Diabetology,Chennai,Kilpauk,Central Chennai
NPIIN0000002131,HCP_02131,Urology,Chennai,Nungambakkam,Central Chennai
NPIIN0000002132,HCP_02132,Orthopedics,Chennai,Guindy,South Chennai
NPIIN0000002133,HCP_02133,Dermatology,Chennai,Porur,South Chennai
NPIIN0000002134,HCP_02134,Pulmonology,Chennai,Porur,South Chennai
NPIIN0000002135,HCP_02135,Gastroenterology,Chennai,Tondiarpet,North Chennai
NPIIN0000002136,HCP_02136,General Medicine,Chennai,Ambattur,North Chennai
NPIIN0000002137,HCP_02137,Pulmonology,Chennai,Kilpauk,Central Chennai
NPIIN0000002138,HCP_02138,Orthopedics,Chennai,Sholinganallur,South Chennai
NPIIN0000002139,HCP_02139,Diabetology,Chennai,Sholinganallur,South Chennai
NPIIN0000002140,HCP_02140,Dermatology,Chennai,Velachery,South Chennai
NPIIN0000002141,HCP_02141,General Medicine,Chennai,Porur,South Chennai
NPIIN0000002142,HCP_02142,Endocrinology,Chennai,Ambattur,North Chennai
NPIIN0000002143,HCP_02143,Neurology,Chennai,Guindy,South Chennai
NPIIN0000002144,HCP_02144,Dermatology,Chennai,Velachery,South Chennai
NPIIN0000002145,HCP_02145,Pulmonology,Chennai,Nungambakkam,Central Chennai
NPIIN0000002146,HCP_02146,Dermatology,Chennai,Adyar,South Chennai
NPIIN0000002147,HCP_02147,General Medicine,Chennai,Anna Nagar,Central Chennai
NPIIN0000002148,HCP_02148,Urology,Chennai,Guindy,South Chennai
NPIIN0000002149,HCP_02149,Neurology,Chennai,Guindy,South Chennai
NPIIN0000002150,HCP_02150,Dermatology,Chennai,Nungambakkam,Central Chennai
NPIIN0000002151,HCP_02151,Diabetology,Chennai,Tambaram,South Chennai
NPIIN0000002152,HCP_02152,General Medicine,Chennai,Anna Nagar,Central Chennai
NPIIN0000002153,HCP_02153,Urology,Chennai,Velachery,South Chennai
NPIIN0000002154,HCP_02154,Cardiology,Chennai,Porur,South Chennai
NPIIN0000002155,HCP_02155,General Medicine,Chennai,Tondiarpet,North Chennai
NPIIN0000002156,HCP_02156,Gastroenterology,Chennai,Adyar,South Chennai
NPIIN0000002157,HCP_02157,Gastroenterology,Chennai,Nungambakkam,Central Chennai
NPIIN0000002158,HCP_02158,Dermatology,Chennai,Egmore,Central Chennai
NPIIN0000002159,HCP_02159,Gastroenterology,Chennai,Washermenpet,North Chennai
NPIIN0000002160,HCP_02160,Orthopedics,Chennai,Anna Nagar,Central Chennai
NPIIN0000002161,HCP_02161,General Medicine,Chennai,Madhavaram,North Chennai
NPIIN0000002162,HCP_02162,Pulmonology,Chennai,Mylapore,Central Chennai
NPIIN0000002163,HCP_02163,Dermatology,Chennai,Madhavaram,North Chennai
NPIIN0000002164,HCP_02164,Neurology,Chennai,Perambur,North Chennai
NPIIN0000002165,HCP_02165,Cardiology,Chennai,Porur,South Chennai
NPIIN0000002166,HCP_02166,General Medicine,Chennai,Anna Nagar,Central Chennai
NPIIN0000002167,HCP_02167,Pulmonology,Chennai,Velachery,South Chennai
NPIIN0000002168,HCP_02168,Gastroenterology,Chennai,Madhavaram,North Chennai
NPIIN0000002169,HCP_02169,Pulmonology,Chennai,T Nagar,Central Chennai
NPIIN0000002170,HCP_02170,Gastroenterology,Chennai,Tondiarpet,North Chennai
NPIIN0000002171,HCP_02171,Dermatology,Chennai,Tondiarpet,North Chennai
NPIIN0000002172,HCP_02172,Diabetology,Chennai,Kilpauk,Central Chennai
NPIIN0000002173,HCP_02173,Pulmonology,Chennai,Ambattur,North Chennai
NPIIN0000002174,HCP_02174,Pulmonology,Chennai,T Nagar,Central Chennai
NPIIN0000002175,HCP_02175,Endocrinology,Chennai,Tondiarpet,North Chennai
NPIIN0000002176,HCP_02176,General Medicine,Chennai,Royapuram,North Chennai
NPIIN0000002177,HCP_02177,Pulmonology,Chennai,Madhavaram,North Chennai
NPIIN0000002178,HCP_02178,Dermatology,Chennai,Velachery,South Chennai
NPIIN0000002179,HCP_02179,General Medicine,Chennai,Nungambakkam,Central Chennai
NPIIN0000002180,HCP_02180,Cardiology,Chennai,Velachery,South Chennai
NPIIN0000002181,HCP_02181,General Medicine,Chennai,Tambaram,South Chennai
NPIIN0000002182,HCP_02182,Dermatology,Chennai,Guindy,South Chennai
NPIIN0000002183,HCP_02183,Pulmonology,Chennai,Porur,South Chennai
NPIIN0000002184,HCP_02184,Diabetology,Chennai,T Nagar,Central Chennai
NPIIN0000002185,HCP_02185,Urology,Chennai,Tondiarpet,North Chennai
NPIIN0000002186,HCP_02186,Endocrinology,Chennai,Nungambakkam,Central Chennai
NPIIN0000002187,HCP_02187,Diabetology,Chennai,Adyar,South Chennai
NPIIN0000002188,HCP_02188,General Medicine,Chennai,Ambattur,North Chennai
NPIIN0000002189,HCP_02189,Gastroenterology,Chennai,Kilpauk,Central Chennai
NPIIN0000002190,HCP_02190,Dermatology,Chennai,Tambaram,South Chennai
NPIIN0000002191,HCP_02191,Cardiology,Chennai,Nungambakkam,Central Chennai
NPIIN0000002192,HCP_02192,Dermatology,Chennai,Madhavaram,North Chennai
NPIIN0000002193,HCP_02193,Gastroenterology,Chennai,Tambaram,South Chennai
NPIIN0000002194,HCP_02194,Urology,Chennai,Anna Nagar,Central Chennai
NPIIN0000002195,HCP_02195,Urology,Chennai,Ambattur,North Chennai
NPIIN0000002196,HCP_02196,Gastroenterology,Chennai,Porur,South Chennai
NPIIN0000002197,HCP_02197,Endocrinology,Chennai,Kilpauk,Central Chennai
NPIIN0000002198,HCP_02198,Diabetology,Chennai,Ambattur,North Chennai
NPIIN0000002199,HCP_02199,Orthopedics,Chennai,Anna Nagar,Central Chennai
NPIIN0000002200,HCP_02200,Pulmonology,Chennai,Tambaram,South Chennai
NPIIN0000002201,HCP_02201,Pulmonology,Chennai,Anna Nagar,Central Chennai
NPIIN0000002202,HCP_02202,Urology,Chennai,Guindy,South Chennai
NPIIN0000002203,HCP_02203,Urology,Chennai,Velachery,South Chennai
NPIIN0000002204,HCP_02204,Gastroenterology,Chennai,Nungambakkam,Central Chennai
NPIIN0000002205,HCP_02205,Urology,Chennai,T Nagar,Central Chennai
NPIIN0000002206,HCP_02206,Cardiology,Chennai,Perambur,North Chennai
NPIIN0000002207,HCP_02207,Gastroenterology,Chennai,Guindy,South Chennai
NPIIN0000002208,HCP_02208,Orthopedics,Chennai,Ambattur,North Chennai
NPIIN0000002209,HCP_02209,Cardiology,Chennai,Nungambakkam,Central Chennai
NPIIN0000002210,HCP_02210,Endocrinology,Chennai,Nungambakkam,Central Chennai
NPIIN0000002211,HCP_02211,Dermatology,Chennai,Porur,South Chennai
NPIIN0000002212,HCP_02212,General Medicine,Chennai,Madhavaram,North Chennai
NPIIN0000002213,HCP_02213,Cardiology,Chennai,Porur,South Chennai
NPIIN0000002214,HCP_02214,Diabetology,Chennai,Royapuram,North Chennai
NPIIN0000002215,HCP_02215,Diabetology,Chennai,Porur,South Chennai
NPIIN0000002216,HCP_02216,Diabetology,Chennai,Egmore,Central Chennai
NPIIN0000002217,HCP_02217,Urology,Chennai,Egmore,Central Chennai
NPIIN0000002218,HCP_02218,Neurology,Chennai,Porur,South Chennai
NPIIN0000002219,HCP_02219,Gastroenterology,Chennai,Tambaram,South Chennai
NPIIN0000002220,HCP_02220,Cardiology,Chennai,Nungambakkam,Central Chennai
NPIIN0000002221,HCP_02221,General Medicine,Chennai,Royapuram,North Chennai
NPIIN0000002222,HCP_02222,Diabetology,Chennai,Madhavaram,North Chennai
NPIIN0000002223,HCP_02223,Dermatology,Chennai,Washermenpet,North Chennai
NPIIN0000002224,HCP_02224,Orthopedics,Chennai,Mylapore,Central Chennai
NPIIN0000002225,HCP_02225,General Medicine,Chennai,Sholinganallur,South Chennai
NPIIN0000002226,HCP_02226,Orthopedics,Chennai,Anna Nagar,Central Chennai
NPIIN0000002227,HCP_02227,Cardiology,Chennai,Tambaram,South Chennai
NPIIN0000002228,HCP_02228,Diabetology,Chennai,Kilpauk,Central Chennai
NPIIN0000002229,HCP_02229,Gastroenterology,Chennai,T Nagar,Central Chennai
NPIIN0000002230,HCP_02230,General Medicine,Chennai,Velachery,South Chennai
NPIIN0000002231,HCP_02231,Urology,Chennai,Egmore,Central Chennai
NPIIN0000002232,HCP_02232,Endocrinology,Chennai,Velachery,South Chennai
NPIIN0000002233,HCP_02233,Dermatology,Chennai,Egmore,Central Chennai
NPIIN0000002234,HCP_02234,Endocrinology,Chennai,Porur,South Chennai
NPIIN0000002235,HCP_02235,Endocrinology,Chennai,Sholinganallur,South Chennai
NPIIN0000002236,HCP_02236,General Medicine,Chennai,Guindy,South Chennai
NPIIN0000002237,HCP_02237,Orthopedics,Chennai,T Nagar,Central Chennai
NPIIN0000002238,HCP_02238,Pulmonology,Chennai,Mylapore,Central Chennai
NPIIN0000002239,HCP_02239,Neurology,Chennai,Royapuram,North Chennai
NPIIN0000002240,HCP_02240,Cardiology,Chennai,Ambattur,North Chennai
NPIIN0000002241,HCP_02241,Cardiology,Chennai,Mylapore,Central Chennai
NPIIN0000002242,HCP_02242,Cardiology,Chennai,T Nagar,Central Chennai
NPIIN0000002243,HCP_02243,Dermatology,Chennai,Tondiarpet,North Chennai
NPIIN0000002244,HCP_02244,Endocrinology,Chennai,Kilpauk,Central Chennai
NPIIN0000002245,HCP_02245,Diabetology,Chennai,Royapuram,North Chennai
NPIIN0000002246,HCP_02246,Pulmonology,Chennai,Egmore,Central Chennai
NPIIN0000002247,HCP_02247,Pulmonology,Chennai,Egmore,Central Chennai
NPIIN0000002248,HCP_02248,General Medicine,Chennai,Sholinganallur,South Chennai
NPIIN0000002249,HCP_02249,Cardiology,Chennai,Tondiarpet,North Chennai
NPIIN0000002250,HCP_02250,General Medicine,Chennai,Kilpauk,Central Chennai
NPIIN0000002251,HCP_02251,Gastroenterology,Chennai,Tondiarpet,North Chennai
NPIIN0000002252,HCP_02252,Endocrinology,Chennai,Adyar,South Chennai
NPIIN0000002253,HCP_02253,Neurology,Chennai,Perambur,North Chennai
NPIIN0000002254,HCP_02254,Cardiology,Chennai,Perambur,North Chennai
NPIIN0000002255,HCP_02255,Urology,Chennai,Porur,South Chennai
NPIIN0000002256,HCP_02256,Orthopedics,Chennai,Washermenpet,North Chennai
NPIIN0000002257,HCP_02257,Cardiology,Chennai,Guindy,South Chennai
NPIIN0000002258,HCP_02258,General Medicine,Chennai,Guindy,South Chennai
NPIIN0000002259,HCP_02259,General Medicine,Chennai,Nungambakkam,Central Chennai
NPIIN0000002260,HCP_02260,Dermatology,Chennai,Madhavaram,North Chennai
NPIIN0000002261,HCP_02261,Pulmonology,Chennai,Sholinganallur,South Chennai
NPIIN0000002262,HCP_02262,Pulmonology,Chennai,Velachery,South Chennai
NPIIN0000002263,HCP_02263,Endocrinology,Chennai,Ambattur,North Chennai
NPIIN0000002264,HCP_02264,Cardiology,Chennai,Egmore,Central Chennai
NPIIN0000002265,HCP_02265,Neurology,Chennai,Royapuram,North Chennai
NPIIN0000002266,HCP_02266,Pulmonology,Chennai,Mylapore,Central Chennai
NPIIN0000002267,HCP_02267,Dermatology,Chennai,Guindy,South Chennai
NPIIN0000002268,HCP_02268,Dermatology,Chennai,Tondiarpet,North Chennai
NPIIN0000002269,HCP_02269,Neurology,Chennai,Guindy,South Chennai
NPIIN0000002270,HCP_02270,Pulmonology,Chennai,Sholinganallur,South Chennai
NPIIN0000002271,HCP_02271,Urology,Chennai,Adyar,South Chennai
NPIIN0000002272,HCP_02272,Dermatology,Chennai,Tondiarpet,North Chennai
NPIIN0000002273,HCP_02273,Urology,Chennai,Velachery,South Chennai
NPIIN0000002274,HCP_02274,Orthopedics,Chennai,Tambaram,South Chennai
NPIIN0000002275,HCP_02275,General Medicine,Chennai,Guindy,South Chennai
NPIIN0000002276,HCP_02276,Gastroenterology,Chennai,Kilpauk,Central Chennai
NPIIN0000002277,HCP_02277,Neurology,Chennai,Royapuram,North Chennai
NPIIN0000002278,HCP_02278,Endocrinology,Chennai,Kilpauk,Central Chennai
NPIIN0000002279,HCP_02279,Neurology,Chennai,Sholinganallur,South Chennai
NPIIN0000002280,HCP_02280,General Medicine,Chennai,Tambaram,South Chennai
NPIIN0000002281,HCP_02281,General Medicine,Chennai,Tondiarpet,North Chennai
NPIIN0000002282,HCP_02282,Endocrinology,Chennai,Nungambakkam,Central Chennai
NPIIN0000002283,HCP_02283,Gastroenterology,Chennai,Nungambakkam,Central Chennai
NPIIN0000002284,HCP_02284,Neurology,Chennai,Porur,South Chennai
NPIIN0000002285,HCP_02285,Pulmonology,Chennai,Anna Nagar,Central Chennai
NPIIN0000002286,HCP_02286,Endocrinology,Chennai,Kilpauk,Central Chennai
NPIIN0000002287,HCP_02287,Pulmonology,Chennai,Porur,South Chennai
NPIIN0000002288,HCP_02288,Cardiology,Chennai,Guindy,South Chennai
NPIIN0000002289,HCP_02289,General Medicine,Chennai,Nungambakkam,Central Chennai
NPIIN0000002290,HCP_02290,General Medicine,Chennai,Anna Nagar,Central Chennai
NPIIN0000002291,HCP_02291,Urology,Chennai,Tambaram,South Chennai
NPIIN0000002292,HCP_02292,General Medicine,Chennai,Porur,South Chennai
NPIIN0000002293,HCP_02293,Pulmonology,Chennai,Washermenpet,North Chennai
NPIIN0000002294,HCP_02294,Urology,Chennai,Mylapore,Central Chennai
NPIIN0000002295,HCP_02295,General Medicine,Chennai,Nungambakkam,Central Chennai
NPIIN0000002296,HCP_02296,Urology,Chennai,Nungambakkam,Central Chennai
NPIIN0000002297,HCP_02297,Cardiology,Chennai,Adyar,South Chennai
NPIIN0000002298,HCP_02298,General Medicine,Chennai,Egmore,Central Chennai
NPIIN0000002299,HCP_02299,Cardiology,Chennai,Egmore,Central Chennai
NPIIN0000002300,HCP_02300,Pulmonology,Chennai,Velachery,South Chennai
NPIIN0000002301,HCP_02301,Orthopedics,Chennai,Sholinganallur,South Chennai
NPIIN0000002302,HCP_02302,Neurology,Chennai,Velachery,South Chennai
NPIIN0000002303,HCP_02303,Pulmonology,Chennai,Washermenpet,North Chennai
NPIIN0000002304,HCP_02304,Diabetology,Chennai,Perambur,North Chennai
NPIIN0000002305,HCP_02305,Orthopedics,Chennai,Tondiarpet,North Chennai
NPIIN0000002306,HCP_02306,General Medicine,Chennai,Nungambakkam,Central Chennai
NPIIN0000002307,HCP_02307,Diabetology,Chennai,Ambattur,North Chennai
NPIIN0000002308,HCP_02308,Orthopedics,Chennai,Ambattur,North Chennai
NPIIN0000002309,HCP_02309,General Medicine,Chennai,Royapuram,North Chennai
NPIIN0000002310,HCP_02310,General Medicine,Chennai,Tambaram,South Chennai
NPIIN0000002311,HCP_02311,Cardiology,Chennai,Adyar,South Chennai
NPIIN0000002312,HCP_02312,Endocrinology,Chennai,T Nagar,Central Chennai
NPIIN0000002313,HCP_02313,Dermatology,Chennai,Perambur,North Chennai
NPIIN0000002314,HCP_02314,General Medicine,Chennai,Mylapore,Central Chennai
NPIIN0000002315,HCP_02315,Orthopedics,Chennai,Madhavaram,North Chennai
NPIIN0000002316,HCP_02316,Cardiology,Chennai,T Nagar,Central Chennai
NPIIN0000002317,HCP_02317,Pulmonology,Chennai,Mylapore,Central Chennai
NPIIN0000002318,HCP_02318,Gastroenterology,Chennai,Adyar,South Chennai
NPIIN0000002319,HCP_02319,Pulmonology,Chennai,Tondiarpet,North Chennai
NPIIN0000002320,HCP_02320,General Medicine,Chennai,Tambaram,South Chennai
NPIIN0000002321,HCP_02321,Pulmonology,Chennai,Anna Nagar,Central Chennai
NPIIN0000002322,HCP_02322,Neurology,Chennai,Egmore,Central Chennai
NPIIN0000002323,HCP_02323,Urology,Chennai,Madhavaram,North Chennai
NPIIN0000002324,HCP_02324,General Medicine,Chennai,Kilpauk,Central Chennai
NPIIN0000002325,HCP_02325,General Medicine,Chennai,Mylapore,Central Chennai
NPIIN0000002326,HCP_02326,Neurology,Chennai,Sholinganallur,South Chennai
NPIIN0000002327,HCP_02327,Diabetology,Chennai,Anna Nagar,Central Chennai
NPIIN0000002328,HCP_02328,Endocrinology,Chennai,T Nagar,Central Chennai
NPIIN0000002329,HCP_02329,Orthopedics,Chennai,Perambur,North Chennai
NPIIN0000002330,HCP_02330,Endocrinology,Chennai,Royapuram,North Chennai
NPIIN0000002331,HCP_02331,Endocrinology,Chennai,Ambattur,North Chennai
NPIIN0000002332,HCP_02332,Pulmonology,Chennai,Washermenpet,North Chennai
NPIIN0000002333,HCP_02333,Cardiology,Chennai,Tambaram,South Chennai
NPIIN0000002334,HCP_02334,Cardiology,Chennai,Kilpauk,Central Chennai
NPIIN0000002335,HCP_02335,Cardiology,Chennai,Perambur,North Chennai
NPIIN0000002336,HCP_02336,Cardiology,Chennai,Guindy,South Chennai
NPIIN0000002337,HCP_02337,General Medicine,Chennai,Sholinganallur,South Chennai
NPIIN0000002338,HCP_02338,Dermatology,Chennai,Washermenpet,North Chennai
NPIIN0000002339,HCP_02339,General Medicine,Chennai,Tondiarpet,North Chennai
NPIIN0000002340,HCP_02340,General Medicine,Chennai,Mylapore,Central Chennai
NPIIN0000002341,HCP_02341,Pulmonology,Chennai,Kilpauk,Central Chennai
NPIIN0000002342,HCP_02342,Diabetology,Chennai,T Nagar,Central Chennai
NPIIN0000002343,HCP_02343,General Medicine,Chennai,Guindy,South Chennai
NPIIN0000002344,HCP_02344,General Medicine,Chennai,Nungambakkam,Central Chennai
NPIIN0000002345,HCP_02345,General Medicine,Chennai,Guindy,South Chennai
NPIIN0000002346,HCP_02346,General Medicine,Chennai,Nungambakkam,Central Chennai
NPIIN0000002347,HCP_02347,Cardiology,Chennai,Sholinganallur,South Chennai
NPIIN0000002348,HCP_02348,Urology,Chennai,Sholinganallur,South Chennai
NPIIN0000002349,HCP_02349,Orthopedics,Chennai,Mylapore,Central Chennai
NPIIN0000002350,HCP_02350,Urology,Chennai,T Nagar,Central Chennai
NPIIN0000002351,HCP_02351,Cardiology,Chennai,Nungambakkam,Central Chennai
NPIIN0000002352,HCP_02352,Gastroenterology,Chennai,Guindy,South Chennai
NPIIN0000002353,HCP_02353,Pulmonology,Chennai,Kilpauk,Central Chennai
NPIIN0000002354,HCP_02354,Cardiology,Chennai,Tondiarpet,North Chennai
NPIIN0000002355,HCP_02355,Orthopedics,Chennai,Tondiarpet,North Chennai
NPIIN0000002356,HCP_02356,Gastroenterology,Chennai,Adyar,South Chennai
NPIIN0000002357,HCP_02357,Endocrinology,Chennai,Madhavaram,North Chennai
NPIIN0000002358,HCP_02358,Orthopedics,Chennai,Ambattur,North Chennai
NPIIN0000002359,HCP_02359,Cardiology,Chennai,Porur,South Chennai
NPIIN0000002360,HCP_02360,General Medicine,Chennai,Nungambakkam,Central Chennai
NPIIN0000002361,HCP_02361,Endocrinology,Chennai,Adyar,South Chennai
NPIIN0000002362,HCP_02362,Endocrinology,Chennai,Nungambakkam,Central Chennai
NPIIN0000002363,HCP_02363,Orthopedics,Chennai,Washermenpet,North Chennai
NPIIN0000002364,HCP_02364,Pulmonology,Chennai,Velachery,South Chennai
NPIIN0000002365,HCP_02365,Diabetology,Chennai,Velachery,South Chennai
NPIIN0000002366,HCP_02366,Gastroenterology,Chennai,Adyar,South Chennai
NPIIN0000002367,HCP_02367,Urology,Chennai,Egmore,Central Chennai
NPIIN0000002368,HCP_02368,Urology,Chennai,Ambattur,North Chennai
NPIIN0000002369,HCP_02369,Orthopedics,Chennai,Royapuram,North Chennai
NPIIN0000002370,HCP_02370,Urology,Chennai,Royapuram,North Chennai
NPIIN0000002371,HCP_02371,Neurology,Chennai,Washermenpet,North Chennai
NPIIN0000002372,HCP_02372,General Medicine,Chennai,Kilpauk,Central Chennai
NPIIN0000002373,HCP_02373,Urology,Chennai,Mylapore,Central Chennai
NPIIN0000002374,HCP_02374,Cardiology,Chennai,Mylapore,Central Chennai
NPIIN0000002375,HCP_02375,Endocrinology,Chennai,Royapuram,North Chennai
NPIIN0000002376,HCP_02376,General Medicine,Chennai,Anna Nagar,Central Chennai
NPIIN0000002377,HCP_02377,Diabetology,Chennai,Tambaram,South Chennai
NPIIN0000002378,HCP_02378,Pulmonology,Chennai,Royapuram,North Chennai
NPIIN0000002379,HCP_02379,Urology,Chennai,T Nagar,Central Chennai
NPIIN0000002380,HCP_02380,General Medicine,Chennai,Velachery,South Chennai
NPIIN0000002381,HCP_02381,Pulmonology,Chennai,Sholinganallur,South Chennai
NPIIN0000002382,HCP_02382,General Medicine,Chennai,T Nagar,Central Chennai
NPIIN0000002383,HCP_02383,Neurology,Chennai,Nungambakkam,Central Chennai
NPIIN0000002384,HCP_02384,Cardiology,Chennai,T Nagar,Central Chennai
NPIIN0000002385,HCP_02385,Cardiology,Chennai,Mylapore,Central Chennai
NPIIN0000002386,HCP_02386,Neurology,Chennai,Velachery,South Chennai
NPIIN0000002387,HCP_02387,Pulmonology,Chennai,Velachery,South Chennai
NPIIN0000002388,HCP_02388,General Medicine,Chennai,Kilpauk,Central Chennai
NPIIN0000002389,HCP_02389,General Medicine,Chennai,Velachery,South Chennai
NPIIN0000002390,HCP_02390,Cardiology,Chennai,Kilpauk,Central Chennai
NPIIN0000002391,HCP_02391,Neurology,Chennai,Royapuram,North Chennai
NPIIN0000002392,HCP_02392,General Medicine,Chennai,Guindy,South Chennai
NPIIN0000002393,HCP_02393,General Medicine,Chennai,Tondiarpet,North Chennai
NPIIN0000002394,HCP_02394,Urology,Chennai,Nungambakkam,Central Chennai
NPIIN0000002395,HCP_02395,Gastroenterology,Chennai,Madhavaram,North Chennai
NPIIN0000002396,HCP_02396,Endocrinology,Chennai,Tambaram,South Chennai
NPIIN0000002397,HCP_02397,Neurology,Chennai,Egmore,Central Chennai
NPIIN0000002398,HCP_02398,Cardiology,Chennai,Mylapore,Central Chennai
NPIIN0000002399,HCP_02399,Endocrinology,Chennai,Kilpauk,Central Chennai
NPIIN0000002400,HCP_02400,Gastroenterology,Chennai,Perambur,North Chennai
NPIIN0000002401,HCP_02401,Cardiology,Chennai,Washermenpet,North Chennai
NPIIN0000002402,HCP_02402,Diabetology,Chennai,Adyar,South Chennai
NPIIN0000002403,HCP_02403,Urology,Chennai,Guindy,South Chennai
NPIIN0000002404,HCP_02404,Gastroenterology,Chennai,Sholinganallur,South Chennai
NPIIN0000002405,HCP_02405,Urology,Chennai,Tambaram,South Chennai
NPIIN0000002406,HCP_02406,Urology,Chennai,Kilpauk,Central Chennai
NPIIN0000002407,HCP_02407,Diabetology,Chennai,Tondiarpet,North Chennai
NPIIN0000002408,HCP_02408,Neurology,Chennai,Anna Nagar,Central Chennai
NPIIN0000002409,HCP_02409,General Medicine,Chennai,T Nagar,Central Chennai
NPIIN0000002410,HCP_02410,Neurology,Chennai,Tambaram,South Chennai
NPIIN0000002411,HCP_02411,General Medicine,Chennai,Tambaram,South Chennai
NPIIN0000002412,HCP_02412,Cardiology,Chennai,Adyar,South Chennai
NPIIN0000002413,HCP_02413,Cardiology,Chennai,Tondiarpet,North Chennai
NPIIN0000002414,HCP_02414,Gastroenterology,Chennai,Washermenpet,North Chennai
NPIIN0000002415,HCP_02415,Cardiology,Chennai,Tondiarpet,North Chennai
NPIIN0000002416,HCP_02416,Pulmonology,Chennai,Kilpauk,Central Chennai
NPIIN0000002417,HCP_02417,Dermatology,Chennai,Mylapore,Central Chennai
NPIIN0000002418,HCP_02418,Gastroenterology,Chennai,Royapuram,North Chennai
NPIIN0000002419,HCP_02419,General Medicine,Chennai,Nungambakkam,Central Chennai
NPIIN0000002420,HCP_02420,Endocrinology,Chennai,Guindy,South Chennai
NPIIN0000002421,HCP_02421,Urology,Chennai,T Nagar,Central Chennai
NPIIN0000002422,HCP_02422,Pulmonology,Chennai,T Nagar,Central Chennai
NPIIN0000002423,HCP_02423,General Medicine,Chennai,Velachery,South Chennai
NPIIN0000002424,HCP_02424,Orthopedics,Chennai,Egmore,Central Chennai
NPIIN0000002425,HCP_02425,Endocrinology,Chennai,Velachery,South Chennai
NPIIN0000002426,HCP_02426,General Medicine,Chennai,Porur,South Chennai
NPIIN0000002427,HCP_02427,Cardiology,Chennai,Egmore,Central Chennai
NPIIN0000002428,HCP_02428,Cardiology,Chennai,Velachery,South Chennai
NPIIN0000002429,HCP_02429,General Medicine,Chennai,Tambaram,South Chennai
NPIIN0000002430,HCP_02430,Neurology,Chennai,Adyar,South Chennai
NPIIN0000002431,HCP_02431,General Medicine,Chennai,Adyar,South Chennai
NPIIN0000002432,HCP_02432,Neurology,Chennai,Adyar,South Chennai
NPIIN0000002433,HCP_02433,Dermatology,Chennai,Perambur,North Chennai
NPIIN0000002434,HCP_02434,Urology,Chennai,Anna Nagar,Central Chennai
NPIIN0000002435,HCP_02435,Cardiology,Chennai,Adyar,South Chennai
NPIIN0000002436,HCP_02436,Gastroenterology,Chennai,Guindy,South Chennai
NPIIN0000002437,HCP_02437,Endocrinology,Chennai,Tondiarpet,North Chennai
NPIIN0000002438,HCP_02438,Neurology,Chennai,Velachery,South Chennai
NPIIN0000002439,HCP_02439,General Medicine,Chennai,Perambur,North Chennai
NPIIN0000002440,HCP_02440,Neurology,Chennai,Adyar,South Chennai
NPIIN0000002441,HCP_02441,Endocrinology,Chennai,Adyar,South Chennai
NPIIN0000002442,HCP_02442,Neurology,Chennai,Anna Nagar,Central Chennai
NPIIN0000002443,HCP_02443,Cardiology,Chennai,Egmore,Central Chennai
NPIIN0000002444,HCP_02444,Endocrinology,Chennai,Washermenpet,North Chennai
NPIIN0000002445,HCP_02445,Pulmonology,Chennai,Tondiarpet,North Chennai
NPIIN0000002446,HCP_02446,General Medicine,Chennai,Ambattur,North Chennai
NPIIN0000002447,HCP_02447,Neurology,Chennai,T Nagar,Central Chennai
NPIIN0000002448,HCP_02448,Neurology,Chennai,Ambattur,North Chennai
NPIIN0000002449,HCP_02449,Pulmonology,Chennai,Washermenpet,North Chennai
NPIIN0000002450,HCP_02450,Gastroenterology,Chennai,Royapuram,North Chennai
NPIIN0000002451,HCP_02451,Dermatology,Chennai,Velachery,South Chennai
NPIIN0000002452,HCP_02452,Urology,Chennai,Sholinganallur,South Chennai
NPIIN0000002453,HCP_02453,Cardiology,Chennai,Guindy,South Chennai
NPIIN0000002454,HCP_02454,Pulmonology,Chennai,Porur,South Chennai
NPIIN0000002455,HCP_02455,Gastroenterology,Chennai,Guindy,South Chennai
NPIIN0000002456,HCP_02456,Endocrinology,Chennai,Madhavaram,North Chennai
NPIIN0000002457,HCP_02457,Diabetology,Chennai,Madhavaram,North Chennai
NPIIN0000002458,HCP_02458,Diabetology,Chennai,Egmore,Central Chennai
NPIIN0000002459,HCP_02459,Pulmonology,Chennai,Anna Nagar,Central Chennai
NPIIN0000002460,HCP_02460,General Medicine,Chennai,Perambur,North Chennai
NPIIN0000002461,HCP_02461,Neurology,Chennai,Porur,South Chennai
NPIIN0000002462,HCP_02462,Pulmonology,Chennai,Sholinganallur,South Chennai
NPIIN0000002463,HCP_02463,Neurology,Chennai,Mylapore,Central Chennai
NPIIN0000002464,HCP_02464,Diabetology,Chennai,Washermenpet,North Chennai
NPIIN0000002465,HCP_02465,Gastroenterology,Chennai,Anna Nagar,Central Chennai
NPIIN0000002466,HCP_02466,Neurology,Chennai,Guindy,South Chennai
NPIIN0000002467,HCP_02467,Cardiology,Chennai,Sholinganallur,South Chennai
NPIIN0000002468,HCP_02468,Endocrinology,Chennai,Tondiarpet,North Chennai
NPIIN0000002469,HCP_02469,Diabetology,Chennai,Perambur,North Chennai
NPIIN0000002470,HCP_02470,Orthopedics,Chennai,Mylapore,Central Chennai
NPIIN0000002471,HCP_02471,Diabetology,Chennai,Tondiarpet,North Chennai
NPIIN0000002472,HCP_02472,Cardiology,Chennai,Tambaram,South Chennai
NPIIN0000002473,HCP_02473,Endocrinology,Chennai,Guindy,South Chennai
NPIIN0000002474,HCP_02474,Cardiology,Chennai,Madhavaram,North Chennai
NPIIN0000002475,HCP_02475,General Medicine,Chennai,Ambattur,North Chennai
NPIIN0000002476,HCP_02476,Dermatology,Chennai,T Nagar,Central Chennai
NPIIN0000002477,HCP_02477,General Medicine,Chennai,Egmore,Central Chennai
NPIIN0000002478,HCP_02478,Dermatology,Chennai,Anna Nagar,Central Chennai
NPIIN0000002479,HCP_02479,Cardiology,Chennai,Madhavaram,North Chennai
NPIIN0000002480,HCP_02480,General Medicine,Chennai,Sholinganallur,South Chennai
NPIIN0000002481,HCP_02481,Gastroenterology,Chennai,Ambattur,North Chennai
NPIIN0000002482,HCP_02482,Neurology,Chennai,Egmore,Central Chennai
NPIIN0000002483,HCP_02483,Dermatology,Chennai,Nungambakkam,Central Chennai
NPIIN0000002484,HCP_02484,Diabetology,Chennai,Anna Nagar,Central Chennai
NPIIN0000002485,HCP_02485,General Medicine,Chennai,Porur,South Chennai
NPIIN0000002486,HCP_02486,Neurology,Chennai,Ambattur,North Chennai
NPIIN0000002487,HCP_02487,Endocrinology,Chennai,Sholinganallur,South Chennai
NPIIN0000002488,HCP_02488,Dermatology,Chennai,Porur,South Chennai
NPIIN0000002489,HCP_02489,Diabetology,Chennai,T Nagar,Central Chennai
NPIIN0000002490,HCP_02490,Cardiology,Chennai,Perambur,North Chennai
NPIIN0000002491,HCP_02491,Gastroenterology,Chennai,Sholinganallur,South Chennai
NPIIN0000002492,HCP_02492,Neurology,Chennai,Madhavaram,North Chennai
NPIIN0000002493,HCP_02493,Urology,Chennai,Anna Nagar,Central Chennai
NPIIN0000002494,HCP_02494,Urology,Chennai,Tambaram,South Chennai
NPIIN0000002495,HCP_02495,Diabetology,Chennai,Guindy,South Chennai
NPIIN0000002496,HCP_02496,Neurology,Chennai,Royapuram,North Chennai
NPIIN0000002497,HCP_02497,Orthopedics,Chennai,Perambur,North Chennai
NPIIN0000002498,HCP_02498,Diabetology,Chennai,T Nagar,Central Chennai
NPIIN0000002499,HCP_02499,General Medicine,Chennai,Tambaram,South Chennai
NPIIN0000002500,HCP_02500,Urology,Chennai,Royapuram,North Chennai
NPIIN0000002501,HCP_02501,Cardiology,Chennai,Anna Nagar,Central Chennai
NPIIN0000002502,HCP_02502,Urology,Chennai,Sholinganallur,South Chennai
NPIIN0000002503,HCP_02503,General Medicine,Chennai,Porur,South Chennai
NPIIN0000002504,HCP_02504,Urology,Chennai,Tambaram,South Chennai
NPIIN0000002505,HCP_02505,Pulmonology,Chennai,Anna Nagar,Central Chennai
NPIIN0000002506,HCP_02506,Neurology,Chennai,Egmore,Central Chennai
NPIIN0000002507,HCP_02507,Gastroenterology,Chennai,Guindy,South Chennai
NPIIN0000002508,HCP_02508,Cardiology,Chennai,Porur,South Chennai
NPIIN0000002509,HCP_02509,Pulmonology,Chennai,Ambattur,North Chennai
NPIIN0000002510,HCP_02510,Urology,Chennai,Velachery,South Chennai
NPIIN0000002511,HCP_02511,Orthopedics,Chennai,Perambur,North Chennai
NPIIN0000002512,HCP_02512,Orthopedics,Chennai,Perambur,North Chennai
NPIIN0000002513,HCP_02513,Neurology,Chennai,Anna Nagar,Central Chennai
NPIIN0000002514,HCP_02514,Neurology,Chennai,T Nagar,Central Chennai
NPIIN0000002515,HCP_02515,Pulmonology,Chennai,Nungambakkam,Central Chennai
NPIIN0000002516,HCP_02516,Pulmonology,Chennai,Adyar,South Chennai
NPIIN0000002517,HCP_02517,Pulmonology,Chennai,T Nagar,Central Chennai
NPIIN0000002518,HCP_02518,Cardiology,Chennai,Kilpauk,Central Chennai
NPIIN0000002519,HCP_02519,Cardiology,Chennai,Perambur,North Chennai
NPIIN0000002520,HCP_02520,Pulmonology,Chennai,Nungambakkam,Central Chennai
NPIIN0000002521,HCP_02521,Diabetology,Chennai,Mylapore,Central Chennai
NPIIN0000002522,HCP_02522,Diabetology,Chennai,Perambur,North Chennai
NPIIN0000002523,HCP_02523,Endocrinology,Chennai,Ambattur,North Chennai
NPIIN0000002524,HCP_02524,Dermatology,Chennai,Adyar,South Chennai
NPIIN0000002525,HCP_02525,Orthopedics,Chennai,Adyar,South Chennai
NPIIN0000002526,HCP_02526,Pulmonology,Chennai,Anna Nagar,Central Chennai
NPIIN0000002527,HCP_02527,Orthopedics,Chennai,Adyar,South Chennai
NPIIN0000002528,HCP_02528,Urology,Chennai,Sholinganallur,South Chennai
NPIIN0000002529,HCP_02529,Endocrinology,Chennai,Porur,South Chennai
NPIIN0000002530,HCP_02530,Endocrinology,Chennai,Porur,South Chennai
NPIIN0000002531,HCP_02531,Endocrinology,Chennai,Sholinganallur,South Chennai
NPIIN0000002532,HCP_02532,Cardiology,Chennai,Tambaram,South Chennai
NPIIN0000002533,HCP_02533,Pulmonology,Chennai,Porur,South Chennai
NPIIN0000002534,HCP_02534,Diabetology,Chennai,Egmore,Central Chennai
NPIIN0000002535,HCP_02535,Urology,Chennai,Guindy,South Chennai
NPIIN0000002536,HCP_02536,Pulmonology,Chennai,Madhavaram,North Chennai
NPIIN0000002537,HCP_02537,General Medicine,Chennai,Sholinganallur,South Chennai
NPIIN0000002538,HCP_02538,Orthopedics,Chennai,Madhavaram,North Chennai
NPIIN0000002539,HCP_02539,Orthopedics,Chennai,Anna Nagar,Central Chennai
NPIIN0000002540,HCP_02540,Gastroenterology,Chennai,Tondiarpet,North Chennai
NPIIN0000002541,HCP_02541,Dermatology,Chennai,Tondiarpet,North Chennai
NPIIN0000002542,HCP_02542,Orthopedics,Chennai,Royapuram,North Chennai
NPIIN0000002543,HCP_02543,Pulmonology,Chennai,Kilpauk,Central Chennai
NPIIN0000002544,HCP_02544,Urology,Chennai,Mylapore,Central Chennai
NPIIN0000002545,HCP_02545,Cardiology,Chennai,Perambur,North Chennai
NPIIN0000002546,HCP_02546,Pulmonology,Chennai,Madhavaram,North Chennai
NPIIN0000002547,HCP_02547,General Medicine,Chennai,Porur,South Chennai
NPIIN0000002548,HCP_02548,Cardiology,Chennai,Nungambakkam,Central Chennai
NPIIN0000002549,HCP_02549,Cardiology,Chennai,Egmore,Central Chennai
NPIIN0000002550,HCP_02550,Cardiology,Chennai,T Nagar,Central Chennai
NPIIN0000002551,HCP_02551,Diabetology,Chennai,Perambur,North Chennai
NPIIN0000002552,HCP_02552,Cardiology,Chennai,Madhavaram,North Chennai
NPIIN0000002553,HCP_02553,General Medicine,Chennai,Sholinganallur,South Chennai
NPIIN0000002554,HCP_02554,Dermatology,Chennai,Tambaram,South Chennai
NPIIN0000002555,HCP_02555,Pulmonology,Chennai,Egmore,Central Chennai
NPIIN0000002556,HCP_02556,Neurology,Chennai,Sholinganallur,South Chennai
NPIIN0000002557,HCP_02557,Cardiology,Chennai,Kilpauk,Central Chennai
NPIIN0000002558,HCP_02558,Dermatology,Chennai,Egmore,Central Chennai
NPIIN0000002559,HCP_02559,Endocrinology,Chennai,Washermenpet,North Chennai
NPIIN0000002560,HCP_02560,Diabetology,Chennai,Kilpauk,Central Chennai
NPIIN0000002561,HCP_02561,General Medicine,Chennai,Perambur,North Chennai
NPIIN0000002562,HCP_02562,Urology,Chennai,Guindy,South Chennai
NPIIN0000002563,HCP_02563,Orthopedics,Chennai,Velachery,South Chennai
NPIIN0000002564,HCP_02564,Gastroenterology,Chennai,Royapuram,North Chennai
NPIIN0000002565,HCP_02565,Gastroenterology,Chennai,Washermenpet,North Chennai
NPIIN0000002566,HCP_02566,General Medicine,Chennai,Ambattur,North Chennai
NPIIN0000002567,HCP_02567,Neurology,Chennai,Anna Nagar,Central Chennai
NPIIN0000002568,HCP_02568,Endocrinology,Chennai,T Nagar,Central Chennai
NPIIN0000002569,HCP_02569,Diabetology,Chennai,Adyar,South Chennai
NPIIN0000002570,HCP_02570,Orthopedics,Chennai,Porur,South Chennai
NPIIN0000002571,HCP_02571,Orthopedics,Chennai,Anna Nagar,Central Chennai
NPIIN0000002572,HCP_02572,Diabetology,Chennai,Tondiarpet,North Chennai
NPIIN0000002573,HCP_02573,Diabetology,Chennai,Adyar,South Chennai
NPIIN0000002574,HCP_02574,Endocrinology,Chennai,Tambaram,South Chennai
NPIIN0000002575,HCP_02575,General Medicine,Chennai,Perambur,North Chennai
NPIIN0000002576,HCP_02576,Endocrinology,Chennai,Madhavaram,North Chennai
NPIIN0000002577,HCP_02577,Neurology,Chennai,Adyar,South Chennai
NPIIN0000002578,HCP_02578,Cardiology,Chennai,Adyar,South Chennai
NPIIN0000002579,HCP_02579,Cardiology,Chennai,Anna Nagar,Central Chennai
NPIIN0000002580,HCP_02580,Diabetology,Chennai,Tambaram,South Chennai
NPIIN0000002581,HCP_02581,Gastroenterology,Chennai,Kilpauk,Central Chennai
NPIIN0000002582,HCP_02582,Diabetology,Chennai,Guindy,South Chennai
NPIIN0000002583,HCP_02583,General Medicine,Chennai,Mylapore,Central Chennai
NPIIN0000002584,HCP_02584,Neurology,Chennai,Egmore,Central Chennai
NPIIN0000002585,HCP_02585,Gastroenterology,Chennai,T Nagar,Central Chennai
NPIIN0000002586,HCP_02586,Diabetology,Chennai,Washermenpet,North Chennai
NPIIN0000002587,HCP_02587,Gastroenterology,Chennai,Kilpauk,Central Chennai
NPIIN0000002588,HCP_02588,Diabetology,Chennai,Anna Nagar,Central Chennai
NPIIN0000002589,HCP_02589,Neurology,Chennai,Madhavaram,North Chennai
NPIIN0000002590,HCP_02590,General Medicine,Chennai,Madhavaram,North Chennai
NPIIN0000002591,HCP_02591,Urology,Chennai,Sholinganallur,South Chennai
NPIIN0000002592,HCP_02592,Orthopedics,Chennai,Guindy,South Chennai
NPIIN0000002593,HCP_02593,Gastroenterology,Chennai,Tambaram,South Chennai
NPIIN0000002594,HCP_02594,Urology,Chennai,T Nagar,Central Chennai
NPIIN0000002595,HCP_02595,Cardiology,Chennai,Mylapore,Central Chennai
NPIIN0000002596,HCP_02596,Neurology,Chennai,Adyar,South Chennai
NPIIN0000002597,HCP_02597,Endocrinology,Chennai,Mylapore,Central Chennai
NPIIN0000002598,HCP_02598,Diabetology,Chennai,Perambur,North Chennai
NPIIN0000002599,HCP_02599,General Medicine,Chennai,Tambaram,South Chennai
NPIIN0000002600,HCP_02600,Gastroenterology,Chennai,Porur,South Chennai
NPIIN0000002601,HCP_02601,Gastroenterology,Chennai,Washermenpet,North Chennai
NPIIN0000002602,HCP_02602,Urology,Chennai,Guindy,South Chennai
NPIIN0000002603,HCP_02603,Pulmonology,Chennai,Washermenpet,North Chennai
NPIIN0000002604,HCP_02604,Urology,Chennai,Guindy,South Chennai
NPIIN0000002605,HCP_02605,Urology,Chennai,T Nagar,Central Chennai
NPIIN0000002606,HCP_02606,Dermatology,Chennai,Kilpauk,Central Chennai
NPIIN0000002607,HCP_02607,Endocrinology,Chennai,Royapuram,North Chennai
NPIIN0000002608,HCP_02608,Pulmonology,Chennai,T Nagar,Central Chennai
NPIIN0000002609,HCP_02609,Gastroenterology,Chennai,Adyar,South Chennai
NPIIN0000002610,HCP_02610,Orthopedics,Chennai,Perambur,North Chennai
NPIIN0000002611,HCP_02611,Cardiology,Chennai,Guindy,South Chennai
NPIIN0000002612,HCP_02612,Diabetology,Chennai,Tambaram,South Chennai
NPIIN0000002613,HCP_02613,General Medicine,Chennai,Madhavaram,North Chennai
NPIIN0000002614,HCP_02614,Diabetology,Chennai,Tambaram,South Chennai
NPIIN0000002615,HCP_02615,Dermatology,Chennai,Anna Nagar,Central Chennai
NPIIN0000002616,HCP_02616,Cardiology,Chennai,Madhavaram,North Chennai
NPIIN0000002617,HCP_02617,General Medicine,Chennai,Mylapore,Central Chennai
NPIIN0000002618,HCP_02618,Gastroenterology,Chennai,Tambaram,South Chennai
NPIIN0000002619,HCP_02619,General Medicine,Chennai,Velachery,South Chennai
NPIIN0000002620,HCP_02620,Endocrinology,Chennai,Sholinganallur,South Chennai
NPIIN0000002621,HCP_02621,Pulmonology,Chennai,Adyar,South Chennai
NPIIN0000002622,HCP_02622,General Medicine,Chennai,Sholinganallur,South Chennai
NPIIN0000002623,HCP_02623,Orthopedics,Chennai,Nungambakkam,Central Chennai
NPIIN0000002624,HCP_02624,Gastroenterology,Chennai,Guindy,South Chennai
NPIIN0000002625,HCP_02625,Orthopedics,Chennai,Perambur,North Chennai
NPIIN0000002626,HCP_02626,Endocrinology,Chennai,Ambattur,North Chennai
NPIIN0000002627,HCP_02627,Gastroenterology,Chennai,Royapuram,North Chennai
NPIIN0000002628,HCP_02628,Pulmonology,Chennai,T Nagar,Central Chennai
NPIIN0000002629,HCP_02629,Gastroenterology,Chennai,Mylapore,Central Chennai
NPIIN0000002630,HCP_02630,General Medicine,Chennai,Anna Nagar,Central Chennai
NPIIN0000002631,HCP_02631,Endocrinology,Chennai,Kilpauk,Central Chennai
NPIIN0000002632,HCP_02632,Cardiology,Chennai,Washermenpet,North Chennai
NPIIN0000002633,HCP_02633,Dermatology,Chennai,Adyar,South Chennai
NPIIN0000002634,HCP_02634,Dermatology,Chennai,Adyar,South Chennai
NPIIN0000002635,HCP_02635,Endocrinology,Chennai,Royapuram,North Chennai
NPIIN0000002636,HCP_02636,Neurology,Chennai,Ambattur,North Chennai
NPIIN0000002637,HCP_02637,Gastroenterology,Chennai,Tondiarpet,North Chennai
NPIIN0000002638,HCP_02638,Pulmonology,Chennai,Egmore,Central Chennai
NPIIN0000002639,HCP_02639,Diabetology,Chennai,Porur,South Chennai
NPIIN0000002640,HCP_02640,Urology,Chennai,T Nagar,Central Chennai
NPIIN0000002641,HCP_02641,Neurology,Chennai,Tambaram,South Chennai
NPIIN0000002642,HCP_02642,Gastroenterology,Chennai,Tambaram,South Chennai
NPIIN0000002643,HCP_02643,Neurology,Chennai,Tondiarpet,North Chennai
NPIIN0000002644,HCP_02644,Gastroenterology,Chennai,Sholinganallur,South Chennai
NPIIN0000002645,HCP_02645,Endocrinology,Chennai,Kilpauk,Central Chennai
NPIIN0000002646,HCP_02646,Urology,Chennai,Tambaram,South Chennai
NPIIN0000002647,HCP_02647,Diabetology,Chennai,Porur,South Chennai
NPIIN0000002648,HCP_02648,Dermatology,Chennai,Adyar,South Chennai
NPIIN0000002649,HCP_02649,Urology,Chennai,Tambaram,South Chennai
NPIIN0000002650,HCP_02650,Neurology,Chennai,Sholinganallur,South Chennai
NPIIN0000002651,HCP_02651,Pulmonology,Chennai,Tambaram,South Chennai
NPIIN0000002652,HCP_02652,Cardiology,Chennai,Tondiarpet,North Chennai
NPIIN0000002653,HCP_02653,General Medicine,Chennai,Tambaram,South Chennai
NPIIN0000002654,HCP_02654,Pulmonology,Chennai,Velachery,South Chennai
NPIIN0000002655,HCP_02655,Cardiology,Chennai,Perambur,North Chennai
NPIIN0000002656,HCP_02656,Cardiology,Chennai,Guindy,South Chennai
NPIIN0000002657,HCP_02657,Orthopedics,Chennai,Royapuram,North Chennai
NPIIN0000002658,HCP_02658,General Medicine,Chennai,Perambur,North Chennai
NPIIN0000002659,HCP_02659,General Medicine,Chennai,T Nagar,Central Chennai
NPIIN0000002660,HCP_02660,Diabetology,Chennai,Kilpauk,Central Chennai
NPIIN0000002661,HCP_02661,Neurology,Chennai,Porur,South Chennai
NPIIN0000002662,HCP_02662,General Medicine,Chennai,Royapuram,North Chennai
NPIIN0000002663,HCP_02663,Dermatology,Chennai,Washermenpet,North Chennai
NPIIN0000002664,HCP_02664,General Medicine,Chennai,Anna Nagar,Central Chennai
NPIIN0000002665,HCP_02665,Cardiology,Chennai,Perambur,North Chennai
NPIIN0000002666,HCP_02666,General Medicine,Chennai,Sholinganallur,South Chennai
NPIIN0000002667,HCP_02667,Cardiology,Chennai,Velachery,South Chennai
NPIIN0000002668,HCP_02668,Dermatology,Chennai,Nungambakkam,Central Chennai
NPIIN0000002669,HCP_02669,Cardiology,Chennai,Tondiarpet,North Chennai
NPIIN0000002670,HCP_02670,Endocrinology,Chennai,Royapuram,North Chennai
NPIIN0000002671,HCP_02671,General Medicine,Chennai,Madhavaram,North Chennai
NPIIN0000002672,HCP_02672,Endocrinology,Chennai,Madhavaram,North Chennai
NPIIN0000002673,HCP_02673,Pulmonology,Chennai,Perambur,North Chennai
NPIIN0000002674,HCP_02674,General Medicine,Chennai,Perambur,North Chennai
NPIIN0000002675,HCP_02675,Orthopedics,Chennai,Madhavaram,North Chennai
NPIIN0000002676,HCP_02676,Cardiology,Chennai,Royapuram,North Chennai
NPIIN0000002677,HCP_02677,Pulmonology,Chennai,Tondiarpet,North Chennai
NPIIN0000002678,HCP_02678,Gastroenterology,Chennai,Sholinganallur,South Chennai
NPIIN0000002679,HCP_02679,Cardiology,Chennai,Velachery,South Chennai
NPIIN0000002680,HCP_02680,Neurology,Chennai,Nungambakkam,Central Chennai
NPIIN0000002681,HCP_02681,Urology,Chennai,Velachery,South Chennai
NPIIN0000002682,HCP_02682,Gastroenterology,Chennai,Tambaram,South Chennai
NPIIN0000002683,HCP_02683,Orthopedics,Chennai,Kilpauk,Central Chennai
NPIIN0000002684,HCP_02684,Gastroenterology,Chennai,Ambattur,North Chennai
NPIIN0000002685,HCP_02685,General Medicine,Chennai,Egmore,Central Chennai
NPIIN0000002686,HCP_02686,Urology,Chennai,Adyar,South Chennai
NPIIN0000002687,HCP_02687,Endocrinology,Chennai,Kilpauk,Central Chennai
NPIIN0000002688,HCP_02688,Pulmonology,Chennai,Velachery,South Chennai
NPIIN0000002689,HCP_02689,Gastroenterology,Chennai,Kilpauk,Central Chennai
NPIIN0000002690,HCP_02690,Urology,Chennai,Washermenpet,North Chennai
NPIIN0000002691,HCP_02691,Urology,Chennai,Velachery,South Chennai
NPIIN0000002692,HCP_02692,Cardiology,Chennai,Perambur,North Chennai
NPIIN0000002693,HCP_02693,Gastroenterology,Chennai,Guindy,South Chennai
NPIIN0000002694,HCP_02694,Endocrinology,Chennai,Adyar,South Chennai
NPIIN0000002695,HCP_02695,Gastroenterology,Chennai,Porur,South Chennai
NPIIN0000002696,HCP_02696,Neurology,Chennai,Egmore,Central Chennai
NPIIN0000002697,HCP_02697,Endocrinology,Chennai,Sholinganallur,South Chennai
NPIIN0000002698,HCP_02698,Dermatology,Chennai,Nungambakkam,Central Chennai
NPIIN0000002699,HCP_02699,General Medicine,Chennai,Madhavaram,North Chennai
NPIIN0000002700,HCP_02700,Pulmonology,Chennai,Tambaram,South Chennai
NPIIN0000002701,HCP_02701,Orthopedics,Chennai,Guindy,South Chennai
NPIIN0000002702,HCP_02702,Neurology,Chennai,Ambattur,North Chennai
NPIIN0000002703,HCP_02703,Pulmonology,Chennai,Madhavaram,North Chennai
NPIIN0000002704,HCP_02704,Cardiology,Chennai,Adyar,South Chennai
NPIIN0000002705,HCP_02705,Endocrinology,Chennai,Guindy,South Chennai
NPIIN0000002706,HCP_02706,Cardiology,Chennai,Madhavaram,North Chennai
NPIIN0000002707,HCP_02707,General Medicine,Chennai,Guindy,South Chennai
NPIIN0000002708,HCP_02708,General Medicine,Chennai,Nungambakkam,Central Chennai
NPIIN0000002709,HCP_02709,Pulmonology,Chennai,Nungambakkam,Central Chennai
NPIIN0000002710,HCP_02710,Neurology,Chennai,Porur,South Chennai
NPIIN0000002711,HCP_02711,Endocrinology,Chennai,Tambaram,South Chennai
NPIIN0000002712,HCP_02712,Pulmonology,Chennai,Egmore,Central Chennai
NPIIN0000002713,HCP_02713,Urology,Chennai,Kilpauk,Central Chennai
NPIIN0000002714,HCP_02714,Endocrinology,Chennai,Mylapore,Central Chennai
NPIIN0000002715,HCP_02715,Neurology,Chennai,Adyar,South Chennai
NPIIN0000002716,HCP_02716,Cardiology,Chennai,Nungambakkam,Central Chennai
NPIIN0000002717,HCP_02717,Pulmonology,Chennai,Royapuram,North Chennai
NPIIN0000002718,HCP_02718,Gastroenterology,Chennai,Guindy,South Chennai
NPIIN0000002719,HCP_02719,Cardiology,Chennai,Mylapore,Central Chennai
NPIIN0000002720,HCP_02720,General Medicine,Chennai,Perambur,North Chennai
NPIIN0000002721,HCP_02721,Urology,Chennai,Ambattur,North Chennai
NPIIN0000002722,HCP_02722,Endocrinology,Chennai,Tambaram,South Chennai
NPIIN0000002723,HCP_02723,Gastroenterology,Chennai,Madhavaram,North Chennai
NPIIN0000002724,HCP_02724,Pulmonology,Chennai,Washermenpet,North Chennai
NPIIN0000002725,HCP_02725,Endocrinology,Chennai,Nungambakkam,Central Chennai
NPIIN0000002726,HCP_02726,Gastroenterology,Chennai,Velachery,South Chennai
NPIIN0000002727,HCP_02727,Pulmonology,Chennai,Sholinganallur,South Chennai
NPIIN0000002728,HCP_02728,Cardiology,Chennai,Nungambakkam,Central Chennai
NPIIN0000002729,HCP_02729,Orthopedics,Chennai,Madhavaram,North Chennai
NPIIN0000002730,HCP_02730,General Medicine,Chennai,Porur,South Chennai
NPIIN0000002731,HCP_02731,Gastroenterology,Chennai,Anna Nagar,Central Chennai
NPIIN0000002732,HCP_02732,Endocrinology,Chennai,Anna Nagar,Central Chennai
NPIIN0000002733,HCP_02733,Cardiology,Chennai,Washermenpet,North Chennai
NPIIN0000002734,HCP_02734,Gastroenterology,Chennai,Egmore,Central Chennai
NPIIN0000002735,HCP_02735,Neurology,Chennai,Nungambakkam,Central Chennai
NPIIN0000002736,HCP_02736,Diabetology,Chennai,Madhavaram,North Chennai
NPIIN0000002737,HCP_02737,Gastroenterology,Chennai,Egmore,Central Chennai
NPIIN0000002738,HCP_02738,General Medicine,Chennai,Washermenpet,North Chennai
NPIIN0000002739,HCP_02739,General Medicine,Chennai,Velachery,South Chennai
NPIIN0000002740,HCP_02740,Gastroenterology,Chennai,Royapuram,North Chennai
NPIIN0000002741,HCP_02741,Pulmonology,Chennai,Kilpauk,Central Chennai
NPIIN0000002742,HCP_02742,General Medicine,Chennai,Tambaram,South Chennai
NPIIN0000002743,HCP_02743,Gastroenterology,Chennai,Egmore,Central Chennai
NPIIN0000002744,HCP_02744,Pulmonology,Chennai,Adyar,South Chennai
NPIIN0000002745,HCP_02745,Orthopedics,Chennai,Royapuram,North Chennai
NPIIN0000002746,HCP_02746,Dermatology,Chennai,Adyar,South Chennai
NPIIN0000002747,HCP_02747,General Medicine,Chennai,T Nagar,Central Chennai
NPIIN0000002748,HCP_02748,General Medicine,Chennai,Mylapore,Central Chennai
NPIIN0000002749,HCP_02749,Orthopedics,Chennai,Perambur,North Chennai
NPIIN0000002750,HCP_02750,Urology,Chennai,T Nagar,Central Chennai
NPIIN0000002751,HCP_02751,Endocrinology,Chennai,T Nagar,Central Chennai
NPIIN0000002752,HCP_02752,Diabetology,Chennai,Porur,South Chennai
NPIIN0000002753,HCP_02753,General Medicine,Chennai,Porur,South Chennai
NPIIN0000002754,HCP_02754,Urology,Chennai,Nungambakkam,Central Chennai
NPIIN0000002755,HCP_02755,Urology,Chennai,Velachery,South Chennai
NPIIN0000002756,HCP_02756,Dermatology,Chennai,Sholinganallur,South Chennai
NPIIN0000002757,HCP_02757,Diabetology,Chennai,Velachery,South Chennai
NPIIN0000002758,HCP_02758,Urology,Chennai,Porur,South Chennai
NPIIN0000002759,HCP_02759,Cardiology,Chennai,Adyar,South Chennai
NPIIN0000002760,HCP_02760,General Medicine,Chennai,Ambattur,North Chennai
NPIIN0000002761,HCP_02761,General Medicine,Chennai,Velachery,South Chennai
NPIIN0000002762,HCP_02762,Pulmonology,Chennai,Sholinganallur,South Chennai
NPIIN0000002763,HCP_02763,Pulmonology,Chennai,Mylapore,Central Chennai
NPIIN0000002764,HCP_02764,Endocrinology,Chennai,Anna Nagar,Central Chennai
NPIIN0000002765,HCP_02765,Endocrinology,Chennai,Anna Nagar,Central Chennai
NPIIN0000002766,HCP_02766,Dermatology,Chennai,Adyar,South Chennai
NPIIN0000002767,HCP_02767,Cardiology,Chennai,Washermenpet,North Chennai
NPIIN0000002768,HCP_02768,General Medicine,Chennai,Adyar,South Chennai
NPIIN0000002769,HCP_02769,Endocrinology,Chennai,Velachery,South Chennai
NPIIN0000002770,HCP_02770,Diabetology,Chennai,Tambaram,South Chennai
NPIIN0000002771,HCP_02771,Diabetology,Chennai,Anna Nagar,Central Chennai
NPIIN0000002772,HCP_02772,Neurology,Chennai,Porur,South Chennai
NPIIN0000002773,HCP_02773,General Medicine,Chennai,Velachery,South Chennai
NPIIN0000002774,HCP_02774,Diabetology,Chennai,Anna Nagar,Central Chennai
NPIIN0000002775,HCP_02775,Dermatology,Chennai,Sholinganallur,South Chennai
NPIIN0000002776,HCP_02776,Cardiology,Chennai,Royapuram,North Chennai
NPIIN0000002777,HCP_02777,Gastroenterology,Chennai,Velachery,South Chennai
NPIIN0000002778,HCP_02778,Diabetology,Chennai,Madhavaram,North Chennai
NPIIN0000002779,HCP_02779,Urology,Chennai,Mylapore,Central Chennai
NPIIN0000002780,HCP_02780,Cardiology,Chennai,Egmore,Central Chennai
NPIIN0000002781,HCP_02781,Pulmonology,Chennai,Nungambakkam,Central Chennai
NPIIN0000002782,HCP_02782,Pulmonology,Chennai,Kilpauk,Central Chennai
NPIIN0000002783,HCP_02783,Pulmonology,Chennai,Guindy,South Chennai
NPIIN0000002784,HCP_02784,Dermatology,Chennai,Madhavaram,North Chennai
NPIIN0000002785,HCP_02785,Cardiology,Chennai,Egmore,Central Chennai
NPIIN0000002786,HCP_02786,General Medicine,Chennai,Adyar,South Chennai
NPIIN0000002787,HCP_02787,Urology,Chennai,Sholinganallur,South Chennai
NPIIN0000002788,HCP_02788,Urology,Chennai,Washermenpet,North Chennai
NPIIN0000002789,HCP_02789,General Medicine,Chennai,Adyar,South Chennai
NPIIN0000002790,HCP_02790,Pulmonology,Chennai,Washermenpet,North Chennai
NPIIN0000002791,HCP_02791,Gastroenterology,Chennai,Adyar,South Chennai
NPIIN0000002792,HCP_02792,Gastroenterology,Chennai,Anna Nagar,Central Chennai
NPIIN0000002793,HCP_02793,Urology,Chennai,Porur,South Chennai
NPIIN0000002794,HCP_02794,Dermatology,Chennai,Porur,South Chennai
NPIIN0000002795,HCP_02795,General Medicine,Chennai,Porur,South Chennai
NPIIN0000002796,HCP_02796,Neurology,Chennai,Tondiarpet,North Chennai
NPIIN0000002797,HCP_02797,General Medicine,Chennai,Tambaram,South Chennai
NPIIN0000002798,HCP_02798,Cardiology,Chennai,Washermenpet,North Chennai
NPIIN0000002799,HCP_02799,Dermatology,Chennai,Adyar,South Chennai
NPIIN0000002800,HCP_02800,Pulmonology,Chennai,Guindy,South Chennai
NPIIN0000002801,HCP_02801,Cardiology,Chennai,Sholinganallur,South Chennai
NPIIN0000002802,HCP_02802,Neurology,Chennai,Washermenpet,North Chennai
NPIIN0000002803,HCP_02803,Diabetology,Chennai,T Nagar,Central Chennai
NPIIN0000002804,HCP_02804,Cardiology,Chennai,Royapuram,North Chennai
NPIIN0000002805,HCP_02805,Pulmonology,Chennai,Nungambakkam,Central Chennai
NPIIN0000002806,HCP_02806,Gastroenterology,Chennai,Nungambakkam,Central Chennai
NPIIN0000002807,HCP_02807,General Medicine,Chennai,Mylapore,Central Chennai
NPIIN0000002808,HCP_02808,Cardiology,Chennai,Tambaram,South Chennai
NPIIN0000002809,HCP_02809,Pulmonology,Chennai,T Nagar,Central Chennai
NPIIN0000002810,HCP_02810,Cardiology,Chennai,Anna Nagar,Central Chennai
NPIIN0000002811,HCP_02811,Urology,Chennai,Nungambakkam,Central Chennai
NPIIN0000002812,HCP_02812,Diabetology,Chennai,Porur,South Chennai
NPIIN0000002813,HCP_02813,Urology,Chennai,Velachery,South Chennai
NPIIN0000002814,HCP_02814,Cardiology,Chennai,Kilpauk,Central Chennai
NPIIN0000002815,HCP_02815,Cardiology,Chennai,Nungambakkam,Central Chennai
NPIIN0000002816,HCP_02816,General Medicine,Chennai,Royapuram,North Chennai
NPIIN0000002817,HCP_02817,Gastroenterology,Chennai,Kilpauk,Central Chennai
NPIIN0000002818,HCP_02818,Orthopedics,Chennai,Madhavaram,North Chennai
NPIIN0000002819,HCP_02819,General Medicine,Chennai,Washermenpet,North Chennai
NPIIN0000002820,HCP_02820,General Medicine,Chennai,Sholinganallur,South Chennai
NPIIN0000002821,HCP_02821,Cardiology,Chennai,Anna Nagar,Central Chennai
NPIIN0000002822,HCP_02822,Pulmonology,Chennai,Porur,South Chennai
NPIIN0000002823,HCP_02823,General Medicine,Chennai,Nungambakkam,Central Chennai
NPIIN0000002824,HCP_02824,Urology,Chennai,Sholinganallur,South Chennai
NPIIN0000002825,HCP_02825,General Medicine,Chennai,Velachery,South Chennai
NPIIN0000002826,HCP_02826,Gastroenterology,Chennai,Sholinganallur,South Chennai
NPIIN0000002827,HCP_02827,Dermatology,Chennai,Ambattur,North Chennai
NPIIN0000002828,HCP_02828,Cardiology,Chennai,Kilpauk,Central Chennai
NPIIN0000002829,HCP_02829,General Medicine,Chennai,Velachery,South Chennai
NPIIN0000002830,HCP_02830,Urology,Chennai,Sholinganallur,South Chennai
NPIIN0000002831,HCP_02831,General Medicine,Chennai,Egmore,Central Chennai
NPIIN0000002832,HCP_02832,Pulmonology,Chennai,Madhavaram,North Chennai
NPIIN0000002833,HCP_02833,Urology,Chennai,Royapuram,North Chennai
NPIIN0000002834,HCP_02834,Endocrinology,Chennai,Guindy,South Chennai
NPIIN0000002835,HCP_02835,Urology,Chennai,Sholinganallur,South Chennai
NPIIN0000002836,HCP_02836,General Medicine,Chennai,Guindy,South Chennai
NPIIN0000002837,HCP_02837,Pulmonology,Chennai,Adyar,South Chennai
NPIIN0000002838,HCP_02838,Diabetology,Chennai,Nungambakkam,Central Chennai
NPIIN0000002839,HCP_02839,General Medicine,Chennai,Perambur,North Chennai
NPIIN0000002840,HCP_02840,Cardiology,Chennai,Anna Nagar,Central Chennai
NPIIN0000002841,HCP_02841,Cardiology,Chennai,Adyar,South Chennai
NPIIN0000002842,HCP_02842,General Medicine,Chennai,Ambattur,North Chennai
NPIIN0000002843,HCP_02843,General Medicine,Chennai,Royapuram,North Chennai
NPIIN0000002844,HCP_02844,Pulmonology,Chennai,Kilpauk,Central Chennai
NPIIN0000002845,HCP_02845,Cardiology,Chennai,Nungambakkam,Central Chennai
NPIIN0000002846,HCP_02846,Endocrinology,Chennai,Tondiarpet,North Chennai
NPIIN0000002847,HCP_02847,Endocrinology,Chennai,Anna Nagar,Central Chennai
NPIIN0000002848,HCP_02848,General Medicine,Chennai,Nungambakkam,Central Chennai
NPIIN0000002849,HCP_02849,Diabetology,Chennai,Tambaram,South Chennai
NPIIN0000002850,HCP_02850,Cardiology,Chennai,Perambur,North Chennai
NPIIN0000002851,HCP_02851,Pulmonology,Chennai,Washermenpet,North Chennai
NPIIN0000002852,HCP_02852,Gastroenterology,Chennai,Ambattur,North Chennai
NPIIN0000002853,HCP_02853,Neurology,Chennai,Tambaram,South Chennai
NPIIN0000002854,HCP_02854,Diabetology,Chennai,Anna Nagar,Central Chennai
NPIIN0000002855,HCP_02855,Dermatology,Chennai,Tambaram,South Chennai
NPIIN0000002856,HCP_02856,Pulmonology,Chennai,Porur,South Chennai
NPIIN0000002857,HCP_02857,Pulmonology,Chennai,Velachery,South Chennai
NPIIN0000002858,HCP_02858,Endocrinology,Chennai,Perambur,North Chennai
NPIIN0000002859,HCP_02859,Diabetology,Chennai,Sholinganallur,South Chennai
NPIIN0000002860,HCP_02860,General Medicine,Chennai,Ambattur,North Chennai
NPIIN0000002861,HCP_02861,Endocrinology,Chennai,Madhavaram,North Chennai
NPIIN0000002862,HCP_02862,Neurology,Chennai,Washermenpet,North Chennai
NPIIN0000002863,HCP_02863,Diabetology,Chennai,Mylapore,Central Chennai
NPIIN0000002864,HCP_02864,Endocrinology,Chennai,Mylapore,Central Chennai
NPIIN0000002865,HCP_02865,Endocrinology,Chennai,Madhavaram,North Chennai
NPIIN0000002866,HCP_02866,Cardiology,Chennai,Mylapore,Central Chennai
NPIIN0000002867,HCP_02867,General Medicine,Chennai,Ambattur,North Chennai
NPIIN0000002868,HCP_02868,Cardiology,Chennai,Madhavaram,North Chennai
NPIIN0000002869,HCP_02869,Pulmonology,Chennai,Guindy,South Chennai
NPIIN0000002870,HCP_02870,Diabetology,Chennai,Kilpauk,Central Chennai
NPIIN0000002871,HCP_02871,Pulmonology,Chennai,Adyar,South Chennai
NPIIN0000002872,HCP_02872,Orthopedics,Chennai,Royapuram,North Chennai
NPIIN0000002873,HCP_02873,Urology,Chennai,Mylapore,Central Chennai
NPIIN0000002874,HCP_02874,Pulmonology,Chennai,T Nagar,Central Chennai
NPIIN0000002875,HCP_02875,General Medicine,Chennai,T Nagar,Central Chennai
NPIIN0000002876,HCP_02876,Neurology,Chennai,Mylapore,Central Chennai
NPIIN0000002877,HCP_02877,Urology,Chennai,Nungambakkam,Central Chennai
NPIIN0000002878,HCP_02878,General Medicine,Chennai,Perambur,North Chennai
NPIIN0000002879,HCP_02879,Cardiology,Chennai,Tondiarpet,North Chennai
NPIIN0000002880,HCP_02880,Gastroenterology,Chennai,Anna Nagar,Central Chennai
NPIIN0000002881,HCP_02881,Cardiology,Chennai,Kilpauk,Central Chennai
NPIIN0000002882,HCP_02882,Gastroenterology,Chennai,T Nagar,Central Chennai
NPIIN0000002883,HCP_02883,Cardiology,Chennai,Perambur,North Chennai
NPIIN0000002884,HCP_02884,Cardiology,Chennai,Mylapore,Central Chennai
NPIIN0000002885,HCP_02885,Gastroenterology,Chennai,Washermenpet,North Chennai
NPIIN0000002886,HCP_02886,Neurology,Chennai,Anna Nagar,Central Chennai
NPIIN0000002887,HCP_02887,Pulmonology,Chennai,Mylapore,Central Chennai
NPIIN0000002888,HCP_02888,Dermatology,Chennai,Porur,South Chennai
NPIIN0000002889,HCP_02889,Dermatology,Chennai,Anna Nagar,Central Chennai
NPIIN0000002890,HCP_02890,General Medicine,Chennai,Anna Nagar,Central Chennai
NPIIN0000002891,HCP_02891,Orthopedics,Chennai,Anna Nagar,Central Chennai
NPIIN0000002892,HCP_02892,General Medicine,Chennai,Guindy,South Chennai
NPIIN0000002893,HCP_02893,Endocrinology,Chennai,Madhavaram,North Chennai
NPIIN0000002894,HCP_02894,Dermatology,Chennai,Royapuram,North Chennai
NPIIN0000002895,HCP_02895,General Medicine,Chennai,Sholinganallur,South Chennai
NPIIN0000002896,HCP_02896,Urology,Chennai,Nungambakkam,Central Chennai
NPIIN0000002897,HCP_02897,Cardiology,Chennai,Velachery,South Chennai
NPIIN0000002898,HCP_02898,Cardiology,Chennai,Mylapore,Central Chennai
NPIIN0000002899,HCP_02899,Cardiology,Chennai,Porur,South Chennai
NPIIN0000002900,HCP_02900,Pulmonology,Chennai,Tondiarpet,North Chennai
NPIIN0000002901,HCP_02901,Dermatology,Chennai,Tondiarpet,North Chennai
NPIIN0000002902,HCP_02902,General Medicine,Chennai,Adyar,South Chennai
NPIIN0000002903,HCP_02903,Cardiology,Chennai,Egmore,Central Chennai
NPIIN0000002904,HCP_02904,General Medicine,Chennai,Adyar,South Chennai
NPIIN0000002905,HCP_02905,General Medicine,Chennai,Washermenpet,North Chennai
NPIIN0000002906,HCP_02906,Neurology,Chennai,Porur,South Chennai
NPIIN0000002907,HCP_02907,Neurology,Chennai,Porur,South Chennai
NPIIN0000002908,HCP_02908,Cardiology,Chennai,Mylapore,Central Chennai
NPIIN0000002909,HCP_02909,General Medicine,Chennai,Guindy,South Chennai
NPIIN0000002910,HCP_02910,Neurology,Chennai,Perambur,North Chennai
NPIIN0000002911,HCP_02911,Diabetology,Chennai,Tambaram,South Chennai
NPIIN0000002912,HCP_02912,General Medicine,Chennai,Kilpauk,Central Chennai
NPIIN0000002913,HCP_02913,Pulmonology,Chennai,Madhavaram,North Chennai
NPIIN0000002914,HCP_02914,General Medicine,Chennai,Tambaram,South Chennai
NPIIN0000002915,HCP_02915,Cardiology,Chennai,Royapuram,North Chennai
NPIIN0000002916,HCP_02916,Endocrinology,Chennai,T Nagar,Central Chennai
NPIIN0000002917,HCP_02917,Gastroenterology,Chennai,Egmore,Central Chennai
NPIIN0000002918,HCP_02918,Diabetology,Chennai,Guindy,South Chennai
NPIIN0000002919,HCP_02919,Dermatology,Chennai,T Nagar,Central Chennai
NPIIN0000002920,HCP_02920,General Medicine,Chennai,Sholinganallur,South Chennai
NPIIN0000002921,HCP_02921,General Medicine,Chennai,Tambaram,South Chennai
NPIIN0000002922,HCP_02922,Gastroenterology,Chennai,Mylapore,Central Chennai
NPIIN0000002923,HCP_02923,General Medicine,Chennai,Egmore,Central Chennai
NPIIN0000002924,HCP_02924,Endocrinology,Chennai,Tambaram,South Chennai
NPIIN0000002925,HCP_02925,Cardiology,Chennai,Nungambakkam,Central Chennai
NPIIN0000002926,HCP_02926,Neurology,Chennai,Perambur,North Chennai
NPIIN0000002927,HCP_02927,General Medicine,Chennai,Tambaram,South Chennai
NPIIN0000002928,HCP_02928,Dermatology,Chennai,Royapuram,North Chennai
NPIIN0000002929,HCP_02929,General Medicine,Chennai,Ambattur,North Chennai
NPIIN0000002930,HCP_02930,General Medicine,Chennai,Adyar,South Chennai
NPIIN0000002931,HCP_02931,Diabetology,Chennai,Ambattur,North Chennai
NPIIN0000002932,HCP_02932,Endocrinology,Chennai,Mylapore,Central Chennai
NPIIN0000002933,HCP_02933,Dermatology,Chennai,Washermenpet,North Chennai
NPIIN0000002934,HCP_02934,Cardiology,Chennai,Sholinganallur,South Chennai
NPIIN0000002935,HCP_02935,Urology,Chennai,Sholinganallur,South Chennai
NPIIN0000002936,HCP_02936,Cardiology,Chennai,Madhavaram,North Chennai
NPIIN0000002937,HCP_02937,General Medicine,Chennai,Mylapore,Central Chennai
NPIIN0000002938,HCP_02938,Cardiology,Chennai,Mylapore,Central Chennai
NPIIN0000002939,HCP_02939,Gastroenterology,Chennai,T Nagar,Central Chennai
NPIIN0000002940,HCP_02940,Endocrinology,Chennai,Kilpauk,Central Chennai
NPIIN0000002941,HCP_02941,Pulmonology,Chennai,Velachery,South Chennai
NPIIN0000002942,HCP_02942,Urology,Chennai,Egmore,Central Chennai
NPIIN0000002943,HCP_02943,Neurology,Chennai,Guindy,South Chennai
NPIIN0000002944,HCP_02944,Endocrinology,Chennai,Nungambakkam,Central Chennai
NPIIN0000002945,HCP_02945,Dermatology,Chennai,Egmore,Central Chennai
NPIIN0000002946,HCP_02946,General Medicine,Chennai,Perambur,North Chennai
NPIIN0000002947,HCP_02947,Cardiology,Chennai,Nungambakkam,Central Chennai
NPIIN0000002948,HCP_02948,General Medicine,Chennai,Velachery,South Chennai
NPIIN0000002949,HCP_02949,Dermatology,Chennai,Velachery,South Chennai
NPIIN0000002950,HCP_02950,General Medicine,Chennai,Sholinganallur,South Chennai
NPIIN0000002951,HCP_02951,Gastroenterology,Chennai,Anna Nagar,Central Chennai
NPIIN0000002952,HCP_02952,Neurology,Chennai,Adyar,South Chennai
NPIIN0000002953,HCP_02953,General Medicine,Chennai,T Nagar,Central Chennai
NPIIN0000002954,HCP_02954,Diabetology,Chennai,Velachery,South Chennai
NPIIN0000002955,HCP_02955,Gastroenterology,Chennai,Royapuram,North Chennai
NPIIN0000002956,HCP_02956,General Medicine,Chennai,T Nagar,Central Chennai
NPIIN0000002957,HCP_02957,Endocrinology,Chennai,Kilpauk,Central Chennai
NPIIN0000002958,HCP_02958,Diabetology,Chennai,T Nagar,Central Chennai
NPIIN0000002959,HCP_02959,Urology,Chennai,Nungambakkam,Central Chennai
NPIIN0000002960,HCP_02960,Diabetology,Chennai,Guindy,South Chennai
NPIIN0000002961,HCP_02961,Endocrinology,Chennai,Adyar,South Chennai
NPIIN0000002962,HCP_02962,Cardiology,Chennai,Porur,South Chennai
NPIIN0000002963,HCP_02963,Cardiology,Chennai,Mylapore,Central Chennai
NPIIN0000002964,HCP_02964,Orthopedics,Chennai,Perambur,North Chennai
NPIIN0000002965,HCP_02965,Pulmonology,Chennai,T Nagar,Central Chennai
NPIIN0000002966,HCP_02966,Gastroenterology,Chennai,Perambur,North Chennai
NPIIN0000002967,HCP_02967,Gastroenterology,Chennai,Kilpauk,Central Chennai
NPIIN0000002968,HCP_02968,General Medicine,Chennai,T Nagar,Central Chennai
NPIIN0000002969,HCP_02969,Dermatology,Chennai,Tondiarpet,North Chennai
NPIIN0000002970,HCP_02970,Orthopedics,Chennai,T Nagar,Central Chennai
NPIIN0000002971,HCP_02971,Gastroenterology,Chennai,Ambattur,North Chennai
NPIIN0000002972,HCP_02972,Gastroenterology,Chennai,Velachery,South Chennai
NPIIN0000002973,HCP_02973,General Medicine,Chennai,Nungambakkam,Central Chennai
NPIIN0000002974,HCP_02974,Dermatology,Chennai,Tambaram,South Chennai
NPIIN0000002975,HCP_02975,Cardiology,Chennai,Washermenpet,North Chennai
NPIIN0000002976,HCP_02976,Gastroenterology,Chennai,Adyar,South Chennai
NPIIN0000002977,HCP_02977,General Medicine,Chennai,Adyar,South Chennai
NPIIN0000002978,HCP_02978,Pulmonology,Chennai,Velachery,South Chennai
NPIIN0000002979,HCP_02979,Urology,Chennai,Velachery,South Chennai
NPIIN0000002980,HCP_02980,Pulmonology,Chennai,Guindy,South Chennai
NPIIN0000002981,HCP_02981,Cardiology,Chennai,Washermenpet,North Chennai
NPIIN0000002982,HCP_02982,Gastroenterology,Chennai,Kilpauk,Central Chennai
NPIIN0000002983,HCP_02983,Urology,Chennai,Mylapore,Central Chennai
NPIIN0000002984,HCP_02984,Neurology,Chennai,Madhavaram,North Chennai
NPIIN0000002985,HCP_02985,Urology,Chennai,T Nagar,Central Chennai
NPIIN0000002986,HCP_02986,Dermatology,Chennai,Egmore,Central Chennai
NPIIN0000002987,HCP_02987,Urology,Chennai,Egmore,Central Chennai
NPIIN0000002988,HCP_02988,General Medicine,Chennai,Ambattur,North Chennai
NPIIN0000002989,HCP_02989,General Medicine,Chennai,Mylapore,Central Chennai
NPIIN0000002990,HCP_02990,Dermatology,Chennai,Perambur,North Chennai
NPIIN0000002991,HCP_02991,Urology,Chennai,Sholinganallur,South Chennai
NPIIN0000002992,HCP_02992,Endocrinology,Chennai,Adyar,South Chennai
NPIIN0000002993,HCP_02993,Endocrinology,Chennai,T Nagar,Central Chennai
NPIIN0000002994,HCP_02994,General Medicine,Chennai,Perambur,North Chennai
NPIIN0000002995,HCP_02995,Gastroenterology,Chennai,Ambattur,North Chennai
NPIIN0000002996,HCP_02996,Urology,Chennai,Royapuram,North Chennai
NPIIN0000002997,HCP_02997,Pulmonology,Chennai,Adyar,South Chennai
NPIIN0000002998,HCP_02998,Cardiology,Chennai,Anna Nagar,Central Chennai
NPIIN0000002999,HCP_02999,Diabetology,Chennai,Guindy,South Chennai
NPIIN0000003000,HCP_03000,Dermatology,Chennai,Kilpauk,Central Chennai
NPIIN0000003001,HCP_03001,General Medicine,Chennai,Tambaram,South Chennai
NPIIN0000003002,HCP_03002,Cardiology,Chennai,Royapuram,North Chennai
NPIIN0000003003,HCP_03003,Diabetology,Chennai,Anna Nagar,Central Chennai
NPIIN0000003004,HCP_03004,Dermatology,Chennai,Sholinganallur,South Chennai
NPIIN0000003005,HCP_03005,General Medicine,Chennai,Mylapore,Central Chennai
NPIIN0000003006,HCP_03006,Endocrinology,Chennai,Porur,South Chennai
NPIIN0000003007,HCP_03007,Diabetology,Chennai,Madhavaram,North Chennai
NPIIN0000003008,HCP_03008,Orthopedics,Chennai,Egmore,Central Chennai
NPIIN0000003009,HCP_03009,General Medicine,Chennai,T Nagar,Central Chennai
NPIIN0000003010,HCP_03010,General Medicine,Chennai,Porur,South Chennai
NPIIN0000003011,HCP_03011,Endocrinology,Chennai,Kilpauk,Central Chennai
NPIIN0000003012,HCP_03012,Diabetology,Chennai,Adyar,South Chennai
NPIIN0000003013,HCP_03013,Dermatology,Chennai,Porur,South Chennai
NPIIN0000003014,HCP_03014,Gastroenterology,Chennai,Guindy,South Chennai
NPIIN0000003015,HCP_03015,General Medicine,Chennai,T Nagar,Central Chennai
NPIIN0000003016,HCP_03016,Urology,Chennai,Sholinganallur,South Chennai
NPIIN0000003017,HCP_03017,General Medicine,Chennai,Porur,South Chennai
NPIIN0000003018,HCP_03018,Urology,Chennai,Kilpauk,Central Chennai
NPIIN0000003019,HCP_03019,Cardiology,Chennai,Nungambakkam,Central Chennai
NPIIN0000003020,HCP_03020,General Medicine,Chennai,Nungambakkam,Central Chennai
NPIIN0000003021,HCP_03021,Dermatology,Chennai,Royapuram,North Chennai
NPIIN0000003022,HCP_03022,Urology,Chennai,Sholinganallur,South Chennai
NPIIN0000003023,HCP_03023,Gastroenterology,Chennai,Tondiarpet,North Chennai
NPIIN0000003024,HCP_03024,Neurology,Chennai,Washermenpet,North Chennai
NPIIN0000003025,HCP_03025,Dermatology,Chennai,Kilpauk,Central Chennai
NPIIN0000003026,HCP_03026,Neurology,Chennai,Kilpauk,Central Chennai
NPIIN0000003027,HCP_03027,Diabetology,Chennai,Egmore,Central Chennai
NPIIN0000003028,HCP_03028,General Medicine,Chennai,Velachery,South Chennai
NPIIN0000003029,HCP_03029,Neurology,Chennai,Perambur,North Chennai
NPIIN0000003030,HCP_03030,Pulmonology,Chennai,Ambattur,North Chennai
NPIIN0000003031,HCP_03031,Urology,Chennai,Guindy,South Chennai
NPIIN0000003032,HCP_03032,General Medicine,Chennai,Mylapore,Central Chennai
NPIIN0000003033,HCP_03033,Endocrinology,Chennai,Kilpauk,Central Chennai
NPIIN0000003034,HCP_03034,Endocrinology,Chennai,Egmore,Central Chennai
NPIIN0000003035,HCP_03035,Dermatology,Chennai,Velachery,South Chennai
NPIIN0000003036,HCP_03036,Cardiology,Chennai,Sholinganallur,South Chennai
NPIIN0000003037,HCP_03037,Urology,Chennai,Tondiarpet,North Chennai
NPIIN0000003038,HCP_03038,Cardiology,Chennai,Mylapore,Central Chennai
NPIIN0000003039,HCP_03039,General Medicine,Chennai,Mylapore,Central Chennai
NPIIN0000003040,HCP_03040,Dermatology,Chennai,Adyar,South Chennai
NPIIN0000003041,HCP_03041,General Medicine,Chennai,Washermenpet,North Chennai
NPIIN0000003042,HCP_03042,Dermatology,Chennai,Adyar,South Chennai
NPIIN0000003043,HCP_03043,Cardiology,Chennai,Adyar,South Chennai
NPIIN0000003044,HCP_03044,General Medicine,Chennai,Madhavaram,North Chennai
NPIIN0000003045,HCP_03045,Pulmonology,Chennai,Porur,South Chennai
NPIIN0000003046,HCP_03046,Urology,Chennai,Guindy,South Chennai
NPIIN0000003047,HCP_03047,Cardiology,Chennai,Ambattur,North Chennai
NPIIN0000003048,HCP_03048,General Medicine,Chennai,Guindy,South Chennai
NPIIN0000003049,HCP_03049,Neurology,Chennai,Porur,South Chennai
NPIIN0000003050,HCP_03050,Orthopedics,Chennai,T Nagar,Central Chennai
NPIIN0000003051,HCP_03051,Dermatology,Chennai,Guindy,South Chennai
NPIIN0000003052,HCP_03052,Dermatology,Chennai,T Nagar,Central Chennai
NPIIN0000003053,HCP_03053,General Medicine,Chennai,Tambaram,South Chennai
NPIIN0000003054,HCP_03054,Pulmonology,Chennai,Sholinganallur,South Chennai
NPIIN0000003055,HCP_03055,Dermatology,Chennai,Madhavaram,North Chennai
NPIIN0000003056,HCP_03056,Urology,Chennai,Tondiarpet,North Chennai
NPIIN0000003057,HCP_03057,Dermatology,Chennai,Royapuram,North Chennai
NPIIN0000003058,HCP_03058,Dermatology,Chennai,Mylapore,Central Chennai
NPIIN0000003059,HCP_03059,Urology,Chennai,Kilpauk,Central Chennai
NPIIN0000003060,HCP_03060,Cardiology,Chennai,Mylapore,Central Chennai
NPIIN0000003061,HCP_03061,Diabetology,Chennai,Perambur,North Chennai
NPIIN0000003062,HCP_03062,Orthopedics,Chennai,Ambattur,North Chennai
NPIIN0000003063,HCP_03063,Pulmonology,Chennai,Anna Nagar,Central Chennai
NPIIN0000003064,HCP_03064,Endocrinology,Chennai,Adyar,South Chennai
NPIIN0000003065,HCP_03065,General Medicine,Chennai,Ambattur,North Chennai
NPIIN0000003066,HCP_03066,Neurology,Chennai,Perambur,North Chennai
NPIIN0000003067,HCP_03067,Dermatology,Chennai,Ambattur,North Chennai
NPIIN0000003068,HCP_03068,Dermatology,Chennai,Kilpauk,Central Chennai
NPIIN0000003069,HCP_03069,Cardiology,Chennai,Adyar,South Chennai
NPIIN0000003070,HCP_03070,General Medicine,Chennai,Ambattur,North Chennai
NPIIN0000003071,HCP_03071,Cardiology,Chennai,T Nagar,Central Chennai
NPIIN0000003072,HCP_03072,Urology,Chennai,Porur,South Chennai
NPIIN0000003073,HCP_03073,Endocrinology,Chennai,Tambaram,South Chennai
NPIIN0000003074,HCP_03074,Pulmonology,Chennai,Guindy,South Chennai
NPIIN0000003075,HCP_03075,Pulmonology,Chennai,Velachery,South Chennai
NPIIN0000003076,HCP_03076,Pulmonology,Chennai,Velachery,South Chennai
NPIIN0000003077,HCP_03077,Pulmonology,Chennai,Kilpauk,Central Chennai
NPIIN0000003078,HCP_03078,Gastroenterology,Chennai,Washermenpet,North Chennai
NPIIN0000003079,HCP_03079,Pulmonology,Chennai,Washermenpet,North Chennai
NPIIN0000003080,HCP_03080,Cardiology,Chennai,Egmore,Central Chennai
NPIIN0000003081,HCP_03081,General Medicine,Chennai,Kilpauk,Central Chennai
NPIIN0000003082,HCP_03082,Pulmonology,Chennai,Mylapore,Central Chennai
NPIIN0000003083,HCP_03083,Diabetology,Chennai,Tambaram,South Chennai
NPIIN0000003084,HCP_03084,Gastroenterology,Chennai,Tambaram,South Chennai
NPIIN0000003085,HCP_03085,Diabetology,Chennai,Sholinganallur,South Chennai
NPIIN0000003086,HCP_03086,Dermatology,Chennai,Mylapore,Central Chennai
NPIIN0000003087,HCP_03087,Endocrinology,Chennai,Kilpauk,Central Chennai
NPIIN0000003088,HCP_03088,Gastroenterology,Chennai,Ambattur,North Chennai
NPIIN0000003089,HCP_03089,Endocrinology,Chennai,Washermenpet,North Chennai
NPIIN0000003090,HCP_03090,General Medicine,Chennai,Adyar,South Chennai
NPIIN0000003091,HCP_03091,Diabetology,Chennai,Guindy,South Chennai
NPIIN0000003092,HCP_03092,Neurology,Chennai,Tambaram,South Chennai
NPIIN0000003093,HCP_03093,Endocrinology,Chennai,Porur,South Chennai
NPIIN0000003094,HCP_03094,Dermatology,Chennai,Porur,South Chennai
NPIIN0000003095,HCP_03095,Pulmonology,Chennai,Ambattur,North Chennai
NPIIN0000003096,HCP_03096,Orthopedics,Chennai,Kilpauk,Central Chennai
NPIIN0000003097,HCP_03097,Gastroenterology,Chennai,Egmore,Central Chennai
NPIIN0000003098,HCP_03098,Pulmonology,Chennai,Perambur,North Chennai
NPIIN0000003099,HCP_03099,Dermatology,Chennai,Mylapore,Central Chennai
NPIIN0000003100,HCP_03100,Endocrinology,Chennai,Anna Nagar,Central Chennai
NPIIN0000003101,HCP_03101,Neurology,Chennai,Porur,South Chennai
NPIIN0000003102,HCP_03102,General Medicine,Chennai,T Nagar,Central Chennai
NPIIN0000003103,HCP_03103,Gastroenterology,Chennai,Adyar,South Chennai
NPIIN0000003104,HCP_03104,Cardiology,Chennai,Velachery,South Chennai
NPIIN0000003105,HCP_03105,General Medicine,Chennai,Sholinganallur,South Chennai
NPIIN0000003106,HCP_03106,Neurology,Chennai,Guindy,South Chennai
NPIIN0000003107,HCP_03107,General Medicine,Chennai,Mylapore,Central Chennai
NPIIN0000003108,HCP_03108,Endocrinology,Chennai,Adyar,South Chennai
NPIIN0000003109,HCP_03109,General Medicine,Chennai,Kilpauk,Central Chennai
NPIIN0000003110,HCP_03110,Dermatology,Chennai,Porur,South Chennai
NPIIN0000003111,HCP_03111,Endocrinology,Chennai,Nungambakkam,Central Chennai
NPIIN0000003112,HCP_03112,General Medicine,Chennai,Anna Nagar,Central Chennai
NPIIN0000003113,HCP_03113,Orthopedics,Chennai,Velachery,South Chennai
NPIIN0000003114,HCP_03114,Urology,Chennai,Tambaram,South Chennai
NPIIN0000003115,HCP_03115,Cardiology,Chennai,Ambattur,North Chennai
NPIIN0000003116,HCP_03116,Pulmonology,Chennai,Tambaram,South Chennai
NPIIN0000003117,HCP_03117,Cardiology,Chennai,Anna Nagar,Central Chennai
NPIIN0000003118,HCP_03118,Urology,Chennai,Adyar,South Chennai
NPIIN0000003119,HCP_03119,General Medicine,Chennai,Anna Nagar,Central Chennai
NPIIN0000003120,HCP_03120,General Medicine,Chennai,T Nagar,Central Chennai
NPIIN0000003121,HCP_03121,Diabetology,Chennai,Kilpauk,Central Chennai
NPIIN0000003122,HCP_03122,Pulmonology,Chennai,Nungambakkam,Central Chennai
NPIIN0000003123,HCP_03123,Endocrinology,Chennai,Kilpauk,Central Chennai
NPIIN0000003124,HCP_03124,Dermatology,Chennai,Ambattur,North Chennai
NPIIN0000003125,HCP_03125,General Medicine,Chennai,Nungambakkam,Central Chennai
NPIIN0000003126,HCP_03126,Pulmonology,Chennai,Mylapore,Central Chennai
NPIIN0000003127,HCP_03127,Dermatology,Chennai,Ambattur,North Chennai
NPIIN0000003128,HCP_03128,Endocrinology,Chennai,Nungambakkam,Central Chennai
NPIIN0000003129,HCP_03129,Endocrinology,Chennai,Adyar,South Chennai
NPIIN0000003130,HCP_03130,General Medicine,Chennai,Porur,South Chennai
NPIIN0000003131,HCP_03131,Gastroenterology,Chennai,Perambur,North Chennai
NPIIN0000003132,HCP_03132,Cardiology,Chennai,Guindy,South Chennai
NPIIN0000003133,HCP_03133,Dermatology,Chennai,T Nagar,Central Chennai
NPIIN0000003134,HCP_03134,General Medicine,Chennai,T Nagar,Central Chennai
NPIIN0000003135,HCP_03135,Pulmonology,Chennai,Porur,South Chennai
NPIIN0000003136,HCP_03136,Pulmonology,Chennai,Velachery,South Chennai
NPIIN0000003137,HCP_03137,Cardiology,Chennai,Sholinganallur,South Chennai
NPIIN0000003138,HCP_03138,Diabetology,Chennai,Mylapore,Central Chennai
NPIIN0000003139,HCP_03139,Gastroenterology,Chennai,Porur,South Chennai
NPIIN0000003140,HCP_03140,General Medicine,Chennai,Ambattur,North Chennai
NPIIN0000003141,HCP_03141,Pulmonology,Chennai,Egmore,Central Chennai
NPIIN0000003142,HCP_03142,Orthopedics,Chennai,Kilpauk,Central Chennai
NPIIN0000003143,HCP_03143,Cardiology,Chennai,Velachery,South Chennai
NPIIN0000003144,HCP_03144,General Medicine,Chennai,Mylapore,Central Chennai
NPIIN0000003145,HCP_03145,General Medicine,Chennai,Velachery,South Chennai
NPIIN0000003146,HCP_03146,Cardiology,Chennai,Adyar,South Chennai
NPIIN0000003147,HCP_03147,Orthopedics,Chennai,Velachery,South Chennai
NPIIN0000003148,HCP_03148,Orthopedics,Chennai,Sholinganallur,South Chennai
NPIIN0000003149,HCP_03149,Diabetology,Chennai,Porur,South Chennai
NPIIN0000003150,HCP_03150,Orthopedics,Chennai,Nungambakkam,Central Chennai
NPIIN0000003151,HCP_03151,Cardiology,Chennai,Mylapore,Central Chennai
NPIIN0000003152,HCP_03152,Orthopedics,Chennai,Ambattur,North Chennai
NPIIN0000003153,HCP_03153,Dermatology,Chennai,Tondiarpet,North Chennai
NPIIN0000003154,HCP_03154,Endocrinology,Chennai,Kilpauk,Central Chennai
NPIIN0000003155,HCP_03155,Pulmonology,Chennai,Anna Nagar,Central Chennai
NPIIN0000003156,HCP_03156,Dermatology,Chennai,Anna Nagar,Central Chennai
NPIIN0000003157,HCP_03157,Diabetology,Chennai,Mylapore,Central Chennai
NPIIN0000003158,HCP_03158,General Medicine,Chennai,Egmore,Central Chennai
NPIIN0000003159,HCP_03159,Pulmonology,Chennai,Tambaram,South Chennai
NPIIN0000003160,HCP_03160,Endocrinology,Chennai,Egmore,Central Chennai
NPIIN0000003161,HCP_03161,Cardiology,Chennai,Tambaram,South Chennai
NPIIN0000003162,HCP_03162,Diabetology,Chennai,Tambaram,South Chennai
NPIIN0000003163,HCP_03163,Gastroenterology,Chennai,T Nagar,Central Chennai
NPIIN0000003164,HCP_03164,General Medicine,Chennai,Adyar,South Chennai
NPIIN0000003165,HCP_03165,General Medicine,Chennai,Perambur,North Chennai
NPIIN0000003166,HCP_03166,Endocrinology,Chennai,Porur,South Chennai
NPIIN0000003167,HCP_03167,Endocrinology,Chennai,Anna Nagar,Central Chennai
NPIIN0000003168,HCP_03168,Neurology,Chennai,T Nagar,Central Chennai
NPIIN0000003169,HCP_03169,Cardiology,Chennai,Kilpauk,Central Chennai
NPIIN0000003170,HCP_03170,Neurology,Chennai,Tondiarpet,North Chennai
NPIIN0000003171,HCP_03171,General Medicine,Chennai,Guindy,South Chennai
NPIIN0000003172,HCP_03172,Neurology,Chennai,Sholinganallur,South Chennai
NPIIN0000003173,HCP_03173,General Medicine,Chennai,Guindy,South Chennai
NPIIN0000003174,HCP_03174,Dermatology,Chennai,Adyar,South Chennai
NPIIN0000003175,HCP_03175,Cardiology,Chennai,Tambaram,South Chennai
NPIIN0000003176,HCP_03176,Urology,Chennai,Egmore,Central Chennai
NPIIN0000003177,HCP_03177,Diabetology,Chennai,Adyar,South Chennai
NPIIN0000003178,HCP_03178,Cardiology,Chennai,Tondiarpet,North Chennai
NPIIN0000003179,HCP_03179,Pulmonology,Chennai,Nungambakkam,Central Chennai
NPIIN0000003180,HCP_03180,Endocrinology,Chennai,Perambur,North Chennai
NPIIN0000003181,HCP_03181,General Medicine,Chennai,Velachery,South Chennai
NPIIN0000003182,HCP_03182,Dermatology,Chennai,Egmore,Central Chennai
NPIIN0000003183,HCP_03183,Dermatology,Chennai,Washermenpet,North Chennai
NPIIN0000003184,HCP_03184,Pulmonology,Chennai,Anna Nagar,Central Chennai
NPIIN0000003185,HCP_03185,Orthopedics,Chennai,Kilpauk,Central Chennai
NPIIN0000003186,HCP_03186,General Medicine,Chennai,Nungambakkam,Central Chennai
NPIIN0000003187,HCP_03187,Cardiology,Chennai,Sholinganallur,South Chennai
NPIIN0000003188,HCP_03188,Dermatology,Chennai,Porur,South Chennai
NPIIN0000003189,HCP_03189,Endocrinology,Chennai,Egmore,Central Chennai
NPIIN0000003190,HCP_03190,Endocrinology,Chennai,T Nagar,Central Chennai
NPIIN0000003191,HCP_03191,Cardiology,Chennai,Egmore,Central Chennai
NPIIN0000003192,HCP_03192,Diabetology,Chennai,T Nagar,Central Chennai
NPIIN0000003193,HCP_03193,Diabetology,Chennai,Madhavaram,North Chennai
NPIIN0000003194,HCP_03194,Diabetology,Chennai,Guindy,South Chennai
NPIIN0000003195,HCP_03195,Pulmonology,Chennai,Guindy,South Chennai
NPIIN0000003196,HCP_03196,Gastroenterology,Chennai,Royapuram,North Chennai
NPIIN0000003197,HCP_03197,Orthopedics,Chennai,Tondiarpet,North Chennai
NPIIN0000003198,HCP_03198,Cardiology,Chennai,Kilpauk,Central Chennai
NPIIN0000003199,HCP_03199,Endocrinology,Chennai,Kilpauk,Central Chennai
NPIIN0000003200,HCP_03200,Pulmonology,Chennai,Sholinganallur,South Chennai
NPIIN0000003201,HCP_03201,Cardiology,Chennai,Velachery,South Chennai
NPIIN0000003202,HCP_03202,General Medicine,Chennai,Sholinganallur,South Chennai
NPIIN0000003203,HCP_03203,Pulmonology,Chennai,Guindy,South Chennai
NPIIN0000003204,HCP_03204,Gastroenterology,Chennai,Adyar,South Chennai
NPIIN0000003205,HCP_03205,Endocrinology,Chennai,Sholinganallur,South Chennai
NPIIN0000003206,HCP_03206,Neurology,Chennai,Madhavaram,North Chennai
NPIIN0000003207,HCP_03207,Neurology,Chennai,Egmore,Central Chennai
NPIIN0000003208,HCP_03208,Dermatology,Chennai,Kilpauk,Central Chennai
NPIIN0000003209,HCP_03209,Diabetology,Chennai,Nungambakkam,Central Chennai
NPIIN0000003210,HCP_03210,Gastroenterology,Chennai,Nungambakkam,Central Chennai
NPIIN0000003211,HCP_03211,Gastroenterology,Chennai,Ambattur,North Chennai
NPIIN0000003212,HCP_03212,Endocrinology,Chennai,Porur,South Chennai
NPIIN0000003213,HCP_03213,Pulmonology,Chennai,Adyar,South Chennai
NPIIN0000003214,HCP_03214,Neurology,Chennai,Madhavaram,North Chennai
NPIIN0000003215,HCP_03215,Diabetology,Chennai,Kilpauk,Central Chennai
NPIIN0000003216,HCP_03216,General Medicine,Chennai,Sholinganallur,South Chennai
NPIIN0000003217,HCP_03217,General Medicine,Chennai,Tondiarpet,North Chennai
NPIIN0000003218,HCP_03218,Gastroenterology,Chennai,Egmore,Central Chennai
NPIIN0000003219,HCP_03219,Cardiology,Chennai,Mylapore,Central Chennai
NPIIN0000003220,HCP_03220,General Medicine,Chennai,Nungambakkam,Central Chennai
NPIIN0000003221,HCP_03221,Endocrinology,Chennai,Kilpauk,Central Chennai
NPIIN0000003222,HCP_03222,Neurology,Chennai,Tambaram,South Chennai
NPIIN0000003223,HCP_03223,Neurology,Chennai,Tambaram,South Chennai
NPIIN0000003224,HCP_03224,General Medicine,Chennai,Porur,South Chennai
NPIIN0000003225,HCP_03225,Pulmonology,Chennai,T Nagar,Central Chennai
NPIIN0000003226,HCP_03226,Diabetology,Chennai,Sholinganallur,South Chennai
NPIIN0000003227,HCP_03227,Diabetology,Chennai,Porur,South Chennai
NPIIN0000003228,HCP_03228,Gastroenterology,Chennai,Anna Nagar,Central Chennai
NPIIN0000003229,HCP_03229,Cardiology,Chennai,Adyar,South Chennai
NPIIN0000003230,HCP_03230,Gastroenterology,Chennai,Royapuram,North Chennai
NPIIN0000003231,HCP_03231,Neurology,Chennai,Ambattur,North Chennai
NPIIN0000003232,HCP_03232,Urology,Chennai,Egmore,Central Chennai
NPIIN0000003233,HCP_03233,Diabetology,Chennai,Madhavaram,North Chennai
NPIIN0000003234,HCP_03234,General Medicine,Chennai,Mylapore,Central Chennai
NPIIN0000003235,HCP_03235,Cardiology,Chennai,Nungambakkam,Central Chennai
NPIIN0000003236,HCP_03236,Urology,Chennai,Egmore,Central Chennai
NPIIN0000003237,HCP_03237,Neurology,Chennai,Guindy,South Chennai
NPIIN0000003238,HCP_03238,Pulmonology,Chennai,Kilpauk,Central Chennai
NPIIN0000003239,HCP_03239,Gastroenterology,Chennai,Tondiarpet,North Chennai
NPIIN0000003240,HCP_03240,Diabetology,Chennai,Mylapore,Central Chennai
NPIIN0000003241,HCP_03241,Pulmonology,Chennai,Adyar,South Chennai
NPIIN0000003242,HCP_03242,Dermatology,Chennai,Perambur,North Chennai
NPIIN0000003243,HCP_03243,Cardiology,Chennai,Porur,South Chennai
NPIIN0000003244,HCP_03244,Orthopedics,Chennai,Kilpauk,Central Chennai
NPIIN0000003245,HCP_03245,Urology,Chennai,Mylapore,Central Chennai
NPIIN0000003246,HCP_03246,Orthopedics,Chennai,Ambattur,North Chennai
NPIIN0000003247,HCP_03247,Dermatology,Chennai,Nungambakkam,Central Chennai
NPIIN0000003248,HCP_03248,Diabetology,Chennai,Velachery,South Chennai
NPIIN0000003249,HCP_03249,Pulmonology,Chennai,Porur,South Chennai
NPIIN0000003250,HCP_03250,Cardiology,Chennai,Tondiarpet,North Chennai
NPIIN0000003251,HCP_03251,Gastroenterology,Chennai,Velachery,South Chennai
NPIIN0000003252,HCP_03252,Endocrinology,Chennai,Perambur,North Chennai
NPIIN0000003253,HCP_03253,Urology,Chennai,T Nagar,Central Chennai
NPIIN0000003254,HCP_03254,Diabetology,Chennai,Washermenpet,North Chennai
NPIIN0000003255,HCP_03255,Endocrinology,Chennai,Mylapore,Central Chennai
NPIIN0000003256,HCP_03256,Cardiology,Chennai,Tambaram,South Chennai
NPIIN0000003257,HCP_03257,Gastroenterology,Chennai,T Nagar,Central Chennai
NPIIN0000003258,HCP_03258,Endocrinology,Chennai,T Nagar,Central Chennai
NPIIN0000003259,HCP_03259,Endocrinology,Chennai,Tondiarpet,North Chennai
NPIIN0000003260,HCP_03260,Endocrinology,Chennai,Anna Nagar,Central Chennai
NPIIN0000003261,HCP_03261,Diabetology,Chennai,Kilpauk,Central Chennai
NPIIN0000003262,HCP_03262,Orthopedics,Chennai,Adyar,South Chennai
NPIIN0000003263,HCP_03263,General Medicine,Chennai,Kilpauk,Central Chennai
NPIIN0000003264,HCP_03264,Diabetology,Chennai,Royapuram,North Chennai
NPIIN0000003265,HCP_03265,Endocrinology,Chennai,Anna Nagar,Central Chennai
NPIIN0000003266,HCP_03266,Cardiology,Chennai,Nungambakkam,Central Chennai
NPIIN0000003267,HCP_03267,General Medicine,Chennai,Nungambakkam,Central Chennai
NPIIN0000003268,HCP_03268,Cardiology,Chennai,Tambaram,South Chennai
NPIIN0000003269,HCP_03269,Cardiology,Chennai,Adyar,South Chennai
NPIIN0000003270,HCP_03270,Cardiology,Chennai,Kilpauk,Central Chennai
NPIIN0000003271,HCP_03271,Diabetology,Chennai,Velachery,South Chennai
NPIIN0000003272,HCP_03272,Gastroenterology,Chennai,Royapuram,North Chennai
NPIIN0000003273,HCP_03273,Cardiology,Chennai,Adyar,South Chennai
NPIIN0000003274,HCP_03274,Neurology,Chennai,Guindy,South Chennai
NPIIN0000003275,HCP_03275,Pulmonology,Chennai,Porur,South Chennai
NPIIN0000003276,HCP_03276,Urology,Chennai,Porur,South Chennai
NPIIN0000003277,HCP_03277,Endocrinology,Chennai,Washermenpet,North Chennai
NPIIN0000003278,HCP_03278,Dermatology,Chennai,Perambur,North Chennai
NPIIN0000003279,HCP_03279,Urology,Chennai,Egmore,Central Chennai
NPIIN0000003280,HCP_03280,Orthopedics,Chennai,Anna Nagar,Central Chennai
NPIIN0000003281,HCP_03281,Dermatology,Chennai,Guindy,South Chennai
NPIIN0000003282,HCP_03282,Cardiology,Chennai,Anna Nagar,Central Chennai
NPIIN0000003283,HCP_03283,Orthopedics,Chennai,Anna Nagar,Central Chennai
NPIIN0000003284,HCP_03284,Dermatology,Chennai,Anna Nagar,Central Chennai
NPIIN0000003285,HCP_03285,Endocrinology,Chennai,Nungambakkam,Central Chennai
NPIIN0000003286,HCP_03286,Endocrinology,Chennai,Adyar,South Chennai
NPIIN0000003287,HCP_03287,Orthopedics,Chennai,Adyar,South Chennai
NPIIN0000003288,HCP_03288,Endocrinology,Chennai,Tondiarpet,North Chennai
NPIIN0000003289,HCP_03289,Gastroenterology,Chennai,Mylapore,Central Chennai
NPIIN0000003290,HCP_03290,General Medicine,Chennai,Washermenpet,North Chennai
NPIIN0000003291,HCP_03291,Gastroenterology,Chennai,Tondiarpet,North Chennai
NPIIN0000003292,HCP_03292,Cardiology,Chennai,Guindy,South Chennai
NPIIN0000003293,HCP_03293,Gastroenterology,Chennai,Ambattur,North Chennai
NPIIN0000003294,HCP_03294,General Medicine,Chennai,Tondiarpet,North Chennai
NPIIN0000003295,HCP_03295,Urology,Chennai,Royapuram,North Chennai
NPIIN0000003296,HCP_03296,Endocrinology,Chennai,Porur,South Chennai
NPIIN0000003297,HCP_03297,Cardiology,Chennai,Adyar,South Chennai
NPIIN0000003298,HCP_03298,Endocrinology,Chennai,Tondiarpet,North Chennai
NPIIN0000003299,HCP_03299,Cardiology,Chennai,Tondiarpet,North Chennai
NPIIN0000003300,HCP_03300,Orthopedics,Chennai,Nungambakkam,Central Chennai
NPIIN0000003301,HCP_03301,Cardiology,Chennai,Guindy,South Chennai
NPIIN0000003302,HCP_03302,Endocrinology,Chennai,Kilpauk,Central Chennai
NPIIN0000003303,HCP_03303,Dermatology,Chennai,Anna Nagar,Central Chennai
NPIIN0000003304,HCP_03304,Diabetology,Chennai,Tambaram,South Chennai
NPIIN0000003305,HCP_03305,Endocrinology,Chennai,Adyar,South Chennai
NPIIN0000003306,HCP_03306,Neurology,Chennai,Mylapore,Central Chennai
NPIIN0000003307,HCP_03307,General Medicine,Chennai,Anna Nagar,Central Chennai
NPIIN0000003308,HCP_03308,Dermatology,Chennai,Mylapore,Central Chennai
NPIIN0000003309,HCP_03309,Neurology,Chennai,Royapuram,North Chennai
NPIIN0000003310,HCP_03310,Diabetology,Chennai,Kilpauk,Central Chennai
NPIIN0000003311,HCP_03311,Pulmonology,Chennai,Porur,South Chennai
NPIIN0000003312,HCP_03312,Urology,Chennai,Tambaram,South Chennai
NPIIN0000003313,HCP_03313,General Medicine,Chennai,Royapuram,North Chennai
NPIIN0000003314,HCP_03314,Gastroenterology,Chennai,Perambur,North Chennai
NPIIN0000003315,HCP_03315,General Medicine,Chennai,Anna Nagar,Central Chennai
NPIIN0000003316,HCP_03316,Pulmonology,Chennai,Nungambakkam,Central Chennai
NPIIN0000003317,HCP_03317,Gastroenterology,Chennai,Tambaram,South Chennai
NPIIN0000003318,HCP_03318,Cardiology,Chennai,Mylapore,Central Chennai
NPIIN0000003319,HCP_03319,General Medicine,Chennai,Mylapore,Central Chennai
NPIIN0000003320,HCP_03320,Cardiology,Chennai,Kilpauk,Central Chennai
NPIIN0000003321,HCP_03321,Gastroenterology,Chennai,Egmore,Central Chennai
NPIIN0000003322,HCP_03322,Pulmonology,Chennai,Perambur,North Chennai
NPIIN0000003323,HCP_03323,Diabetology,Chennai,Guindy,South Chennai
NPIIN0000003324,HCP_03324,Cardiology,Chennai,Tambaram,South Chennai
NPIIN0000003325,HCP_03325,Urology,Chennai,Perambur,North Chennai
NPIIN0000003326,HCP_03326,Diabetology,Chennai,Guindy,South Chennai
NPIIN0000003327,HCP_03327,Diabetology,Chennai,Royapuram,North Chennai
NPIIN0000003328,HCP_03328,Cardiology,Chennai,Sholinganallur,South Chennai
NPIIN0000003329,HCP_03329,Pulmonology,Chennai,Ambattur,North Chennai
NPIIN0000003330,HCP_03330,Diabetology,Chennai,Egmore,Central Chennai
NPIIN0000003331,HCP_03331,Dermatology,Chennai,Porur,South Chennai
NPIIN0000003332,HCP_03332,Neurology,Chennai,Nungambakkam,Central Chennai
NPIIN0000003333,HCP_03333,Cardiology,Chennai,Mylapore,Central Chennai
NPIIN0000003334,HCP_03334,Pulmonology,Chennai,Kilpauk,Central Chennai
NPIIN0000003335,HCP_03335,Endocrinology,Chennai,Perambur,North Chennai
NPIIN0000003336,HCP_03336,Cardiology,Chennai,Madhavaram,North Chennai
NPIIN0000003337,HCP_03337,Pulmonology,Chennai,Perambur,North Chennai
NPIIN0000003338,HCP_03338,Endocrinology,Chennai,Sholinganallur,South Chennai
NPIIN0000003339,HCP_03339,Urology,Chennai,Mylapore,Central Chennai
NPIIN0000003340,HCP_03340,Pulmonology,Chennai,Tondiarpet,North Chennai
NPIIN0000003341,HCP_03341,Endocrinology,Chennai,Mylapore,Central Chennai
NPIIN0000003342,HCP_03342,Orthopedics,Chennai,Adyar,South Chennai
NPIIN0000003343,HCP_03343,Pulmonology,Chennai,T Nagar,Central Chennai
NPIIN0000003344,HCP_03344,Endocrinology,Chennai,Egmore,Central Chennai
NPIIN0000003345,HCP_03345,General Medicine,Chennai,Perambur,North Chennai
NPIIN0000003346,HCP_03346,Orthopedics,Chennai,Adyar,South Chennai
NPIIN0000003347,HCP_03347,General Medicine,Chennai,Guindy,South Chennai
NPIIN0000003348,HCP_03348,General Medicine,Chennai,Royapuram,North Chennai
NPIIN0000003349,HCP_03349,General Medicine,Chennai,Adyar,South Chennai
NPIIN0000003350,HCP_03350,Diabetology,Chennai,Ambattur,North Chennai
NPIIN0000003351,HCP_03351,Endocrinology,Chennai,Anna Nagar,Central Chennai
NPIIN0000003352,HCP_03352,Pulmonology,Chennai,Nungambakkam,Central Chennai
NPIIN0000003353,HCP_03353,Urology,Chennai,T Nagar,Central Chennai
NPIIN0000003354,HCP_03354,Gastroenterology,Chennai,Egmore,Central Chennai
NPIIN0000003355,HCP_03355,Cardiology,Chennai,Washermenpet,North Chennai
NPIIN0000003356,HCP_03356,General Medicine,Chennai,Madhavaram,North Chennai
NPIIN0000003357,HCP_03357,Cardiology,Chennai,Washermenpet,North Chennai
NPIIN0000003358,HCP_03358,Diabetology,Chennai,Tondiarpet,North Chennai
NPIIN0000003359,HCP_03359,Neurology,Chennai,Sholinganallur,South Chennai
NPIIN0000003360,HCP_03360,Diabetology,Chennai,Velachery,South Chennai
NPIIN0000003361,HCP_03361,Dermatology,Chennai,Kilpauk,Central Chennai
NPIIN0000003362,HCP_03362,General Medicine,Chennai,Mylapore,Central Chennai
NPIIN0000003363,HCP_03363,Neurology,Chennai,Ambattur,North Chennai
NPIIN0000003364,HCP_03364,Urology,Chennai,Perambur,North Chennai
NPIIN0000003365,HCP_03365,Neurology,Chennai,Nungambakkam,Central Chennai
NPIIN0000003366,HCP_03366,Urology,Chennai,Anna Nagar,Central Chennai
NPIIN0000003367,HCP_03367,Dermatology,Chennai,Guindy,South Chennai
NPIIN0000003368,HCP_03368,Pulmonology,Chennai,Porur,South Chennai
NPIIN0000003369,HCP_03369,Diabetology,Chennai,Nungambakkam,Central Chennai
NPIIN0000003370,HCP_03370,Diabetology,Chennai,Ambattur,North Chennai
NPIIN0000003371,HCP_03371,Urology,Chennai,Sholinganallur,South Chennai
NPIIN0000003372,HCP_03372,Cardiology,Chennai,Nungambakkam,Central Chennai
NPIIN0000003373,HCP_03373,Orthopedics,Chennai,Velachery,South Chennai
NPIIN0000003374,HCP_03374,Diabetology,Chennai,Egmore,Central Chennai
NPIIN0000003375,HCP_03375,Gastroenterology,Chennai,Tondiarpet,North Chennai
NPIIN0000003376,HCP_03376,General Medicine,Chennai,Royapuram,North Chennai
NPIIN0000003377,HCP_03377,Orthopedics,Chennai,Nungambakkam,Central Chennai
NPIIN0000003378,HCP_03378,Cardiology,Chennai,Porur,South Chennai
NPIIN0000003379,HCP_03379,General Medicine,Chennai,Madhavaram,North Chennai
NPIIN0000003380,HCP_03380,Urology,Chennai,Sholinganallur,South Chennai
NPIIN0000003381,HCP_03381,Diabetology,Chennai,Kilpauk,Central Chennai
NPIIN0000003382,HCP_03382,Diabetology,Chennai,Porur,South Chennai
NPIIN0000003383,HCP_03383,Urology,Chennai,Guindy,South Chennai
NPIIN0000003384,HCP_03384,Dermatology,Chennai,Washermenpet,North Chennai
NPIIN0000003385,HCP_03385,Cardiology,Chennai,Nungambakkam,Central Chennai
NPIIN0000003386,HCP_03386,Pulmonology,Chennai,Porur,South Chennai
NPIIN0000003387,HCP_03387,Endocrinology,Chennai,Perambur,North Chennai
NPIIN0000003388,HCP_03388,Endocrinology,Chennai,Sholinganallur,South Chennai
NPIIN0000003389,HCP_03389,Pulmonology,Chennai,Perambur,North Chennai
NPIIN0000003390,HCP_03390,Cardiology,Chennai,Mylapore,Central Chennai
NPIIN0000003391,HCP_03391,General Medicine,Chennai,Mylapore,Central Chennai
NPIIN0000003392,HCP_03392,Diabetology,Chennai,Velachery,South Chennai
NPIIN0000003393,HCP_03393,Dermatology,Chennai,Porur,South Chennai
NPIIN0000003394,HCP_03394,Pulmonology,Chennai,Egmore,Central Chennai
NPIIN0000003395,HCP_03395,Endocrinology,Chennai,Velachery,South Chennai
NPIIN0000003396,HCP_03396,Urology,Chennai,Tambaram,South Chennai
NPIIN0000003397,HCP_03397,Dermatology,Chennai,Kilpauk,Central Chennai
NPIIN0000003398,HCP_03398,Diabetology,Chennai,Kilpauk,Central Chennai
NPIIN0000003399,HCP_03399,Orthopedics,Chennai,Guindy,South Chennai
NPIIN0000003400,HCP_03400,Diabetology,Chennai,Tambaram,South Chennai
NPIIN0000003401,HCP_03401,Diabetology,Chennai,Kilpauk,Central Chennai
NPIIN0000003402,HCP_03402,General Medicine,Chennai,Tambaram,South Chennai
NPIIN0000003403,HCP_03403,Endocrinology,Chennai,Tondiarpet,North Chennai
NPIIN0000003404,HCP_03404,Neurology,Chennai,Adyar,South Chennai
NPIIN0000003405,HCP_03405,Pulmonology,Chennai,Guindy,South Chennai
NPIIN0000003406,HCP_03406,Urology,Chennai,Tambaram,South Chennai
NPIIN0000003407,HCP_03407,Diabetology,Chennai,Washermenpet,North Chennai
NPIIN0000003408,HCP_03408,Endocrinology,Chennai,Mylapore,Central Chennai
NPIIN0000003409,HCP_03409,General Medicine,Chennai,Tondiarpet,North Chennai
NPIIN0000003410,HCP_03410,Endocrinology,Chennai,T Nagar,Central Chennai
NPIIN0000003411,HCP_03411,Orthopedics,Chennai,Tambaram,South Chennai
NPIIN0000003412,HCP_03412,Gastroenterology,Chennai,Egmore,Central Chennai
NPIIN0000003413,HCP_03413,Dermatology,Chennai,Washermenpet,North Chennai
NPIIN0000003414,HCP_03414,Gastroenterology,Chennai,T Nagar,Central Chennai
NPIIN0000003415,HCP_03415,Diabetology,Chennai,Mylapore,Central Chennai
NPIIN0000003416,HCP_03416,Endocrinology,Chennai,T Nagar,Central Chennai
NPIIN0000003417,HCP_03417,General Medicine,Chennai,Porur,South Chennai
NPIIN0000003418,HCP_03418,Dermatology,Chennai,Velachery,South Chennai
NPIIN0000003419,HCP_03419,General Medicine,Chennai,Kilpauk,Central Chennai
NPIIN0000003420,HCP_03420,Cardiology,Chennai,Sholinganallur,South Chennai
NPIIN0000003421,HCP_03421,Neurology,Chennai,Porur,South Chennai
NPIIN0000003422,HCP_03422,Endocrinology,Chennai,Egmore,Central Chennai
NPIIN0000003423,HCP_03423,Pulmonology,Chennai,Porur,South Chennai
NPIIN0000003424,HCP_03424,Cardiology,Chennai,Perambur,North Chennai
NPIIN0000003425,HCP_03425,General Medicine,Chennai,Egmore,Central Chennai
NPIIN0000003426,HCP_03426,General Medicine,Chennai,Washermenpet,North Chennai
NPIIN0000003427,HCP_03427,Urology,Chennai,Egmore,Central Chennai
NPIIN0000003428,HCP_03428,Gastroenterology,Chennai,Tambaram,South Chennai
NPIIN0000003429,HCP_03429,Cardiology,Chennai,Sholinganallur,South Chennai
NPIIN0000003430,HCP_03430,Gastroenterology,Chennai,Guindy,South Chennai
NPIIN0000003431,HCP_03431,Dermatology,Chennai,Tondiarpet,North Chennai
NPIIN0000003432,HCP_03432,Neurology,Chennai,Ambattur,North Chennai
NPIIN0000003433,HCP_03433,Urology,Chennai,Velachery,South Chennai
NPIIN0000003434,HCP_03434,Dermatology,Chennai,Mylapore,Central Chennai
NPIIN0000003435,HCP_03435,Endocrinology,Chennai,Mylapore,Central Chennai
NPIIN0000003436,HCP_03436,General Medicine,Chennai,Tondiarpet,North Chennai
NPIIN0000003437,HCP_03437,General Medicine,Chennai,Egmore,Central Chennai
NPIIN0000003438,HCP_03438,General Medicine,Chennai,T Nagar,Central Chennai
NPIIN0000003439,HCP_03439,Orthopedics,Chennai,Anna Nagar,Central Chennai
NPIIN0000003440,HCP_03440,Pulmonology,Chennai,Madhavaram,North Chennai
NPIIN0000003441,HCP_03441,Diabetology,Chennai,Nungambakkam,Central Chennai
NPIIN0000003442,HCP_03442,Orthopedics,Chennai,Mylapore,Central Chennai
NPIIN0000003443,HCP_03443,Neurology,Chennai,Nungambakkam,Central Chennai
NPIIN0000003444,HCP_03444,Diabetology,Chennai,Madhavaram,North Chennai
NPIIN0000003445,HCP_03445,Urology,Chennai,Sholinganallur,South Chennai
NPIIN0000003446,HCP_03446,General Medicine,Chennai,Kilpauk,Central Chennai
NPIIN0000003447,HCP_03447,General Medicine,Chennai,Porur,South Chennai
NPIIN0000003448,HCP_03448,General Medicine,Chennai,Guindy,South Chennai
NPIIN0000003449,HCP_03449,Urology,Chennai,Kilpauk,Central Chennai
NPIIN0000003450,HCP_03450,Diabetology,Chennai,Tambaram,South Chennai
NPIIN0000003451,HCP_03451,General Medicine,Chennai,Adyar,South Chennai
NPIIN0000003452,HCP_03452,Neurology,Chennai,Perambur,North Chennai
NPIIN0000003453,HCP_03453,Urology,Chennai,Nungambakkam,Central Chennai
NPIIN0000003454,HCP_03454,Cardiology,Chennai,Mylapore,Central Chennai
NPIIN0000003455,HCP_03455,Endocrinology,Chennai,Guindy,South Chennai
NPIIN0000003456,HCP_03456,Orthopedics,Chennai,Guindy,South Chennai
NPIIN0000003457,HCP_03457,Gastroenterology,Chennai,Sholinganallur,South Chennai
NPIIN0000003458,HCP_03458,General Medicine,Chennai,Tambaram,South Chennai
NPIIN0000003459,HCP_03459,General Medicine,Chennai,T Nagar,Central Chennai
NPIIN0000003460,HCP_03460,General Medicine,Chennai,Sholinganallur,South Chennai
NPIIN0000003461,HCP_03461,Neurology,Chennai,Madhavaram,North Chennai
NPIIN0000003462,HCP_03462,Pulmonology,Chennai,Porur,South Chennai
NPIIN0000003463,HCP_03463,Gastroenterology,Chennai,T Nagar,Central Chennai
NPIIN0000003464,HCP_03464,Cardiology,Chennai,Kilpauk,Central Chennai
NPIIN0000003465,HCP_03465,Dermatology,Chennai,Velachery,South Chennai
NPIIN0000003466,HCP_03466,Cardiology,Chennai,Velachery,South Chennai
NPIIN0000003467,HCP_03467,Urology,Chennai,Washermenpet,North Chennai
NPIIN0000003468,HCP_03468,Cardiology,Chennai,T Nagar,Central Chennai
NPIIN0000003469,HCP_03469,Cardiology,Chennai,Nungambakkam,Central Chennai
NPIIN0000003470,HCP_03470,Endocrinology,Chennai,Velachery,South Chennai
NPIIN0000003471,HCP_03471,Endocrinology,Chennai,Perambur,North Chennai
NPIIN0000003472,HCP_03472,General Medicine,Chennai,Royapuram,North Chennai
NPIIN0000003473,HCP_03473,Neurology,Chennai,Ambattur,North Chennai
NPIIN0000003474,HCP_03474,Urology,Chennai,Tondiarpet,North Chennai
NPIIN0000003475,HCP_03475,General Medicine,Chennai,Madhavaram,North Chennai
NPIIN0000003476,HCP_03476,Pulmonology,Chennai,Washermenpet,North Chennai
NPIIN0000003477,HCP_03477,Diabetology,Chennai,Velachery,South Chennai
NPIIN0000003478,HCP_03478,Dermatology,Chennai,Tambaram,South Chennai
NPIIN0000003479,HCP_03479,Cardiology,Chennai,Tambaram,South Chennai
NPIIN0000003480,HCP_03480,Diabetology,Chennai,Perambur,North Chennai
NPIIN0000003481,HCP_03481,Cardiology,Chennai,Madhavaram,North Chennai
NPIIN0000003482,HCP_03482,Endocrinology,Chennai,Adyar,South Chennai
NPIIN0000003483,HCP_03483,Pulmonology,Chennai,Tambaram,South Chennai
NPIIN0000003484,HCP_03484,Cardiology,Chennai,Perambur,North Chennai
NPIIN0000003485,HCP_03485,Cardiology,Chennai,Adyar,South Chennai
NPIIN0000003486,HCP_03486,Dermatology,Chennai,Adyar,South Chennai
NPIIN0000003487,HCP_03487,Cardiology,Chennai,Tambaram,South Chennai
NPIIN0000003488,HCP_03488,Pulmonology,Chennai,Porur,South Chennai
NPIIN0000003489,HCP_03489,General Medicine,Chennai,Anna Nagar,Central Chennai
NPIIN0000003490,HCP_03490,Urology,Chennai,Ambattur,North Chennai
NPIIN0000003491,HCP_03491,Neurology,Chennai,Perambur,North Chennai
NPIIN0000003492,HCP_03492,Cardiology,Chennai,Kilpauk,Central Chennai
NPIIN0000003493,HCP_03493,Urology,Chennai,Tambaram,South Chennai
NPIIN0000003494,HCP_03494,General Medicine,Chennai,Royapuram,North Chennai
NPIIN0000003495,HCP_03495,Diabetology,Chennai,T Nagar,Central Chennai
NPIIN0000003496,HCP_03496,Neurology,Chennai,Sholinganallur,South Chennai
NPIIN0000003497,HCP_03497,Gastroenterology,Chennai,Guindy,South Chennai
NPIIN0000003498,HCP_03498,Diabetology,Chennai,Velachery,South Chennai
NPIIN0000003499,HCP_03499,General Medicine,Chennai,Ambattur,North Chennai
NPIIN0000003500,HCP_03500,Endocrinology,Chennai,Guindy,South Chennai
NPIIN0000003501,HCP_03501,Pulmonology,Chennai,Tondiarpet,North Chennai
NPIIN0000003502,HCP_03502,Orthopedics,Chennai,Perambur,North Chennai
NPIIN0000003503,HCP_03503,General Medicine,Chennai,Nungambakkam,Central Chennai
NPIIN0000003504,HCP_03504,Orthopedics,Chennai,Velachery,South Chennai
NPIIN0000003505,HCP_03505,Endocrinology,Chennai,Sholinganallur,South Chennai
NPIIN0000003506,HCP_03506,Dermatology,Chennai,Tondiarpet,North Chennai
NPIIN0000003507,HCP_03507,Urology,Chennai,Washermenpet,North Chennai
NPIIN0000003508,HCP_03508,Neurology,Chennai,Porur,South Chennai
NPIIN0000003509,HCP_03509,Cardiology,Chennai,Sholinganallur,South Chennai
NPIIN0000003510,HCP_03510,Diabetology,Chennai,Kilpauk,Central Chennai
NPIIN0000003511,HCP_03511,Cardiology,Chennai,Porur,South Chennai
NPIIN0000003512,HCP_03512,Pulmonology,Chennai,Sholinganallur,South Chennai
NPIIN0000003513,HCP_03513,Orthopedics,Chennai,Guindy,South Chennai
NPIIN0000003514,HCP_03514,General Medicine,Chennai,Adyar,South Chennai
NPIIN0000003515,HCP_03515,Endocrinology,Chennai,Guindy,South Chennai
NPIIN0000003516,HCP_03516,Diabetology,Chennai,Sholinganallur,South Chennai
NPIIN0000003517,HCP_03517,Pulmonology,Chennai,Royapuram,North Chennai
NPIIN0000003518,HCP_03518,Pulmonology,Chennai,T Nagar,Central Chennai
NPIIN0000003519,HCP_03519,Endocrinology,Chennai,Royapuram,North Chennai
NPIIN0000003520,HCP_03520,Gastroenterology,Chennai,Sholinganallur,South Chennai
NPIIN0000003521,HCP_03521,Cardiology,Chennai,Perambur,North Chennai
NPIIN0000003522,HCP_03522,Pulmonology,Chennai,Guindy,South Chennai
NPIIN0000003523,HCP_03523,General Medicine,Chennai,Kilpauk,Central Chennai
NPIIN0000003524,HCP_03524,Cardiology,Chennai,Perambur,North Chennai
NPIIN0000003525,HCP_03525,Neurology,Chennai,Madhavaram,North Chennai
NPIIN0000003526,HCP_03526,Neurology,Chennai,Washermenpet,North Chennai
NPIIN0000003527,HCP_03527,General Medicine,Chennai,Mylapore,Central Chennai
NPIIN0000003528,HCP_03528,Dermatology,Chennai,Mylapore,Central Chennai
NPIIN0000003529,HCP_03529,General Medicine,Chennai,Guindy,South Chennai
NPIIN0000003530,HCP_03530,Diabetology,Chennai,Madhavaram,North Chennai
NPIIN0000003531,HCP_03531,Orthopedics,Chennai,Kilpauk,Central Chennai
NPIIN0000003532,HCP_03532,Orthopedics,Chennai,Mylapore,Central Chennai
NPIIN0000003533,HCP_03533,Cardiology,Chennai,Madhavaram,North Chennai
NPIIN0000003534,HCP_03534,Orthopedics,Chennai,Kilpauk,Central Chennai
NPIIN0000003535,HCP_03535,Gastroenterology,Chennai,Adyar,South Chennai
NPIIN0000003536,HCP_03536,Cardiology,Chennai,Velachery,South Chennai
NPIIN0000003537,HCP_03537,General Medicine,Chennai,T Nagar,Central Chennai
NPIIN0000003538,HCP_03538,Cardiology,Chennai,Royapuram,North Chennai
NPIIN0000003539,HCP_03539,Pulmonology,Chennai,Nungambakkam,Central Chennai
NPIIN0000003540,HCP_03540,Orthopedics,Chennai,Mylapore,Central Chennai
NPIIN0000003541,HCP_03541,General Medicine,Chennai,Sholinganallur,South Chennai
NPIIN0000003542,HCP_03542,General Medicine,Chennai,Madhavaram,North Chennai
NPIIN0000003543,HCP_03543,Endocrinology,Chennai,Sholinganallur,South Chennai
NPIIN0000003544,HCP_03544,Pulmonology,Chennai,Kilpauk,Central Chennai
NPIIN0000003545,HCP_03545,Dermatology,Chennai,Egmore,Central Chennai
NPIIN0000003546,HCP_03546,Endocrinology,Chennai,Ambattur,North Chennai
NPIIN0000003547,HCP_03547,Pulmonology,Chennai,Ambattur,North Chennai
NPIIN0000003548,HCP_03548,General Medicine,Chennai,Adyar,South Chennai
NPIIN0000003549,HCP_03549,Gastroenterology,Chennai,Nungambakkam,Central Chennai
NPIIN0000003550,HCP_03550,Neurology,Chennai,Guindy,South Chennai
NPIIN0000003551,HCP_03551,Neurology,Chennai,Guindy,South Chennai
NPIIN0000003552,HCP_03552,General Medicine,Chennai,Madhavaram,North Chennai
NPIIN0000003553,HCP_03553,Pulmonology,Chennai,Kilpauk,Central Chennai
NPIIN0000003554,HCP_03554,Neurology,Chennai,Madhavaram,North Chennai
NPIIN0000003555,HCP_03555,Neurology,Chennai,Anna Nagar,Central Chennai
NPIIN0000003556,HCP_03556,Pulmonology,Chennai,Velachery,South Chennai
NPIIN0000003557,HCP_03557,Urology,Chennai,Washermenpet,North Chennai
NPIIN0000003558,HCP_03558,Diabetology,Chennai,Sholinganallur,South Chennai
NPIIN0000003559,HCP_03559,Cardiology,Chennai,Tambaram,South Chennai
NPIIN0000003560,HCP_03560,Orthopedics,Chennai,Royapuram,North Chennai
NPIIN0000003561,HCP_03561,Cardiology,Chennai,Guindy,South Chennai
NPIIN0000003562,HCP_03562,Urology,Chennai,Madhavaram,North Chennai
NPIIN0000003563,HCP_03563,Pulmonology,Chennai,Porur,South Chennai
NPIIN0000003564,HCP_03564,Urology,Chennai,T Nagar,Central Chennai
NPIIN0000003565,HCP_03565,Pulmonology,Chennai,Tambaram,South Chennai
NPIIN0000003566,HCP_03566,Dermatology,Chennai,Adyar,South Chennai
NPIIN0000003567,HCP_03567,Gastroenterology,Chennai,Guindy,South Chennai
NPIIN0000003568,HCP_03568,General Medicine,Chennai,Royapuram,North Chennai
NPIIN0000003569,HCP_03569,General Medicine,Chennai,Adyar,South Chennai
NPIIN0000003570,HCP_03570,Cardiology,Chennai,Kilpauk,Central Chennai
NPIIN0000003571,HCP_03571,Diabetology,Chennai,Sholinganallur,South Chennai
NPIIN0000003572,HCP_03572,Orthopedics,Chennai,Anna Nagar,Central Chennai
NPIIN0000003573,HCP_03573,Diabetology,Chennai,Kilpauk,Central Chennai
NPIIN0000003574,HCP_03574,Gastroenterology,Chennai,Royapuram,North Chennai
NPIIN0000003575,HCP_03575,General Medicine,Chennai,Kilpauk,Central Chennai
NPIIN0000003576,HCP_03576,Diabetology,Chennai,Perambur,North Chennai
NPIIN0000003577,HCP_03577,Orthopedics,Chennai,Tambaram,South Chennai
NPIIN0000003578,HCP_03578,Cardiology,Chennai,Kilpauk,Central Chennai
NPIIN0000003579,HCP_03579,Pulmonology,Chennai,Velachery,South Chennai
NPIIN0000003580,HCP_03580,General Medicine,Chennai,Anna Nagar,Central Chennai
NPIIN0000003581,HCP_03581,Cardiology,Chennai,Sholinganallur,South Chennai
NPIIN0000003582,HCP_03582,Endocrinology,Chennai,Sholinganallur,South Chennai
NPIIN0000003583,HCP_03583,Neurology,Chennai,Royapuram,North Chennai
NPIIN0000003584,HCP_03584,Cardiology,Chennai,Tambaram,South Chennai
NPIIN0000003585,HCP_03585,Dermatology,Chennai,Adyar,South Chennai
NPIIN0000003586,HCP_03586,Pulmonology,Chennai,Porur,South Chennai
NPIIN0000003587,HCP_03587,Cardiology,Chennai,Ambattur,North Chennai
NPIIN0000003588,HCP_03588,Diabetology,Chennai,Perambur,North Chennai
NPIIN0000003589,HCP_03589,Cardiology,Chennai,Velachery,South Chennai
NPIIN0000003590,HCP_03590,Dermatology,Chennai,Egmore,Central Chennai
NPIIN0000003591,HCP_03591,Pulmonology,Chennai,Guindy,South Chennai
NPIIN0000003592,HCP_03592,Cardiology,Chennai,Kilpauk,Central Chennai
NPIIN0000003593,HCP_03593,Pulmonology,Chennai,Guindy,South Chennai
NPIIN0000003594,HCP_03594,General Medicine,Chennai,Nungambakkam,Central Chennai
NPIIN0000003595,HCP_03595,Neurology,Chennai,Nungambakkam,Central Chennai
NPIIN0000003596,HCP_03596,Cardiology,Chennai,Sholinganallur,South Chennai
NPIIN0000003597,HCP_03597,Cardiology,Chennai,Velachery,South Chennai
NPIIN0000003598,HCP_03598,General Medicine,Chennai,Velachery,South Chennai
NPIIN0000003599,HCP_03599,Neurology,Chennai,Sholinganallur,South Chennai
NPIIN0000003600,HCP_03600,Neurology,Chennai,Washermenpet,North Chennai
NPIIN0000003601,HCP_03601,Diabetology,Chennai,Egmore,Central Chennai
NPIIN0000003602,HCP_03602,Endocrinology,Chennai,Egmore,Central Chennai
NPIIN0000003603,HCP_03603,Neurology,Chennai,Perambur,North Chennai
NPIIN0000003604,HCP_03604,Cardiology,Chennai,Kilpauk,Central Chennai
NPIIN0000003605,HCP_03605,Pulmonology,Chennai,Adyar,South Chennai
NPIIN0000003606,HCP_03606,General Medicine,Chennai,Egmore,Central Chennai
NPIIN0000003607,HCP_03607,Endocrinology,Chennai,T Nagar,Central Chennai
NPIIN0000003608,HCP_03608,General Medicine,Chennai,Egmore,Central Chennai
NPIIN0000003609,HCP_03609,Endocrinology,Chennai,Kilpauk,Central Chennai
NPIIN0000003610,HCP_03610,Pulmonology,Chennai,Anna Nagar,Central Chennai
NPIIN0000003611,HCP_03611,Endocrinology,Chennai,Velachery,South Chennai
NPIIN0000003612,HCP_03612,General Medicine,Chennai,Mylapore,Central Chennai
NPIIN0000003613,HCP_03613,General Medicine,Chennai,Washermenpet,North Chennai
NPIIN0000003614,HCP_03614,Cardiology,Chennai,Sholinganallur,South Chennai
NPIIN0000003615,HCP_03615,Pulmonology,Chennai,Royapuram,North Chennai
NPIIN0000003616,HCP_03616,Gastroenterology,Chennai,Guindy,South Chennai
NPIIN0000003617,HCP_03617,Orthopedics,Chennai,Ambattur,North Chennai
NPIIN0000003618,HCP_03618,Endocrinology,Chennai,Anna Nagar,Central Chennai
NPIIN0000003619,HCP_03619,Endocrinology,Chennai,Kilpauk,Central Chennai
NPIIN0000003620,HCP_03620,Diabetology,Chennai,Guindy,South Chennai
NPIIN0000003621,HCP_03621,Urology,Chennai,Sholinganallur,South Chennai
NPIIN0000003622,HCP_03622,General Medicine,Chennai,T Nagar,Central Chennai
NPIIN0000003623,HCP_03623,Diabetology,Chennai,Tondiarpet,North Chennai
NPIIN0000003624,HCP_03624,Gastroenterology,Chennai,Adyar,South Chennai
NPIIN0000003625,HCP_03625,Cardiology,Chennai,Guindy,South Chennai
NPIIN0000003626,HCP_03626,Pulmonology,Chennai,Tondiarpet,North Chennai
NPIIN0000003627,HCP_03627,General Medicine,Chennai,Velachery,South Chennai
NPIIN0000003628,HCP_03628,Pulmonology,Chennai,Tambaram,South Chennai
NPIIN0000003629,HCP_03629,Gastroenterology,Chennai,Sholinganallur,South Chennai
NPIIN0000003630,HCP_03630,Diabetology,Chennai,Nungambakkam,Central Chennai
NPIIN0000003631,HCP_03631,Neurology,Chennai,Nungambakkam,Central Chennai
NPIIN0000003632,HCP_03632,General Medicine,Chennai,Velachery,South Chennai
NPIIN0000003633,HCP_03633,Cardiology,Chennai,Perambur,North Chennai
NPIIN0000003634,HCP_03634,Urology,Chennai,Washermenpet,North Chennai
NPIIN0000003635,HCP_03635,Gastroenterology,Chennai,Washermenpet,North Chennai
NPIIN0000003636,HCP_03636,Urology,Chennai,Kilpauk,Central Chennai
NPIIN0000003637,HCP_03637,Gastroenterology,Chennai,Sholinganallur,South Chennai
NPIIN0000003638,HCP_03638,Diabetology,Chennai,T Nagar,Central Chennai
NPIIN0000003639,HCP_03639,General Medicine,Chennai,Adyar,South Chennai
NPIIN0000003640,HCP_03640,General Medicine,Chennai,Tondiarpet,North Chennai
NPIIN0000003641,HCP_03641,Cardiology,Chennai,Nungambakkam,Central Chennai
NPIIN0000003642,HCP_03642,General Medicine,Chennai,Kilpauk,Central Chennai
NPIIN0000003643,HCP_03643,General Medicine,Chennai,Velachery,South Chennai
NPIIN0000003644,HCP_03644,Cardiology,Chennai,Nungambakkam,Central Chennai
NPIIN0000003645,HCP_03645,Dermatology,Chennai,Nungambakkam,Central Chennai
NPIIN0000003646,HCP_03646,Endocrinology,Chennai,Guindy,South Chennai
NPIIN0000003647,HCP_03647,General Medicine,Chennai,Perambur,North Chennai
NPIIN0000003648,HCP_03648,Gastroenterology,Chennai,Royapuram,North Chennai
NPIIN0000003649,HCP_03649,Pulmonology,Chennai,Nungambakkam,Central Chennai
NPIIN0000003650,HCP_03650,Endocrinology,Chennai,Velachery,South Chennai
NPIIN0000003651,HCP_03651,Pulmonology,Chennai,Anna Nagar,Central Chennai
NPIIN0000003652,HCP_03652,Gastroenterology,Chennai,T Nagar,Central Chennai
NPIIN0000003653,HCP_03653,Dermatology,Chennai,Anna Nagar,Central Chennai
NPIIN0000003654,HCP_03654,Diabetology,Chennai,T Nagar,Central Chennai
NPIIN0000003655,HCP_03655,Cardiology,Chennai,Mylapore,Central Chennai
NPIIN0000003656,HCP_03656,Pulmonology,Chennai,Kilpauk,Central Chennai
NPIIN0000003657,HCP_03657,Endocrinology,Chennai,Nungambakkam,Central Chennai
NPIIN0000003658,HCP_03658,Gastroenterology,Chennai,Royapuram,North Chennai
NPIIN0000003659,HCP_03659,Neurology,Chennai,Porur,South Chennai
NPIIN0000003660,HCP_03660,Gastroenterology,Chennai,Kilpauk,Central Chennai
NPIIN0000003661,HCP_03661,Orthopedics,Chennai,T Nagar,Central Chennai
NPIIN0000003662,HCP_03662,Pulmonology,Chennai,Sholinganallur,South Chennai
NPIIN0000003663,HCP_03663,Urology,Chennai,Guindy,South Chennai
NPIIN0000003664,HCP_03664,Neurology,Chennai,Tambaram,South Chennai
NPIIN0000003665,HCP_03665,Endocrinology,Chennai,Mylapore,Central Chennai
NPIIN0000003666,HCP_03666,Dermatology,Chennai,Ambattur,North Chennai
NPIIN0000003667,HCP_03667,Neurology,Chennai,Nungambakkam,Central Chennai
NPIIN0000003668,HCP_03668,Orthopedics,Chennai,Mylapore,Central Chennai
NPIIN0000003669,HCP_03669,Diabetology,Chennai,Perambur,North Chennai
NPIIN0000003670,HCP_03670,General Medicine,Chennai,Madhavaram,North Chennai
NPIIN0000003671,HCP_03671,Dermatology,Chennai,Madhavaram,North Chennai
NPIIN0000003672,HCP_03672,Cardiology,Chennai,Madhavaram,North Chennai
NPIIN0000003673,HCP_03673,Neurology,Chennai,Anna Nagar,Central Chennai
NPIIN0000003674,HCP_03674,Pulmonology,Chennai,Anna Nagar,Central Chennai
NPIIN0000003675,HCP_03675,Endocrinology,Chennai,Sholinganallur,South Chennai
NPIIN0000003676,HCP_03676,Endocrinology,Chennai,Guindy,South Chennai
NPIIN0000003677,HCP_03677,Dermatology,Chennai,Kilpauk,Central Chennai
NPIIN0000003678,HCP_03678,Cardiology,Chennai,Washermenpet,North Chennai
NPIIN0000003679,HCP_03679,Gastroenterology,Chennai,T Nagar,Central Chennai
NPIIN0000003680,HCP_03680,Gastroenterology,Chennai,Nungambakkam,Central Chennai
NPIIN0000003681,HCP_03681,Neurology,Chennai,Tambaram,South Chennai
NPIIN0000003682,HCP_03682,General Medicine,Chennai,Anna Nagar,Central Chennai
NPIIN0000003683,HCP_03683,Cardiology,Chennai,Madhavaram,North Chennai
NPIIN0000003684,HCP_03684,Dermatology,Chennai,Madhavaram,North Chennai
NPIIN0000003685,HCP_03685,Cardiology,Chennai,Mylapore,Central Chennai
NPIIN0000003686,HCP_03686,Diabetology,Chennai,Kilpauk,Central Chennai
NPIIN0000003687,HCP_03687,Orthopedics,Chennai,Kilpauk,Central Chennai
NPIIN0000003688,HCP_03688,Diabetology,Chennai,Velachery,South Chennai
NPIIN0000003689,HCP_03689,Diabetology,Chennai,Tondiarpet,North Chennai
NPIIN0000003690,HCP_03690,Orthopedics,Chennai,Royapuram,North Chennai
NPIIN0000003691,HCP_03691,Cardiology,Chennai,Mylapore,Central Chennai
NPIIN0000003692,HCP_03692,Endocrinology,Chennai,Ambattur,North Chennai
NPIIN0000003693,HCP_03693,General Medicine,Chennai,Mylapore,Central Chennai
NPIIN0000003694,HCP_03694,Gastroenterology,Chennai,Ambattur,North Chennai
NPIIN0000003695,HCP_03695,Urology,Chennai,Velachery,South Chennai
NPIIN0000003696,HCP_03696,Gastroenterology,Chennai,Madhavaram,North Chennai
NPIIN0000003697,HCP_03697,Orthopedics,Chennai,Egmore,Central Chennai
NPIIN0000003698,HCP_03698,Cardiology,Chennai,Egmore,Central Chennai
NPIIN0000003699,HCP_03699,Pulmonology,Chennai,Nungambakkam,Central Chennai
NPIIN0000003700,HCP_03700,Cardiology,Chennai,Royapuram,North Chennai
NPIIN0000003701,HCP_03701,Urology,Chennai,Adyar,South Chennai
NPIIN0000003702,HCP_03702,Orthopedics,Chennai,T Nagar,Central Chennai
NPIIN0000003703,HCP_03703,Diabetology,Chennai,Ambattur,North Chennai
NPIIN0000003704,HCP_03704,Dermatology,Chennai,Velachery,South Chennai
NPIIN0000003705,HCP_03705,Neurology,Chennai,Egmore,Central Chennai
NPIIN0000003706,HCP_03706,Cardiology,Chennai,Kilpauk,Central Chennai
NPIIN0000003707,HCP_03707,Pulmonology,Chennai,Kilpauk,Central Chennai
NPIIN0000003708,HCP_03708,Orthopedics,Chennai,Tambaram,South Chennai
NPIIN0000003709,HCP_03709,Diabetology,Chennai,Madhavaram,North Chennai
NPIIN0000003710,HCP_03710,Cardiology,Chennai,Guindy,South Chennai
NPIIN0000003711,HCP_03711,Orthopedics,Chennai,Adyar,South Chennai
NPIIN0000003712,HCP_03712,General Medicine,Chennai,Adyar,South Chennai
NPIIN0000003713,HCP_03713,General Medicine,Chennai,Sholinganallur,South Chennai
NPIIN0000003714,HCP_03714,Gastroenterology,Chennai,Guindy,South Chennai
NPIIN0000003715,HCP_03715,Pulmonology,Chennai,Sholinganallur,South Chennai
NPIIN0000003716,HCP_03716,Diabetology,Chennai,Adyar,South Chennai
NPIIN0000003717,HCP_03717,Cardiology,Chennai,Guindy,South Chennai
NPIIN0000003718,HCP_03718,Dermatology,Chennai,Velachery,South Chennai
NPIIN0000003719,HCP_03719,General Medicine,Chennai,Porur,South Chennai
NPIIN0000003720,HCP_03720,Neurology,Chennai,Tondiarpet,North Chennai
NPIIN0000003721,HCP_03721,Urology,Chennai,Porur,South Chennai
NPIIN0000003722,HCP_03722,Cardiology,Chennai,Perambur,North Chennai
NPIIN0000003723,HCP_03723,Dermatology,Chennai,Sholinganallur,South Chennai
NPIIN0000003724,HCP_03724,Gastroenterology,Chennai,Madhavaram,North Chennai
NPIIN0000003725,HCP_03725,Orthopedics,Chennai,Porur,South Chennai
NPIIN0000003726,HCP_03726,Endocrinology,Chennai,Guindy,South Chennai
NPIIN0000003727,HCP_03727,Diabetology,Chennai,Adyar,South Chennai
NPIIN0000003728,HCP_03728,Neurology,Chennai,Nungambakkam,Central Chennai
NPIIN0000003729,HCP_03729,Urology,Chennai,Porur,South Chennai
NPIIN0000003730,HCP_03730,Orthopedics,Chennai,Porur,South Chennai
NPIIN0000003731,HCP_03731,General Medicine,Chennai,Porur,South Chennai
NPIIN0000003732,HCP_03732,Pulmonology,Chennai,Sholinganallur,South Chennai
NPIIN0000003733,HCP_03733,Endocrinology,Chennai,Perambur,North Chennai
NPIIN0000003734,HCP_03734,Neurology,Chennai,Tondiarpet,North Chennai
NPIIN0000003735,HCP_03735,Dermatology,Chennai,Egmore,Central Chennai
NPIIN0000003736,HCP_03736,Dermatology,Chennai,Sholinganallur,South Chennai
NPIIN0000003737,HCP_03737,General Medicine,Chennai,Egmore,Central Chennai
NPIIN0000003738,HCP_03738,Orthopedics,Chennai,Porur,South Chennai
NPIIN0000003739,HCP_03739,Cardiology,Chennai,Guindy,South Chennai
NPIIN0000003740,HCP_03740,General Medicine,Chennai,Tondiarpet,North Chennai
NPIIN0000003741,HCP_03741,Pulmonology,Chennai,Egmore,Central Chennai
NPIIN0000003742,HCP_03742,Pulmonology,Chennai,Egmore,Central Chennai
NPIIN0000003743,HCP_03743,Gastroenterology,Chennai,Velachery,South Chennai
NPIIN0000003744,HCP_03744,Pulmonology,Chennai,Perambur,North Chennai
NPIIN0000003745,HCP_03745,Cardiology,Chennai,Mylapore,Central Chennai
NPIIN0000003746,HCP_03746,Endocrinology,Chennai,Velachery,South Chennai
NPIIN0000003747,HCP_03747,Pulmonology,Chennai,Mylapore,Central Chennai
NPIIN0000003748,HCP_03748,Neurology,Chennai,Sholinganallur,South Chennai
NPIIN0000003749,HCP_03749,General Medicine,Chennai,Mylapore,Central Chennai
NPIIN0000003750,HCP_03750,General Medicine,Chennai,Nungambakkam,Central Chennai
NPIIN0000003751,HCP_03751,Cardiology,Chennai,Nungambakkam,Central Chennai
NPIIN0000003752,HCP_03752,Gastroenterology,Chennai,Ambattur,North Chennai
NPIIN0000003753,HCP_03753,General Medicine,Chennai,Ambattur,North Chennai
NPIIN0000003754,HCP_03754,Pulmonology,Chennai,Sholinganallur,South Chennai
NPIIN0000003755,HCP_03755,General Medicine,Chennai,Tondiarpet,North Chennai
NPIIN0000003756,HCP_03756,Diabetology,Chennai,T Nagar,Central Chennai
NPIIN0000003757,HCP_03757,Diabetology,Chennai,Anna Nagar,Central Chennai
NPIIN0000003758,HCP_03758,Cardiology,Chennai,Anna Nagar,Central Chennai
NPIIN0000003759,HCP_03759,Neurology,Chennai,Porur,South Chennai
NPIIN0000003760,HCP_03760,Diabetology,Chennai,Kilpauk,Central Chennai
NPIIN0000003761,HCP_03761,Diabetology,Chennai,Tambaram,South Chennai
NPIIN0000003762,HCP_03762,Orthopedics,Chennai,Kilpauk,Central Chennai
NPIIN0000003763,HCP_03763,General Medicine,Chennai,Anna Nagar,Central Chennai
NPIIN0000003764,HCP_03764,General Medicine,Chennai,Nungambakkam,Central Chennai
NPIIN0000003765,HCP_03765,General Medicine,Chennai,Mylapore,Central Chennai
NPIIN0000003766,HCP_03766,Diabetology,Chennai,Adyar,South Chennai
NPIIN0000003767,HCP_03767,Cardiology,Chennai,Royapuram,North Chennai
NPIIN0000003768,HCP_03768,Dermatology,Chennai,Egmore,Central Chennai
NPIIN0000003769,HCP_03769,General Medicine,Chennai,Velachery,South Chennai
NPIIN0000003770,HCP_03770,Gastroenterology,Chennai,Tambaram,South Chennai
NPIIN0000003771,HCP_03771,Orthopedics,Chennai,Adyar,South Chennai
NPIIN0000003772,HCP_03772,Cardiology,Chennai,Velachery,South Chennai
NPIIN0000003773,HCP_03773,Neurology,Chennai,Adyar,South Chennai
NPIIN0000003774,HCP_03774,Cardiology,Chennai,Porur,South Chennai
NPIIN0000003775,HCP_03775,General Medicine,Chennai,Velachery,South Chennai
NPIIN0000003776,HCP_03776,Dermatology,Chennai,Tondiarpet,North Chennai
NPIIN0000003777,HCP_03777,Cardiology,Chennai,Porur,South Chennai
NPIIN0000003778,HCP_03778,Orthopedics,Chennai,T Nagar,Central Chennai
NPIIN0000003779,HCP_03779,Pulmonology,Chennai,Adyar,South Chennai
NPIIN0000003780,HCP_03780,General Medicine,Chennai,Tambaram,South Chennai
NPIIN0000003781,HCP_03781,Cardiology,Chennai,Anna Nagar,Central Chennai
NPIIN0000003782,HCP_03782,Pulmonology,Chennai,Sholinganallur,South Chennai
NPIIN0000003783,HCP_03783,General Medicine,Chennai,Adyar,South Chennai
NPIIN0000003784,HCP_03784,Endocrinology,Chennai,Mylapore,Central Chennai
NPIIN0000003785,HCP_03785,General Medicine,Chennai,Perambur,North Chennai
NPIIN0000003786,HCP_03786,Cardiology,Chennai,Sholinganallur,South Chennai
NPIIN0000003787,HCP_03787,Orthopedics,Chennai,Adyar,South Chennai
NPIIN0000003788,HCP_03788,General Medicine,Chennai,Kilpauk,Central Chennai
NPIIN0000003789,HCP_03789,General Medicine,Chennai,Mylapore,Central Chennai
NPIIN0000003790,HCP_03790,Gastroenterology,Chennai,Tambaram,South Chennai
NPIIN0000003791,HCP_03791,Gastroenterology,Chennai,Nungambakkam,Central Chennai
NPIIN0000003792,HCP_03792,Urology,Chennai,Egmore,Central Chennai
NPIIN0000003793,HCP_03793,Orthopedics,Chennai,T Nagar,Central Chennai
NPIIN0000003794,HCP_03794,Endocrinology,Chennai,Mylapore,Central Chennai
NPIIN0000003795,HCP_03795,General Medicine,Chennai,Madhavaram,North Chennai
NPIIN0000003796,HCP_03796,Neurology,Chennai,Sholinganallur,South Chennai
NPIIN0000003797,HCP_03797,Cardiology,Chennai,Guindy,South Chennai
NPIIN0000003798,HCP_03798,Gastroenterology,Chennai,Adyar,South Chennai
NPIIN0000003799,HCP_03799,Cardiology,Chennai,Tondiarpet,North Chennai
NPIIN0000003800,HCP_03800,Urology,Chennai,Nungambakkam,Central Chennai
NPIIN0000003801,HCP_03801,Gastroenterology,Chennai,Kilpauk,Central Chennai
NPIIN0000003802,HCP_03802,Pulmonology,Chennai,Anna Nagar,Central Chennai
NPIIN0000003803,HCP_03803,General Medicine,Chennai,Egmore,Central Chennai
NPIIN0000003804,HCP_03804,Orthopedics,Chennai,T Nagar,Central Chennai
NPIIN0000003805,HCP_03805,Gastroenterology,Chennai,Anna Nagar,Central Chennai
NPIIN0000003806,HCP_03806,Dermatology,Chennai,Kilpauk,Central Chennai
NPIIN0000003807,HCP_03807,Dermatology,Chennai,Porur,South Chennai
NPIIN0000003808,HCP_03808,Cardiology,Chennai,Porur,South Chennai
NPIIN0000003809,HCP_03809,Cardiology,Chennai,Tambaram,South Chennai
NPIIN0000003810,HCP_03810,Endocrinology,Chennai,Porur,South Chennai
NPIIN0000003811,HCP_03811,Neurology,Chennai,Washermenpet,North Chennai
NPIIN0000003812,HCP_03812,Pulmonology,Chennai,Anna Nagar,Central Chennai
NPIIN0000003813,HCP_03813,Diabetology,Chennai,Madhavaram,North Chennai
NPIIN0000003814,HCP_03814,Orthopedics,Chennai,T Nagar,Central Chennai
NPIIN0000003815,HCP_03815,Cardiology,Chennai,Royapuram,North Chennai
NPIIN0000003816,HCP_03816,Gastroenterology,Chennai,Ambattur,North Chennai
NPIIN0000003817,HCP_03817,General Medicine,Chennai,Perambur,North Chennai
NPIIN0000003818,HCP_03818,General Medicine,Chennai,Mylapore,Central Chennai
NPIIN0000003819,HCP_03819,Cardiology,Chennai,Adyar,South Chennai
NPIIN0000003820,HCP_03820,Gastroenterology,Chennai,Sholinganallur,South Chennai
NPIIN0000003821,HCP_03821,Gastroenterology,Chennai,Velachery,South Chennai
NPIIN0000003822,HCP_03822,Diabetology,Chennai,Tambaram,South Chennai
NPIIN0000003823,HCP_03823,General Medicine,Chennai,Ambattur,North Chennai
NPIIN0000003824,HCP_03824,Pulmonology,Chennai,Anna Nagar,Central Chennai
NPIIN0000003825,HCP_03825,General Medicine,Chennai,Porur,South Chennai
NPIIN0000003826,HCP_03826,Pulmonology,Chennai,Tondiarpet,North Chennai
NPIIN0000003827,HCP_03827,General Medicine,Chennai,Egmore,Central Chennai
NPIIN0000003828,HCP_03828,Urology,Chennai,Anna Nagar,Central Chennai
NPIIN0000003829,HCP_03829,Gastroenterology,Chennai,Tambaram,South Chennai
NPIIN0000003830,HCP_03830,Cardiology,Chennai,Velachery,South Chennai
NPIIN0000003831,HCP_03831,Dermatology,Chennai,Perambur,North Chennai
NPIIN0000003832,HCP_03832,General Medicine,Chennai,Adyar,South Chennai
NPIIN0000003833,HCP_03833,Orthopedics,Chennai,Ambattur,North Chennai
NPIIN0000003834,HCP_03834,Pulmonology,Chennai,Tondiarpet,North Chennai
NPIIN0000003835,HCP_03835,Cardiology,Chennai,T Nagar,Central Chennai
NPIIN0000003836,HCP_03836,Gastroenterology,Chennai,Ambattur,North Chennai
NPIIN0000003837,HCP_03837,Cardiology,Chennai,Guindy,South Chennai
NPIIN0000003838,HCP_03838,Urology,Chennai,Egmore,Central Chennai
NPIIN0000003839,HCP_03839,Orthopedics,Chennai,Sholinganallur,South Chennai
NPIIN0000003840,HCP_03840,Neurology,Chennai,Mylapore,Central Chennai
NPIIN0000003841,HCP_03841,Pulmonology,Chennai,Adyar,South Chennai
NPIIN0000003842,HCP_03842,Pulmonology,Chennai,Guindy,South Chennai
NPIIN0000003843,HCP_03843,General Medicine,Chennai,Sholinganallur,South Chennai
NPIIN0000003844,HCP_03844,Cardiology,Chennai,Washermenpet,North Chennai
NPIIN0000003845,HCP_03845,Urology,Chennai,Sholinganallur,South Chennai
NPIIN0000003846,HCP_03846,Diabetology,Chennai,Madhavaram,North Chennai
NPIIN0000003847,HCP_03847,Diabetology,Chennai,Sholinganallur,South Chennai
NPIIN0000003848,HCP_03848,Endocrinology,Chennai,Sholinganallur,South Chennai
NPIIN0000003849,HCP_03849,Orthopedics,Chennai,T Nagar,Central Chennai
NPIIN0000003850,HCP_03850,Orthopedics,Chennai,Nungambakkam,Central Chennai
NPIIN0000003851,HCP_03851,General Medicine,Chennai,Perambur,North Chennai
NPIIN0000003852,HCP_03852,Diabetology,Chennai,T Nagar,Central Chennai
NPIIN0000003853,HCP_03853,Dermatology,Chennai,Washermenpet,North Chennai
NPIIN0000003854,HCP_03854,General Medicine,Chennai,Tondiarpet,North Chennai
NPIIN0000003855,HCP_03855,Orthopedics,Chennai,Royapuram,North Chennai
NPIIN0000003856,HCP_03856,Urology,Chennai,T Nagar,Central Chennai
NPIIN0000003857,HCP_03857,Gastroenterology,Chennai,Adyar,South Chennai
NPIIN0000003858,HCP_03858,Cardiology,Chennai,Perambur,North Chennai
NPIIN0000003859,HCP_03859,Neurology,Chennai,Sholinganallur,South Chennai
NPIIN0000003860,HCP_03860,Orthopedics,Chennai,Anna Nagar,Central Chennai
NPIIN0000003861,HCP_03861,General Medicine,Chennai,Washermenpet,North Chennai
NPIIN0000003862,HCP_03862,Urology,Chennai,T Nagar,Central Chennai
NPIIN0000003863,HCP_03863,General Medicine,Chennai,Porur,South Chennai
NPIIN0000003864,HCP_03864,Orthopedics,Chennai,T Nagar,Central Chennai
NPIIN0000003865,HCP_03865,Neurology,Chennai,Adyar,South Chennai
NPIIN0000003866,HCP_03866,Cardiology,Chennai,Nungambakkam,Central Chennai
NPIIN0000003867,HCP_03867,General Medicine,Chennai,Tondiarpet,North Chennai
NPIIN0000003868,HCP_03868,Cardiology,Chennai,Nungambakkam,Central Chennai
NPIIN0000003869,HCP_03869,General Medicine,Chennai,Sholinganallur,South Chennai
NPIIN0000003870,HCP_03870,Urology,Chennai,Royapuram,North Chennai
NPIIN0000003871,HCP_03871,Endocrinology,Chennai,Perambur,North Chennai
NPIIN0000003872,HCP_03872,Orthopedics,Chennai,Mylapore,Central Chennai
NPIIN0000003873,HCP_03873,Cardiology,Chennai,Anna Nagar,Central Chennai
NPIIN0000003874,HCP_03874,Neurology,Chennai,Nungambakkam,Central Chennai
NPIIN0000003875,HCP_03875,Orthopedics,Chennai,Porur,South Chennai
NPIIN0000003876,HCP_03876,Neurology,Chennai,Madhavaram,North Chennai
NPIIN0000003877,HCP_03877,Urology,Chennai,Mylapore,Central Chennai
NPIIN0000003878,HCP_03878,Orthopedics,Chennai,Tambaram,South Chennai
NPIIN0000003879,HCP_03879,Neurology,Chennai,Mylapore,Central Chennai
NPIIN0000003880,HCP_03880,Gastroenterology,Chennai,Washermenpet,North Chennai
NPIIN0000003881,HCP_03881,Cardiology,Chennai,Velachery,South Chennai
NPIIN0000003882,HCP_03882,General Medicine,Chennai,Guindy,South Chennai
NPIIN0000003883,HCP_03883,Diabetology,Chennai,Tambaram,South Chennai
NPIIN0000003884,HCP_03884,Dermatology,Chennai,Tondiarpet,North Chennai
NPIIN0000003885,HCP_03885,Neurology,Chennai,Porur,South Chennai
NPIIN0000003886,HCP_03886,Pulmonology,Chennai,Mylapore,Central Chennai
NPIIN0000003887,HCP_03887,Orthopedics,Chennai,Tambaram,South Chennai
NPIIN0000003888,HCP_03888,Cardiology,Chennai,Adyar,South Chennai
NPIIN0000003889,HCP_03889,Orthopedics,Chennai,Velachery,South Chennai
NPIIN0000003890,HCP_03890,Cardiology,Chennai,Kilpauk,Central Chennai
NPIIN0000003891,HCP_03891,General Medicine,Chennai,Kilpauk,Central Chennai
NPIIN0000003892,HCP_03892,Neurology,Chennai,Velachery,South Chennai
NPIIN0000003893,HCP_03893,General Medicine,Chennai,Washermenpet,North Chennai
NPIIN0000003894,HCP_03894,Neurology,Chennai,Ambattur,North Chennai
NPIIN0000003895,HCP_03895,Gastroenterology,Chennai,Sholinganallur,South Chennai
NPIIN0000003896,HCP_03896,Dermatology,Chennai,Guindy,South Chennai
NPIIN0000003897,HCP_03897,Endocrinology,Chennai,T Nagar,Central Chennai
NPIIN0000003898,HCP_03898,Endocrinology,Chennai,Perambur,North Chennai
NPIIN0000003899,HCP_03899,Cardiology,Chennai,T Nagar,Central Chennai
NPIIN0000003900,HCP_03900,General Medicine,Chennai,Mylapore,Central Chennai
NPIIN0000003901,HCP_03901,Cardiology,Chennai,Mylapore,Central Chennai
NPIIN0000003902,HCP_03902,Diabetology,Chennai,Porur,South Chennai
NPIIN0000003903,HCP_03903,Dermatology,Chennai,Tambaram,South Chennai
NPIIN0000003904,HCP_03904,Orthopedics,Chennai,Royapuram,North Chennai
NPIIN0000003905,HCP_03905,Dermatology,Chennai,Tondiarpet,North Chennai
NPIIN0000003906,HCP_03906,Cardiology,Chennai,Tambaram,South Chennai
NPIIN0000003907,HCP_03907,Pulmonology,Chennai,Guindy,South Chennai
NPIIN0000003908,HCP_03908,Endocrinology,Chennai,Velachery,South Chennai
NPIIN0000003909,HCP_03909,General Medicine,Chennai,Tondiarpet,North Chennai
NPIIN0000003910,HCP_03910,General Medicine,Chennai,Velachery,South Chennai
NPIIN0000003911,HCP_03911,Orthopedics,Chennai,Ambattur,North Chennai
NPIIN0000003912,HCP_03912,Neurology,Chennai,Royapuram,North Chennai
NPIIN0000003913,HCP_03913,Diabetology,Chennai,Sholinganallur,South Chennai
NPIIN0000003914,HCP_03914,Neurology,Chennai,Tondiarpet,North Chennai
NPIIN0000003915,HCP_03915,Orthopedics,Chennai,Tondiarpet,North Chennai
NPIIN0000003916,HCP_03916,Cardiology,Chennai,Kilpauk,Central Chennai
NPIIN0000003917,HCP_03917,Dermatology,Chennai,Madhavaram,North Chennai
NPIIN0000003918,HCP_03918,Endocrinology,Chennai,Perambur,North Chennai
NPIIN0000003919,HCP_03919,Endocrinology,Chennai,Porur,South Chennai
NPIIN0000003920,HCP_03920,Urology,Chennai,Perambur,North Chennai
NPIIN0000003921,HCP_03921,Cardiology,Chennai,Anna Nagar,Central Chennai
NPIIN0000003922,HCP_03922,Gastroenterology,Chennai,Velachery,South Chennai
NPIIN0000003923,HCP_03923,Cardiology,Chennai,Mylapore,Central Chennai
NPIIN0000003924,HCP_03924,Pulmonology,Chennai,Sholinganallur,South Chennai
NPIIN0000003925,HCP_03925,Pulmonology,Chennai,Mylapore,Central Chennai
NPIIN0000003926,HCP_03926,Urology,Chennai,Royapuram,North Chennai
NPIIN0000003927,HCP_03927,Dermatology,Chennai,Washermenpet,North Chennai
NPIIN0000003928,HCP_03928,Neurology,Chennai,Velachery,South Chennai
NPIIN0000003929,HCP_03929,General Medicine,Chennai,T Nagar,Central Chennai
NPIIN0000003930,HCP_03930,Endocrinology,Chennai,Tambaram,South Chennai
NPIIN0000003931,HCP_03931,Neurology,Chennai,Royapuram,North Chennai
NPIIN0000003932,HCP_03932,General Medicine,Chennai,Royapuram,North Chennai
NPIIN0000003933,HCP_03933,Cardiology,Chennai,Ambattur,North Chennai
NPIIN0000003934,HCP_03934,Orthopedics,Chennai,Egmore,Central Chennai
NPIIN0000003935,HCP_03935,Diabetology,Chennai,Ambattur,North Chennai
NPIIN0000003936,HCP_03936,Cardiology,Chennai,Nungambakkam,Central Chennai
NPIIN0000003937,HCP_03937,Urology,Chennai,T Nagar,Central Chennai
NPIIN0000003938,HCP_03938,Pulmonology,Chennai,Velachery,South Chennai
NPIIN0000003939,HCP_03939,Gastroenterology,Chennai,Ambattur,North Chennai
NPIIN0000003940,HCP_03940,Endocrinology,Chennai,Egmore,Central Chennai
NPIIN0000003941,HCP_03941,General Medicine,Chennai,Mylapore,Central Chennai
NPIIN0000003942,HCP_03942,Neurology,Chennai,Mylapore,Central Chennai
NPIIN0000003943,HCP_03943,Diabetology,Chennai,Mylapore,Central Chennai
NPIIN0000003944,HCP_03944,Neurology,Chennai,Ambattur,North Chennai
NPIIN0000003945,HCP_03945,Endocrinology,Chennai,Anna Nagar,Central Chennai
NPIIN0000003946,HCP_03946,Endocrinology,Chennai,Velachery,South Chennai
NPIIN0000003947,HCP_03947,Cardiology,Chennai,Mylapore,Central Chennai
NPIIN0000003948,HCP_03948,Diabetology,Chennai,Anna Nagar,Central Chennai
NPIIN0000003949,HCP_03949,Diabetology,Chennai,Tambaram,South Chennai
NPIIN0000003950,HCP_03950,Gastroenterology,Chennai,T Nagar,Central Chennai
NPIIN0000003951,HCP_03951,Pulmonology,Chennai,Washermenpet,North Chennai
NPIIN0000003952,HCP_03952,Endocrinology,Chennai,Guindy,South Chennai
NPIIN0000003953,HCP_03953,Pulmonology,Chennai,Sholinganallur,South Chennai
NPIIN0000003954,HCP_03954,Endocrinology,Chennai,Sholinganallur,South Chennai
NPIIN0000003955,HCP_03955,General Medicine,Chennai,Egmore,Central Chennai
NPIIN0000003956,HCP_03956,Urology,Chennai,Tondiarpet,North Chennai
NPIIN0000003957,HCP_03957,Gastroenterology,Chennai,Adyar,South Chennai
NPIIN0000003958,HCP_03958,Neurology,Chennai,Sholinganallur,South Chennai
NPIIN0000003959,HCP_03959,Diabetology,Chennai,Anna Nagar,Central Chennai
NPIIN0000003960,HCP_03960,Cardiology,Chennai,Royapuram,North Chennai
NPIIN0000003961,HCP_03961,Gastroenterology,Chennai,Egmore,Central Chennai
NPIIN0000003962,HCP_03962,Pulmonology,Chennai,Kilpauk,Central Chennai
NPIIN0000003963,HCP_03963,Pulmonology,Chennai,Porur,South Chennai
NPIIN0000003964,HCP_03964,Orthopedics,Chennai,Anna Nagar,Central Chennai
NPIIN0000003965,HCP_03965,General Medicine,Chennai,Kilpauk,Central Chennai
NPIIN0000003966,HCP_03966,Dermatology,Chennai,Egmore,Central Chennai
NPIIN0000003967,HCP_03967,Pulmonology,Chennai,Ambattur,North Chennai
NPIIN0000003968,HCP_03968,Endocrinology,Chennai,Anna Nagar,Central Chennai
NPIIN0000003969,HCP_03969,Cardiology,Chennai,Tondiarpet,North Chennai
NPIIN0000003970,HCP_03970,Pulmonology,Chennai,Mylapore,Central Chennai
NPIIN0000003971,HCP_03971,Diabetology,Chennai,Porur,South Chennai
NPIIN0000003972,HCP_03972,Neurology,Chennai,Egmore,Central Chennai
NPIIN0000003973,HCP_03973,Neurology,Chennai,Perambur,North Chennai
NPIIN0000003974,HCP_03974,General Medicine,Chennai,Anna Nagar,Central Chennai
NPIIN0000003975,HCP_03975,Pulmonology,Chennai,Anna Nagar,Central Chennai
NPIIN0000003976,HCP_03976,Pulmonology,Chennai,Egmore,Central Chennai
NPIIN0000003977,HCP_03977,General Medicine,Chennai,Mylapore,Central Chennai
NPIIN0000003978,HCP_03978,Urology,Chennai,Nungambakkam,Central Chennai
NPIIN0000003979,HCP_03979,Cardiology,Chennai,Perambur,North Chennai
NPIIN0000003980,HCP_03980,Orthopedics,Chennai,Porur,South Chennai
NPIIN0000003981,HCP_03981,Cardiology,Chennai,Egmore,Central Chennai
NPIIN0000003982,HCP_03982,Endocrinology,Chennai,Madhavaram,North Chennai
NPIIN0000003983,HCP_03983,Neurology,Chennai,Washermenpet,North Chennai
NPIIN0000003984,HCP_03984,Cardiology,Chennai,Anna Nagar,Central Chennai
NPIIN0000003985,HCP_03985,Diabetology,Chennai,Royapuram,North Chennai
NPIIN0000003986,HCP_03986,Endocrinology,Chennai,Nungambakkam,Central Chennai
NPIIN0000003987,HCP_03987,Gastroenterology,Chennai,Mylapore,Central Chennai
NPIIN0000003988,HCP_03988,Pulmonology,Chennai,Royapuram,North Chennai
NPIIN0000003989,HCP_03989,Cardiology,Chennai,Sholinganallur,South Chennai
NPIIN0000003990,HCP_03990,General Medicine,Chennai,Guindy,South Chennai
NPIIN0000003991,HCP_03991,Endocrinology,Chennai,Adyar,South Chennai
NPIIN0000003992,HCP_03992,Orthopedics,Chennai,Perambur,North Chennai
NPIIN0000003993,HCP_03993,Cardiology,Chennai,T Nagar,Central Chennai
NPIIN0000003994,HCP_03994,Pulmonology,Chennai,Kilpauk,Central Chennai
NPIIN0000003995,HCP_03995,General Medicine,Chennai,Mylapore,Central Chennai
NPIIN0000003996,HCP_03996,Pulmonology,Chennai,T Nagar,Central Chennai
NPIIN0000003997,HCP_03997,Orthopedics,Chennai,Kilpauk,Central Chennai
NPIIN0000003998,HCP_03998,General Medicine,Chennai,Washermenpet,North Chennai
NPIIN0000003999,HCP_03999,Gastroenterology,Chennai,Anna Nagar,Central Chennai
NPIIN0000004000,HCP_04000,General Medicine,Chennai,Mylapore,Central Chennai
NPIIN0000004001,HCP_04001,Neurology,Chennai,Velachery,South Chennai
NPIIN0000004002,HCP_04002,General Medicine,Chennai,Ambattur,North Chennai
NPIIN0000004003,HCP_04003,Endocrinology,Chennai,Guindy,South Chennai
NPIIN0000004004,HCP_04004,Cardiology,Chennai,Egmore,Central Chennai
NPIIN0000004005,HCP_04005,Cardiology,Chennai,Royapuram,North Chennai
NPIIN0000004006,HCP_04006,Orthopedics,Chennai,T Nagar,Central Chennai
NPIIN0000004007,HCP_04007,Gastroenterology,Chennai,Madhavaram,North Chennai
NPIIN0000004008,HCP_04008,Diabetology,Chennai,Kilpauk,Central Chennai
NPIIN0000004009,HCP_04009,General Medicine,Chennai,T Nagar,Central Chennai
NPIIN0000004010,HCP_04010,Gastroenterology,Chennai,Tondiarpet,North Chennai
NPIIN0000004011,HCP_04011,General Medicine,Chennai,Nungambakkam,Central Chennai
NPIIN0000004012,HCP_04012,General Medicine,Chennai,Mylapore,Central Chennai
NPIIN0000004013,HCP_04013,Gastroenterology,Chennai,Tambaram,South Chennai
NPIIN0000004014,HCP_04014,Endocrinology,Chennai,Egmore,Central Chennai
NPIIN0000004015,HCP_04015,General Medicine,Chennai,Tondiarpet,North Chennai
NPIIN0000004016,HCP_04016,Endocrinology,Chennai,Ambattur,North Chennai
NPIIN0000004017,HCP_04017,Cardiology,Chennai,Nungambakkam,Central Chennai
NPIIN0000004018,HCP_04018,Neurology,Chennai,Tondiarpet,North Chennai
NPIIN0000004019,HCP_04019,Neurology,Chennai,Egmore,Central Chennai
NPIIN0000004020,HCP_04020,Orthopedics,Chennai,Tambaram,South Chennai
NPIIN0000004021,HCP_04021,Endocrinology,Chennai,Kilpauk,Central Chennai
NPIIN0000004022,HCP_04022,Gastroenterology,Chennai,Kilpauk,Central Chennai
NPIIN0000004023,HCP_04023,Orthopedics,Chennai,Kilpauk,Central Chennai
NPIIN0000004024,HCP_04024,Neurology,Chennai,Velachery,South Chennai
NPIIN0000004025,HCP_04025,Orthopedics,Chennai,Adyar,South Chennai
NPIIN0000004026,HCP_04026,Orthopedics,Chennai,Sholinganallur,South Chennai
NPIIN0000004027,HCP_04027,Dermatology,Chennai,Guindy,South Chennai
NPIIN0000004028,HCP_04028,Orthopedics,Chennai,Sholinganallur,South Chennai
NPIIN0000004029,HCP_04029,Pulmonology,Chennai,Madhavaram,North Chennai
NPIIN0000004030,HCP_04030,General Medicine,Chennai,Porur,South Chennai
NPIIN0000004031,HCP_04031,Urology,Chennai,Tondiarpet,North Chennai
NPIIN0000004032,HCP_04032,Dermatology,Chennai,Tondiarpet,North Chennai
NPIIN0000004033,HCP_04033,Cardiology,Chennai,Sholinganallur,South Chennai
NPIIN0000004034,HCP_04034,Diabetology,Chennai,Washermenpet,North Chennai
NPIIN0000004035,HCP_04035,Diabetology,Chennai,Nungambakkam,Central Chennai
NPIIN0000004036,HCP_04036,Dermatology,Chennai,Washermenpet,North Chennai
NPIIN0000004037,HCP_04037,Endocrinology,Chennai,T Nagar,Central Chennai
NPIIN0000004038,HCP_04038,Diabetology,Chennai,Porur,South Chennai
NPIIN0000004039,HCP_04039,General Medicine,Chennai,Washermenpet,North Chennai
NPIIN0000004040,HCP_04040,Cardiology,Chennai,Velachery,South Chennai
NPIIN0000004041,HCP_04041,Orthopedics,Chennai,Madhavaram,North Chennai
NPIIN0000004042,HCP_04042,General Medicine,Chennai,Tambaram,South Chennai
NPIIN0000004043,HCP_04043,Endocrinology,Chennai,Mylapore,Central Chennai
NPIIN0000004044,HCP_04044,Diabetology,Chennai,Adyar,South Chennai
NPIIN0000004045,HCP_04045,Dermatology,Chennai,Tondiarpet,North Chennai
NPIIN0000004046,HCP_04046,Neurology,Chennai,T Nagar,Central Chennai
NPIIN0000004047,HCP_04047,General Medicine,Chennai,T Nagar,Central Chennai
NPIIN0000004048,HCP_04048,General Medicine,Chennai,Nungambakkam,Central Chennai
NPIIN0000004049,HCP_04049,Urology,Chennai,Royapuram,North Chennai
NPIIN0000004050,HCP_04050,Gastroenterology,Chennai,Adyar,South Chennai
NPIIN0000004051,HCP_04051,Gastroenterology,Chennai,Guindy,South Chennai
NPIIN0000004052,HCP_04052,General Medicine,Chennai,Guindy,South Chennai
NPIIN0000004053,HCP_04053,Orthopedics,Chennai,Ambattur,North Chennai
NPIIN0000004054,HCP_04054,Gastroenterology,Chennai,Tondiarpet,North Chennai
NPIIN0000004055,HCP_04055,General Medicine,Chennai,Guindy,South Chennai
NPIIN0000004056,HCP_04056,Orthopedics,Chennai,Adyar,South Chennai
NPIIN0000004057,HCP_04057,Urology,Chennai,Egmore,Central Chennai
NPIIN0000004058,HCP_04058,Gastroenterology,Chennai,Velachery,South Chennai
NPIIN0000004059,HCP_04059,Gastroenterology,Chennai,Washermenpet,North Chennai
NPIIN0000004060,HCP_04060,General Medicine,Chennai,Adyar,South Chennai
NPIIN0000004061,HCP_04061,General Medicine,Chennai,Guindy,South Chennai
NPIIN0000004062,HCP_04062,Endocrinology,Chennai,Guindy,South Chennai
NPIIN0000004063,HCP_04063,Pulmonology,Chennai,T Nagar,Central Chennai
NPIIN0000004064,HCP_04064,General Medicine,Chennai,Ambattur,North Chennai
NPIIN0000004065,HCP_04065,General Medicine,Chennai,Kilpauk,Central Chennai
NPIIN0000004066,HCP_04066,Orthopedics,Chennai,Tambaram,South Chennai
NPIIN0000004067,HCP_04067,Endocrinology,Chennai,Mylapore,Central Chennai
NPIIN0000004068,HCP_04068,Dermatology,Chennai,Guindy,South Chennai
NPIIN0000004069,HCP_04069,Diabetology,Chennai,Tambaram,South Chennai
NPIIN0000004070,HCP_04070,Cardiology,Chennai,Nungambakkam,Central Chennai
NPIIN0000004071,HCP_04071,Cardiology,Chennai,Ambattur,North Chennai
NPIIN0000004072,HCP_04072,General Medicine,Chennai,Adyar,South Chennai
NPIIN0000004073,HCP_04073,General Medicine,Chennai,Royapuram,North Chennai
NPIIN0000004074,HCP_04074,Diabetology,Chennai,Mylapore,Central Chennai
NPIIN0000004075,HCP_04075,Neurology,Chennai,Kilpauk,Central Chennai
NPIIN0000004076,HCP_04076,General Medicine,Chennai,Ambattur,North Chennai
NPIIN0000004077,HCP_04077,Cardiology,Chennai,Tambaram,South Chennai
NPIIN0000004078,HCP_04078,General Medicine,Chennai,Ambattur,North Chennai
NPIIN0000004079,HCP_04079,Cardiology,Chennai,Anna Nagar,Central Chennai
NPIIN0000004080,HCP_04080,Cardiology,Chennai,Royapuram,North Chennai
NPIIN0000004081,HCP_04081,Endocrinology,Chennai,Madhavaram,North Chennai
NPIIN0000004082,HCP_04082,Neurology,Chennai,T Nagar,Central Chennai
NPIIN0000004083,HCP_04083,Neurology,Chennai,Guindy,South Chennai
NPIIN0000004084,HCP_04084,Urology,Chennai,Mylapore,Central Chennai
NPIIN0000004085,HCP_04085,Gastroenterology,Chennai,Ambattur,North Chennai
NPIIN0000004086,HCP_04086,Pulmonology,Chennai,Tambaram,South Chennai
NPIIN0000004087,HCP_04087,Diabetology,Chennai,Royapuram,North Chennai
NPIIN0000004088,HCP_04088,Cardiology,Chennai,Royapuram,North Chennai
NPIIN0000004089,HCP_04089,Neurology,Chennai,Egmore,Central Chennai
NPIIN0000004090,HCP_04090,Diabetology,Chennai,Nungambakkam,Central Chennai
NPIIN0000004091,HCP_04091,Diabetology,Chennai,Anna Nagar,Central Chennai
NPIIN0000004092,HCP_04092,Orthopedics,Chennai,Guindy,South Chennai
NPIIN0000004093,HCP_04093,Endocrinology,Chennai,Tambaram,South Chennai
NPIIN0000004094,HCP_04094,Cardiology,Chennai,T Nagar,Central Chennai
NPIIN0000004095,HCP_04095,Orthopedics,Chennai,Kilpauk,Central Chennai
NPIIN0000004096,HCP_04096,Diabetology,Chennai,Kilpauk,Central Chennai
NPIIN0000004097,HCP_04097,General Medicine,Chennai,Royapuram,North Chennai
NPIIN0000004098,HCP_04098,Cardiology,Chennai,Guindy,South Chennai
NPIIN0000004099,HCP_04099,General Medicine,Chennai,Porur,South Chennai
NPIIN0000004100,HCP_04100,Orthopedics,Chennai,Porur,South Chennai
NPIIN0000004101,HCP_04101,Neurology,Chennai,Anna Nagar,Central Chennai
NPIIN0000004102,HCP_04102,General Medicine,Chennai,Velachery,South Chennai
NPIIN0000004103,HCP_04103,Diabetology,Chennai,Madhavaram,North Chennai
NPIIN0000004104,HCP_04104,General Medicine,Chennai,Nungambakkam,Central Chennai
NPIIN0000004105,HCP_04105,Pulmonology,Chennai,Velachery,South Chennai
NPIIN0000004106,HCP_04106,Diabetology,Chennai,Kilpauk,Central Chennai
NPIIN0000004107,HCP_04107,Endocrinology,Chennai,Porur,South Chennai
NPIIN0000004108,HCP_04108,Neurology,Chennai,Adyar,South Chennai
NPIIN0000004109,HCP_04109,Urology,Chennai,Guindy,South Chennai
NPIIN0000004110,HCP_04110,Urology,Chennai,Tondiarpet,North Chennai
NPIIN0000004111,HCP_04111,Dermatology,Chennai,Mylapore,Central Chennai
NPIIN0000004112,HCP_04112,Pulmonology,Chennai,Adyar,South Chennai
NPIIN0000004113,HCP_04113,Gastroenterology,Chennai,Porur,South Chennai
NPIIN0000004114,HCP_04114,Urology,Chennai,Madhavaram,North Chennai
NPIIN0000004115,HCP_04115,Cardiology,Chennai,Tambaram,South Chennai
NPIIN0000004116,HCP_04116,General Medicine,Chennai,Mylapore,Central Chennai
NPIIN0000004117,HCP_04117,Endocrinology,Chennai,Washermenpet,North Chennai
NPIIN0000004118,HCP_04118,Orthopedics,Chennai,Sholinganallur,South Chennai
NPIIN0000004119,HCP_04119,Urology,Chennai,Nungambakkam,Central Chennai
NPIIN0000004120,HCP_04120,Dermatology,Chennai,Washermenpet,North Chennai
NPIIN0000004121,HCP_04121,Diabetology,Chennai,Tambaram,South Chennai
NPIIN0000004122,HCP_04122,Orthopedics,Chennai,Porur,South Chennai
NPIIN0000004123,HCP_04123,Cardiology,Chennai,Sholinganallur,South Chennai
NPIIN0000004124,HCP_04124,Endocrinology,Chennai,Washermenpet,North Chennai
NPIIN0000004125,HCP_04125,Pulmonology,Chennai,Porur,South Chennai
NPIIN0000004126,HCP_04126,Dermatology,Chennai,Anna Nagar,Central Chennai
NPIIN0000004127,HCP_04127,Urology,Chennai,Madhavaram,North Chennai
NPIIN0000004128,HCP_04128,Diabetology,Chennai,Washermenpet,North Chennai
NPIIN0000004129,HCP_04129,General Medicine,Chennai,Velachery,South Chennai
NPIIN0000004130,HCP_04130,General Medicine,Chennai,Porur,South Chennai
NPIIN0000004131,HCP_04131,Cardiology,Chennai,Velachery,South Chennai
NPIIN0000004132,HCP_04132,Urology,Chennai,Velachery,South Chennai
NPIIN0000004133,HCP_04133,General Medicine,Chennai,Madhavaram,North Chennai
NPIIN0000004134,HCP_04134,Endocrinology,Chennai,Washermenpet,North Chennai
NPIIN0000004135,HCP_04135,General Medicine,Chennai,Ambattur,North Chennai
NPIIN0000004136,HCP_04136,Gastroenterology,Chennai,Kilpauk,Central Chennai
NPIIN0000004137,HCP_04137,Urology,Chennai,Madhavaram,North Chennai
NPIIN0000004138,HCP_04138,Endocrinology,Chennai,Velachery,South Chennai
NPIIN0000004139,HCP_04139,Endocrinology,Chennai,Velachery,South Chennai
NPIIN0000004140,HCP_04140,Orthopedics,Chennai,Tambaram,South Chennai
NPIIN0000004141,HCP_04141,Pulmonology,Chennai,Ambattur,North Chennai
NPIIN0000004142,HCP_04142,General Medicine,Chennai,Royapuram,North Chennai
NPIIN0000004143,HCP_04143,Endocrinology,Chennai,Anna Nagar,Central Chennai
NPIIN0000004144,HCP_04144,Orthopedics,Chennai,Tondiarpet,North Chennai
NPIIN0000004145,HCP_04145,Gastroenterology,Chennai,Tondiarpet,North Chennai
NPIIN0000004146,HCP_04146,Endocrinology,Chennai,T Nagar,Central Chennai
NPIIN0000004147,HCP_04147,Cardiology,Chennai,Kilpauk,Central Chennai
NPIIN0000004148,HCP_04148,Endocrinology,Chennai,Guindy,South Chennai
NPIIN0000004149,HCP_04149,Diabetology,Chennai,Ambattur,North Chennai
NPIIN0000004150,HCP_04150,Cardiology,Chennai,Madhavaram,North Chennai
NPIIN0000004151,HCP_04151,Endocrinology,Chennai,Mylapore,Central Chennai
NPIIN0000004152,HCP_04152,Cardiology,Chennai,Washermenpet,North Chennai
NPIIN0000004153,HCP_04153,General Medicine,Chennai,Tondiarpet,North Chennai
NPIIN0000004154,HCP_04154,General Medicine,Chennai,Ambattur,North Chennai
NPIIN0000004155,HCP_04155,General Medicine,Chennai,Perambur,North Chennai
NPIIN0000004156,HCP_04156,Dermatology,Chennai,Mylapore,Central Chennai
NPIIN0000004157,HCP_04157,Diabetology,Chennai,Tambaram,South Chennai
NPIIN0000004158,HCP_04158,Urology,Chennai,Nungambakkam,Central Chennai
NPIIN0000004159,HCP_04159,Urology,Chennai,Madhavaram,North Chennai
NPIIN0000004160,HCP_04160,Orthopedics,Chennai,T Nagar,Central Chennai
NPIIN0000004161,HCP_04161,Endocrinology,Chennai,Ambattur,North Chennai
NPIIN0000004162,HCP_04162,Diabetology,Chennai,Mylapore,Central Chennai
NPIIN0000004163,HCP_04163,Pulmonology,Chennai,Adyar,South Chennai
NPIIN0000004164,HCP_04164,Endocrinology,Chennai,Tondiarpet,North Chennai
NPIIN0000004165,HCP_04165,Cardiology,Chennai,Velachery,South Chennai
NPIIN0000004166,HCP_04166,Cardiology,Chennai,Nungambakkam,Central Chennai
NPIIN0000004167,HCP_04167,Pulmonology,Chennai,Egmore,Central Chennai
NPIIN0000004168,HCP_04168,Dermatology,Chennai,Ambattur,North Chennai
NPIIN0000004169,HCP_04169,Diabetology,Chennai,Ambattur,North Chennai
NPIIN0000004170,HCP_04170,Orthopedics,Chennai,Royapuram,North Chennai
NPIIN0000004171,HCP_04171,Dermatology,Chennai,Porur,South Chennai
NPIIN0000004172,HCP_04172,Cardiology,Chennai,Velachery,South Chennai
NPIIN0000004173,HCP_04173,General Medicine,Chennai,Tambaram,South Chennai
NPIIN0000004174,HCP_04174,Cardiology,Chennai,T Nagar,Central Chennai
NPIIN0000004175,HCP_04175,Urology,Chennai,Porur,South Chennai
NPIIN0000004176,HCP_04176,Gastroenterology,Chennai,Ambattur,North Chennai
NPIIN0000004177,HCP_04177,Neurology,Chennai,Royapuram,North Chennai
NPIIN0000004178,HCP_04178,Neurology,Chennai,Velachery,South Chennai
NPIIN0000004179,HCP_04179,Diabetology,Chennai,Guindy,South Chennai
NPIIN0000004180,HCP_04180,Orthopedics,Chennai,Guindy,South Chennai
NPIIN0000004181,HCP_04181,Urology,Chennai,Porur,South Chennai
NPIIN0000004182,HCP_04182,Gastroenterology,Chennai,T Nagar,Central Chennai
NPIIN0000004183,HCP_04183,General Medicine,Chennai,Velachery,South Chennai
NPIIN0000004184,HCP_04184,Cardiology,Chennai,Royapuram,North Chennai
NPIIN0000004185,HCP_04185,Cardiology,Chennai,Guindy,South Chennai
NPIIN0000004186,HCP_04186,Cardiology,Chennai,Sholinganallur,South Chennai
NPIIN0000004187,HCP_04187,Pulmonology,Chennai,Anna Nagar,Central Chennai
NPIIN0000004188,HCP_04188,Dermatology,Chennai,Mylapore,Central Chennai
NPIIN0000004189,HCP_04189,Orthopedics,Chennai,Nungambakkam,Central Chennai
NPIIN0000004190,HCP_04190,Endocrinology,Chennai,Madhavaram,North Chennai
NPIIN0000004191,HCP_04191,Diabetology,Chennai,Mylapore,Central Chennai
NPIIN0000004192,HCP_04192,Cardiology,Chennai,Guindy,South Chennai
NPIIN0000004193,HCP_04193,Orthopedics,Chennai,Royapuram,North Chennai
NPIIN0000004194,HCP_04194,Gastroenterology,Chennai,Sholinganallur,South Chennai
NPIIN0000004195,HCP_04195,General Medicine,Chennai,Nungambakkam,Central Chennai
NPIIN0000004196,HCP_04196,Pulmonology,Chennai,Ambattur,North Chennai
NPIIN0000004197,HCP_04197,Pulmonology,Chennai,Anna Nagar,Central Chennai
NPIIN0000004198,HCP_04198,Diabetology,Chennai,Guindy,South Chennai
NPIIN0000004199,HCP_04199,Endocrinology,Chennai,Kilpauk,Central Chennai
NPIIN0000004200,HCP_04200,Diabetology,Chennai,T Nagar,Central Chennai
NPIIN0000004201,HCP_04201,Diabetology,Chennai,Anna Nagar,Central Chennai
NPIIN0000004202,HCP_04202,Pulmonology,Chennai,Adyar,South Chennai
NPIIN0000004203,HCP_04203,Diabetology,Chennai,Egmore,Central Chennai
NPIIN0000004204,HCP_04204,Gastroenterology,Chennai,Royapuram,North Chennai
NPIIN0000004205,HCP_04205,Pulmonology,Chennai,Tambaram,South Chennai
NPIIN0000004206,HCP_04206,Pulmonology,Chennai,Velachery,South Chennai
NPIIN0000004207,HCP_04207,Orthopedics,Chennai,Kilpauk,Central Chennai
NPIIN0000004208,HCP_04208,Diabetology,Chennai,Nungambakkam,Central Chennai
NPIIN0000004209,HCP_04209,Neurology,Chennai,Tondiarpet,North Chennai
NPIIN0000004210,HCP_04210,Cardiology,Chennai,Mylapore,Central Chennai
NPIIN0000004211,HCP_04211,Gastroenterology,Chennai,Porur,South Chennai
NPIIN0000004212,HCP_04212,General Medicine,Chennai,Royapuram,North Chennai
NPIIN0000004213,HCP_04213,Endocrinology,Chennai,Ambattur,North Chennai
NPIIN0000004214,HCP_04214,Cardiology,Chennai,Nungambakkam,Central Chennai
NPIIN0000004215,HCP_04215,Neurology,Chennai,Ambattur,North Chennai
NPIIN0000004216,HCP_04216,Neurology,Chennai,Mylapore,Central Chennai
NPIIN0000004217,HCP_04217,Neurology,Chennai,Porur,South Chennai
NPIIN0000004218,HCP_04218,General Medicine,Chennai,Anna Nagar,Central Chennai
NPIIN0000004219,HCP_04219,Neurology,Chennai,Adyar,South Chennai
NPIIN0000004220,HCP_04220,Pulmonology,Chennai,Velachery,South Chennai
NPIIN0000004221,HCP_04221,Endocrinology,Chennai,Kilpauk,Central Chennai
NPIIN0000004222,HCP_04222,General Medicine,Chennai,Mylapore,Central Chennai
NPIIN0000004223,HCP_04223,General Medicine,Chennai,Nungambakkam,Central Chennai
NPIIN0000004224,HCP_04224,Dermatology,Chennai,Kilpauk,Central Chennai
NPIIN0000004225,HCP_04225,General Medicine,Chennai,Kilpauk,Central Chennai
NPIIN0000004226,HCP_04226,General Medicine,Chennai,Sholinganallur,South Chennai
NPIIN0000004227,HCP_04227,Orthopedics,Chennai,Perambur,North Chennai
NPIIN0000004228,HCP_04228,Urology,Chennai,Kilpauk,Central Chennai
NPIIN0000004229,HCP_04229,Diabetology,Chennai,Madhavaram,North Chennai
NPIIN0000004230,HCP_04230,Urology,Chennai,T Nagar,Central Chennai
NPIIN0000004231,HCP_04231,Cardiology,Chennai,Sholinganallur,South Chennai
NPIIN0000004232,HCP_04232,Dermatology,Chennai,Mylapore,Central Chennai
NPIIN0000004233,HCP_04233,Endocrinology,Chennai,Porur,South Chennai
NPIIN0000004234,HCP_04234,General Medicine,Chennai,Tambaram,South Chennai
NPIIN0000004235,HCP_04235,Orthopedics,Chennai,Anna Nagar,Central Chennai
NPIIN0000004236,HCP_04236,Cardiology,Chennai,Mylapore,Central Chennai
NPIIN0000004237,HCP_04237,Dermatology,Chennai,Ambattur,North Chennai
NPIIN0000004238,HCP_04238,General Medicine,Chennai,Tambaram,South Chennai
NPIIN0000004239,HCP_04239,Cardiology,Chennai,Ambattur,North Chennai
NPIIN0000004240,HCP_04240,Orthopedics,Chennai,Porur,South Chennai
NPIIN0000004241,HCP_04241,Pulmonology,Chennai,Tambaram,South Chennai
NPIIN0000004242,HCP_04242,Urology,Chennai,Sholinganallur,South Chennai
NPIIN0000004243,HCP_04243,Urology,Chennai,Madhavaram,North Chennai
NPIIN0000004244,HCP_04244,Cardiology,Chennai,Washermenpet,North Chennai
NPIIN0000004245,HCP_04245,Diabetology,Chennai,Velachery,South Chennai
NPIIN0000004246,HCP_04246,General Medicine,Chennai,Egmore,Central Chennai
NPIIN0000004247,HCP_04247,Pulmonology,Chennai,Guindy,South Chennai
NPIIN0000004248,HCP_04248,Cardiology,Chennai,Nungambakkam,Central Chennai
NPIIN0000004249,HCP_04249,General Medicine,Chennai,Egmore,Central Chennai
NPIIN0000004250,HCP_04250,Dermatology,Chennai,Tambaram,South Chennai
NPIIN0000004251,HCP_04251,Endocrinology,Chennai,Nungambakkam,Central Chennai
NPIIN0000004252,HCP_04252,Neurology,Chennai,Mylapore,Central Chennai
NPIIN0000004253,HCP_04253,General Medicine,Chennai,T Nagar,Central Chennai
NPIIN0000004254,HCP_04254,Cardiology,Chennai,Tondiarpet,North Chennai
NPIIN0000004255,HCP_04255,Endocrinology,Chennai,Adyar,South Chennai
NPIIN0000004256,HCP_04256,Endocrinology,Chennai,Mylapore,Central Chennai
NPIIN0000004257,HCP_04257,Pulmonology,Chennai,Kilpauk,Central Chennai
NPIIN0000004258,HCP_04258,Cardiology,Chennai,Perambur,North Chennai
NPIIN0000004259,HCP_04259,Dermatology,Chennai,Sholinganallur,South Chennai
NPIIN0000004260,HCP_04260,Dermatology,Chennai,Nungambakkam,Central Chennai
NPIIN0000004261,HCP_04261,Cardiology,Chennai,Sholinganallur,South Chennai
NPIIN0000004262,HCP_04262,Urology,Chennai,Velachery,South Chennai
NPIIN0000004263,HCP_04263,Orthopedics,Chennai,Nungambakkam,Central Chennai
NPIIN0000004264,HCP_04264,Cardiology,Chennai,Sholinganallur,South Chennai
NPIIN0000004265,HCP_04265,Orthopedics,Chennai,Guindy,South Chennai
NPIIN0000004266,HCP_04266,Diabetology,Chennai,Madhavaram,North Chennai
NPIIN0000004267,HCP_04267,Neurology,Chennai,Madhavaram,North Chennai
NPIIN0000004268,HCP_04268,Endocrinology,Chennai,Tambaram,South Chennai
NPIIN0000004269,HCP_04269,Dermatology,Chennai,Porur,South Chennai
NPIIN0000004270,HCP_04270,Dermatology,Chennai,Porur,South Chennai
NPIIN0000004271,HCP_04271,Orthopedics,Chennai,Adyar,South Chennai
NPIIN0000004272,HCP_04272,Orthopedics,Chennai,Ambattur,North Chennai
NPIIN0000004273,HCP_04273,Cardiology,Chennai,Adyar,South Chennai
NPIIN0000004274,HCP_04274,Neurology,Chennai,Velachery,South Chennai
NPIIN0000004275,HCP_04275,Diabetology,Chennai,Kilpauk,Central Chennai
NPIIN0000004276,HCP_04276,Cardiology,Chennai,Mylapore,Central Chennai
NPIIN0000004277,HCP_04277,Endocrinology,Chennai,Washermenpet,North Chennai
NPIIN0000004278,HCP_04278,Orthopedics,Chennai,Guindy,South Chennai
NPIIN0000004279,HCP_04279,Neurology,Chennai,T Nagar,Central Chennai
NPIIN0000004280,HCP_04280,Cardiology,Chennai,Tambaram,South Chennai
NPIIN0000004281,HCP_04281,Orthopedics,Chennai,Kilpauk,Central Chennai
NPIIN0000004282,HCP_04282,Dermatology,Chennai,Ambattur,North Chennai
NPIIN0000004283,HCP_04283,Diabetology,Chennai,Perambur,North Chennai
NPIIN0000004284,HCP_04284,General Medicine,Chennai,T Nagar,Central Chennai
NPIIN0000004285,HCP_04285,Gastroenterology,Chennai,Velachery,South Chennai
NPIIN0000004286,HCP_04286,Neurology,Chennai,T Nagar,Central Chennai
NPIIN0000004287,HCP_04287,General Medicine,Chennai,Adyar,South Chennai
NPIIN0000004288,HCP_04288,General Medicine,Chennai,Nungambakkam,Central Chennai
NPIIN0000004289,HCP_04289,Cardiology,Chennai,Guindy,South Chennai
NPIIN0000004290,HCP_04290,General Medicine,Chennai,Perambur,North Chennai
NPIIN0000004291,HCP_04291,General Medicine,Chennai,Anna Nagar,Central Chennai
NPIIN0000004292,HCP_04292,Diabetology,Chennai,Nungambakkam,Central Chennai
NPIIN0000004293,HCP_04293,Diabetology,Chennai,Mylapore,Central Chennai
NPIIN0000004294,HCP_04294,Neurology,Chennai,Perambur,North Chennai
NPIIN0000004295,HCP_04295,General Medicine,Chennai,Tambaram,South Chennai
NPIIN0000004296,HCP_04296,General Medicine,Chennai,Perambur,North Chennai
NPIIN0000004297,HCP_04297,Endocrinology,Chennai,Ambattur,North Chennai
NPIIN0000004298,HCP_04298,Orthopedics,Chennai,Madhavaram,North Chennai
NPIIN0000004299,HCP_04299,Endocrinology,Chennai,Tondiarpet,North Chennai
NPIIN0000004300,HCP_04300,General Medicine,Chennai,Sholinganallur,South Chennai
NPIIN0000004301,HCP_04301,Endocrinology,Chennai,Perambur,North Chennai
NPIIN0000004302,HCP_04302,Neurology,Chennai,Velachery,South Chennai
NPIIN0000004303,HCP_04303,General Medicine,Chennai,Guindy,South Chennai
NPIIN0000004304,HCP_04304,General Medicine,Chennai,Ambattur,North Chennai
NPIIN0000004305,HCP_04305,Urology,Chennai,Nungambakkam,Central Chennai
NPIIN0000004306,HCP_04306,Gastroenterology,Chennai,Mylapore,Central Chennai
NPIIN0000004307,HCP_04307,General Medicine,Chennai,Madhavaram,North Chennai
NPIIN0000004308,HCP_04308,General Medicine,Chennai,Kilpauk,Central Chennai
NPIIN0000004309,HCP_04309,Orthopedics,Chennai,Tambaram,South Chennai
NPIIN0000004310,HCP_04310,Orthopedics,Chennai,Guindy,South Chennai
NPIIN0000004311,HCP_04311,Neurology,Chennai,Washermenpet,North Chennai
NPIIN0000004312,HCP_04312,Gastroenterology,Chennai,Guindy,South Chennai
NPIIN0000004313,HCP_04313,Urology,Chennai,T Nagar,Central Chennai
NPIIN0000004314,HCP_04314,Orthopedics,Chennai,Guindy,South Chennai
NPIIN0000004315,HCP_04315,Cardiology,Chennai,Mylapore,Central Chennai
NPIIN0000004316,HCP_04316,Orthopedics,Chennai,Royapuram,North Chennai
NPIIN0000004317,HCP_04317,Neurology,Chennai,Velachery,South Chennai
NPIIN0000004318,HCP_04318,Pulmonology,Chennai,Adyar,South Chennai
NPIIN0000004319,HCP_04319,General Medicine,Chennai,Sholinganallur,South Chennai
NPIIN0000004320,HCP_04320,General Medicine,Chennai,Perambur,North Chennai
NPIIN0000004321,HCP_04321,Dermatology,Chennai,Guindy,South Chennai
NPIIN0000004322,HCP_04322,Neurology,Chennai,Washermenpet,North Chennai
NPIIN0000004323,HCP_04323,Endocrinology,Chennai,Ambattur,North Chennai
NPIIN0000004324,HCP_04324,Pulmonology,Chennai,Nungambakkam,Central Chennai
NPIIN0000004325,HCP_04325,Endocrinology,Chennai,Kilpauk,Central Chennai
NPIIN0000004326,HCP_04326,General Medicine,Chennai,Perambur,North Chennai
NPIIN0000004327,HCP_04327,Pulmonology,Chennai,Anna Nagar,Central Chennai
NPIIN0000004328,HCP_04328,Neurology,Chennai,Sholinganallur,South Chennai
NPIIN0000004329,HCP_04329,Endocrinology,Chennai,Velachery,South Chennai
NPIIN0000004330,HCP_04330,Cardiology,Chennai,Tambaram,South Chennai
NPIIN0000004331,HCP_04331,Diabetology,Chennai,Egmore,Central Chennai
NPIIN0000004332,HCP_04332,Pulmonology,Chennai,Sholinganallur,South Chennai
NPIIN0000004333,HCP_04333,Orthopedics,Chennai,Anna Nagar,Central Chennai
NPIIN0000004334,HCP_04334,Gastroenterology,Chennai,Royapuram,North Chennai
NPIIN0000004335,HCP_04335,Gastroenterology,Chennai,Tambaram,South Chennai
NPIIN0000004336,HCP_04336,General Medicine,Chennai,Anna Nagar,Central Chennai
NPIIN0000004337,HCP_04337,Cardiology,Chennai,T Nagar,Central Chennai
NPIIN0000004338,HCP_04338,Urology,Chennai,Egmore,Central Chennai
NPIIN0000004339,HCP_04339,General Medicine,Chennai,Ambattur,North Chennai
NPIIN0000004340,HCP_04340,Cardiology,Chennai,Tambaram,South Chennai
NPIIN0000004341,HCP_04341,Pulmonology,Chennai,Anna Nagar,Central Chennai
NPIIN0000004342,HCP_04342,Neurology,Chennai,Nungambakkam,Central Chennai
NPIIN0000004343,HCP_04343,Diabetology,Chennai,Madhavaram,North Chennai
NPIIN0000004344,HCP_04344,Cardiology,Chennai,Anna Nagar,Central Chennai
NPIIN0000004345,HCP_04345,Pulmonology,Chennai,Tambaram,South Chennai
NPIIN0000004346,HCP_04346,Cardiology,Chennai,Sholinganallur,South Chennai
NPIIN0000004347,HCP_04347,General Medicine,Chennai,Velachery,South Chennai
NPIIN0000004348,HCP_04348,Dermatology,Chennai,Tambaram,South Chennai
NPIIN0000004349,HCP_04349,Orthopedics,Chennai,Perambur,North Chennai
NPIIN0000004350,HCP_04350,General Medicine,Chennai,Tambaram,South Chennai
NPIIN0000004351,HCP_04351,Cardiology,Chennai,T Nagar,Central Chennai
NPIIN0000004352,HCP_04352,General Medicine,Chennai,Mylapore,Central Chennai
NPIIN0000004353,HCP_04353,Diabetology,Chennai,Velachery,South Chennai
NPIIN0000004354,HCP_04354,Urology,Chennai,Kilpauk,Central Chennai
NPIIN0000004355,HCP_04355,Gastroenterology,Chennai,Porur,South Chennai
NPIIN0000004356,HCP_04356,General Medicine,Chennai,Porur,South Chennai
NPIIN0000004357,HCP_04357,Gastroenterology,Chennai,Porur,South Chennai
NPIIN0000004358,HCP_04358,General Medicine,Chennai,Anna Nagar,Central Chennai
NPIIN0000004359,HCP_04359,General Medicine,Chennai,Royapuram,North Chennai
NPIIN0000004360,HCP_04360,Urology,Chennai,Tambaram,South Chennai
NPIIN0000004361,HCP_04361,Endocrinology,Chennai,T Nagar,Central Chennai
NPIIN0000004362,HCP_04362,Diabetology,Chennai,Tondiarpet,North Chennai
NPIIN0000004363,HCP_04363,Urology,Chennai,Adyar,South Chennai
NPIIN0000004364,HCP_04364,General Medicine,Chennai,Adyar,South Chennai
NPIIN0000004365,HCP_04365,Diabetology,Chennai,Velachery,South Chennai
NPIIN0000004366,HCP_04366,Cardiology,Chennai,Kilpauk,Central Chennai
NPIIN0000004367,HCP_04367,General Medicine,Chennai,Royapuram,North Chennai
NPIIN0000004368,HCP_04368,General Medicine,Chennai,Ambattur,North Chennai
NPIIN0000004369,HCP_04369,General Medicine,Chennai,Egmore,Central Chennai
NPIIN0000004370,HCP_04370,Diabetology,Chennai,Ambattur,North Chennai
NPIIN0000004371,HCP_04371,General Medicine,Chennai,Mylapore,Central Chennai
NPIIN0000004372,HCP_04372,Neurology,Chennai,T Nagar,Central Chennai
NPIIN0000004373,HCP_04373,Urology,Chennai,Perambur,North Chennai
NPIIN0000004374,HCP_04374,Neurology,Chennai,Anna Nagar,Central Chennai
NPIIN0000004375,HCP_04375,Neurology,Chennai,Washermenpet,North Chennai
NPIIN0000004376,HCP_04376,Dermatology,Chennai,T Nagar,Central Chennai
NPIIN0000004377,HCP_04377,Endocrinology,Chennai,Guindy,South Chennai
NPIIN0000004378,HCP_04378,Diabetology,Chennai,Nungambakkam,Central Chennai
NPIIN0000004379,HCP_04379,Cardiology,Chennai,Porur,South Chennai
NPIIN0000004380,HCP_04380,General Medicine,Chennai,Egmore,Central Chennai
NPIIN0000004381,HCP_04381,Orthopedics,Chennai,Washermenpet,North Chennai
NPIIN0000004382,HCP_04382,Diabetology,Chennai,Nungambakkam,Central Chennai
NPIIN0000004383,HCP_04383,Dermatology,Chennai,Kilpauk,Central Chennai
NPIIN0000004384,HCP_04384,Cardiology,Chennai,Royapuram,North Chennai
NPIIN0000004385,HCP_04385,General Medicine,Chennai,Tambaram,South Chennai
NPIIN0000004386,HCP_04386,General Medicine,Chennai,Porur,South Chennai
NPIIN0000004387,HCP_04387,Endocrinology,Chennai,Mylapore,Central Chennai
NPIIN0000004388,HCP_04388,General Medicine,Chennai,Mylapore,Central Chennai
NPIIN0000004389,HCP_04389,Neurology,Chennai,Adyar,South Chennai
NPIIN0000004390,HCP_04390,General Medicine,Chennai,Madhavaram,North Chennai
NPIIN0000004391,HCP_04391,Dermatology,Chennai,Kilpauk,Central Chennai
NPIIN0000004392,HCP_04392,Urology,Chennai,Porur,South Chennai
NPIIN0000004393,HCP_04393,General Medicine,Chennai,Royapuram,North Chennai
NPIIN0000004394,HCP_04394,Orthopedics,Chennai,Sholinganallur,South Chennai
NPIIN0000004395,HCP_04395,Cardiology,Chennai,Tondiarpet,North Chennai
NPIIN0000004396,HCP_04396,Diabetology,Chennai,Ambattur,North Chennai
NPIIN0000004397,HCP_04397,General Medicine,Chennai,Anna Nagar,Central Chennai
NPIIN0000004398,HCP_04398,Pulmonology,Chennai,Tambaram,South Chennai
NPIIN0000004399,HCP_04399,Pulmonology,Chennai,Anna Nagar,Central Chennai
NPIIN0000004400,HCP_04400,Pulmonology,Chennai,Porur,South Chennai
NPIIN0000004401,HCP_04401,Urology,Chennai,Guindy,South Chennai
NPIIN0000004402,HCP_04402,Diabetology,Chennai,Sholinganallur,South Chennai
NPIIN0000004403,HCP_04403,Dermatology,Chennai,Nungambakkam,Central Chennai
NPIIN0000004404,HCP_04404,Pulmonology,Chennai,Mylapore,Central Chennai
NPIIN0000004405,HCP_04405,General Medicine,Chennai,Tondiarpet,North Chennai
NPIIN0000004406,HCP_04406,Diabetology,Chennai,Tondiarpet,North Chennai
NPIIN0000004407,HCP_04407,Diabetology,Chennai,Sholinganallur,South Chennai
NPIIN0000004408,HCP_04408,General Medicine,Chennai,Perambur,North Chennai
NPIIN0000004409,HCP_04409,Gastroenterology,Chennai,Sholinganallur,South Chennai
NPIIN0000004410,HCP_04410,General Medicine,Chennai,Kilpauk,Central Chennai
NPIIN0000004411,HCP_04411,Endocrinology,Chennai,Madhavaram,North Chennai
NPIIN0000004412,HCP_04412,Gastroenterology,Chennai,Mylapore,Central Chennai
NPIIN0000004413,HCP_04413,Neurology,Chennai,Velachery,South Chennai
NPIIN0000004414,HCP_04414,Orthopedics,Chennai,Nungambakkam,Central Chennai
NPIIN0000004415,HCP_04415,General Medicine,Chennai,Mylapore,Central Chennai
NPIIN0000004416,HCP_04416,Neurology,Chennai,Guindy,South Chennai
NPIIN0000004417,HCP_04417,General Medicine,Chennai,Madhavaram,North Chennai
NPIIN0000004418,HCP_04418,Neurology,Chennai,Nungambakkam,Central Chennai
NPIIN0000004419,HCP_04419,General Medicine,Chennai,Kilpauk,Central Chennai
NPIIN0000004420,HCP_04420,Cardiology,Chennai,Madhavaram,North Chennai
NPIIN0000004421,HCP_04421,Orthopedics,Chennai,Egmore,Central Chennai
NPIIN0000004422,HCP_04422,Gastroenterology,Chennai,Kilpauk,Central Chennai
NPIIN0000004423,HCP_04423,Pulmonology,Chennai,Ambattur,North Chennai
NPIIN0000004424,HCP_04424,General Medicine,Chennai,T Nagar,Central Chennai
NPIIN0000004425,HCP_04425,Gastroenterology,Chennai,Royapuram,North Chennai
NPIIN0000004426,HCP_04426,Cardiology,Chennai,Madhavaram,North Chennai
NPIIN0000004427,HCP_04427,Diabetology,Chennai,Egmore,Central Chennai
NPIIN0000004428,HCP_04428,Cardiology,Chennai,Nungambakkam,Central Chennai
NPIIN0000004429,HCP_04429,Cardiology,Chennai,T Nagar,Central Chennai
NPIIN0000004430,HCP_04430,Cardiology,Chennai,Anna Nagar,Central Chennai
NPIIN0000004431,HCP_04431,Gastroenterology,Chennai,Anna Nagar,Central Chennai
NPIIN0000004432,HCP_04432,Endocrinology,Chennai,Velachery,South Chennai
NPIIN0000004433,HCP_04433,Dermatology,Chennai,Porur,South Chennai
NPIIN0000004434,HCP_04434,Urology,Chennai,Washermenpet,North Chennai
NPIIN0000004435,HCP_04435,Endocrinology,Chennai,Ambattur,North Chennai
NPIIN0000004436,HCP_04436,Neurology,Chennai,Madhavaram,North Chennai
NPIIN0000004437,HCP_04437,General Medicine,Chennai,Porur,South Chennai
NPIIN0000004438,HCP_04438,Urology,Chennai,Egmore,Central Chennai
NPIIN0000004439,HCP_04439,General Medicine,Chennai,T Nagar,Central Chennai
NPIIN0000004440,HCP_04440,General Medicine,Chennai,Egmore,Central Chennai
NPIIN0000004441,HCP_04441,Diabetology,Chennai,Anna Nagar,Central Chennai
NPIIN0000004442,HCP_04442,Urology,Chennai,Kilpauk,Central Chennai
NPIIN0000004443,HCP_04443,Endocrinology,Chennai,Velachery,South Chennai
NPIIN0000004444,HCP_04444,Dermatology,Chennai,Adyar,South Chennai
NPIIN0000004445,HCP_04445,Endocrinology,Chennai,Mylapore,Central Chennai
NPIIN0000004446,HCP_04446,Neurology,Chennai,Washermenpet,North Chennai
NPIIN0000004447,HCP_04447,General Medicine,Chennai,Washermenpet,North Chennai
NPIIN0000004448,HCP_04448,Cardiology,Chennai,Ambattur,North Chennai
NPIIN0000004449,HCP_04449,Cardiology,Chennai,Perambur,North Chennai
NPIIN0000004450,HCP_04450,Diabetology,Chennai,Kilpauk,Central Chennai
NPIIN0000004451,HCP_04451,Gastroenterology,Chennai,Tambaram,South Chennai
NPIIN0000004452,HCP_04452,Gastroenterology,Chennai,Adyar,South Chennai
NPIIN0000004453,HCP_04453,Endocrinology,Chennai,Tambaram,South Chennai
NPIIN0000004454,HCP_04454,General Medicine,Chennai,Sholinganallur,South Chennai
NPIIN0000004455,HCP_04455,Cardiology,Chennai,Royapuram,North Chennai
NPIIN0000004456,HCP_04456,Gastroenterology,Chennai,Mylapore,Central Chennai
NPIIN0000004457,HCP_04457,Dermatology,Chennai,Nungambakkam,Central Chennai
NPIIN0000004458,HCP_04458,Urology,Chennai,Perambur,North Chennai
NPIIN0000004459,HCP_04459,Urology,Chennai,T Nagar,Central Chennai
NPIIN0000004460,HCP_04460,General Medicine,Chennai,Sholinganallur,South Chennai
NPIIN0000004461,HCP_04461,Diabetology,Chennai,Royapuram,North Chennai
NPIIN0000004462,HCP_04462,Urology,Chennai,Ambattur,North Chennai
NPIIN0000004463,HCP_04463,Endocrinology,Chennai,Nungambakkam,Central Chennai
NPIIN0000004464,HCP_04464,Cardiology,Chennai,Adyar,South Chennai
NPIIN0000004465,HCP_04465,Diabetology,Chennai,Kilpauk,Central Chennai
NPIIN0000004466,HCP_04466,Gastroenterology,Chennai,Anna Nagar,Central Chennai
NPIIN0000004467,HCP_04467,Neurology,Chennai,Mylapore,Central Chennai
NPIIN0000004468,HCP_04468,Orthopedics,Chennai,Sholinganallur,South Chennai
NPIIN0000004469,HCP_04469,General Medicine,Chennai,Adyar,South Chennai
NPIIN0000004470,HCP_04470,Diabetology,Chennai,Mylapore,Central Chennai
NPIIN0000004471,HCP_04471,General Medicine,Chennai,Tambaram,South Chennai
NPIIN0000004472,HCP_04472,Gastroenterology,Chennai,Nungambakkam,Central Chennai
NPIIN0000004473,HCP_04473,Endocrinology,Chennai,Tambaram,South Chennai
NPIIN0000004474,HCP_04474,Orthopedics,Chennai,Mylapore,Central Chennai
NPIIN0000004475,HCP_04475,General Medicine,Chennai,Tondiarpet,North Chennai
NPIIN0000004476,HCP_04476,Gastroenterology,Chennai,Guindy,South Chennai
NPIIN0000004477,HCP_04477,Dermatology,Chennai,Perambur,North Chennai
NPIIN0000004478,HCP_04478,General Medicine,Chennai,Mylapore,Central Chennai
NPIIN0000004479,HCP_04479,Gastroenterology,Chennai,Velachery,South Chennai
NPIIN0000004480,HCP_04480,General Medicine,Chennai,Guindy,South Chennai
NPIIN0000004481,HCP_04481,Dermatology,Chennai,Washermenpet,North Chennai
NPIIN0000004482,HCP_04482,Dermatology,Chennai,Porur,South Chennai
NPIIN0000004483,HCP_04483,Pulmonology,Chennai,Velachery,South Chennai
NPIIN0000004484,HCP_04484,Endocrinology,Chennai,Egmore,Central Chennai
NPIIN0000004485,HCP_04485,Orthopedics,Chennai,Tambaram,South Chennai
NPIIN0000004486,HCP_04486,Orthopedics,Chennai,Kilpauk,Central Chennai
NPIIN0000004487,HCP_04487,Pulmonology,Chennai,Velachery,South Chennai
NPIIN0000004488,HCP_04488,Orthopedics,Chennai,Kilpauk,Central Chennai
NPIIN0000004489,HCP_04489,General Medicine,Chennai,Mylapore,Central Chennai
NPIIN0000004490,HCP_04490,General Medicine,Chennai,Washermenpet,North Chennai
NPIIN0000004491,HCP_04491,General Medicine,Chennai,Ambattur,North Chennai
NPIIN0000004492,HCP_04492,Cardiology,Chennai,Velachery,South Chennai
NPIIN0000004493,HCP_04493,Pulmonology,Chennai,Guindy,South Chennai
NPIIN0000004494,HCP_04494,Neurology,Chennai,Mylapore,Central Chennai
NPIIN0000004495,HCP_04495,Cardiology,Chennai,Kilpauk,Central Chennai
NPIIN0000004496,HCP_04496,Diabetology,Chennai,Tondiarpet,North Chennai
NPIIN0000004497,HCP_04497,Gastroenterology,Chennai,Royapuram,North Chennai
NPIIN0000004498,HCP_04498,Dermatology,Chennai,Ambattur,North Chennai
NPIIN0000004499,HCP_04499,Orthopedics,Chennai,Sholinganallur,South Chennai
NPIIN0000004500,HCP_04500,Diabetology,Chennai,Adyar,South Chennai
NPIIN0000004501,HCP_04501,Dermatology,Chennai,Anna Nagar,Central Chennai
NPIIN0000004502,HCP_04502,Endocrinology,Chennai,Washermenpet,North Chennai
NPIIN0000004503,HCP_04503,Cardiology,Chennai,Madhavaram,North Chennai
NPIIN0000004504,HCP_04504,Gastroenterology,Chennai,Perambur,North Chennai
NPIIN0000004505,HCP_04505,General Medicine,Chennai,Mylapore,Central Chennai
NPIIN0000004506,HCP_04506,Dermatology,Chennai,Ambattur,North Chennai
NPIIN0000004507,HCP_04507,Diabetology,Chennai,Royapuram,North Chennai
NPIIN0000004508,HCP_04508,Endocrinology,Chennai,Anna Nagar,Central Chennai
NPIIN0000004509,HCP_04509,Pulmonology,Chennai,Adyar,South Chennai
NPIIN0000004510,HCP_04510,Cardiology,Chennai,Kilpauk,Central Chennai
NPIIN0000004511,HCP_04511,Diabetology,Chennai,Ambattur,North Chennai
NPIIN0000004512,HCP_04512,Endocrinology,Chennai,Ambattur,North Chennai
NPIIN0000004513,HCP_04513,Diabetology,Chennai,Porur,South Chennai
NPIIN0000004514,HCP_04514,Gastroenterology,Chennai,Kilpauk,Central Chennai
NPIIN0000004515,HCP_04515,Cardiology,Chennai,Egmore,Central Chennai
NPIIN0000004516,HCP_04516,Pulmonology,Chennai,T Nagar,Central Chennai
NPIIN0000004517,HCP_04517,Pulmonology,Chennai,Royapuram,North Chennai
NPIIN0000004518,HCP_04518,Pulmonology,Chennai,Egmore,Central Chennai
NPIIN0000004519,HCP_04519,General Medicine,Chennai,Velachery,South Chennai
NPIIN0000004520,HCP_04520,Neurology,Chennai,Anna Nagar,Central Chennai
NPIIN0000004521,HCP_04521,Dermatology,Chennai,Nungambakkam,Central Chennai
NPIIN0000004522,HCP_04522,Endocrinology,Chennai,Washermenpet,North Chennai
NPIIN0000004523,HCP_04523,Dermatology,Chennai,Guindy,South Chennai
NPIIN0000004524,HCP_04524,Cardiology,Chennai,Guindy,South Chennai
NPIIN0000004525,HCP_04525,General Medicine,Chennai,Porur,South Chennai
NPIIN0000004526,HCP_04526,General Medicine,Chennai,Washermenpet,North Chennai
NPIIN0000004527,HCP_04527,Endocrinology,Chennai,Porur,South Chennai
NPIIN0000004528,HCP_04528,Cardiology,Chennai,Porur,South Chennai
NPIIN0000004529,HCP_04529,Cardiology,Chennai,T Nagar,Central Chennai
NPIIN0000004530,HCP_04530,Cardiology,Chennai,Washermenpet,North Chennai
NPIIN0000004531,HCP_04531,Pulmonology,Chennai,Tambaram,South Chennai
NPIIN0000004532,HCP_04532,Endocrinology,Chennai,Egmore,Central Chennai
NPIIN0000004533,HCP_04533,Dermatology,Chennai,Tambaram,South Chennai
NPIIN0000004534,HCP_04534,Urology,Chennai,Royapuram,North Chennai
NPIIN0000004535,HCP_04535,Diabetology,Chennai,Madhavaram,North Chennai
NPIIN0000004536,HCP_04536,Endocrinology,Chennai,Anna Nagar,Central Chennai
NPIIN0000004537,HCP_04537,General Medicine,Chennai,Tambaram,South Chennai
NPIIN0000004538,HCP_04538,Urology,Chennai,Sholinganallur,South Chennai
NPIIN0000004539,HCP_04539,General Medicine,Chennai,Mylapore,Central Chennai
NPIIN0000004540,HCP_04540,Cardiology,Chennai,Perambur,North Chennai
NPIIN0000004541,HCP_04541,Orthopedics,Chennai,Mylapore,Central Chennai
NPIIN0000004542,HCP_04542,General Medicine,Chennai,Anna Nagar,Central Chennai
NPIIN0000004543,HCP_04543,General Medicine,Chennai,Tambaram,South Chennai
NPIIN0000004544,HCP_04544,Urology,Chennai,Washermenpet,North Chennai
NPIIN0000004545,HCP_04545,Urology,Chennai,Royapuram,North Chennai
NPIIN0000004546,HCP_04546,General Medicine,Chennai,Mylapore,Central Chennai
NPIIN0000004547,HCP_04547,Diabetology,Chennai,Porur,South Chennai
NPIIN0000004548,HCP_04548,General Medicine,Chennai,Egmore,Central Chennai
NPIIN0000004549,HCP_04549,Endocrinology,Chennai,Velachery,South Chennai
NPIIN0000004550,HCP_04550,General Medicine,Chennai,Kilpauk,Central Chennai
NPIIN0000004551,HCP_04551,Endocrinology,Chennai,T Nagar,Central Chennai
NPIIN0000004552,HCP_04552,Pulmonology,Chennai,Sholinganallur,South Chennai
NPIIN0000004553,HCP_04553,Gastroenterology,Chennai,Mylapore,Central Chennai
NPIIN0000004554,HCP_04554,Orthopedics,Chennai,Guindy,South Chennai
NPIIN0000004555,HCP_04555,Dermatology,Chennai,Kilpauk,Central Chennai
NPIIN0000004556,HCP_04556,Cardiology,Chennai,Porur,South Chennai
NPIIN0000004557,HCP_04557,Endocrinology,Chennai,Guindy,South Chennai
NPIIN0000004558,HCP_04558,Pulmonology,Chennai,Tambaram,South Chennai
NPIIN0000004559,HCP_04559,Diabetology,Chennai,Egmore,Central Chennai
NPIIN0000004560,HCP_04560,Cardiology,Chennai,Adyar,South Chennai
NPIIN0000004561,HCP_04561,Gastroenterology,Chennai,Porur,South Chennai
NPIIN0000004562,HCP_04562,General Medicine,Chennai,Egmore,Central Chennai
NPIIN0000004563,HCP_04563,Cardiology,Chennai,Anna Nagar,Central Chennai
NPIIN0000004564,HCP_04564,General Medicine,Chennai,Adyar,South Chennai
NPIIN0000004565,HCP_04565,Orthopedics,Chennai,T Nagar,Central Chennai
NPIIN0000004566,HCP_04566,Neurology,Chennai,Tambaram,South Chennai
NPIIN0000004567,HCP_04567,Endocrinology,Chennai,Porur,South Chennai
NPIIN0000004568,HCP_04568,General Medicine,Chennai,Kilpauk,Central Chennai
NPIIN0000004569,HCP_04569,Urology,Chennai,Royapuram,North Chennai
NPIIN0000004570,HCP_04570,Cardiology,Chennai,Perambur,North Chennai
NPIIN0000004571,HCP_04571,Neurology,Chennai,Nungambakkam,Central Chennai
NPIIN0000004572,HCP_04572,Gastroenterology,Chennai,Adyar,South Chennai
NPIIN0000004573,HCP_04573,Neurology,Chennai,Egmore,Central Chennai
NPIIN0000004574,HCP_04574,Endocrinology,Chennai,Washermenpet,North Chennai
NPIIN0000004575,HCP_04575,Urology,Chennai,Sholinganallur,South Chennai
NPIIN0000004576,HCP_04576,Diabetology,Chennai,Mylapore,Central Chennai
NPIIN0000004577,HCP_04577,Cardiology,Chennai,Adyar,South Chennai
NPIIN0000004578,HCP_04578,Cardiology,Chennai,Egmore,Central Chennai
NPIIN0000004579,HCP_04579,General Medicine,Chennai,Tondiarpet,North Chennai
NPIIN0000004580,HCP_04580,Cardiology,Chennai,Mylapore,Central Chennai
NPIIN0000004581,HCP_04581,Gastroenterology,Chennai,Tambaram,South Chennai
NPIIN0000004582,HCP_04582,Urology,Chennai,Porur,South Chennai
NPIIN0000004583,HCP_04583,Cardiology,Chennai,Adyar,South Chennai
NPIIN0000004584,HCP_04584,Dermatology,Chennai,Velachery,South Chennai
NPIIN0000004585,HCP_04585,Orthopedics,Chennai,Tambaram,South Chennai
NPIIN0000004586,HCP_04586,Cardiology,Chennai,Adyar,South Chennai
NPIIN0000004587,HCP_04587,Gastroenterology,Chennai,Washermenpet,North Chennai
NPIIN0000004588,HCP_04588,Orthopedics,Chennai,Velachery,South Chennai
NPIIN0000004589,HCP_04589,Dermatology,Chennai,Tambaram,South Chennai
NPIIN0000004590,HCP_04590,General Medicine,Chennai,Sholinganallur,South Chennai
NPIIN0000004591,HCP_04591,Urology,Chennai,Kilpauk,Central Chennai
NPIIN0000004592,HCP_04592,Neurology,Chennai,Madhavaram,North Chennai
NPIIN0000004593,HCP_04593,Diabetology,Chennai,Adyar,South Chennai
NPIIN0000004594,HCP_04594,Endocrinology,Chennai,Egmore,Central Chennai
NPIIN0000004595,HCP_04595,General Medicine,Chennai,T Nagar,Central Chennai
NPIIN0000004596,HCP_04596,General Medicine,Chennai,Porur,South Chennai
NPIIN0000004597,HCP_04597,Diabetology,Chennai,Madhavaram,North Chennai
NPIIN0000004598,HCP_04598,Endocrinology,Chennai,Mylapore,Central Chennai
NPIIN0000004599,HCP_04599,Dermatology,Chennai,Mylapore,Central Chennai
NPIIN0000004600,HCP_04600,Neurology,Chennai,Perambur,North Chennai
NPIIN0000004601,HCP_04601,General Medicine,Chennai,Porur,South Chennai
NPIIN0000004602,HCP_04602,Endocrinology,Chennai,Porur,South Chennai
NPIIN0000004603,HCP_04603,Cardiology,Chennai,Porur,South Chennai
NPIIN0000004604,HCP_04604,Cardiology,Chennai,Adyar,South Chennai
NPIIN0000004605,HCP_04605,Pulmonology,Chennai,Velachery,South Chennai
NPIIN0000004606,HCP_04606,Cardiology,Chennai,T Nagar,Central Chennai
NPIIN0000004607,HCP_04607,Orthopedics,Chennai,Velachery,South Chennai
NPIIN0000004608,HCP_04608,Diabetology,Chennai,Anna Nagar,Central Chennai
NPIIN0000004609,HCP_04609,Cardiology,Chennai,T Nagar,Central Chennai
NPIIN0000004610,HCP_04610,Dermatology,Chennai,Adyar,South Chennai
NPIIN0000004611,HCP_04611,General Medicine,Chennai,Guindy,South Chennai
NPIIN0000004612,HCP_04612,General Medicine,Chennai,Anna Nagar,Central Chennai
NPIIN0000004613,HCP_04613,Cardiology,Chennai,Sholinganallur,South Chennai
NPIIN0000004614,HCP_04614,Neurology,Chennai,Tondiarpet,North Chennai
NPIIN0000004615,HCP_04615,General Medicine,Chennai,Egmore,Central Chennai
NPIIN0000004616,HCP_04616,Dermatology,Chennai,Kilpauk,Central Chennai
NPIIN0000004617,HCP_04617,Neurology,Chennai,Anna Nagar,Central Chennai
NPIIN0000004618,HCP_04618,Urology,Chennai,Washermenpet,North Chennai
NPIIN0000004619,HCP_04619,Pulmonology,Chennai,Perambur,North Chennai
NPIIN0000004620,HCP_04620,Gastroenterology,Chennai,Madhavaram,North Chennai
NPIIN0000004621,HCP_04621,Neurology,Chennai,Egmore,Central Chennai
NPIIN0000004622,HCP_04622,General Medicine,Chennai,Porur,South Chennai
NPIIN0000004623,HCP_04623,Neurology,Chennai,Porur,South Chennai
NPIIN0000004624,HCP_04624,Neurology,Chennai,Adyar,South Chennai
NPIIN0000004625,HCP_04625,Cardiology,Chennai,Anna Nagar,Central Chennai
NPIIN0000004626,HCP_04626,Neurology,Chennai,Velachery,South Chennai
NPIIN0000004627,HCP_04627,Diabetology,Chennai,Adyar,South Chennai
NPIIN0000004628,HCP_04628,Pulmonology,Chennai,T Nagar,Central Chennai
NPIIN0000004629,HCP_04629,Cardiology,Chennai,Nungambakkam,Central Chennai
NPIIN0000004630,HCP_04630,Cardiology,Chennai,Nungambakkam,Central Chennai
NPIIN0000004631,HCP_04631,Cardiology,Chennai,Nungambakkam,Central Chennai
NPIIN0000004632,HCP_04632,Endocrinology,Chennai,Madhavaram,North Chennai
NPIIN0000004633,HCP_04633,Cardiology,Chennai,Anna Nagar,Central Chennai
NPIIN0000004634,HCP_04634,Cardiology,Chennai,Kilpauk,Central Chennai
NPIIN0000004635,HCP_04635,Pulmonology,Chennai,Velachery,South Chennai
NPIIN0000004636,HCP_04636,General Medicine,Chennai,Mylapore,Central Chennai
NPIIN0000004637,HCP_04637,Orthopedics,Chennai,Anna Nagar,Central Chennai
NPIIN0000004638,HCP_04638,Dermatology,Chennai,Adyar,South Chennai
NPIIN0000004639,HCP_04639,Endocrinology,Chennai,Kilpauk,Central Chennai
NPIIN0000004640,HCP_04640,General Medicine,Chennai,Mylapore,Central Chennai
NPIIN0000004641,HCP_04641,General Medicine,Chennai,Egmore,Central Chennai
NPIIN0000004642,HCP_04642,General Medicine,Chennai,Egmore,Central Chennai
NPIIN0000004643,HCP_04643,General Medicine,Chennai,Tondiarpet,North Chennai
NPIIN0000004644,HCP_04644,Neurology,Chennai,Mylapore,Central Chennai
NPIIN0000004645,HCP_04645,Neurology,Chennai,Nungambakkam,Central Chennai
NPIIN0000004646,HCP_04646,General Medicine,Chennai,Porur,South Chennai
NPIIN0000004647,HCP_04647,Neurology,Chennai,Porur,South Chennai
NPIIN0000004648,HCP_04648,Diabetology,Chennai,T Nagar,Central Chennai
NPIIN0000004649,HCP_04649,Dermatology,Chennai,Mylapore,Central Chennai
NPIIN0000004650,HCP_04650,Orthopedics,Chennai,Madhavaram,North Chennai
NPIIN0000004651,HCP_04651,Diabetology,Chennai,Adyar,South Chennai
NPIIN0000004652,HCP_04652,Gastroenterology,Chennai,Porur,South Chennai
NPIIN0000004653,HCP_04653,Dermatology,Chennai,Egmore,Central Chennai
NPIIN0000004654,HCP_04654,General Medicine,Chennai,T Nagar,Central Chennai
NPIIN0000004655,HCP_04655,Cardiology,Chennai,Royapuram,North Chennai
NPIIN0000004656,HCP_04656,Gastroenterology,Chennai,Porur,South Chennai
NPIIN0000004657,HCP_04657,General Medicine,Chennai,Porur,South Chennai
NPIIN0000004658,HCP_04658,Endocrinology,Chennai,Kilpauk,Central Chennai
NPIIN0000004659,HCP_04659,Pulmonology,Chennai,Madhavaram,North Chennai
NPIIN0000004660,HCP_04660,General Medicine,Chennai,Nungambakkam,Central Chennai
NPIIN0000004661,HCP_04661,Cardiology,Chennai,Adyar,South Chennai
NPIIN0000004662,HCP_04662,Orthopedics,Chennai,Sholinganallur,South Chennai
NPIIN0000004663,HCP_04663,Diabetology,Chennai,Perambur,North Chennai
NPIIN0000004664,HCP_04664,General Medicine,Chennai,Egmore,Central Chennai
NPIIN0000004665,HCP_04665,Neurology,Chennai,Washermenpet,North Chennai
NPIIN0000004666,HCP_04666,Cardiology,Chennai,Tondiarpet,North Chennai
NPIIN0000004667,HCP_04667,Gastroenterology,Chennai,Tambaram,South Chennai
NPIIN0000004668,HCP_04668,Neurology,Chennai,Egmore,Central Chennai
NPIIN0000004669,HCP_04669,General Medicine,Chennai,Adyar,South Chennai
NPIIN0000004670,HCP_04670,General Medicine,Chennai,Kilpauk,Central Chennai
NPIIN0000004671,HCP_04671,Orthopedics,Chennai,Anna Nagar,Central Chennai
NPIIN0000004672,HCP_04672,Urology,Chennai,Nungambakkam,Central Chennai
NPIIN0000004673,HCP_04673,Cardiology,Chennai,Nungambakkam,Central Chennai
NPIIN0000004674,HCP_04674,General Medicine,Chennai,Kilpauk,Central Chennai
NPIIN0000004675,HCP_04675,General Medicine,Chennai,Adyar,South Chennai
NPIIN0000004676,HCP_04676,Urology,Chennai,Anna Nagar,Central Chennai
NPIIN0000004677,HCP_04677,Dermatology,Chennai,Kilpauk,Central Chennai
NPIIN0000004678,HCP_04678,General Medicine,Chennai,Anna Nagar,Central Chennai
NPIIN0000004679,HCP_04679,Urology,Chennai,Nungambakkam,Central Chennai
NPIIN0000004680,HCP_04680,General Medicine,Chennai,Guindy,South Chennai
NPIIN0000004681,HCP_04681,Diabetology,Chennai,Guindy,South Chennai
NPIIN0000004682,HCP_04682,Pulmonology,Chennai,Kilpauk,Central Chennai
NPIIN0000004683,HCP_04683,General Medicine,Chennai,Tambaram,South Chennai
NPIIN0000004684,HCP_04684,Pulmonology,Chennai,Sholinganallur,South Chennai
NPIIN0000004685,HCP_04685,General Medicine,Chennai,Adyar,South Chennai
NPIIN0000004686,HCP_04686,Dermatology,Chennai,Mylapore,Central Chennai
NPIIN0000004687,HCP_04687,Orthopedics,Chennai,Egmore,Central Chennai
NPIIN0000004688,HCP_04688,Diabetology,Chennai,Tondiarpet,North Chennai
NPIIN0000004689,HCP_04689,General Medicine,Chennai,Porur,South Chennai
NPIIN0000004690,HCP_04690,Gastroenterology,Chennai,Guindy,South Chennai
NPIIN0000004691,HCP_04691,Endocrinology,Chennai,Washermenpet,North Chennai
NPIIN0000004692,HCP_04692,Dermatology,Chennai,Egmore,Central Chennai
NPIIN0000004693,HCP_04693,Pulmonology,Chennai,Guindy,South Chennai
NPIIN0000004694,HCP_04694,Endocrinology,Chennai,Porur,South Chennai
NPIIN0000004695,HCP_04695,Urology,Chennai,Tondiarpet,North Chennai
NPIIN0000004696,HCP_04696,General Medicine,Chennai,Velachery,South Chennai
NPIIN0000004697,HCP_04697,Endocrinology,Chennai,Madhavaram,North Chennai
NPIIN0000004698,HCP_04698,Endocrinology,Chennai,Ambattur,North Chennai
NPIIN0000004699,HCP_04699,Gastroenterology,Chennai,Perambur,North Chennai
NPIIN0000004700,HCP_04700,Orthopedics,Chennai,Adyar,South Chennai
NPIIN0000004701,HCP_04701,General Medicine,Chennai,Adyar,South Chennai
NPIIN0000004702,HCP_04702,Cardiology,Chennai,Perambur,North Chennai
NPIIN0000004703,HCP_04703,Cardiology,Chennai,T Nagar,Central Chennai
NPIIN0000004704,HCP_04704,Neurology,Chennai,Ambattur,North Chennai
NPIIN0000004705,HCP_04705,General Medicine,Chennai,Egmore,Central Chennai
NPIIN0000004706,HCP_04706,General Medicine,Chennai,T Nagar,Central Chennai
NPIIN0000004707,HCP_04707,General Medicine,Chennai,Kilpauk,Central Chennai
NPIIN0000004708,HCP_04708,General Medicine,Chennai,Royapuram,North Chennai
NPIIN0000004709,HCP_04709,Neurology,Chennai,Kilpauk,Central Chennai
NPIIN0000004710,HCP_04710,Pulmonology,Chennai,Nungambakkam,Central Chennai
NPIIN0000004711,HCP_04711,Endocrinology,Chennai,Adyar,South Chennai
NPIIN0000004712,HCP_04712,General Medicine,Chennai,Nungambakkam,Central Chennai
NPIIN0000004713,HCP_04713,General Medicine,Chennai,Tondiarpet,North Chennai
NPIIN0000004714,HCP_04714,Pulmonology,Chennai,Tambaram,South Chennai
NPIIN0000004715,HCP_04715,Cardiology,Chennai,Perambur,North Chennai
NPIIN0000004716,HCP_04716,Endocrinology,Chennai,Mylapore,Central Chennai
NPIIN0000004717,HCP_04717,Pulmonology,Chennai,Anna Nagar,Central Chennai
NPIIN0000004718,HCP_04718,Diabetology,Chennai,Madhavaram,North Chennai
NPIIN0000004719,HCP_04719,Pulmonology,Chennai,Ambattur,North Chennai
NPIIN0000004720,HCP_04720,General Medicine,Chennai,Kilpauk,Central Chennai
NPIIN0000004721,HCP_04721,Endocrinology,Chennai,Madhavaram,North Chennai
NPIIN0000004722,HCP_04722,Neurology,Chennai,Washermenpet,North Chennai
NPIIN0000004723,HCP_04723,General Medicine,Chennai,Anna Nagar,Central Chennai
NPIIN0000004724,HCP_04724,Endocrinology,Chennai,Washermenpet,North Chennai
NPIIN0000004725,HCP_04725,Dermatology,Chennai,Kilpauk,Central Chennai
NPIIN0000004726,HCP_04726,General Medicine,Chennai,Mylapore,Central Chennai
NPIIN0000004727,HCP_04727,Urology,Chennai,Velachery,South Chennai
NPIIN0000004728,HCP_04728,Endocrinology,Chennai,Nungambakkam,Central Chennai
NPIIN0000004729,HCP_04729,Urology,Chennai,Ambattur,North Chennai
NPIIN0000004730,HCP_04730,Dermatology,Chennai,Tondiarpet,North Chennai
NPIIN0000004731,HCP_04731,Cardiology,Chennai,Egmore,Central Chennai
NPIIN0000004732,HCP_04732,Pulmonology,Chennai,Porur,South Chennai
NPIIN0000004733,HCP_04733,Neurology,Chennai,Egmore,Central Chennai
NPIIN0000004734,HCP_04734,General Medicine,Chennai,Nungambakkam,Central Chennai
NPIIN0000004735,HCP_04735,General Medicine,Chennai,Adyar,South Chennai
NPIIN0000004736,HCP_04736,Orthopedics,Chennai,Porur,South Chennai
NPIIN0000004737,HCP_04737,Neurology,Chennai,Porur,South Chennai
NPIIN0000004738,HCP_04738,Orthopedics,Chennai,T Nagar,Central Chennai
NPIIN0000004739,HCP_04739,Dermatology,Chennai,Nungambakkam,Central Chennai
NPIIN0000004740,HCP_04740,Dermatology,Chennai,Adyar,South Chennai
NPIIN0000004741,HCP_04741,Gastroenterology,Chennai,Kilpauk,Central Chennai
NPIIN0000004742,HCP_04742,Neurology,Chennai,Anna Nagar,Central Chennai
NPIIN0000004743,HCP_04743,Urology,Chennai,Velachery,South Chennai
NPIIN0000004744,HCP_04744,Pulmonology,Chennai,T Nagar,Central Chennai
NPIIN0000004745,HCP_04745,Cardiology,Chennai,Anna Nagar,Central Chennai
NPIIN0000004746,HCP_04746,Pulmonology,Chennai,Kilpauk,Central Chennai
NPIIN0000004747,HCP_04747,Cardiology,Chennai,Washermenpet,North Chennai
NPIIN0000004748,HCP_04748,Orthopedics,Chennai,Royapuram,North Chennai
NPIIN0000004749,HCP_04749,Neurology,Chennai,Velachery,South Chennai
NPIIN0000004750,HCP_04750,Pulmonology,Chennai,Kilpauk,Central Chennai
NPIIN0000004751,HCP_04751,Endocrinology,Chennai,Nungambakkam,Central Chennai
NPIIN0000004752,HCP_04752,General Medicine,Chennai,Ambattur,North Chennai
NPIIN0000004753,HCP_04753,General Medicine,Chennai,Ambattur,North Chennai
NPIIN0000004754,HCP_04754,Neurology,Chennai,Washermenpet,North Chennai
NPIIN0000004755,HCP_04755,Pulmonology,Chennai,Adyar,South Chennai
NPIIN0000004756,HCP_04756,General Medicine,Chennai,Tondiarpet,North Chennai
NPIIN0000004757,HCP_04757,Diabetology,Chennai,Washermenpet,North Chennai
NPIIN0000004758,HCP_04758,General Medicine,Chennai,Tambaram,South Chennai
NPIIN0000004759,HCP_04759,General Medicine,Chennai,Anna Nagar,Central Chennai
NPIIN0000004760,HCP_04760,Dermatology,Chennai,Sholinganallur,South Chennai
NPIIN0000004761,HCP_04761,Urology,Chennai,Perambur,North Chennai
NPIIN0000004762,HCP_04762,Gastroenterology,Chennai,Washermenpet,North Chennai
NPIIN0000004763,HCP_04763,Diabetology,Chennai,Guindy,South Chennai
NPIIN0000004764,HCP_04764,Cardiology,Chennai,Ambattur,North Chennai
NPIIN0000004765,HCP_04765,Urology,Chennai,Madhavaram,North Chennai
NPIIN0000004766,HCP_04766,Orthopedics,Chennai,Nungambakkam,Central Chennai
NPIIN0000004767,HCP_04767,Cardiology,Chennai,Tambaram,South Chennai
NPIIN0000004768,HCP_04768,Neurology,Chennai,Royapuram,North Chennai
NPIIN0000004769,HCP_04769,General Medicine,Chennai,Egmore,Central Chennai
NPIIN0000004770,HCP_04770,Endocrinology,Chennai,Guindy,South Chennai
NPIIN0000004771,HCP_04771,Orthopedics,Chennai,Tambaram,South Chennai
NPIIN0000004772,HCP_04772,Orthopedics,Chennai,Royapuram,North Chennai
NPIIN0000004773,HCP_04773,Orthopedics,Chennai,Egmore,Central Chennai
NPIIN0000004774,HCP_04774,Endocrinology,Chennai,Madhavaram,North Chennai
NPIIN0000004775,HCP_04775,General Medicine,Chennai,Egmore,Central Chennai
NPIIN0000004776,HCP_04776,Urology,Chennai,Egmore,Central Chennai
NPIIN0000004777,HCP_04777,Neurology,Chennai,Ambattur,North Chennai
NPIIN0000004778,HCP_04778,General Medicine,Chennai,Anna Nagar,Central Chennai
NPIIN0000004779,HCP_04779,General Medicine,Chennai,Nungambakkam,Central Chennai
NPIIN0000004780,HCP_04780,Cardiology,Chennai,Sholinganallur,South Chennai
NPIIN0000004781,HCP_04781,Pulmonology,Chennai,Kilpauk,Central Chennai
NPIIN0000004782,HCP_04782,Dermatology,Chennai,Sholinganallur,South Chennai
NPIIN0000004783,HCP_04783,Cardiology,Chennai,Porur,South Chennai
NPIIN0000004784,HCP_04784,Endocrinology,Chennai,Royapuram,North Chennai
NPIIN0000004785,HCP_04785,General Medicine,Chennai,Adyar,South Chennai
NPIIN0000004786,HCP_04786,Pulmonology,Chennai,Sholinganallur,South Chennai
NPIIN0000004787,HCP_04787,General Medicine,Chennai,Mylapore,Central Chennai
NPIIN0000004788,HCP_04788,Cardiology,Chennai,Guindy,South Chennai
NPIIN0000004789,HCP_04789,Gastroenterology,Chennai,Kilpauk,Central Chennai
NPIIN0000004790,HCP_04790,Diabetology,Chennai,Tambaram,South Chennai
NPIIN0000004791,HCP_04791,Neurology,Chennai,Ambattur,North Chennai
NPIIN0000004792,HCP_04792,Pulmonology,Chennai,Anna Nagar,Central Chennai
NPIIN0000004793,HCP_04793,General Medicine,Chennai,Anna Nagar,Central Chennai
NPIIN0000004794,HCP_04794,Pulmonology,Chennai,Tambaram,South Chennai
NPIIN0000004795,HCP_04795,Neurology,Chennai,Mylapore,Central Chennai
NPIIN0000004796,HCP_04796,Pulmonology,Chennai,Kilpauk,Central Chennai
NPIIN0000004797,HCP_04797,Pulmonology,Chennai,Anna Nagar,Central Chennai
NPIIN0000004798,HCP_04798,General Medicine,Chennai,Madhavaram,North Chennai
NPIIN0000004799,HCP_04799,General Medicine,Chennai,Sholinganallur,South Chennai
NPIIN0000004800,HCP_04800,General Medicine,Chennai,Porur,South Chennai
NPIIN0000004801,HCP_04801,General Medicine,Chennai,Washermenpet,North Chennai
NPIIN0000004802,HCP_04802,General Medicine,Chennai,Kilpauk,Central Chennai
NPIIN0000004803,HCP_04803,Endocrinology,Chennai,Kilpauk,Central Chennai
NPIIN0000004804,HCP_04804,Gastroenterology,Chennai,Royapuram,North Chennai
NPIIN0000004805,HCP_04805,Cardiology,Chennai,Guindy,South Chennai
NPIIN0000004806,HCP_04806,Urology,Chennai,Guindy,South Chennai
NPIIN0000004807,HCP_04807,Pulmonology,Chennai,Perambur,North Chennai
NPIIN0000004808,HCP_04808,Cardiology,Chennai,Washermenpet,North Chennai
NPIIN0000004809,HCP_04809,Neurology,Chennai,Ambattur,North Chennai
NPIIN0000004810,HCP_04810,General Medicine,Chennai,Royapuram,North Chennai
NPIIN0000004811,HCP_04811,Urology,Chennai,Perambur,North Chennai
NPIIN0000004812,HCP_04812,Orthopedics,Chennai,Tambaram,South Chennai
NPIIN0000004813,HCP_04813,Dermatology,Chennai,Royapuram,North Chennai
NPIIN0000004814,HCP_04814,Pulmonology,Chennai,Porur,South Chennai
NPIIN0000004815,HCP_04815,Urology,Chennai,Madhavaram,North Chennai
NPIIN0000004816,HCP_04816,Neurology,Chennai,Anna Nagar,Central Chennai
NPIIN0000004817,HCP_04817,Urology,Chennai,Kilpauk,Central Chennai
NPIIN0000004818,HCP_04818,Endocrinology,Chennai,Madhavaram,North Chennai
NPIIN0000004819,HCP_04819,Urology,Chennai,Ambattur,North Chennai
NPIIN0000004820,HCP_04820,Neurology,Chennai,Madhavaram,North Chennai
NPIIN0000004821,HCP_04821,Diabetology,Chennai,Sholinganallur,South Chennai
NPIIN0000004822,HCP_04822,Orthopedics,Chennai,Mylapore,Central Chennai
NPIIN0000004823,HCP_04823,Neurology,Chennai,Velachery,South Chennai
NPIIN0000004824,HCP_04824,Urology,Chennai,Velachery,South Chennai
NPIIN0000004825,HCP_04825,Cardiology,Chennai,Royapuram,North Chennai
NPIIN0000004826,HCP_04826,Pulmonology,Chennai,Royapuram,North Chennai
NPIIN0000004827,HCP_04827,Gastroenterology,Chennai,Nungambakkam,Central Chennai
NPIIN0000004828,HCP_04828,Cardiology,Chennai,Royapuram,North Chennai
NPIIN0000004829,HCP_04829,Gastroenterology,Chennai,Tambaram,South Chennai
NPIIN0000004830,HCP_04830,Neurology,Chennai,Porur,South Chennai
NPIIN0000004831,HCP_04831,Diabetology,Chennai,Madhavaram,North Chennai
NPIIN0000004832,HCP_04832,Neurology,Chennai,Egmore,Central Chennai
NPIIN0000004833,HCP_04833,Cardiology,Chennai,Sholinganallur,South Chennai
NPIIN0000004834,HCP_04834,Dermatology,Chennai,Porur,South Chennai
NPIIN0000004835,HCP_04835,Urology,Chennai,Mylapore,Central Chennai
NPIIN0000004836,HCP_04836,General Medicine,Chennai,Velachery,South Chennai
NPIIN0000004837,HCP_04837,General Medicine,Chennai,Kilpauk,Central Chennai
NPIIN0000004838,HCP_04838,General Medicine,Chennai,Kilpauk,Central Chennai
NPIIN0000004839,HCP_04839,General Medicine,Chennai,Kilpauk,Central Chennai
NPIIN0000004840,HCP_04840,Urology,Chennai,T Nagar,Central Chennai
NPIIN0000004841,HCP_04841,Diabetology,Chennai,Sholinganallur,South Chennai
NPIIN0000004842,HCP_04842,General Medicine,Chennai,Perambur,North Chennai
NPIIN0000004843,HCP_04843,Diabetology,Chennai,Anna Nagar,Central Chennai
NPIIN0000004844,HCP_04844,Neurology,Chennai,Royapuram,North Chennai
NPIIN0000004845,HCP_04845,Dermatology,Chennai,Ambattur,North Chennai
NPIIN0000004846,HCP_04846,Endocrinology,Chennai,Anna Nagar,Central Chennai
NPIIN0000004847,HCP_04847,Diabetology,Chennai,Egmore,Central Chennai
NPIIN0000004848,HCP_04848,Cardiology,Chennai,Velachery,South Chennai
NPIIN0000004849,HCP_04849,Endocrinology,Chennai,T Nagar,Central Chennai
NPIIN0000004850,HCP_04850,General Medicine,Chennai,Porur,South Chennai
NPIIN0000004851,HCP_04851,Gastroenterology,Chennai,Kilpauk,Central Chennai
NPIIN0000004852,HCP_04852,Pulmonology,Chennai,Guindy,South Chennai
NPIIN0000004853,HCP_04853,Cardiology,Chennai,Porur,South Chennai
NPIIN0000004854,HCP_04854,Pulmonology,Chennai,Anna Nagar,Central Chennai
NPIIN0000004855,HCP_04855,Dermatology,Chennai,T Nagar,Central Chennai
NPIIN0000004856,HCP_04856,General Medicine,Chennai,Porur,South Chennai
NPIIN0000004857,HCP_04857,Diabetology,Chennai,Royapuram,North Chennai
NPIIN0000004858,HCP_04858,Gastroenterology,Chennai,Porur,South Chennai
NPIIN0000004859,HCP_04859,Cardiology,Chennai,Egmore,Central Chennai
NPIIN0000004860,HCP_04860,Dermatology,Chennai,Anna Nagar,Central Chennai
NPIIN0000004861,HCP_04861,Dermatology,Chennai,Royapuram,North Chennai
NPIIN0000004862,HCP_04862,Urology,Chennai,Guindy,South Chennai
NPIIN0000004863,HCP_04863,Cardiology,Chennai,Nungambakkam,Central Chennai
NPIIN0000004864,HCP_04864,Cardiology,Chennai,Sholinganallur,South Chennai
NPIIN0000004865,HCP_04865,Urology,Chennai,Velachery,South Chennai
NPIIN0000004866,HCP_04866,General Medicine,Chennai,Nungambakkam,Central Chennai
NPIIN0000004867,HCP_04867,General Medicine,Chennai,Kilpauk,Central Chennai
NPIIN0000004868,HCP_04868,Pulmonology,Chennai,Egmore,Central Chennai
NPIIN0000004869,HCP_04869,Cardiology,Chennai,Ambattur,North Chennai
NPIIN0000004870,HCP_04870,Neurology,Chennai,Sholinganallur,South Chennai
NPIIN0000004871,HCP_04871,Orthopedics,Chennai,Washermenpet,North Chennai
NPIIN0000004872,HCP_04872,Neurology,Chennai,Nungambakkam,Central Chennai
NPIIN0000004873,HCP_04873,General Medicine,Chennai,Adyar,South Chennai
NPIIN0000004874,HCP_04874,Orthopedics,Chennai,Perambur,North Chennai
NPIIN0000004875,HCP_04875,Neurology,Chennai,Tondiarpet,North Chennai
NPIIN0000004876,HCP_04876,Cardiology,Chennai,Tondiarpet,North Chennai
NPIIN0000004877,HCP_04877,Neurology,Chennai,T Nagar,Central Chennai
NPIIN0000004878,HCP_04878,Cardiology,Chennai,Sholinganallur,South Chennai
NPIIN0000004879,HCP_04879,Diabetology,Chennai,Tondiarpet,North Chennai
NPIIN0000004880,HCP_04880,Pulmonology,Chennai,Perambur,North Chennai
NPIIN0000004881,HCP_04881,Endocrinology,Chennai,Egmore,Central Chennai
NPIIN0000004882,HCP_04882,Cardiology,Chennai,Ambattur,North Chennai
NPIIN0000004883,HCP_04883,Pulmonology,Chennai,Madhavaram,North Chennai
NPIIN0000004884,HCP_04884,Diabetology,Chennai,Kilpauk,Central Chennai
NPIIN0000004885,HCP_04885,Pulmonology,Chennai,Tambaram,South Chennai
NPIIN0000004886,HCP_04886,Diabetology,Chennai,Tambaram,South Chennai
NPIIN0000004887,HCP_04887,Neurology,Chennai,Egmore,Central Chennai
NPIIN0000004888,HCP_04888,Urology,Chennai,Adyar,South Chennai
NPIIN0000004889,HCP_04889,Cardiology,Chennai,Washermenpet,North Chennai
NPIIN0000004890,HCP_04890,Gastroenterology,Chennai,Porur,South Chennai
NPIIN0000004891,HCP_04891,Endocrinology,Chennai,Nungambakkam,Central Chennai
NPIIN0000004892,HCP_04892,Diabetology,Chennai,Mylapore,Central Chennai
NPIIN0000004893,HCP_04893,General Medicine,Chennai,Ambattur,North Chennai
NPIIN0000004894,HCP_04894,Endocrinology,Chennai,Egmore,Central Chennai
NPIIN0000004895,HCP_04895,Cardiology,Chennai,Sholinganallur,South Chennai
NPIIN0000004896,HCP_04896,Gastroenterology,Chennai,Madhavaram,North Chennai
NPIIN0000004897,HCP_04897,Dermatology,Chennai,Anna Nagar,Central Chennai
NPIIN0000004898,HCP_04898,Orthopedics,Chennai,Washermenpet,North Chennai
NPIIN0000004899,HCP_04899,Orthopedics,Chennai,Tambaram,South Chennai
NPIIN0000004900,HCP_04900,General Medicine,Chennai,Sholinganallur,South Chennai
NPIIN0000004901,HCP_04901,Cardiology,Chennai,Washermenpet,North Chennai
NPIIN0000004902,HCP_04902,Cardiology,Chennai,Anna Nagar,Central Chennai
NPIIN0000004903,HCP_04903,Pulmonology,Chennai,Egmore,Central Chennai
NPIIN0000004904,HCP_04904,Urology,Chennai,Sholinganallur,South Chennai
NPIIN0000004905,HCP_04905,Diabetology,Chennai,Velachery,South Chennai
NPIIN0000004906,HCP_04906,Endocrinology,Chennai,Ambattur,North Chennai
NPIIN0000004907,HCP_04907,General Medicine,Chennai,Velachery,South Chennai
NPIIN0000004908,HCP_04908,Urology,Chennai,T Nagar,Central Chennai
NPIIN0000004909,HCP_04909,General Medicine,Chennai,Tambaram,South Chennai
NPIIN0000004910,HCP_04910,Gastroenterology,Chennai,Nungambakkam,Central Chennai
NPIIN0000004911,HCP_04911,General Medicine,Chennai,T Nagar,Central Chennai
NPIIN0000004912,HCP_04912,General Medicine,Chennai,Ambattur,North Chennai
NPIIN0000004913,HCP_04913,General Medicine,Chennai,Tondiarpet,North Chennai
NPIIN0000004914,HCP_04914,Gastroenterology,Chennai,Sholinganallur,South Chennai
NPIIN0000004915,HCP_04915,Gastroenterology,Chennai,Anna Nagar,Central Chennai
NPIIN0000004916,HCP_04916,General Medicine,Chennai,Guindy,South Chennai
NPIIN0000004917,HCP_04917,Diabetology,Chennai,Velachery,South Chennai
NPIIN0000004918,HCP_04918,Cardiology,Chennai,Velachery,South Chennai
NPIIN0000004919,HCP_04919,Cardiology,Chennai,Tambaram,South Chennai
NPIIN0000004920,HCP_04920,Cardiology,Chennai,Madhavaram,North Chennai
NPIIN0000004921,HCP_04921,Endocrinology,Chennai,Royapuram,North Chennai
NPIIN0000004922,HCP_04922,Neurology,Chennai,Anna Nagar,Central Chennai
NPIIN0000004923,HCP_04923,Dermatology,Chennai,Mylapore,Central Chennai
NPIIN0000004924,HCP_04924,Gastroenterology,Chennai,Guindy,South Chennai
NPIIN0000004925,HCP_04925,Gastroenterology,Chennai,Royapuram,North Chennai
NPIIN0000004926,HCP_04926,Orthopedics,Chennai,Mylapore,Central Chennai
NPIIN0000004927,HCP_04927,Orthopedics,Chennai,Egmore,Central Chennai
NPIIN0000004928,HCP_04928,Diabetology,Chennai,Royapuram,North Chennai
NPIIN0000004929,HCP_04929,Endocrinology,Chennai,Tambaram,South Chennai
NPIIN0000004930,HCP_04930,Endocrinology,Chennai,Anna Nagar,Central Chennai
NPIIN0000004931,HCP_04931,Urology,Chennai,Porur,South Chennai
NPIIN0000004932,HCP_04932,Cardiology,Chennai,Sholinganallur,South Chennai
NPIIN0000004933,HCP_04933,General Medicine,Chennai,Adyar,South Chennai
NPIIN0000004934,HCP_04934,Pulmonology,Chennai,Kilpauk,Central Chennai
NPIIN0000004935,HCP_04935,Pulmonology,Chennai,Porur,South Chennai
NPIIN0000004936,HCP_04936,Pulmonology,Chennai,Anna Nagar,Central Chennai
NPIIN0000004937,HCP_04937,Gastroenterology,Chennai,Washermenpet,North Chennai
NPIIN0000004938,HCP_04938,Pulmonology,Chennai,Adyar,South Chennai
NPIIN0000004939,HCP_04939,Dermatology,Chennai,Sholinganallur,South Chennai
NPIIN0000004940,HCP_04940,Cardiology,Chennai,Kilpauk,Central Chennai
NPIIN0000004941,HCP_04941,Dermatology,Chennai,Guindy,South Chennai
NPIIN0000004942,HCP_04942,Pulmonology,Chennai,T Nagar,Central Chennai
NPIIN0000004943,HCP_04943,Endocrinology,Chennai,Madhavaram,North Chennai
NPIIN0000004944,HCP_04944,Orthopedics,Chennai,Sholinganallur,South Chennai
NPIIN0000004945,HCP_04945,Orthopedics,Chennai,Madhavaram,North Chennai
NPIIN0000004946,HCP_04946,Dermatology,Chennai,Velachery,South Chennai
NPIIN0000004947,HCP_04947,Urology,Chennai,Ambattur,North Chennai
NPIIN0000004948,HCP_04948,General Medicine,Chennai,Porur,South Chennai
NPIIN0000004949,HCP_04949,Endocrinology,Chennai,Adyar,South Chennai
NPIIN0000004950,HCP_04950,Endocrinology,Chennai,Guindy,South Chennai
NPIIN0000004951,HCP_04951,Urology,Chennai,Nungambakkam,Central Chennai
NPIIN0000004952,HCP_04952,Dermatology,Chennai,Guindy,South Chennai
NPIIN0000004953,HCP_04953,Orthopedics,Chennai,Egmore,Central Chennai
NPIIN0000004954,HCP_04954,Dermatology,Chennai,Guindy,South Chennai
NPIIN0000004955,HCP_04955,Neurology,Chennai,Nungambakkam,Central Chennai
NPIIN0000004956,HCP_04956,Endocrinology,Chennai,Kilpauk,Central Chennai
NPIIN0000004957,HCP_04957,Endocrinology,Chennai,Porur,South Chennai
NPIIN0000004958,HCP_04958,General Medicine,Chennai,Kilpauk,Central Chennai
NPIIN0000004959,HCP_04959,Gastroenterology,Chennai,Royapuram,North Chennai
NPIIN0000004960,HCP_04960,Endocrinology,Chennai,Sholinganallur,South Chennai
NPIIN0000004961,HCP_04961,Urology,Chennai,Anna Nagar,Central Chennai
NPIIN0000004962,HCP_04962,Neurology,Chennai,Nungambakkam,Central Chennai
NPIIN0000004963,HCP_04963,Diabetology,Chennai,Washermenpet,North Chennai
NPIIN0000004964,HCP_04964,Urology,Chennai,Anna Nagar,Central Chennai
NPIIN0000004965,HCP_04965,Pulmonology,Chennai,Egmore,Central Chennai
NPIIN0000004966,HCP_04966,Gastroenterology,Chennai,Egmore,Central Chennai
NPIIN0000004967,HCP_04967,General Medicine,Chennai,Tondiarpet,North Chennai
NPIIN0000004968,HCP_04968,General Medicine,Chennai,Mylapore,Central Chennai
NPIIN0000004969,HCP_04969,Cardiology,Chennai,Nungambakkam,Central Chennai
NPIIN0000004970,HCP_04970,Pulmonology,Chennai,Velachery,South Chennai
NPIIN0000004971,HCP_04971,Gastroenterology,Chennai,Velachery,South Chennai
NPIIN0000004972,HCP_04972,Orthopedics,Chennai,T Nagar,Central Chennai
NPIIN0000004973,HCP_04973,Urology,Chennai,Kilpauk,Central Chennai
NPIIN0000004974,HCP_04974,Cardiology,Chennai,Tambaram,South Chennai
NPIIN0000004975,HCP_04975,Orthopedics,Chennai,Ambattur,North Chennai
NPIIN0000004976,HCP_04976,Endocrinology,Chennai,Madhavaram,North Chennai
NPIIN0000004977,HCP_04977,Cardiology,Chennai,Perambur,North Chennai
NPIIN0000004978,HCP_04978,Gastroenterology,Chennai,Mylapore,Central Chennai
NPIIN0000004979,HCP_04979,Urology,Chennai,Velachery,South Chennai
NPIIN0000004980,HCP_04980,Orthopedics,Chennai,Adyar,South Chennai
NPIIN0000004981,HCP_04981,Dermatology,Chennai,Tambaram,South Chennai
NPIIN0000004982,HCP_04982,Endocrinology,Chennai,T Nagar,Central Chennai
NPIIN0000004983,HCP_04983,Endocrinology,Chennai,Nungambakkam,Central Chennai
NPIIN0000004984,HCP_04984,Cardiology,Chennai,Nungambakkam,Central Chennai
NPIIN0000004985,HCP_04985,Pulmonology,Chennai,Anna Nagar,Central Chennai
NPIIN0000004986,HCP_04986,General Medicine,Chennai,Mylapore,Central Chennai
NPIIN0000004987,HCP_04987,Cardiology,Chennai,Porur,South Chennai
NPIIN0000004988,HCP_04988,General Medicine,Chennai,Kilpauk,Central Chennai
NPIIN0000004989,HCP_04989,Pulmonology,Chennai,Porur,South Chennai
NPIIN0000004990,HCP_04990,Gastroenterology,Chennai,Egmore,Central Chennai
NPIIN0000004991,HCP_04991,General Medicine,Chennai,Nungambakkam,Central Chennai
NPIIN0000004992,HCP_04992,Diabetology,Chennai,Tambaram,South Chennai
NPIIN0000004993,HCP_04993,Neurology,Chennai,Adyar,South Chennai
NPIIN0000004994,HCP_04994,Neurology,Chennai,Royapuram,North Chennai
NPIIN0000004995,HCP_04995,Diabetology,Chennai,Washermenpet,North Chennai
NPIIN0000004996,HCP_04996,Cardiology,Chennai,Egmore,Central Chennai
NPIIN0000004997,HCP_04997,Orthopedics,Chennai,Kilpauk,Central Chennai
NPIIN0000004998,HCP_04998,Gastroenterology,Chennai,Madhavaram,North Chennai
NPIIN0000004999,HCP_04999,Endocrinology,Chennai,Perambur,North Chennai
NPIIN0000005000,HCP_05000,Pulmonology,Chennai,Tondiarpet,North Chennai
NPIIN0000005001,HCP_05001,Pulmonology,Chennai,Kilpauk,Central Chennai
NPIIN0000005002,HCP_05002,Cardiology,Chennai,Tambaram,South Chennai
NPIIN0000005003,HCP_05003,Endocrinology,Chennai,Porur,South Chennai
NPIIN0000005004,HCP_05004,Orthopedics,Chennai,Anna Nagar,Central Chennai
NPIIN0000005005,HCP_05005,General Medicine,Chennai,Mylapore,Central Chennai
NPIIN0000005006,HCP_05006,Endocrinology,Chennai,Washermenpet,North Chennai
NPIIN0000005007,HCP_05007,Dermatology,Chennai,Porur,South Chennai
NPIIN0000005008,HCP_05008,General Medicine,Chennai,Adyar,South Chennai
NPIIN0000005009,HCP_05009,Neurology,Chennai,Sholinganallur,South Chennai
NPIIN0000005010,HCP_05010,Diabetology,Chennai,Tondiarpet,North Chennai
NPIIN0000005011,HCP_05011,Cardiology,Chennai,Mylapore,Central Chennai
NPIIN0000005012,HCP_05012,Endocrinology,Chennai,Royapuram,North Chennai
NPIIN0000005013,HCP_05013,Orthopedics,Chennai,Kilpauk,Central Chennai
NPIIN0000005014,HCP_05014,Pulmonology,Chennai,Tambaram,South Chennai
NPIIN0000005015,HCP_05015,Dermatology,Chennai,Egmore,Central Chennai
NPIIN0000005016,HCP_05016,Cardiology,Chennai,Nungambakkam,Central Chennai
NPIIN0000005017,HCP_05017,Gastroenterology,Chennai,Washermenpet,North Chennai
NPIIN0000005018,HCP_05018,General Medicine,Chennai,Tondiarpet,North Chennai
NPIIN0000005019,HCP_05019,Neurology,Chennai,Royapuram,North Chennai
NPIIN0000005020,HCP_05020,General Medicine,Chennai,Madhavaram,North Chennai
NPIIN0000005021,HCP_05021,Pulmonology,Chennai,Tambaram,South Chennai
NPIIN0000005022,HCP_05022,Cardiology,Chennai,Tambaram,South Chennai
NPIIN0000005023,HCP_05023,Cardiology,Chennai,Adyar,South Chennai
NPIIN0000005024,HCP_05024,Dermatology,Chennai,Porur,South Chennai
NPIIN0000005025,HCP_05025,Cardiology,Chennai,Porur,South Chennai
NPIIN0000005026,HCP_05026,Cardiology,Chennai,Washermenpet,North Chennai
NPIIN0000005027,HCP_05027,Urology,Chennai,Royapuram,North Chennai
NPIIN0000005028,HCP_05028,Diabetology,Chennai,Nungambakkam,Central Chennai
NPIIN0000005029,HCP_05029,Pulmonology,Chennai,Royapuram,North Chennai
NPIIN0000005030,HCP_05030,Dermatology,Chennai,Egmore,Central Chennai
NPIIN0000005031,HCP_05031,Gastroenterology,Chennai,Nungambakkam,Central Chennai
NPIIN0000005032,HCP_05032,Cardiology,Chennai,Velachery,South Chennai
NPIIN0000005033,HCP_05033,Pulmonology,Chennai,Kilpauk,Central Chennai
NPIIN0000005034,HCP_05034,Pulmonology,Chennai,Royapuram,North Chennai
NPIIN0000005035,HCP_05035,General Medicine,Chennai,Washermenpet,North Chennai
NPIIN0000005036,HCP_05036,Gastroenterology,Chennai,Mylapore,Central Chennai
NPIIN0000005037,HCP_05037,Orthopedics,Chennai,Guindy,South Chennai
NPIIN0000005038,HCP_05038,Endocrinology,Chennai,Egmore,Central Chennai
NPIIN0000005039,HCP_05039,Endocrinology,Chennai,Guindy,South Chennai
NPIIN0000005040,HCP_05040,Gastroenterology,Chennai,Porur,South Chennai
NPIIN0000005041,HCP_05041,General Medicine,Chennai,Nungambakkam,Central Chennai
NPIIN0000005042,HCP_05042,Dermatology,Chennai,Kilpauk,Central Chennai
NPIIN0000005043,HCP_05043,Endocrinology,Chennai,Nungambakkam,Central Chennai
NPIIN0000005044,HCP_05044,Cardiology,Chennai,Madhavaram,North Chennai
NPIIN0000005045,HCP_05045,Neurology,Chennai,Egmore,Central Chennai
NPIIN0000005046,HCP_05046,Orthopedics,Chennai,Tambaram,South Chennai
NPIIN0000005047,HCP_05047,Cardiology,Chennai,Egmore,Central Chennai
NPIIN0000005048,HCP_05048,Urology,Chennai,Tambaram,South Chennai
NPIIN0000005049,HCP_05049,General Medicine,Chennai,Egmore,Central Chennai
NPIIN0000005050,HCP_05050,Cardiology,Chennai,Adyar,South Chennai
NPIIN0000005051,HCP_05051,General Medicine,Chennai,Nungambakkam,Central Chennai
NPIIN0000005052,HCP_05052,Diabetology,Chennai,Ambattur,North Chennai
NPIIN0000005053,HCP_05053,Neurology,Chennai,Royapuram,North Chennai
NPIIN0000005054,HCP_05054,Diabetology,Chennai,Mylapore,Central Chennai
NPIIN0000005055,HCP_05055,General Medicine,Chennai,Sholinganallur,South Chennai
NPIIN0000005056,HCP_05056,Endocrinology,Chennai,Kilpauk,Central Chennai
NPIIN0000005057,HCP_05057,Dermatology,Chennai,Perambur,North Chennai
NPIIN0000005058,HCP_05058,Urology,Chennai,Madhavaram,North Chennai
NPIIN0000005059,HCP_05059,General Medicine,Chennai,Washermenpet,North Chennai
NPIIN0000005060,HCP_05060,General Medicine,Chennai,Mylapore,Central Chennai
NPIIN0000005061,HCP_05061,Orthopedics,Chennai,Egmore,Central Chennai
NPIIN0000005062,HCP_05062,Endocrinology,Chennai,Kilpauk,Central Chennai
NPIIN0000005063,HCP_05063,Dermatology,Chennai,Kilpauk,Central Chennai
NPIIN0000005064,HCP_05064,Pulmonology,Chennai,Mylapore,Central Chennai
NPIIN0000005065,HCP_05065,Urology,Chennai,Guindy,South Chennai
NPIIN0000005066,HCP_05066,Diabetology,Chennai,Washermenpet,North Chennai
NPIIN0000005067,HCP_05067,Diabetology,Chennai,Guindy,South Chennai
NPIIN0000005068,HCP_05068,Diabetology,Chennai,Washermenpet,North Chennai
NPIIN0000005069,HCP_05069,Cardiology,Chennai,Anna Nagar,Central Chennai
NPIIN0000005070,HCP_05070,Endocrinology,Chennai,Madhavaram,North Chennai
NPIIN0000005071,HCP_05071,Orthopedics,Chennai,Mylapore,Central Chennai
NPIIN0000005072,HCP_05072,Diabetology,Chennai,T Nagar,Central Chennai
NPIIN0000005073,HCP_05073,Cardiology,Chennai,Perambur,North Chennai
NPIIN0000005074,HCP_05074,Diabetology,Chennai,Royapuram,North Chennai
NPIIN0000005075,HCP_05075,General Medicine,Chennai,Sholinganallur,South Chennai
NPIIN0000005076,HCP_05076,Pulmonology,Chennai,Kilpauk,Central Chennai
NPIIN0000005077,HCP_05077,Cardiology,Chennai,Perambur,North Chennai
NPIIN0000005078,HCP_05078,Dermatology,Chennai,Anna Nagar,Central Chennai
NPIIN0000005079,HCP_05079,Dermatology,Chennai,Nungambakkam,Central Chennai
NPIIN0000005080,HCP_05080,Endocrinology,Chennai,Velachery,South Chennai
NPIIN0000005081,HCP_05081,Dermatology,Chennai,Nungambakkam,Central Chennai
NPIIN0000005082,HCP_05082,General Medicine,Chennai,Madhavaram,North Chennai
NPIIN0000005083,HCP_05083,General Medicine,Chennai,Royapuram,North Chennai
NPIIN0000005084,HCP_05084,Orthopedics,Chennai,Egmore,Central Chennai
NPIIN0000005085,HCP_05085,Urology,Chennai,Velachery,South Chennai
NPIIN0000005086,HCP_05086,General Medicine,Chennai,Tondiarpet,North Chennai
NPIIN0000005087,HCP_05087,General Medicine,Chennai,Guindy,South Chennai
NPIIN0000005088,HCP_05088,Diabetology,Chennai,Ambattur,North Chennai
NPIIN0000005089,HCP_05089,General Medicine,Chennai,Porur,South Chennai
NPIIN0000005090,HCP_05090,Neurology,Chennai,Nungambakkam,Central Chennai
NPIIN0000005091,HCP_05091,Cardiology,Chennai,Perambur,North Chennai
NPIIN0000005092,HCP_05092,Urology,Chennai,Porur,South Chennai
NPIIN0000005093,HCP_05093,Gastroenterology,Chennai,Nungambakkam,Central Chennai
NPIIN0000005094,HCP_05094,Cardiology,Chennai,Ambattur,North Chennai
NPIIN0000005095,HCP_05095,Urology,Chennai,Guindy,South Chennai
NPIIN0000005096,HCP_05096,Gastroenterology,Chennai,Madhavaram,North Chennai
NPIIN0000005097,HCP_05097,Diabetology,Chennai,Adyar,South Chennai
NPIIN0000005098,HCP_05098,General Medicine,Chennai,Porur,South Chennai
NPIIN0000005099,HCP_05099,Urology,Chennai,Adyar,South Chennai
NPIIN0000005100,HCP_05100,Orthopedics,Chennai,Tambaram,South Chennai
NPIIN0000005101,HCP_05101,Diabetology,Chennai,Royapuram,North Chennai
NPIIN0000005102,HCP_05102,Neurology,Chennai,Nungambakkam,Central Chennai
NPIIN0000005103,HCP_05103,Urology,Chennai,Egmore,Central Chennai
NPIIN0000005104,HCP_05104,Orthopedics,Chennai,Tondiarpet,North Chennai
NPIIN0000005105,HCP_05105,Cardiology,Chennai,Sholinganallur,South Chennai
NPIIN0000005106,HCP_05106,General Medicine,Chennai,Royapuram,North Chennai
NPIIN0000005107,HCP_05107,Urology,Chennai,Anna Nagar,Central Chennai
NPIIN0000005108,HCP_05108,Cardiology,Chennai,Nungambakkam,Central Chennai
NPIIN0000005109,HCP_05109,General Medicine,Chennai,Madhavaram,North Chennai
NPIIN0000005110,HCP_05110,Pulmonology,Chennai,Velachery,South Chennai
NPIIN0000005111,HCP_05111,General Medicine,Chennai,Mylapore,Central Chennai
NPIIN0000005112,HCP_05112,Gastroenterology,Chennai,Tondiarpet,North Chennai
NPIIN0000005113,HCP_05113,Cardiology,Chennai,Velachery,South Chennai
NPIIN0000005114,HCP_05114,Gastroenterology,Chennai,Porur,South Chennai
NPIIN0000005115,HCP_05115,Diabetology,Chennai,Egmore,Central Chennai
NPIIN0000005116,HCP_05116,Dermatology,Chennai,Tambaram,South Chennai
NPIIN0000005117,HCP_05117,General Medicine,Chennai,Royapuram,North Chennai
NPIIN0000005118,HCP_05118,Cardiology,Chennai,Sholinganallur,South Chennai
NPIIN0000005119,HCP_05119,Orthopedics,Chennai,Mylapore,Central Chennai
NPIIN0000005120,HCP_05120,Gastroenterology,Chennai,Madhavaram,North Chennai
NPIIN0000005121,HCP_05121,General Medicine,Chennai,Porur,South Chennai
NPIIN0000005122,HCP_05122,Diabetology,Chennai,Egmore,Central Chennai
NPIIN0000005123,HCP_05123,Pulmonology,Chennai,Ambattur,North Chennai
NPIIN0000005124,HCP_05124,Orthopedics,Chennai,Ambattur,North Chennai
NPIIN0000005125,HCP_05125,Diabetology,Chennai,Royapuram,North Chennai
NPIIN0000005126,HCP_05126,Orthopedics,Chennai,Mylapore,Central Chennai
NPIIN0000005127,HCP_05127,General Medicine,Chennai,Tondiarpet,North Chennai
NPIIN0000005128,HCP_05128,Neurology,Chennai,Mylapore,Central Chennai
NPIIN0000005129,HCP_05129,General Medicine,Chennai,Velachery,South Chennai
NPIIN0000005130,HCP_05130,Cardiology,Chennai,Tambaram,South Chennai
NPIIN0000005131,HCP_05131,Orthopedics,Chennai,Kilpauk,Central Chennai
NPIIN0000005132,HCP_05132,Endocrinology,Chennai,Mylapore,Central Chennai
NPIIN0000005133,HCP_05133,Orthopedics,Chennai,Egmore,Central Chennai
NPIIN0000005134,HCP_05134,Cardiology,Chennai,Perambur,North Chennai
NPIIN0000005135,HCP_05135,Diabetology,Chennai,Adyar,South Chennai
NPIIN0000005136,HCP_05136,Urology,Chennai,Royapuram,North Chennai
NPIIN0000005137,HCP_05137,Neurology,Chennai,T Nagar,Central Chennai
NPIIN0000005138,HCP_05138,Endocrinology,Chennai,Mylapore,Central Chennai
NPIIN0000005139,HCP_05139,Pulmonology,Chennai,T Nagar,Central Chennai
NPIIN0000005140,HCP_05140,Endocrinology,Chennai,Velachery,South Chennai
NPIIN0000005141,HCP_05141,Urology,Chennai,Adyar,South Chennai
NPIIN0000005142,HCP_05142,Cardiology,Chennai,Washermenpet,North Chennai
NPIIN0000005143,HCP_05143,General Medicine,Chennai,Mylapore,Central Chennai
NPIIN0000005144,HCP_05144,Cardiology,Chennai,Adyar,South Chennai
NPIIN0000005145,HCP_05145,Neurology,Chennai,Kilpauk,Central Chennai
NPIIN0000005146,HCP_05146,Orthopedics,Chennai,Adyar,South Chennai
NPIIN0000005147,HCP_05147,Dermatology,Chennai,Porur,South Chennai
NPIIN0000005148,HCP_05148,General Medicine,Chennai,Ambattur,North Chennai
NPIIN0000005149,HCP_05149,Endocrinology,Chennai,Guindy,South Chennai
NPIIN0000005150,HCP_05150,Cardiology,Chennai,Nungambakkam,Central Chennai
NPIIN0000005151,HCP_05151,Urology,Chennai,Porur,South Chennai
NPIIN0000005152,HCP_05152,Cardiology,Chennai,Kilpauk,Central Chennai
NPIIN0000005153,HCP_05153,Pulmonology,Chennai,Perambur,North Chennai
NPIIN0000005154,HCP_05154,General Medicine,Chennai,Nungambakkam,Central Chennai
NPIIN0000005155,HCP_05155,Orthopedics,Chennai,Anna Nagar,Central Chennai
NPIIN0000005156,HCP_05156,General Medicine,Chennai,Kilpauk,Central Chennai
NPIIN0000005157,HCP_05157,Pulmonology,Chennai,Anna Nagar,Central Chennai
NPIIN0000005158,HCP_05158,Urology,Chennai,Madhavaram,North Chennai
NPIIN0000005159,HCP_05159,Orthopedics,Chennai,Madhavaram,North Chennai
NPIIN0000005160,HCP_05160,Pulmonology,Chennai,Kilpauk,Central Chennai
NPIIN0000005161,HCP_05161,Dermatology,Chennai,Guindy,South Chennai
NPIIN0000005162,HCP_05162,Neurology,Chennai,Sholinganallur,South Chennai
NPIIN0000005163,HCP_05163,General Medicine,Chennai,T Nagar,Central Chennai
NPIIN0000005164,HCP_05164,Cardiology,Chennai,Washermenpet,North Chennai
NPIIN0000005165,HCP_05165,Gastroenterology,Chennai,Tambaram,South Chennai
NPIIN0000005166,HCP_05166,Neurology,Chennai,Adyar,South Chennai
NPIIN0000005167,HCP_05167,Cardiology,Chennai,Madhavaram,North Chennai
NPIIN0000005168,HCP_05168,Endocrinology,Chennai,Adyar,South Chennai
NPIIN0000005169,HCP_05169,Gastroenterology,Chennai,Kilpauk,Central Chennai
NPIIN0000005170,HCP_05170,Endocrinology,Chennai,Mylapore,Central Chennai
NPIIN0000005171,HCP_05171,Neurology,Chennai,Tambaram,South Chennai
NPIIN0000005172,HCP_05172,Gastroenterology,Chennai,Tambaram,South Chennai
NPIIN0000005173,HCP_05173,General Medicine,Chennai,Tambaram,South Chennai
NPIIN0000005174,HCP_05174,Diabetology,Chennai,Anna Nagar,Central Chennai
NPIIN0000005175,HCP_05175,General Medicine,Chennai,Egmore,Central Chennai
NPIIN0000005176,HCP_05176,General Medicine,Chennai,T Nagar,Central Chennai
NPIIN0000005177,HCP_05177,Pulmonology,Chennai,Mylapore,Central Chennai
NPIIN0000005178,HCP_05178,Gastroenterology,Chennai,T Nagar,Central Chennai
NPIIN0000005179,HCP_05179,Urology,Chennai,Madhavaram,North Chennai
NPIIN0000005180,HCP_05180,Cardiology,Chennai,Royapuram,North Chennai
NPIIN0000005181,HCP_05181,Gastroenterology,Chennai,Sholinganallur,South Chennai
NPIIN0000005182,HCP_05182,Diabetology,Chennai,Tondiarpet,North Chennai
NPIIN0000005183,HCP_05183,Dermatology,Chennai,T Nagar,Central Chennai
NPIIN0000005184,HCP_05184,Cardiology,Chennai,Velachery,South Chennai
NPIIN0000005185,HCP_05185,Pulmonology,Chennai,Anna Nagar,Central Chennai
NPIIN0000005186,HCP_05186,Pulmonology,Chennai,Sholinganallur,South Chennai
NPIIN0000005187,HCP_05187,Diabetology,Chennai,Egmore,Central Chennai
NPIIN0000005188,HCP_05188,Orthopedics,Chennai,Madhavaram,North Chennai
NPIIN0000005189,HCP_05189,Cardiology,Chennai,Sholinganallur,South Chennai
NPIIN0000005190,HCP_05190,Cardiology,Chennai,Washermenpet,North Chennai
NPIIN0000005191,HCP_05191,Neurology,Chennai,Ambattur,North Chennai
NPIIN0000005192,HCP_05192,General Medicine,Chennai,Porur,South Chennai
NPIIN0000005193,HCP_05193,Diabetology,Chennai,T Nagar,Central Chennai
NPIIN0000005194,HCP_05194,Diabetology,Chennai,Tambaram,South Chennai
NPIIN0000005195,HCP_05195,Endocrinology,Chennai,Velachery,South Chennai
NPIIN0000005196,HCP_05196,Urology,Chennai,Porur,South Chennai
NPIIN0000005197,HCP_05197,Pulmonology,Chennai,Perambur,North Chennai
NPIIN0000005198,HCP_05198,Diabetology,Chennai,Egmore,Central Chennai
NPIIN0000005199,HCP_05199,General Medicine,Chennai,Porur,South Chennai
NPIIN0000005200,HCP_05200,Urology,Chennai,Madhavaram,North Chennai
NPIIN0000005201,HCP_05201,Urology,Chennai,Anna Nagar,Central Chennai
NPIIN0000005202,HCP_05202,Cardiology,Chennai,Anna Nagar,Central Chennai
NPIIN0000005203,HCP_05203,Neurology,Chennai,Nungambakkam,Central Chennai
NPIIN0000005204,HCP_05204,Endocrinology,Chennai,Madhavaram,North Chennai
NPIIN0000005205,HCP_05205,Endocrinology,Chennai,Mylapore,Central Chennai
NPIIN0000005206,HCP_05206,Urology,Chennai,Egmore,Central Chennai
NPIIN0000005207,HCP_05207,Urology,Chennai,Nungambakkam,Central Chennai
NPIIN0000005208,HCP_05208,Cardiology,Chennai,Adyar,South Chennai
NPIIN0000005209,HCP_05209,Urology,Chennai,Egmore,Central Chennai
NPIIN0000005210,HCP_05210,Gastroenterology,Chennai,T Nagar,Central Chennai
NPIIN0000005211,HCP_05211,Gastroenterology,Chennai,Washermenpet,North Chennai
NPIIN0000005212,HCP_05212,Dermatology,Chennai,Kilpauk,Central Chennai
NPIIN0000005213,HCP_05213,General Medicine,Chennai,Porur,South Chennai
NPIIN0000005214,HCP_05214,Orthopedics,Chennai,Velachery,South Chennai
NPIIN0000005215,HCP_05215,Endocrinology,Chennai,Ambattur,North Chennai
NPIIN0000005216,HCP_05216,General Medicine,Chennai,Madhavaram,North Chennai
NPIIN0000005217,HCP_05217,Diabetology,Chennai,Tondiarpet,North Chennai
NPIIN0000005218,HCP_05218,Dermatology,Chennai,Anna Nagar,Central Chennai
NPIIN0000005219,HCP_05219,Cardiology,Chennai,Anna Nagar,Central Chennai
NPIIN0000005220,HCP_05220,General Medicine,Chennai,Mylapore,Central Chennai
NPIIN0000005221,HCP_05221,Gastroenterology,Chennai,Egmore,Central Chennai
NPIIN0000005222,HCP_05222,Diabetology,Chennai,Ambattur,North Chennai
NPIIN0000005223,HCP_05223,Diabetology,Chennai,Egmore,Central Chennai
NPIIN0000005224,HCP_05224,Diabetology,Chennai,Kilpauk,Central Chennai
NPIIN0000005225,HCP_05225,Gastroenterology,Chennai,Perambur,North Chennai
NPIIN0000005226,HCP_05226,Diabetology,Chennai,Ambattur,North Chennai
NPIIN0000005227,HCP_05227,General Medicine,Chennai,Anna Nagar,Central Chennai
NPIIN0000005228,HCP_05228,Pulmonology,Chennai,T Nagar,Central Chennai
NPIIN0000005229,HCP_05229,Orthopedics,Chennai,Egmore,Central Chennai
NPIIN0000005230,HCP_05230,Dermatology,Chennai,Nungambakkam,Central Chennai
NPIIN0000005231,HCP_05231,Endocrinology,Chennai,Sholinganallur,South Chennai
NPIIN0000005232,HCP_05232,Urology,Chennai,Adyar,South Chennai
NPIIN0000005233,HCP_05233,Dermatology,Chennai,Perambur,North Chennai
NPIIN0000005234,HCP_05234,Gastroenterology,Chennai,Tondiarpet,North Chennai
NPIIN0000005235,HCP_05235,General Medicine,Chennai,Tambaram,South Chennai
NPIIN0000005236,HCP_05236,Cardiology,Chennai,Sholinganallur,South Chennai
NPIIN0000005237,HCP_05237,Gastroenterology,Chennai,Kilpauk,Central Chennai
NPIIN0000005238,HCP_05238,General Medicine,Chennai,Kilpauk,Central Chennai
NPIIN0000005239,HCP_05239,Diabetology,Chennai,Perambur,North Chennai
NPIIN0000005240,HCP_05240,Cardiology,Chennai,Tondiarpet,North Chennai
NPIIN0000005241,HCP_05241,Endocrinology,Chennai,Kilpauk,Central Chennai
NPIIN0000005242,HCP_05242,Pulmonology,Chennai,Nungambakkam,Central Chennai
NPIIN0000005243,HCP_05243,Cardiology,Chennai,Egmore,Central Chennai
NPIIN0000005244,HCP_05244,Neurology,Chennai,Egmore,Central Chennai
NPIIN0000005245,HCP_05245,Dermatology,Chennai,Royapuram,North Chennai
NPIIN0000005246,HCP_05246,Diabetology,Chennai,Sholinganallur,South Chennai
NPIIN0000005247,HCP_05247,Cardiology,Chennai,Tondiarpet,North Chennai
NPIIN0000005248,HCP_05248,Cardiology,Chennai,Kilpauk,Central Chennai
NPIIN0000005249,HCP_05249,General Medicine,Chennai,T Nagar,Central Chennai
NPIIN0000005250,HCP_05250,Dermatology,Chennai,Velachery,South Chennai
NPIIN0000005251,HCP_05251,Neurology,Chennai,Tondiarpet,North Chennai
NPIIN0000005252,HCP_05252,Urology,Chennai,T Nagar,Central Chennai
NPIIN0000005253,HCP_05253,Orthopedics,Chennai,Kilpauk,Central Chennai
NPIIN0000005254,HCP_05254,Endocrinology,Chennai,Velachery,South Chennai
NPIIN0000005255,HCP_05255,Neurology,Chennai,Porur,South Chennai
NPIIN0000005256,HCP_05256,General Medicine,Chennai,Velachery,South Chennai
NPIIN0000005257,HCP_05257,General Medicine,Chennai,Tondiarpet,North Chennai
NPIIN0000005258,HCP_05258,Diabetology,Chennai,Perambur,North Chennai
NPIIN0000005259,HCP_05259,General Medicine,Chennai,Madhavaram,North Chennai
NPIIN0000005260,HCP_05260,Neurology,Chennai,Egmore,Central Chennai
NPIIN0000005261,HCP_05261,Pulmonology,Chennai,Tambaram,South Chennai
NPIIN0000005262,HCP_05262,Diabetology,Chennai,Ambattur,North Chennai
NPIIN0000005263,HCP_05263,Cardiology,Chennai,Mylapore,Central Chennai
NPIIN0000005264,HCP_05264,Pulmonology,Chennai,Velachery,South Chennai
NPIIN0000005265,HCP_05265,Gastroenterology,Chennai,Tondiarpet,North Chennai
NPIIN0000005266,HCP_05266,Pulmonology,Chennai,Egmore,Central Chennai
NPIIN0000005267,HCP_05267,Cardiology,Chennai,Egmore,Central Chennai
NPIIN0000005268,HCP_05268,Diabetology,Chennai,Sholinganallur,South Chennai
NPIIN0000005269,HCP_05269,Gastroenterology,Chennai,Tambaram,South Chennai
NPIIN0000005270,HCP_05270,Gastroenterology,Chennai,Ambattur,North Chennai
NPIIN0000005271,HCP_05271,Cardiology,Chennai,Porur,South Chennai
NPIIN0000005272,HCP_05272,General Medicine,Chennai,Velachery,South Chennai
NPIIN0000005273,HCP_05273,General Medicine,Chennai,Adyar,South Chennai
NPIIN0000005274,HCP_05274,Neurology,Chennai,Tambaram,South Chennai
NPIIN0000005275,HCP_05275,Cardiology,Chennai,Tondiarpet,North Chennai
NPIIN0000005276,HCP_05276,Pulmonology,Chennai,Sholinganallur,South Chennai
NPIIN0000005277,HCP_05277,Orthopedics,Chennai,Royapuram,North Chennai
NPIIN0000005278,HCP_05278,General Medicine,Chennai,Guindy,South Chennai
NPIIN0000005279,HCP_05279,General Medicine,Chennai,T Nagar,Central Chennai
NPIIN0000005280,HCP_05280,Cardiology,Chennai,Porur,South Chennai
NPIIN0000005281,HCP_05281,Cardiology,Chennai,Porur,South Chennai
NPIIN0000005282,HCP_05282,Orthopedics,Chennai,Kilpauk,Central Chennai
NPIIN0000005283,HCP_05283,Orthopedics,Chennai,Guindy,South Chennai
NPIIN0000005284,HCP_05284,Cardiology,Chennai,Madhavaram,North Chennai
NPIIN0000005285,HCP_05285,Urology,Chennai,T Nagar,Central Chennai
NPIIN0000005286,HCP_05286,Endocrinology,Chennai,T Nagar,Central Chennai
NPIIN0000005287,HCP_05287,Pulmonology,Chennai,Sholinganallur,South Chennai
NPIIN0000005288,HCP_05288,Neurology,Chennai,Washermenpet,North Chennai
NPIIN0000005289,HCP_05289,General Medicine,Chennai,Kilpauk,Central Chennai
NPIIN0000005290,HCP_05290,General Medicine,Chennai,Royapuram,North Chennai
NPIIN0000005291,HCP_05291,Pulmonology,Chennai,T Nagar,Central Chennai
NPIIN0000005292,HCP_05292,Endocrinology,Chennai,Madhavaram,North Chennai
NPIIN0000005293,HCP_05293,Orthopedics,Chennai,Velachery,South Chennai
NPIIN0000005294,HCP_05294,Endocrinology,Chennai,Adyar,South Chennai
NPIIN0000005295,HCP_05295,Cardiology,Chennai,Velachery,South Chennai
NPIIN0000005296,HCP_05296,Orthopedics,Chennai,Madhavaram,North Chennai
NPIIN0000005297,HCP_05297,General Medicine,Chennai,Adyar,South Chennai
NPIIN0000005298,HCP_05298,General Medicine,Chennai,Kilpauk,Central Chennai
NPIIN0000005299,HCP_05299,Diabetology,Chennai,Nungambakkam,Central Chennai
NPIIN0000005300,HCP_05300,Cardiology,Chennai,Mylapore,Central Chennai
NPIIN0000005301,HCP_05301,Diabetology,Chennai,Ambattur,North Chennai
NPIIN0000005302,HCP_05302,General Medicine,Chennai,Washermenpet,North Chennai
NPIIN0000005303,HCP_05303,General Medicine,Chennai,Porur,South Chennai
NPIIN0000005304,HCP_05304,General Medicine,Chennai,Mylapore,Central Chennai
NPIIN0000005305,HCP_05305,Urology,Chennai,Anna Nagar,Central Chennai
NPIIN0000005306,HCP_05306,Urology,Chennai,Sholinganallur,South Chennai
NPIIN0000005307,HCP_05307,Diabetology,Chennai,Porur,South Chennai
NPIIN0000005308,HCP_05308,Orthopedics,Chennai,Mylapore,Central Chennai
NPIIN0000005309,HCP_05309,Urology,Chennai,Anna Nagar,Central Chennai
NPIIN0000005310,HCP_05310,Urology,Chennai,Kilpauk,Central Chennai
NPIIN0000005311,HCP_05311,Neurology,Chennai,Tondiarpet,North Chennai
NPIIN0000005312,HCP_05312,Endocrinology,Chennai,Anna Nagar,Central Chennai
NPIIN0000005313,HCP_05313,Endocrinology,Chennai,Kilpauk,Central Chennai
NPIIN0000005314,HCP_05314,Urology,Chennai,Sholinganallur,South Chennai
NPIIN0000005315,HCP_05315,General Medicine,Chennai,T Nagar,Central Chennai
NPIIN0000005316,HCP_05316,Urology,Chennai,Royapuram,North Chennai
NPIIN0000005317,HCP_05317,Gastroenterology,Chennai,Egmore,Central Chennai
NPIIN0000005318,HCP_05318,Endocrinology,Chennai,Sholinganallur,South Chennai
NPIIN0000005319,HCP_05319,General Medicine,Chennai,Washermenpet,North Chennai
NPIIN0000005320,HCP_05320,Orthopedics,Chennai,Egmore,Central Chennai
NPIIN0000005321,HCP_05321,Cardiology,Chennai,T Nagar,Central Chennai
NPIIN0000005322,HCP_05322,Gastroenterology,Chennai,Porur,South Chennai
NPIIN0000005323,HCP_05323,Orthopedics,Chennai,Sholinganallur,South Chennai
NPIIN0000005324,HCP_05324,Cardiology,Chennai,Mylapore,Central Chennai
NPIIN0000005325,HCP_05325,Diabetology,Chennai,Kilpauk,Central Chennai
NPIIN0000005326,HCP_05326,Pulmonology,Chennai,Mylapore,Central Chennai
NPIIN0000005327,HCP_05327,Dermatology,Chennai,Tondiarpet,North Chennai
NPIIN0000005328,HCP_05328,General Medicine,Chennai,Guindy,South Chennai
NPIIN0000005329,HCP_05329,Cardiology,Chennai,Royapuram,North Chennai
NPIIN0000005330,HCP_05330,Cardiology,Chennai,Nungambakkam,Central Chennai
NPIIN0000005331,HCP_05331,General Medicine,Chennai,Tambaram,South Chennai
NPIIN0000005332,HCP_05332,Diabetology,Chennai,Porur,South Chennai
NPIIN0000005333,HCP_05333,Endocrinology,Chennai,Nungambakkam,Central Chennai
NPIIN0000005334,HCP_05334,Dermatology,Chennai,T Nagar,Central Chennai
NPIIN0000005335,HCP_05335,Cardiology,Chennai,Perambur,North Chennai
NPIIN0000005336,HCP_05336,Dermatology,Chennai,Tambaram,South Chennai
NPIIN0000005337,HCP_05337,Urology,Chennai,Adyar,South Chennai
NPIIN0000005338,HCP_05338,Neurology,Chennai,Adyar,South Chennai
NPIIN0000005339,HCP_05339,Pulmonology,Chennai,Velachery,South Chennai
NPIIN0000005340,HCP_05340,Endocrinology,Chennai,Nungambakkam,Central Chennai
NPIIN0000005341,HCP_05341,Pulmonology,Chennai,T Nagar,Central Chennai
NPIIN0000005342,HCP_05342,General Medicine,Chennai,Anna Nagar,Central Chennai
NPIIN0000005343,HCP_05343,Endocrinology,Chennai,Tambaram,South Chennai
NPIIN0000005344,HCP_05344,Pulmonology,Chennai,Tondiarpet,North Chennai
NPIIN0000005345,HCP_05345,Cardiology,Chennai,Anna Nagar,Central Chennai
NPIIN0000005346,HCP_05346,Diabetology,Chennai,Egmore,Central Chennai
NPIIN0000005347,HCP_05347,Neurology,Chennai,Sholinganallur,South Chennai
NPIIN0000005348,HCP_05348,General Medicine,Chennai,Guindy,South Chennai
NPIIN0000005349,HCP_05349,Endocrinology,Chennai,Adyar,South Chennai
NPIIN0000005350,HCP_05350,Cardiology,Chennai,Kilpauk,Central Chennai
NPIIN0000005351,HCP_05351,Diabetology,Chennai,Tambaram,South Chennai
NPIIN0000005352,HCP_05352,Pulmonology,Chennai,Velachery,South Chennai
NPIIN0000005353,HCP_05353,Pulmonology,Chennai,Adyar,South Chennai
NPIIN0000005354,HCP_05354,Cardiology,Chennai,Adyar,South Chennai
NPIIN0000005355,HCP_05355,Pulmonology,Chennai,Velachery,South Chennai
NPIIN0000005356,HCP_05356,Orthopedics,Chennai,Tambaram,South Chennai
NPIIN0000005357,HCP_05357,Pulmonology,Chennai,Royapuram,North Chennai
NPIIN0000005358,HCP_05358,General Medicine,Chennai,Perambur,North Chennai
NPIIN0000005359,HCP_05359,Pulmonology,Chennai,Washermenpet,North Chennai
NPIIN0000005360,HCP_05360,Urology,Chennai,Sholinganallur,South Chennai
NPIIN0000005361,HCP_05361,Orthopedics,Chennai,Adyar,South Chennai
NPIIN0000005362,HCP_05362,Cardiology,Chennai,Egmore,Central Chennai
NPIIN0000005363,HCP_05363,Endocrinology,Chennai,T Nagar,Central Chennai
NPIIN0000005364,HCP_05364,Cardiology,Chennai,Velachery,South Chennai
NPIIN0000005365,HCP_05365,Gastroenterology,Chennai,Adyar,South Chennai
NPIIN0000005366,HCP_05366,Cardiology,Chennai,Tambaram,South Chennai
NPIIN0000005367,HCP_05367,Urology,Chennai,Washermenpet,North Chennai
NPIIN0000005368,HCP_05368,Cardiology,Chennai,Porur,South Chennai
NPIIN0000005369,HCP_05369,Pulmonology,Chennai,Guindy,South Chennai
NPIIN0000005370,HCP_05370,Diabetology,Chennai,Mylapore,Central Chennai
NPIIN0000005371,HCP_05371,General Medicine,Chennai,Kilpauk,Central Chennai
NPIIN0000005372,HCP_05372,General Medicine,Chennai,Porur,South Chennai
NPIIN0000005373,HCP_05373,Gastroenterology,Chennai,Kilpauk,Central Chennai
NPIIN0000005374,HCP_05374,General Medicine,Chennai,Tondiarpet,North Chennai
NPIIN0000005375,HCP_05375,General Medicine,Chennai,Tambaram,South Chennai
NPIIN0000005376,HCP_05376,Gastroenterology,Chennai,Sholinganallur,South Chennai
NPIIN0000005377,HCP_05377,Urology,Chennai,Anna Nagar,Central Chennai
NPIIN0000005378,HCP_05378,Dermatology,Chennai,Velachery,South Chennai
NPIIN0000005379,HCP_05379,Gastroenterology,Chennai,Kilpauk,Central Chennai
NPIIN0000005380,HCP_05380,General Medicine,Chennai,Tambaram,South Chennai
NPIIN0000005381,HCP_05381,Urology,Chennai,Nungambakkam,Central Chennai
NPIIN0000005382,HCP_05382,General Medicine,Chennai,Porur,South Chennai
NPIIN0000005383,HCP_05383,Orthopedics,Chennai,Sholinganallur,South Chennai
NPIIN0000005384,HCP_05384,Dermatology,Chennai,Mylapore,Central Chennai
NPIIN0000005385,HCP_05385,Endocrinology,Chennai,T Nagar,Central Chennai
NPIIN0000005386,HCP_05386,Cardiology,Chennai,Guindy,South Chennai
NPIIN0000005387,HCP_05387,Gastroenterology,Chennai,T Nagar,Central Chennai
NPIIN0000005388,HCP_05388,Neurology,Chennai,Kilpauk,Central Chennai
NPIIN0000005389,HCP_05389,Pulmonology,Chennai,Royapuram,North Chennai
NPIIN0000005390,HCP_05390,Orthopedics,Chennai,Tambaram,South Chennai
NPIIN0000005391,HCP_05391,Pulmonology,Chennai,Ambattur,North Chennai
NPIIN0000005392,HCP_05392,General Medicine,Chennai,Royapuram,North Chennai
NPIIN0000005393,HCP_05393,Pulmonology,Chennai,Adyar,South Chennai
NPIIN0000005394,HCP_05394,Cardiology,Chennai,Perambur,North Chennai
NPIIN0000005395,HCP_05395,Pulmonology,Chennai,Ambattur,North Chennai
NPIIN0000005396,HCP_05396,Urology,Chennai,Tondiarpet,North Chennai
NPIIN0000005397,HCP_05397,Cardiology,Chennai,Kilpauk,Central Chennai
NPIIN0000005398,HCP_05398,Dermatology,Chennai,Mylapore,Central Chennai
NPIIN0000005399,HCP_05399,Dermatology,Chennai,Sholinganallur,South Chennai
NPIIN0000005400,HCP_05400,Cardiology,Chennai,Kilpauk,Central Chennai
NPIIN0000005401,HCP_05401,Dermatology,Chennai,Velachery,South Chennai
NPIIN0000005402,HCP_05402,Gastroenterology,Chennai,T Nagar,Central Chennai
NPIIN0000005403,HCP_05403,General Medicine,Chennai,Madhavaram,North Chennai
NPIIN0000005404,HCP_05404,Diabetology,Chennai,Mylapore,Central Chennai
NPIIN0000005405,HCP_05405,Diabetology,Chennai,Ambattur,North Chennai
NPIIN0000005406,HCP_05406,Pulmonology,Chennai,Tambaram,South Chennai
NPIIN0000005407,HCP_05407,Diabetology,Chennai,Ambattur,North Chennai
NPIIN0000005408,HCP_05408,Diabetology,Chennai,Nungambakkam,Central Chennai
NPIIN0000005409,HCP_05409,Orthopedics,Chennai,Egmore,Central Chennai
NPIIN0000005410,HCP_05410,Gastroenterology,Chennai,Tambaram,South Chennai
NPIIN0000005411,HCP_05411,Gastroenterology,Chennai,Anna Nagar,Central Chennai
NPIIN0000005412,HCP_05412,Orthopedics,Chennai,Sholinganallur,South Chennai
NPIIN0000005413,HCP_05413,Cardiology,Chennai,Kilpauk,Central Chennai
NPIIN0000005414,HCP_05414,Diabetology,Chennai,Nungambakkam,Central Chennai
NPIIN0000005415,HCP_05415,Neurology,Chennai,Guindy,South Chennai
NPIIN0000005416,HCP_05416,General Medicine,Chennai,Tondiarpet,North Chennai
NPIIN0000005417,HCP_05417,Cardiology,Chennai,Nungambakkam,Central Chennai
NPIIN0000005418,HCP_05418,Gastroenterology,Chennai,Sholinganallur,South Chennai
NPIIN0000005419,HCP_05419,Cardiology,Chennai,Anna Nagar,Central Chennai
NPIIN0000005420,HCP_05420,Pulmonology,Chennai,Madhavaram,North Chennai
NPIIN0000005421,HCP_05421,Pulmonology,Chennai,Washermenpet,North Chennai
NPIIN0000005422,HCP_05422,Neurology,Chennai,Ambattur,North Chennai
NPIIN0000005423,HCP_05423,Diabetology,Chennai,Adyar,South Chennai
NPIIN0000005424,HCP_05424,Cardiology,Chennai,Kilpauk,Central Chennai
NPIIN0000005425,HCP_05425,Urology,Chennai,Guindy,South Chennai
NPIIN0000005426,HCP_05426,Urology,Chennai,Guindy,South Chennai
NPIIN0000005427,HCP_05427,General Medicine,Chennai,Adyar,South Chennai
NPIIN0000005428,HCP_05428,Cardiology,Chennai,Tambaram,South Chennai
NPIIN0000005429,HCP_05429,Pulmonology,Chennai,Velachery,South Chennai
NPIIN0000005430,HCP_05430,Diabetology,Chennai,Tondiarpet,North Chennai
NPIIN0000005431,HCP_05431,Endocrinology,Chennai,Washermenpet,North Chennai
NPIIN0000005432,HCP_05432,Endocrinology,Chennai,Ambattur,North Chennai
NPIIN0000005433,HCP_05433,Endocrinology,Chennai,Adyar,South Chennai
NPIIN0000005434,HCP_05434,General Medicine,Chennai,Madhavaram,North Chennai
NPIIN0000005435,HCP_05435,Diabetology,Chennai,Adyar,South Chennai
NPIIN0000005436,HCP_05436,Dermatology,Chennai,T Nagar,Central Chennai
NPIIN0000005437,HCP_05437,General Medicine,Chennai,Velachery,South Chennai
NPIIN0000005438,HCP_05438,General Medicine,Chennai,Egmore,Central Chennai
NPIIN0000005439,HCP_05439,Endocrinology,Chennai,Tambaram,South Chennai
NPIIN0000005440,HCP_05440,Urology,Chennai,Kilpauk,Central Chennai
NPIIN0000005441,HCP_05441,Cardiology,Chennai,Mylapore,Central Chennai
NPIIN0000005442,HCP_05442,Endocrinology,Chennai,Sholinganallur,South Chennai
NPIIN0000005443,HCP_05443,Pulmonology,Chennai,Adyar,South Chennai
NPIIN0000005444,HCP_05444,Neurology,Chennai,Adyar,South Chennai
NPIIN0000005445,HCP_05445,Dermatology,Chennai,Porur,South Chennai
NPIIN0000005446,HCP_05446,General Medicine,Chennai,Nungambakkam,Central Chennai
NPIIN0000005447,HCP_05447,General Medicine,Chennai,Velachery,South Chennai
NPIIN0000005448,HCP_05448,Diabetology,Chennai,Ambattur,North Chennai
NPIIN0000005449,HCP_05449,Pulmonology,Chennai,Ambattur,North Chennai
NPIIN0000005450,HCP_05450,General Medicine,Chennai,Washermenpet,North Chennai
NPIIN0000005451,HCP_05451,Diabetology,Chennai,Anna Nagar,Central Chennai
NPIIN0000005452,HCP_05452,Cardiology,Chennai,Washermenpet,North Chennai
NPIIN0000005453,HCP_05453,Orthopedics,Chennai,Velachery,South Chennai
NPIIN0000005454,HCP_05454,Cardiology,Chennai,Anna Nagar,Central Chennai
NPIIN0000005455,HCP_05455,Diabetology,Chennai,Guindy,South Chennai
NPIIN0000005456,HCP_05456,Urology,Chennai,Washermenpet,North Chennai
NPIIN0000005457,HCP_05457,Gastroenterology,Chennai,T Nagar,Central Chennai
NPIIN0000005458,HCP_05458,Pulmonology,Chennai,Sholinganallur,South Chennai
NPIIN0000005459,HCP_05459,Neurology,Chennai,Anna Nagar,Central Chennai
NPIIN0000005460,HCP_05460,Cardiology,Chennai,Mylapore,Central Chennai
NPIIN0000005461,HCP_05461,Dermatology,Chennai,Tambaram,South Chennai
NPIIN0000005462,HCP_05462,Diabetology,Chennai,Nungambakkam,Central Chennai
NPIIN0000005463,HCP_05463,Orthopedics,Chennai,T Nagar,Central Chennai
NPIIN0000005464,HCP_05464,Endocrinology,Chennai,Tambaram,South Chennai
NPIIN0000005465,HCP_05465,Pulmonology,Chennai,T Nagar,Central Chennai
NPIIN0000005466,HCP_05466,Pulmonology,Chennai,Velachery,South Chennai
NPIIN0000005467,HCP_05467,Endocrinology,Chennai,Guindy,South Chennai
NPIIN0000005468,HCP_05468,General Medicine,Chennai,Kilpauk,Central Chennai
NPIIN0000005469,HCP_05469,Gastroenterology,Chennai,Royapuram,North Chennai
NPIIN0000005470,HCP_05470,Endocrinology,Chennai,Kilpauk,Central Chennai
NPIIN0000005471,HCP_05471,Orthopedics,Chennai,Velachery,South Chennai
NPIIN0000005472,HCP_05472,Diabetology,Chennai,Kilpauk,Central Chennai
NPIIN0000005473,HCP_05473,Pulmonology,Chennai,Tambaram,South Chennai
NPIIN0000005474,HCP_05474,Pulmonology,Chennai,Kilpauk,Central Chennai
NPIIN0000005475,HCP_05475,General Medicine,Chennai,Tambaram,South Chennai
NPIIN0000005476,HCP_05476,Neurology,Chennai,Kilpauk,Central Chennai
NPIIN0000005477,HCP_05477,Gastroenterology,Chennai,Anna Nagar,Central Chennai
NPIIN0000005478,HCP_05478,Pulmonology,Chennai,Royapuram,North Chennai
NPIIN0000005479,HCP_05479,Pulmonology,Chennai,Tondiarpet,North Chennai
NPIIN0000005480,HCP_05480,Pulmonology,Chennai,Adyar,South Chennai
NPIIN0000005481,HCP_05481,General Medicine,Chennai,Mylapore,Central Chennai
NPIIN0000005482,HCP_05482,Cardiology,Chennai,Nungambakkam,Central Chennai
NPIIN0000005483,HCP_05483,Endocrinology,Chennai,Washermenpet,North Chennai
NPIIN0000005484,HCP_05484,Pulmonology,Chennai,Madhavaram,North Chennai
NPIIN0000005485,HCP_05485,Urology,Chennai,Tambaram,South Chennai
NPIIN0000005486,HCP_05486,Cardiology,Chennai,Adyar,South Chennai
NPIIN0000005487,HCP_05487,Pulmonology,Chennai,Porur,South Chennai
NPIIN0000005488,HCP_05488,Diabetology,Chennai,Anna Nagar,Central Chennai
NPIIN0000005489,HCP_05489,Pulmonology,Chennai,Royapuram,North Chennai
NPIIN0000005490,HCP_05490,Gastroenterology,Chennai,Guindy,South Chennai
NPIIN0000005491,HCP_05491,Gastroenterology,Chennai,Mylapore,Central Chennai
NPIIN0000005492,HCP_05492,Gastroenterology,Chennai,Velachery,South Chennai
NPIIN0000005493,HCP_05493,Gastroenterology,Chennai,Mylapore,Central Chennai
NPIIN0000005494,HCP_05494,Cardiology,Chennai,Nungambakkam,Central Chennai
NPIIN0000005495,HCP_05495,General Medicine,Chennai,Adyar,South Chennai
NPIIN0000005496,HCP_05496,Diabetology,Chennai,Kilpauk,Central Chennai
NPIIN0000005497,HCP_05497,Urology,Chennai,Adyar,South Chennai
NPIIN0000005498,HCP_05498,Gastroenterology,Chennai,T Nagar,Central Chennai
NPIIN0000005499,HCP_05499,Cardiology,Chennai,T Nagar,Central Chennai
NPIIN0000005500,HCP_05500,Diabetology,Chennai,T Nagar,Central Chennai
NPIIN0000005501,HCP_05501,General Medicine,Chennai,Anna Nagar,Central Chennai
NPIIN0000005502,HCP_05502,Orthopedics,Chennai,Madhavaram,North Chennai
NPIIN0000005503,HCP_05503,Cardiology,Chennai,Egmore,Central Chennai
NPIIN0000005504,HCP_05504,Pulmonology,Chennai,Tambaram,South Chennai
NPIIN0000005505,HCP_05505,General Medicine,Chennai,Tambaram,South Chennai
NPIIN0000005506,HCP_05506,Neurology,Chennai,Tondiarpet,North Chennai
NPIIN0000005507,HCP_05507,Neurology,Chennai,Mylapore,Central Chennai
NPIIN0000005508,HCP_05508,Diabetology,Chennai,Washermenpet,North Chennai
NPIIN0000005509,HCP_05509,Gastroenterology,Chennai,Sholinganallur,South Chennai
NPIIN0000005510,HCP_05510,Cardiology,Chennai,Perambur,North Chennai
NPIIN0000005511,HCP_05511,Dermatology,Chennai,Kilpauk,Central Chennai
NPIIN0000005512,HCP_05512,Endocrinology,Chennai,Madhavaram,North Chennai
NPIIN0000005513,HCP_05513,Pulmonology,Chennai,Perambur,North Chennai
NPIIN0000005514,HCP_05514,General Medicine,Chennai,Mylapore,Central Chennai
NPIIN0000005515,HCP_05515,Pulmonology,Chennai,Mylapore,Central Chennai
NPIIN0000005516,HCP_05516,Diabetology,Chennai,Sholinganallur,South Chennai
NPIIN0000005517,HCP_05517,Pulmonology,Chennai,Nungambakkam,Central Chennai
NPIIN0000005518,HCP_05518,Cardiology,Chennai,Kilpauk,Central Chennai
NPIIN0000005519,HCP_05519,General Medicine,Chennai,Anna Nagar,Central Chennai
NPIIN0000005520,HCP_05520,Dermatology,Chennai,Perambur,North Chennai
NPIIN0000005521,HCP_05521,General Medicine,Chennai,Madhavaram,North Chennai
NPIIN0000005522,HCP_05522,General Medicine,Chennai,Anna Nagar,Central Chennai
NPIIN0000005523,HCP_05523,Pulmonology,Chennai,Royapuram,North Chennai
NPIIN0000005524,HCP_05524,General Medicine,Chennai,Sholinganallur,South Chennai
NPIIN0000005525,HCP_05525,Urology,Chennai,Anna Nagar,Central Chennai
NPIIN0000005526,HCP_05526,General Medicine,Chennai,Sholinganallur,South Chennai
NPIIN0000005527,HCP_05527,Orthopedics,Chennai,T Nagar,Central Chennai
NPIIN0000005528,HCP_05528,Urology,Chennai,Anna Nagar,Central Chennai
NPIIN0000005529,HCP_05529,General Medicine,Chennai,Guindy,South Chennai
NPIIN0000005530,HCP_05530,General Medicine,Chennai,Velachery,South Chennai
NPIIN0000005531,HCP_05531,Neurology,Chennai,Anna Nagar,Central Chennai
NPIIN0000005532,HCP_05532,Gastroenterology,Chennai,Tambaram,South Chennai
NPIIN0000005533,HCP_05533,Endocrinology,Chennai,Washermenpet,North Chennai
NPIIN0000005534,HCP_05534,Diabetology,Chennai,Anna Nagar,Central Chennai
NPIIN0000005535,HCP_05535,Endocrinology,Chennai,Tambaram,South Chennai
NPIIN0000005536,HCP_05536,Gastroenterology,Chennai,Guindy,South Chennai
NPIIN0000005537,HCP_05537,Gastroenterology,Chennai,Nungambakkam,Central Chennai
NPIIN0000005538,HCP_05538,Endocrinology,Chennai,Ambattur,North Chennai
NPIIN0000005539,HCP_05539,Pulmonology,Chennai,Tondiarpet,North Chennai
NPIIN0000005540,HCP_05540,Gastroenterology,Chennai,Egmore,Central Chennai
NPIIN0000005541,HCP_05541,Orthopedics,Chennai,Porur,South Chennai
NPIIN0000005542,HCP_05542,Endocrinology,Chennai,Tondiarpet,North Chennai
NPIIN0000005543,HCP_05543,Diabetology,Chennai,Royapuram,North Chennai
NPIIN0000005544,HCP_05544,General Medicine,Chennai,Ambattur,North Chennai
NPIIN0000005545,HCP_05545,Pulmonology,Chennai,Madhavaram,North Chennai
NPIIN0000005546,HCP_05546,Cardiology,Chennai,Mylapore,Central Chennai
NPIIN0000005547,HCP_05547,Endocrinology,Chennai,Velachery,South Chennai
NPIIN0000005548,HCP_05548,Gastroenterology,Chennai,Velachery,South Chennai
NPIIN0000005549,HCP_05549,Pulmonology,Chennai,Adyar,South Chennai
NPIIN0000005550,HCP_05550,Endocrinology,Chennai,Washermenpet,North Chennai
NPIIN0000005551,HCP_05551,General Medicine,Chennai,Nungambakkam,Central Chennai
NPIIN0000005552,HCP_05552,Cardiology,Chennai,Mylapore,Central Chennai
NPIIN0000005553,HCP_05553,General Medicine,Chennai,Madhavaram,North Chennai
NPIIN0000005554,HCP_05554,General Medicine,Chennai,Anna Nagar,Central Chennai
NPIIN0000005555,HCP_05555,Cardiology,Chennai,Velachery,South Chennai
NPIIN0000005556,HCP_05556,Cardiology,Chennai,Velachery,South Chennai
NPIIN0000005557,HCP_05557,Urology,Chennai,Kilpauk,Central Chennai
NPIIN0000005558,HCP_05558,Urology,Chennai,Mylapore,Central Chennai
NPIIN0000005559,HCP_05559,Cardiology,Chennai,Porur,South Chennai
NPIIN0000005560,HCP_05560,Neurology,Chennai,T Nagar,Central Chennai
NPIIN0000005561,HCP_05561,Cardiology,Chennai,Tambaram,South Chennai
NPIIN0000005562,HCP_05562,Dermatology,Chennai,Washermenpet,North Chennai
NPIIN0000005563,HCP_05563,Urology,Chennai,Kilpauk,Central Chennai
NPIIN0000005564,HCP_05564,Pulmonology,Chennai,Nungambakkam,Central Chennai
NPIIN0000005565,HCP_05565,Pulmonology,Chennai,Tambaram,South Chennai
NPIIN0000005566,HCP_05566,General Medicine,Chennai,Nungambakkam,Central Chennai
NPIIN0000005567,HCP_05567,Diabetology,Chennai,Sholinganallur,South Chennai
NPIIN0000005568,HCP_05568,General Medicine,Chennai,Kilpauk,Central Chennai
NPIIN0000005569,HCP_05569,Cardiology,Chennai,Nungambakkam,Central Chennai
NPIIN0000005570,HCP_05570,Neurology,Chennai,Porur,South Chennai
NPIIN0000005571,HCP_05571,General Medicine,Chennai,Anna Nagar,Central Chennai
NPIIN0000005572,HCP_05572,Endocrinology,Chennai,Kilpauk,Central Chennai
NPIIN0000005573,HCP_05573,Pulmonology,Chennai,Madhavaram,North Chennai
NPIIN0000005574,HCP_05574,Dermatology,Chennai,Adyar,South Chennai
NPIIN0000005575,HCP_05575,Pulmonology,Chennai,Mylapore,Central Chennai
NPIIN0000005576,HCP_05576,General Medicine,Chennai,Nungambakkam,Central Chennai
NPIIN0000005577,HCP_05577,Dermatology,Chennai,Guindy,South Chennai
NPIIN0000005578,HCP_05578,Cardiology,Chennai,Adyar,South Chennai
NPIIN0000005579,HCP_05579,Pulmonology,Chennai,Velachery,South Chennai
NPIIN0000005580,HCP_05580,General Medicine,Chennai,Porur,South Chennai
NPIIN0000005581,HCP_05581,Endocrinology,Chennai,Porur,South Chennai
NPIIN0000005582,HCP_05582,Orthopedics,Chennai,Tondiarpet,North Chennai
NPIIN0000005583,HCP_05583,General Medicine,Chennai,T Nagar,Central Chennai
NPIIN0000005584,HCP_05584,General Medicine,Chennai,Tambaram,South Chennai
NPIIN0000005585,HCP_05585,Endocrinology,Chennai,Velachery,South Chennai
NPIIN0000005586,HCP_05586,Orthopedics,Chennai,Guindy,South Chennai
NPIIN0000005587,HCP_05587,Dermatology,Chennai,Royapuram,North Chennai
NPIIN0000005588,HCP_05588,Cardiology,Chennai,Nungambakkam,Central Chennai
NPIIN0000005589,HCP_05589,Pulmonology,Chennai,Ambattur,North Chennai
NPIIN0000005590,HCP_05590,Endocrinology,Chennai,Ambattur,North Chennai
NPIIN0000005591,HCP_05591,Gastroenterology,Chennai,Tondiarpet,North Chennai
NPIIN0000005592,HCP_05592,General Medicine,Chennai,Sholinganallur,South Chennai
NPIIN0000005593,HCP_05593,Cardiology,Chennai,Tondiarpet,North Chennai
NPIIN0000005594,HCP_05594,Pulmonology,Chennai,Mylapore,Central Chennai
NPIIN0000005595,HCP_05595,Urology,Chennai,Royapuram,North Chennai
NPIIN0000005596,HCP_05596,General Medicine,Chennai,Adyar,South Chennai
NPIIN0000005597,HCP_05597,Cardiology,Chennai,Porur,South Chennai
NPIIN0000005598,HCP_05598,Orthopedics,Chennai,Perambur,North Chennai
NPIIN0000005599,HCP_05599,Endocrinology,Chennai,Perambur,North Chennai
NPIIN0000005600,HCP_05600,General Medicine,Chennai,Royapuram,North Chennai
NPIIN0000005601,HCP_05601,Pulmonology,Chennai,Perambur,North Chennai
NPIIN0000005602,HCP_05602,Endocrinology,Chennai,Egmore,Central Chennai
NPIIN0000005603,HCP_05603,Endocrinology,Chennai,Guindy,South Chennai
NPIIN0000005604,HCP_05604,Cardiology,Chennai,Velachery,South Chennai
NPIIN0000005605,HCP_05605,Cardiology,Chennai,Royapuram,North Chennai
NPIIN0000005606,HCP_05606,General Medicine,Chennai,Perambur,North Chennai
NPIIN0000005607,HCP_05607,Dermatology,Chennai,Kilpauk,Central Chennai
NPIIN0000005608,HCP_05608,Cardiology,Chennai,Madhavaram,North Chennai
NPIIN0000005609,HCP_05609,Neurology,Chennai,Washermenpet,North Chennai
NPIIN0000005610,HCP_05610,General Medicine,Chennai,Velachery,South Chennai
NPIIN0000005611,HCP_05611,Cardiology,Chennai,T Nagar,Central Chennai
NPIIN0000005612,HCP_05612,Pulmonology,Chennai,Adyar,South Chennai
NPIIN0000005613,HCP_05613,Diabetology,Chennai,T Nagar,Central Chennai
NPIIN0000005614,HCP_05614,Pulmonology,Chennai,Porur,South Chennai
NPIIN0000005615,HCP_05615,General Medicine,Chennai,Guindy,South Chennai
NPIIN0000005616,HCP_05616,Neurology,Chennai,Nungambakkam,Central Chennai
NPIIN0000005617,HCP_05617,Urology,Chennai,Madhavaram,North Chennai
NPIIN0000005618,HCP_05618,Diabetology,Chennai,Porur,South Chennai
NPIIN0000005619,HCP_05619,Orthopedics,Chennai,Madhavaram,North Chennai
NPIIN0000005620,HCP_05620,Endocrinology,Chennai,Anna Nagar,Central Chennai
NPIIN0000005621,HCP_05621,Cardiology,Chennai,Royapuram,North Chennai
NPIIN0000005622,HCP_05622,Endocrinology,Chennai,Kilpauk,Central Chennai
NPIIN0000005623,HCP_05623,Dermatology,Chennai,Adyar,South Chennai
NPIIN0000005624,HCP_05624,Neurology,Chennai,Tondiarpet,North Chennai
NPIIN0000005625,HCP_05625,Orthopedics,Chennai,Anna Nagar,Central Chennai
NPIIN0000005626,HCP_05626,Neurology,Chennai,Perambur,North Chennai
NPIIN0000005627,HCP_05627,General Medicine,Chennai,Adyar,South Chennai
NPIIN0000005628,HCP_05628,Urology,Chennai,Adyar,South Chennai
NPIIN0000005629,HCP_05629,Orthopedics,Chennai,Mylapore,Central Chennai
NPIIN0000005630,HCP_05630,Dermatology,Chennai,Egmore,Central Chennai
NPIIN0000005631,HCP_05631,Pulmonology,Chennai,Ambattur,North Chennai
NPIIN0000005632,HCP_05632,Dermatology,Chennai,Mylapore,Central Chennai
NPIIN0000005633,HCP_05633,Endocrinology,Chennai,Washermenpet,North Chennai
NPIIN0000005634,HCP_05634,Urology,Chennai,Nungambakkam,Central Chennai
NPIIN0000005635,HCP_05635,Orthopedics,Chennai,Egmore,Central Chennai
NPIIN0000005636,HCP_05636,Neurology,Chennai,Adyar,South Chennai
NPIIN0000005637,HCP_05637,Endocrinology,Chennai,Egmore,Central Chennai
NPIIN0000005638,HCP_05638,Endocrinology,Chennai,Velachery,South Chennai
NPIIN0000005639,HCP_05639,Orthopedics,Chennai,Mylapore,Central Chennai
NPIIN0000005640,HCP_05640,Urology,Chennai,Washermenpet,North Chennai
NPIIN0000005641,HCP_05641,Gastroenterology,Chennai,Royapuram,North Chennai
NPIIN0000005642,HCP_05642,Orthopedics,Chennai,Velachery,South Chennai
NPIIN0000005643,HCP_05643,General Medicine,Chennai,Porur,South Chennai
NPIIN0000005644,HCP_05644,Urology,Chennai,Tondiarpet,North Chennai
NPIIN0000005645,HCP_05645,Endocrinology,Chennai,Tambaram,South Chennai
NPIIN0000005646,HCP_05646,Endocrinology,Chennai,Nungambakkam,Central Chennai
NPIIN0000005647,HCP_05647,General Medicine,Chennai,Perambur,North Chennai
NPIIN0000005648,HCP_05648,General Medicine,Chennai,Kilpauk,Central Chennai
NPIIN0000005649,HCP_05649,General Medicine,Chennai,Royapuram,North Chennai
NPIIN0000005650,HCP_05650,Dermatology,Chennai,Anna Nagar,Central Chennai
NPIIN0000005651,HCP_05651,Cardiology,Chennai,Sholinganallur,South Chennai
NPIIN0000005652,HCP_05652,Gastroenterology,Chennai,Ambattur,North Chennai
NPIIN0000005653,HCP_05653,Cardiology,Chennai,Royapuram,North Chennai
NPIIN0000005654,HCP_05654,Dermatology,Chennai,Madhavaram,North Chennai
NPIIN0000005655,HCP_05655,Endocrinology,Chennai,Egmore,Central Chennai
NPIIN0000005656,HCP_05656,Gastroenterology,Chennai,Egmore,Central Chennai
NPIIN0000005657,HCP_05657,Pulmonology,Chennai,Porur,South Chennai
NPIIN0000005658,HCP_05658,General Medicine,Chennai,Adyar,South Chennai
NPIIN0000005659,HCP_05659,Diabetology,Chennai,Kilpauk,Central Chennai
NPIIN0000005660,HCP_05660,Cardiology,Chennai,Tambaram,South Chennai
NPIIN0000005661,HCP_05661,General Medicine,Chennai,Tondiarpet,North Chennai
NPIIN0000005662,HCP_05662,Endocrinology,Chennai,Anna Nagar,Central Chennai
NPIIN0000005663,HCP_05663,Cardiology,Chennai,Perambur,North Chennai
NPIIN0000005664,HCP_05664,Gastroenterology,Chennai,Kilpauk,Central Chennai
NPIIN0000005665,HCP_05665,Endocrinology,Chennai,Nungambakkam,Central Chennai
NPIIN0000005666,HCP_05666,Endocrinology,Chennai,Adyar,South Chennai
NPIIN0000005667,HCP_05667,General Medicine,Chennai,Egmore,Central Chennai
NPIIN0000005668,HCP_05668,General Medicine,Chennai,Adyar,South Chennai
NPIIN0000005669,HCP_05669,General Medicine,Chennai,Velachery,South Chennai
NPIIN0000005670,HCP_05670,Neurology,Chennai,Velachery,South Chennai
NPIIN0000005671,HCP_05671,Pulmonology,Chennai,Madhavaram,North Chennai
NPIIN0000005672,HCP_05672,General Medicine,Chennai,Adyar,South Chennai
NPIIN0000005673,HCP_05673,General Medicine,Chennai,Washermenpet,North Chennai
NPIIN0000005674,HCP_05674,Diabetology,Chennai,Washermenpet,North Chennai
NPIIN0000005675,HCP_05675,Neurology,Chennai,Washermenpet,North Chennai
NPIIN0000005676,HCP_05676,Diabetology,Chennai,Sholinganallur,South Chennai
NPIIN0000005677,HCP_05677,Dermatology,Chennai,Mylapore,Central Chennai
NPIIN0000005678,HCP_05678,Pulmonology,Chennai,Washermenpet,North Chennai
NPIIN0000005679,HCP_05679,Neurology,Chennai,Porur,South Chennai
NPIIN0000005680,HCP_05680,General Medicine,Chennai,Washermenpet,North Chennai
NPIIN0000005681,HCP_05681,Urology,Chennai,Sholinganallur,South Chennai
NPIIN0000005682,HCP_05682,General Medicine,Chennai,Ambattur,North Chennai
NPIIN0000005683,HCP_05683,General Medicine,Chennai,T Nagar,Central Chennai
NPIIN0000005684,HCP_05684,Urology,Chennai,Washermenpet,North Chennai
NPIIN0000005685,HCP_05685,Pulmonology,Chennai,Perambur,North Chennai
NPIIN0000005686,HCP_05686,General Medicine,Chennai,Kilpauk,Central Chennai
NPIIN0000005687,HCP_05687,Diabetology,Chennai,Egmore,Central Chennai
NPIIN0000005688,HCP_05688,Diabetology,Chennai,Kilpauk,Central Chennai
NPIIN0000005689,HCP_05689,Dermatology,Chennai,Tambaram,South Chennai
NPIIN0000005690,HCP_05690,Diabetology,Chennai,Porur,South Chennai
NPIIN0000005691,HCP_05691,Cardiology,Chennai,Madhavaram,North Chennai
NPIIN0000005692,HCP_05692,Cardiology,Chennai,Nungambakkam,Central Chennai
NPIIN0000005693,HCP_05693,Orthopedics,Chennai,Royapuram,North Chennai
NPIIN0000005694,HCP_05694,Pulmonology,Chennai,Velachery,South Chennai
NPIIN0000005695,HCP_05695,General Medicine,Chennai,Adyar,South Chennai
NPIIN0000005696,HCP_05696,Urology,Chennai,Egmore,Central Chennai
NPIIN0000005697,HCP_05697,General Medicine,Chennai,Nungambakkam,Central Chennai
NPIIN0000005698,HCP_05698,Dermatology,Chennai,Velachery,South Chennai
NPIIN0000005699,HCP_05699,Gastroenterology,Chennai,Tambaram,South Chennai
NPIIN0000005700,HCP_05700,General Medicine,Chennai,Nungambakkam,Central Chennai
NPIIN0000005701,HCP_05701,Gastroenterology,Chennai,Tambaram,South Chennai
NPIIN0000005702,HCP_05702,Orthopedics,Chennai,Nungambakkam,Central Chennai
NPIIN0000005703,HCP_05703,Endocrinology,Chennai,Kilpauk,Central Chennai
NPIIN0000005704,HCP_05704,Cardiology,Chennai,Adyar,South Chennai
NPIIN0000005705,HCP_05705,Dermatology,Chennai,Madhavaram,North Chennai
NPIIN0000005706,HCP_05706,General Medicine,Chennai,Ambattur,North Chennai
NPIIN0000005707,HCP_05707,Pulmonology,Chennai,Porur,South Chennai
NPIIN0000005708,HCP_05708,Endocrinology,Chennai,Sholinganallur,South Chennai
NPIIN0000005709,HCP_05709,Dermatology,Chennai,Nungambakkam,Central Chennai
NPIIN0000005710,HCP_05710,Gastroenterology,Chennai,Perambur,North Chennai
NPIIN0000005711,HCP_05711,Orthopedics,Chennai,Porur,South Chennai
NPIIN0000005712,HCP_05712,General Medicine,Chennai,Ambattur,North Chennai
NPIIN0000005713,HCP_05713,Orthopedics,Chennai,Porur,South Chennai
NPIIN0000005714,HCP_05714,General Medicine,Chennai,Velachery,South Chennai
NPIIN0000005715,HCP_05715,Pulmonology,Chennai,Anna Nagar,Central Chennai
NPIIN0000005716,HCP_05716,Neurology,Chennai,Mylapore,Central Chennai
NPIIN0000005717,HCP_05717,General Medicine,Chennai,Porur,South Chennai
NPIIN0000005718,HCP_05718,Pulmonology,Chennai,Sholinganallur,South Chennai
NPIIN0000005719,HCP_05719,Endocrinology,Chennai,Anna Nagar,Central Chennai
NPIIN0000005720,HCP_05720,General Medicine,Chennai,Kilpauk,Central Chennai
NPIIN0000005721,HCP_05721,Neurology,Chennai,Tambaram,South Chennai
NPIIN0000005722,HCP_05722,Cardiology,Chennai,Egmore,Central Chennai
NPIIN0000005723,HCP_05723,Neurology,Chennai,Egmore,Central Chennai
NPIIN0000005724,HCP_05724,Diabetology,Chennai,Sholinganallur,South Chennai
NPIIN0000005725,HCP_05725,Diabetology,Chennai,Porur,South Chennai
NPIIN0000005726,HCP_05726,Neurology,Chennai,Guindy,South Chennai
NPIIN0000005727,HCP_05727,Endocrinology,Chennai,Tambaram,South Chennai
NPIIN0000005728,HCP_05728,Orthopedics,Chennai,Anna Nagar,Central Chennai
NPIIN0000005729,HCP_05729,Orthopedics,Chennai,Adyar,South Chennai
NPIIN0000005730,HCP_05730,General Medicine,Chennai,Anna Nagar,Central Chennai
NPIIN0000005731,HCP_05731,General Medicine,Chennai,Mylapore,Central Chennai
NPIIN0000005732,HCP_05732,Cardiology,Chennai,Tambaram,South Chennai
NPIIN0000005733,HCP_05733,Gastroenterology,Chennai,Sholinganallur,South Chennai
NPIIN0000005734,HCP_05734,Endocrinology,Chennai,Tambaram,South Chennai
NPIIN0000005735,HCP_05735,Orthopedics,Chennai,Anna Nagar,Central Chennai
NPIIN0000005736,HCP_05736,Orthopedics,Chennai,Guindy,South Chennai
NPIIN0000005737,HCP_05737,Cardiology,Chennai,Tondiarpet,North Chennai
NPIIN0000005738,HCP_05738,Neurology,Chennai,Porur,South Chennai
NPIIN0000005739,HCP_05739,General Medicine,Chennai,Velachery,South Chennai
NPIIN0000005740,HCP_05740,Pulmonology,Chennai,Madhavaram,North Chennai
NPIIN0000005741,HCP_05741,Endocrinology,Chennai,Porur,South Chennai
NPIIN0000005742,HCP_05742,Gastroenterology,Chennai,Adyar,South Chennai
NPIIN0000005743,HCP_05743,Endocrinology,Chennai,Tambaram,South Chennai
NPIIN0000005744,HCP_05744,Urology,Chennai,Guindy,South Chennai
NPIIN0000005745,HCP_05745,General Medicine,Chennai,Guindy,South Chennai
NPIIN0000005746,HCP_05746,Neurology,Chennai,Anna Nagar,Central Chennai
NPIIN0000005747,HCP_05747,Urology,Chennai,T Nagar,Central Chennai
NPIIN0000005748,HCP_05748,Gastroenterology,Chennai,Guindy,South Chennai
NPIIN0000005749,HCP_05749,Pulmonology,Chennai,Guindy,South Chennai
NPIIN0000005750,HCP_05750,General Medicine,Chennai,Guindy,South Chennai
NPIIN0000005751,HCP_05751,General Medicine,Chennai,T Nagar,Central Chennai
NPIIN0000005752,HCP_05752,General Medicine,Chennai,Madhavaram,North Chennai
NPIIN0000005753,HCP_05753,Orthopedics,Chennai,Guindy,South Chennai
NPIIN0000005754,HCP_05754,Diabetology,Chennai,Tambaram,South Chennai
NPIIN0000005755,HCP_05755,General Medicine,Chennai,Anna Nagar,Central Chennai
NPIIN0000005756,HCP_05756,Gastroenterology,Chennai,Ambattur,North Chennai
NPIIN0000005757,HCP_05757,General Medicine,Chennai,Kilpauk,Central Chennai
NPIIN0000005758,HCP_05758,Urology,Chennai,Washermenpet,North Chennai
NPIIN0000005759,HCP_05759,Diabetology,Chennai,Nungambakkam,Central Chennai
NPIIN0000005760,HCP_05760,Cardiology,Chennai,T Nagar,Central Chennai
NPIIN0000005761,HCP_05761,Pulmonology,Chennai,T Nagar,Central Chennai
NPIIN0000005762,HCP_05762,General Medicine,Chennai,Adyar,South Chennai
NPIIN0000005763,HCP_05763,Orthopedics,Chennai,Porur,South Chennai
NPIIN0000005764,HCP_05764,General Medicine,Chennai,Velachery,South Chennai
NPIIN0000005765,HCP_05765,Cardiology,Chennai,Ambattur,North Chennai
NPIIN0000005766,HCP_05766,Diabetology,Chennai,Madhavaram,North Chennai
NPIIN0000005767,HCP_05767,General Medicine,Chennai,Madhavaram,North Chennai
NPIIN0000005768,HCP_05768,Pulmonology,Chennai,Madhavaram,North Chennai
NPIIN0000005769,HCP_05769,Diabetology,Chennai,Madhavaram,North Chennai
NPIIN0000005770,HCP_05770,Pulmonology,Chennai,Velachery,South Chennai
NPIIN0000005771,HCP_05771,Urology,Chennai,Guindy,South Chennai
NPIIN0000005772,HCP_05772,General Medicine,Chennai,Sholinganallur,South Chennai
NPIIN0000005773,HCP_05773,Neurology,Chennai,Mylapore,Central Chennai
NPIIN0000005774,HCP_05774,Endocrinology,Chennai,Washermenpet,North Chennai
NPIIN0000005775,HCP_05775,Dermatology,Chennai,Anna Nagar,Central Chennai
NPIIN0000005776,HCP_05776,Diabetology,Chennai,Kilpauk,Central Chennai
NPIIN0000005777,HCP_05777,Pulmonology,Chennai,Adyar,South Chennai
NPIIN0000005778,HCP_05778,Diabetology,Chennai,Washermenpet,North Chennai
NPIIN0000005779,HCP_05779,Cardiology,Chennai,Velachery,South Chennai
NPIIN0000005780,HCP_05780,Diabetology,Chennai,Kilpauk,Central Chennai
NPIIN0000005781,HCP_05781,Endocrinology,Chennai,Velachery,South Chennai
NPIIN0000005782,HCP_05782,Urology,Chennai,Porur,South Chennai
NPIIN0000005783,HCP_05783,Diabetology,Chennai,Washermenpet,North Chennai
NPIIN0000005784,HCP_05784,Orthopedics,Chennai,Adyar,South Chennai
NPIIN0000005785,HCP_05785,General Medicine,Chennai,Kilpauk,Central Chennai
NPIIN0000005786,HCP_05786,Endocrinology,Chennai,Velachery,South Chennai
NPIIN0000005787,HCP_05787,General Medicine,Chennai,Porur,South Chennai
NPIIN0000005788,HCP_05788,Endocrinology,Chennai,Tambaram,South Chennai
NPIIN0000005789,HCP_05789,Dermatology,Chennai,Tambaram,South Chennai
NPIIN0000005790,HCP_05790,Cardiology,Chennai,Royapuram,North Chennai
NPIIN0000005791,HCP_05791,Urology,Chennai,Adyar,South Chennai
NPIIN0000005792,HCP_05792,Cardiology,Chennai,Guindy,South Chennai
NPIIN0000005793,HCP_05793,Diabetology,Chennai,Mylapore,Central Chennai
NPIIN0000005794,HCP_05794,Cardiology,Chennai,Kilpauk,Central Chennai
NPIIN0000005795,HCP_05795,Neurology,Chennai,Porur,South Chennai
NPIIN0000005796,HCP_05796,General Medicine,Chennai,Adyar,South Chennai
NPIIN0000005797,HCP_05797,Orthopedics,Chennai,Royapuram,North Chennai
NPIIN0000005798,HCP_05798,General Medicine,Chennai,Tambaram,South Chennai
NPIIN0000005799,HCP_05799,Cardiology,Chennai,Velachery,South Chennai
NPIIN0000005800,HCP_05800,Gastroenterology,Chennai,Royapuram,North Chennai
NPIIN0000005801,HCP_05801,Pulmonology,Chennai,Washermenpet,North Chennai
NPIIN0000005802,HCP_05802,Dermatology,Chennai,Washermenpet,North Chennai
NPIIN0000005803,HCP_05803,General Medicine,Chennai,Velachery,South Chennai
NPIIN0000005804,HCP_05804,Gastroenterology,Chennai,Washermenpet,North Chennai
NPIIN0000005805,HCP_05805,Endocrinology,Chennai,Royapuram,North Chennai
NPIIN0000005806,HCP_05806,Orthopedics,Chennai,Adyar,South Chennai
NPIIN0000005807,HCP_05807,Endocrinology,Chennai,Guindy,South Chennai
NPIIN0000005808,HCP_05808,Dermatology,Chennai,Velachery,South Chennai
NPIIN0000005809,HCP_05809,Endocrinology,Chennai,T Nagar,Central Chennai
NPIIN0000005810,HCP_05810,Gastroenterology,Chennai,Adyar,South Chennai
NPIIN0000005811,HCP_05811,Urology,Chennai,Ambattur,North Chennai
NPIIN0000005812,HCP_05812,Urology,Chennai,Kilpauk,Central Chennai
NPIIN0000005813,HCP_05813,General Medicine,Chennai,Tambaram,South Chennai
NPIIN0000005814,HCP_05814,General Medicine,Chennai,Tambaram,South Chennai
NPIIN0000005815,HCP_05815,Dermatology,Chennai,Perambur,North Chennai
NPIIN0000005816,HCP_05816,Pulmonology,Chennai,Adyar,South Chennai
NPIIN0000005817,HCP_05817,Pulmonology,Chennai,Egmore,Central Chennai
NPIIN0000005818,HCP_05818,Endocrinology,Chennai,Egmore,Central Chennai
NPIIN0000005819,HCP_05819,General Medicine,Chennai,Madhavaram,North Chennai
NPIIN0000005820,HCP_05820,General Medicine,Chennai,Royapuram,North Chennai
NPIIN0000005821,HCP_05821,Neurology,Chennai,Tambaram,South Chennai
NPIIN0000005822,HCP_05822,Endocrinology,Chennai,Guindy,South Chennai
NPIIN0000005823,HCP_05823,General Medicine,Chennai,Porur,South Chennai
NPIIN0000005824,HCP_05824,Dermatology,Chennai,Egmore,Central Chennai
NPIIN0000005825,HCP_05825,Pulmonology,Chennai,Madhavaram,North Chennai
NPIIN0000005826,HCP_05826,Urology,Chennai,Egmore,Central Chennai
NPIIN0000005827,HCP_05827,Endocrinology,Chennai,Velachery,South Chennai
NPIIN0000005828,HCP_05828,General Medicine,Chennai,Mylapore,Central Chennai
NPIIN0000005829,HCP_05829,General Medicine,Chennai,Tondiarpet,North Chennai
NPIIN0000005830,HCP_05830,General Medicine,Chennai,Sholinganallur,South Chennai
NPIIN0000005831,HCP_05831,Neurology,Chennai,Guindy,South Chennai
NPIIN0000005832,HCP_05832,Endocrinology,Chennai,Nungambakkam,Central Chennai
NPIIN0000005833,HCP_05833,General Medicine,Chennai,T Nagar,Central Chennai
NPIIN0000005834,HCP_05834,Cardiology,Chennai,Adyar,South Chennai
NPIIN0000005835,HCP_05835,Pulmonology,Chennai,Ambattur,North Chennai
NPIIN0000005836,HCP_05836,Dermatology,Chennai,Mylapore,Central Chennai
NPIIN0000005837,HCP_05837,Cardiology,Chennai,Tambaram,South Chennai
NPIIN0000005838,HCP_05838,General Medicine,Chennai,Madhavaram,North Chennai
NPIIN0000005839,HCP_05839,General Medicine,Chennai,Washermenpet,North Chennai
NPIIN0000005840,HCP_05840,Gastroenterology,Chennai,Egmore,Central Chennai
NPIIN0000005841,HCP_05841,Cardiology,Chennai,Washermenpet,North Chennai
NPIIN0000005842,HCP_05842,General Medicine,Chennai,Nungambakkam,Central Chennai
NPIIN0000005843,HCP_05843,Gastroenterology,Chennai,Anna Nagar,Central Chennai
NPIIN0000005844,HCP_05844,Pulmonology,Chennai,Tondiarpet,North Chennai
NPIIN0000005845,HCP_05845,Gastroenterology,Chennai,Ambattur,North Chennai
NPIIN0000005846,HCP_05846,General Medicine,Chennai,Velachery,South Chennai
NPIIN0000005847,HCP_05847,Urology,Chennai,Tambaram,South Chennai
NPIIN0000005848,HCP_05848,Cardiology,Chennai,Egmore,Central Chennai
NPIIN0000005849,HCP_05849,Cardiology,Chennai,Nungambakkam,Central Chennai
NPIIN0000005850,HCP_05850,General Medicine,Chennai,Adyar,South Chennai
NPIIN0000005851,HCP_05851,General Medicine,Chennai,Sholinganallur,South Chennai
NPIIN0000005852,HCP_05852,Neurology,Chennai,Guindy,South Chennai
NPIIN0000005853,HCP_05853,Endocrinology,Chennai,Nungambakkam,Central Chennai
NPIIN0000005854,HCP_05854,Endocrinology,Chennai,Anna Nagar,Central Chennai
NPIIN0000005855,HCP_05855,Gastroenterology,Chennai,Kilpauk,Central Chennai
NPIIN0000005856,HCP_05856,Diabetology,Chennai,Adyar,South Chennai
NPIIN0000005857,HCP_05857,Gastroenterology,Chennai,Washermenpet,North Chennai
NPIIN0000005858,HCP_05858,Neurology,Chennai,Royapuram,North Chennai
NPIIN0000005859,HCP_05859,Cardiology,Chennai,Ambattur,North Chennai
NPIIN0000005860,HCP_05860,Gastroenterology,Chennai,Egmore,Central Chennai
NPIIN0000005861,HCP_05861,Urology,Chennai,Ambattur,North Chennai
NPIIN0000005862,HCP_05862,Dermatology,Chennai,Nungambakkam,Central Chennai
NPIIN0000005863,HCP_05863,Cardiology,Chennai,Adyar,South Chennai
NPIIN0000005864,HCP_05864,Pulmonology,Chennai,Tambaram,South Chennai
NPIIN0000005865,HCP_05865,Urology,Chennai,Velachery,South Chennai
NPIIN0000005866,HCP_05866,Pulmonology,Chennai,Egmore,Central Chennai
NPIIN0000005867,HCP_05867,Diabetology,Chennai,Adyar,South Chennai
NPIIN0000005868,HCP_05868,Endocrinology,Chennai,Adyar,South Chennai
NPIIN0000005869,HCP_05869,Neurology,Chennai,Nungambakkam,Central Chennai
NPIIN0000005870,HCP_05870,Gastroenterology,Chennai,T Nagar,Central Chennai
NPIIN0000005871,HCP_05871,Urology,Chennai,Velachery,South Chennai
NPIIN0000005872,HCP_05872,Urology,Chennai,Kilpauk,Central Chennai
NPIIN0000005873,HCP_05873,General Medicine,Chennai,Anna Nagar,Central Chennai
NPIIN0000005874,HCP_05874,Pulmonology,Chennai,Anna Nagar,Central Chennai
NPIIN0000005875,HCP_05875,Cardiology,Chennai,T Nagar,Central Chennai
NPIIN0000005876,HCP_05876,Cardiology,Chennai,Madhavaram,North Chennai
NPIIN0000005877,HCP_05877,Cardiology,Chennai,Perambur,North Chennai
NPIIN0000005878,HCP_05878,Urology,Chennai,Anna Nagar,Central Chennai
NPIIN0000005879,HCP_05879,Endocrinology,Chennai,Tambaram,South Chennai
NPIIN0000005880,HCP_05880,General Medicine,Chennai,Kilpauk,Central Chennai
NPIIN0000005881,HCP_05881,General Medicine,Chennai,Nungambakkam,Central Chennai
NPIIN0000005882,HCP_05882,Diabetology,Chennai,T Nagar,Central Chennai
NPIIN0000005883,HCP_05883,Pulmonology,Chennai,Tambaram,South Chennai
NPIIN0000005884,HCP_05884,Cardiology,Chennai,Velachery,South Chennai
NPIIN0000005885,HCP_05885,General Medicine,Chennai,Washermenpet,North Chennai
NPIIN0000005886,HCP_05886,General Medicine,Chennai,Mylapore,Central Chennai
NPIIN0000005887,HCP_05887,Dermatology,Chennai,T Nagar,Central Chennai
NPIIN0000005888,HCP_05888,Neurology,Chennai,Nungambakkam,Central Chennai
NPIIN0000005889,HCP_05889,Dermatology,Chennai,Guindy,South Chennai
NPIIN0000005890,HCP_05890,General Medicine,Chennai,Kilpauk,Central Chennai
NPIIN0000005891,HCP_05891,Endocrinology,Chennai,Tambaram,South Chennai
NPIIN0000005892,HCP_05892,General Medicine,Chennai,Madhavaram,North Chennai
NPIIN0000005893,HCP_05893,Orthopedics,Chennai,Madhavaram,North Chennai
NPIIN0000005894,HCP_05894,Endocrinology,Chennai,Porur,South Chennai
NPIIN0000005895,HCP_05895,Endocrinology,Chennai,Nungambakkam,Central Chennai
NPIIN0000005896,HCP_05896,Orthopedics,Chennai,Guindy,South Chennai
NPIIN0000005897,HCP_05897,Orthopedics,Chennai,Nungambakkam,Central Chennai
NPIIN0000005898,HCP_05898,Endocrinology,Chennai,Velachery,South Chennai
NPIIN0000005899,HCP_05899,Gastroenterology,Chennai,Perambur,North Chennai
NPIIN0000005900,HCP_05900,General Medicine,Chennai,Nungambakkam,Central Chennai
NPIIN0000005901,HCP_05901,General Medicine,Chennai,Porur,South Chennai
NPIIN0000005902,HCP_05902,General Medicine,Chennai,Egmore,Central Chennai
NPIIN0000005903,HCP_05903,Orthopedics,Chennai,Kilpauk,Central Chennai
NPIIN0000005904,HCP_05904,Endocrinology,Chennai,Velachery,South Chennai
NPIIN0000005905,HCP_05905,Gastroenterology,Chennai,Perambur,North Chennai
NPIIN0000005906,HCP_05906,Cardiology,Chennai,Tambaram,South Chennai
NPIIN0000005907,HCP_05907,Pulmonology,Chennai,Porur,South Chennai
NPIIN0000005908,HCP_05908,Neurology,Chennai,Adyar,South Chennai
NPIIN0000005909,HCP_05909,Gastroenterology,Chennai,Kilpauk,Central Chennai
NPIIN0000005910,HCP_05910,Urology,Chennai,Nungambakkam,Central Chennai
NPIIN0000005911,HCP_05911,Gastroenterology,Chennai,Velachery,South Chennai
NPIIN0000005912,HCP_05912,Gastroenterology,Chennai,Anna Nagar,Central Chennai
NPIIN0000005913,HCP_05913,Diabetology,Chennai,Madhavaram,North Chennai
NPIIN0000005914,HCP_05914,Orthopedics,Chennai,Kilpauk,Central Chennai
NPIIN0000005915,HCP_05915,General Medicine,Chennai,Mylapore,Central Chennai
NPIIN0000005916,HCP_05916,General Medicine,Chennai,Tondiarpet,North Chennai
NPIIN0000005917,HCP_05917,General Medicine,Chennai,Porur,South Chennai
NPIIN0000005918,HCP_05918,General Medicine,Chennai,Sholinganallur,South Chennai
NPIIN0000005919,HCP_05919,Pulmonology,Chennai,Velachery,South Chennai
NPIIN0000005920,HCP_05920,General Medicine,Chennai,Kilpauk,Central Chennai
NPIIN0000005921,HCP_05921,Endocrinology,Chennai,Washermenpet,North Chennai
NPIIN0000005922,HCP_05922,Urology,Chennai,Anna Nagar,Central Chennai
NPIIN0000005923,HCP_05923,Urology,Chennai,Guindy,South Chennai
NPIIN0000005924,HCP_05924,General Medicine,Chennai,Nungambakkam,Central Chennai
NPIIN0000005925,HCP_05925,Orthopedics,Chennai,Ambattur,North Chennai
NPIIN0000005926,HCP_05926,General Medicine,Chennai,Nungambakkam,Central Chennai
NPIIN0000005927,HCP_05927,General Medicine,Chennai,Guindy,South Chennai
NPIIN0000005928,HCP_05928,Urology,Chennai,Guindy,South Chennai
NPIIN0000005929,HCP_05929,Neurology,Chennai,Guindy,South Chennai
NPIIN0000005930,HCP_05930,Gastroenterology,Chennai,Anna Nagar,Central Chennai
NPIIN0000005931,HCP_05931,General Medicine,Chennai,Adyar,South Chennai
NPIIN0000005932,HCP_05932,General Medicine,Chennai,Nungambakkam,Central Chennai
NPIIN0000005933,HCP_05933,Cardiology,Chennai,Mylapore,Central Chennai
NPIIN0000005934,HCP_05934,Orthopedics,Chennai,Nungambakkam,Central Chennai
NPIIN0000005935,HCP_05935,Endocrinology,Chennai,Nungambakkam,Central Chennai
NPIIN0000005936,HCP_05936,General Medicine,Chennai,Ambattur,North Chennai
NPIIN0000005937,HCP_05937,Cardiology,Chennai,Egmore,Central Chennai
NPIIN0000005938,HCP_05938,Neurology,Chennai,Perambur,North Chennai
NPIIN0000005939,HCP_05939,General Medicine,Chennai,Guindy,South Chennai
NPIIN0000005940,HCP_05940,Gastroenterology,Chennai,Porur,South Chennai
NPIIN0000005941,HCP_05941,General Medicine,Chennai,Tambaram,South Chennai
NPIIN0000005942,HCP_05942,Cardiology,Chennai,Madhavaram,North Chennai
NPIIN0000005943,HCP_05943,Cardiology,Chennai,Anna Nagar,Central Chennai
NPIIN0000005944,HCP_05944,Endocrinology,Chennai,Tambaram,South Chennai
NPIIN0000005945,HCP_05945,Gastroenterology,Chennai,Mylapore,Central Chennai
NPIIN0000005946,HCP_05946,Dermatology,Chennai,Egmore,Central Chennai
NPIIN0000005947,HCP_05947,General Medicine,Chennai,T Nagar,Central Chennai
NPIIN0000005948,HCP_05948,Pulmonology,Chennai,Tambaram,South Chennai
NPIIN0000005949,HCP_05949,Diabetology,Chennai,Perambur,North Chennai
NPIIN0000005950,HCP_05950,Urology,Chennai,Velachery,South Chennai
NPIIN0000005951,HCP_05951,Orthopedics,Chennai,Kilpauk,Central Chennai
NPIIN0000005952,HCP_05952,Gastroenterology,Chennai,Madhavaram,North Chennai
NPIIN0000005953,HCP_05953,Cardiology,Chennai,Tondiarpet,North Chennai
NPIIN0000005954,HCP_05954,General Medicine,Chennai,Kilpauk,Central Chennai
NPIIN0000005955,HCP_05955,Orthopedics,Chennai,Ambattur,North Chennai
NPIIN0000005956,HCP_05956,Endocrinology,Chennai,Guindy,South Chennai
NPIIN0000005957,HCP_05957,Neurology,Chennai,Ambattur,North Chennai
NPIIN0000005958,HCP_05958,Orthopedics,Chennai,Nungambakkam,Central Chennai
NPIIN0000005959,HCP_05959,Gastroenterology,Chennai,Porur,South Chennai
NPIIN0000005960,HCP_05960,Pulmonology,Chennai,Anna Nagar,Central Chennai
NPIIN0000005961,HCP_05961,General Medicine,Chennai,T Nagar,Central Chennai
NPIIN0000005962,HCP_05962,Urology,Chennai,T Nagar,Central Chennai
NPIIN0000005963,HCP_05963,General Medicine,Chennai,Perambur,North Chennai
NPIIN0000005964,HCP_05964,Urology,Chennai,Mylapore,Central Chennai
NPIIN0000005965,HCP_05965,General Medicine,Chennai,Guindy,South Chennai
NPIIN0000005966,HCP_05966,Gastroenterology,Chennai,T Nagar,Central Chennai
NPIIN0000005967,HCP_05967,Urology,Chennai,Sholinganallur,South Chennai
NPIIN0000005968,HCP_05968,Pulmonology,Chennai,Nungambakkam,Central Chennai
NPIIN0000005969,HCP_05969,Diabetology,Chennai,Velachery,South Chennai
NPIIN0000005970,HCP_05970,Cardiology,Chennai,Sholinganallur,South Chennai
NPIIN0000005971,HCP_05971,Dermatology,Chennai,Ambattur,North Chennai
NPIIN0000005972,HCP_05972,Pulmonology,Chennai,Mylapore,Central Chennai
NPIIN0000005973,HCP_05973,Diabetology,Chennai,Washermenpet,North Chennai
NPIIN0000005974,HCP_05974,Urology,Chennai,Adyar,South Chennai
NPIIN0000005975,HCP_05975,Urology,Chennai,Tambaram,South Chennai
NPIIN0000005976,HCP_05976,Urology,Chennai,Kilpauk,Central Chennai
NPIIN0000005977,HCP_05977,Pulmonology,Chennai,Porur,South Chennai
NPIIN0000005978,HCP_05978,Orthopedics,Chennai,Egmore,Central Chennai
NPIIN0000005979,HCP_05979,Urology,Chennai,T Nagar,Central Chennai
NPIIN0000005980,HCP_05980,Cardiology,Chennai,Guindy,South Chennai
NPIIN0000005981,HCP_05981,Orthopedics,Chennai,Madhavaram,North Chennai
NPIIN0000005982,HCP_05982,Pulmonology,Chennai,Washermenpet,North Chennai
NPIIN0000005983,HCP_05983,Urology,Chennai,Sholinganallur,South Chennai
NPIIN0000005984,HCP_05984,Gastroenterology,Chennai,Nungambakkam,Central Chennai
NPIIN0000005985,HCP_05985,Neurology,Chennai,Sholinganallur,South Chennai
NPIIN0000005986,HCP_05986,Diabetology,Chennai,Tondiarpet,North Chennai
NPIIN0000005987,HCP_05987,Cardiology,Chennai,Mylapore,Central Chennai
NPIIN0000005988,HCP_05988,Diabetology,Chennai,Madhavaram,North Chennai
NPIIN0000005989,HCP_05989,Neurology,Chennai,Adyar,South Chennai
NPIIN0000005990,HCP_05990,Urology,Chennai,Ambattur,North Chennai
NPIIN0000005991,HCP_05991,Cardiology,Chennai,Kilpauk,Central Chennai
NPIIN0000005992,HCP_05992,Endocrinology,Chennai,Sholinganallur,South Chennai
NPIIN0000005993,HCP_05993,Neurology,Chennai,Porur,South Chennai
NPIIN0000005994,HCP_05994,Diabetology,Chennai,Guindy,South Chennai
NPIIN0000005995,HCP_05995,Endocrinology,Chennai,Madhavaram,North Chennai
NPIIN0000005996,HCP_05996,Cardiology,Chennai,Madhavaram,North Chennai
NPIIN0000005997,HCP_05997,Neurology,Chennai,Royapuram,North Chennai
NPIIN0000005998,HCP_05998,Pulmonology,Chennai,Adyar,South Chennai
NPIIN0000005999,HCP_05999,Dermatology,Chennai,Velachery,South Chennai
NPIIN0000006000,HCP_06000,Diabetology,Chennai,Sholinganallur,South Chennai
NPIIN0000006001,HCP_06001,Cardiology,Chennai,Tondiarpet,North Chennai
NPIIN0000006002,HCP_06002,Dermatology,Chennai,Anna Nagar,Central Chennai
NPIIN0000006003,HCP_06003,Orthopedics,Chennai,Washermenpet,North Chennai
NPIIN0000006004,HCP_06004,General Medicine,Chennai,Nungambakkam,Central Chennai
NPIIN0000006005,HCP_06005,Urology,Chennai,Mylapore,Central Chennai
NPIIN0000006006,HCP_06006,Gastroenterology,Chennai,Washermenpet,North Chennai
NPIIN0000006007,HCP_06007,Urology,Chennai,Adyar,South Chennai
NPIIN0000006008,HCP_06008,General Medicine,Chennai,Velachery,South Chennai
NPIIN0000006009,HCP_06009,Cardiology,Chennai,Sholinganallur,South Chennai
NPIIN0000006010,HCP_06010,Cardiology,Chennai,Adyar,South Chennai
NPIIN0000006011,HCP_06011,Gastroenterology,Chennai,Tambaram,South Chennai
NPIIN0000006012,HCP_06012,Urology,Chennai,Adyar,South Chennai
NPIIN0000006013,HCP_06013,General Medicine,Chennai,Kilpauk,Central Chennai
NPIIN0000006014,HCP_06014,Cardiology,Chennai,Velachery,South Chennai
NPIIN0000006015,HCP_06015,Cardiology,Chennai,Kilpauk,Central Chennai
NPIIN0000006016,HCP_06016,Pulmonology,Chennai,Nungambakkam,Central Chennai
NPIIN0000006017,HCP_06017,Urology,Chennai,Kilpauk,Central Chennai
NPIIN0000006018,HCP_06018,General Medicine,Chennai,Tambaram,South Chennai
NPIIN0000006019,HCP_06019,Neurology,Chennai,Guindy,South Chennai
NPIIN0000006020,HCP_06020,Pulmonology,Chennai,Tambaram,South Chennai
NPIIN0000006021,HCP_06021,Urology,Chennai,Sholinganallur,South Chennai
NPIIN0000006022,HCP_06022,Dermatology,Chennai,Guindy,South Chennai
NPIIN0000006023,HCP_06023,Endocrinology,Chennai,Mylapore,Central Chennai
NPIIN0000006024,HCP_06024,Neurology,Chennai,Adyar,South Chennai
NPIIN0000006025,HCP_06025,Dermatology,Chennai,Guindy,South Chennai
NPIIN0000006026,HCP_06026,Orthopedics,Chennai,Porur,South Chennai
NPIIN0000006027,HCP_06027,Pulmonology,Chennai,Anna Nagar,Central Chennai
NPIIN0000006028,HCP_06028,Endocrinology,Chennai,Kilpauk,Central Chennai
NPIIN0000006029,HCP_06029,Pulmonology,Chennai,Velachery,South Chennai
NPIIN0000006030,HCP_06030,Neurology,Chennai,Kilpauk,Central Chennai
NPIIN0000006031,HCP_06031,Diabetology,Chennai,Royapuram,North Chennai
NPIIN0000006032,HCP_06032,Orthopedics,Chennai,Ambattur,North Chennai
NPIIN0000006033,HCP_06033,Endocrinology,Chennai,Egmore,Central Chennai
NPIIN0000006034,HCP_06034,Urology,Chennai,Egmore,Central Chennai
NPIIN0000006035,HCP_06035,General Medicine,Chennai,Porur,South Chennai
NPIIN0000006036,HCP_06036,Cardiology,Chennai,Tambaram,South Chennai
NPIIN0000006037,HCP_06037,Pulmonology,Chennai,Sholinganallur,South Chennai
NPIIN0000006038,HCP_06038,Pulmonology,Chennai,Egmore,Central Chennai
NPIIN0000006039,HCP_06039,Urology,Chennai,Nungambakkam,Central Chennai
NPIIN0000006040,HCP_06040,Pulmonology,Chennai,Tondiarpet,North Chennai
NPIIN0000006041,HCP_06041,Cardiology,Chennai,Tondiarpet,North Chennai
NPIIN0000006042,HCP_06042,Urology,Chennai,Nungambakkam,Central Chennai
NPIIN0000006043,HCP_06043,Pulmonology,Chennai,Guindy,South Chennai
NPIIN0000006044,HCP_06044,Diabetology,Chennai,Sholinganallur,South Chennai
NPIIN0000006045,HCP_06045,Urology,Chennai,Perambur,North Chennai
NPIIN0000006046,HCP_06046,Cardiology,Chennai,Royapuram,North Chennai
NPIIN0000006047,HCP_06047,Cardiology,Chennai,Washermenpet,North Chennai
NPIIN0000006048,HCP_06048,Pulmonology,Chennai,Kilpauk,Central Chennai
NPIIN0000006049,HCP_06049,Pulmonology,Chennai,T Nagar,Central Chennai
NPIIN0000006050,HCP_06050,General Medicine,Chennai,Royapuram,North Chennai
NPIIN0000006051,HCP_06051,Urology,Chennai,Washermenpet,North Chennai
NPIIN0000006052,HCP_06052,Diabetology,Chennai,Royapuram,North Chennai
NPIIN0000006053,HCP_06053,Orthopedics,Chennai,Porur,South Chennai
NPIIN0000006054,HCP_06054,Cardiology,Chennai,Kilpauk,Central Chennai
NPIIN0000006055,HCP_06055,Cardiology,Chennai,Anna Nagar,Central Chennai
NPIIN0000006056,HCP_06056,Endocrinology,Chennai,Mylapore,Central Chennai
NPIIN0000006057,HCP_06057,Cardiology,Chennai,Mylapore,Central Chennai
NPIIN0000006058,HCP_06058,General Medicine,Chennai,Tondiarpet,North Chennai
NPIIN0000006059,HCP_06059,Urology,Chennai,Porur,South Chennai
NPIIN0000006060,HCP_06060,Dermatology,Chennai,Guindy,South Chennai
NPIIN0000006061,HCP_06061,Gastroenterology,Chennai,Tambaram,South Chennai
NPIIN0000006062,HCP_06062,Cardiology,Chennai,Madhavaram,North Chennai
NPIIN0000006063,HCP_06063,Urology,Chennai,T Nagar,Central Chennai
NPIIN0000006064,HCP_06064,General Medicine,Chennai,Washermenpet,North Chennai
NPIIN0000006065,HCP_06065,Gastroenterology,Chennai,T Nagar,Central Chennai
NPIIN0000006066,HCP_06066,Gastroenterology,Chennai,Guindy,South Chennai
NPIIN0000006067,HCP_06067,Endocrinology,Chennai,Tondiarpet,North Chennai
NPIIN0000006068,HCP_06068,General Medicine,Chennai,Egmore,Central Chennai
NPIIN0000006069,HCP_06069,Urology,Chennai,Nungambakkam,Central Chennai
NPIIN0000006070,HCP_06070,Diabetology,Chennai,Nungambakkam,Central Chennai
NPIIN0000006071,HCP_06071,Gastroenterology,Chennai,Guindy,South Chennai
NPIIN0000006072,HCP_06072,Orthopedics,Chennai,T Nagar,Central Chennai
NPIIN0000006073,HCP_06073,General Medicine,Chennai,T Nagar,Central Chennai
NPIIN0000006074,HCP_06074,General Medicine,Chennai,Kilpauk,Central Chennai
NPIIN0000006075,HCP_06075,General Medicine,Chennai,Velachery,South Chennai
NPIIN0000006076,HCP_06076,Dermatology,Chennai,Washermenpet,North Chennai
NPIIN0000006077,HCP_06077,General Medicine,Chennai,Sholinganallur,South Chennai
NPIIN0000006078,HCP_06078,General Medicine,Chennai,Ambattur,North Chennai
NPIIN0000006079,HCP_06079,Endocrinology,Chennai,Egmore,Central Chennai
NPIIN0000006080,HCP_06080,Orthopedics,Chennai,Guindy,South Chennai
NPIIN0000006081,HCP_06081,Urology,Chennai,Mylapore,Central Chennai
NPIIN0000006082,HCP_06082,Pulmonology,Chennai,Egmore,Central Chennai
NPIIN0000006083,HCP_06083,Orthopedics,Chennai,Tondiarpet,North Chennai
NPIIN0000006084,HCP_06084,Neurology,Chennai,Mylapore,Central Chennai
NPIIN0000006085,HCP_06085,Orthopedics,Chennai,Nungambakkam,Central Chennai
NPIIN0000006086,HCP_06086,Endocrinology,Chennai,Porur,South Chennai
NPIIN0000006087,HCP_06087,Endocrinology,Chennai,Royapuram,North Chennai
NPIIN0000006088,HCP_06088,Urology,Chennai,Nungambakkam,Central Chennai
NPIIN0000006089,HCP_06089,General Medicine,Chennai,T Nagar,Central Chennai
NPIIN0000006090,HCP_06090,General Medicine,Chennai,Tambaram,South Chennai
NPIIN0000006091,HCP_06091,Gastroenterology,Chennai,Kilpauk,Central Chennai
NPIIN0000006092,HCP_06092,Neurology,Chennai,Nungambakkam,Central Chennai
NPIIN0000006093,HCP_06093,General Medicine,Chennai,Royapuram,North Chennai
NPIIN0000006094,HCP_06094,General Medicine,Chennai,Washermenpet,North Chennai
NPIIN0000006095,HCP_06095,General Medicine,Chennai,Velachery,South Chennai
NPIIN0000006096,HCP_06096,Cardiology,Chennai,Madhavaram,North Chennai
NPIIN0000006097,HCP_06097,Endocrinology,Chennai,T Nagar,Central Chennai
NPIIN0000006098,HCP_06098,Pulmonology,Chennai,Royapuram,North Chennai
NPIIN0000006099,HCP_06099,Gastroenterology,Chennai,Tambaram,South Chennai
NPIIN0000006100,HCP_06100,General Medicine,Chennai,Mylapore,Central Chennai
NPIIN0000006101,HCP_06101,General Medicine,Chennai,Perambur,North Chennai
NPIIN0000006102,HCP_06102,Neurology,Chennai,Anna Nagar,Central Chennai
NPIIN0000006103,HCP_06103,Endocrinology,Chennai,Guindy,South Chennai
NPIIN0000006104,HCP_06104,General Medicine,Chennai,Tambaram,South Chennai
NPIIN0000006105,HCP_06105,Endocrinology,Chennai,Ambattur,North Chennai
NPIIN0000006106,HCP_06106,Neurology,Chennai,Velachery,South Chennai
NPIIN0000006107,HCP_06107,Cardiology,Chennai,Porur,South Chennai
NPIIN0000006108,HCP_06108,General Medicine,Chennai,Kilpauk,Central Chennai
NPIIN0000006109,HCP_06109,Pulmonology,Chennai,Royapuram,North Chennai
NPIIN0000006110,HCP_06110,Dermatology,Chennai,Washermenpet,North Chennai
NPIIN0000006111,HCP_06111,Gastroenterology,Chennai,T Nagar,Central Chennai
NPIIN0000006112,HCP_06112,Orthopedics,Chennai,Perambur,North Chennai
NPIIN0000006113,HCP_06113,Neurology,Chennai,Anna Nagar,Central Chennai
NPIIN0000006114,HCP_06114,General Medicine,Chennai,Adyar,South Chennai
NPIIN0000006115,HCP_06115,Endocrinology,Chennai,Madhavaram,North Chennai
NPIIN0000006116,HCP_06116,Cardiology,Chennai,Adyar,South Chennai
NPIIN0000006117,HCP_06117,Diabetology,Chennai,Washermenpet,North Chennai
NPIIN0000006118,HCP_06118,Cardiology,Chennai,Kilpauk,Central Chennai
NPIIN0000006119,HCP_06119,General Medicine,Chennai,Porur,South Chennai
NPIIN0000006120,HCP_06120,Neurology,Chennai,Kilpauk,Central Chennai
NPIIN0000006121,HCP_06121,Neurology,Chennai,Nungambakkam,Central Chennai
NPIIN0000006122,HCP_06122,Diabetology,Chennai,Madhavaram,North Chennai
NPIIN0000006123,HCP_06123,General Medicine,Chennai,Porur,South Chennai
NPIIN0000006124,HCP_06124,Endocrinology,Chennai,Kilpauk,Central Chennai
NPIIN0000006125,HCP_06125,General Medicine,Chennai,Egmore,Central Chennai
NPIIN0000006126,HCP_06126,General Medicine,Chennai,Nungambakkam,Central Chennai
NPIIN0000006127,HCP_06127,Diabetology,Chennai,Mylapore,Central Chennai
NPIIN0000006128,HCP_06128,Diabetology,Chennai,Egmore,Central Chennai
NPIIN0000006129,HCP_06129,Orthopedics,Chennai,Madhavaram,North Chennai
NPIIN0000006130,HCP_06130,Pulmonology,Chennai,Egmore,Central Chennai
NPIIN0000006131,HCP_06131,Pulmonology,Chennai,Nungambakkam,Central Chennai
NPIIN0000006132,HCP_06132,Cardiology,Chennai,Porur,South Chennai
NPIIN0000006133,HCP_06133,Endocrinology,Chennai,Adyar,South Chennai
NPIIN0000006134,HCP_06134,General Medicine,Chennai,Kilpauk,Central Chennai
NPIIN0000006135,HCP_06135,Orthopedics,Chennai,Egmore,Central Chennai
NPIIN0000006136,HCP_06136,Endocrinology,Chennai,Kilpauk,Central Chennai
NPIIN0000006137,HCP_06137,Diabetology,Chennai,Velachery,South Chennai
NPIIN0000006138,HCP_06138,Orthopedics,Chennai,Nungambakkam,Central Chennai
NPIIN0000006139,HCP_06139,General Medicine,Chennai,Nungambakkam,Central Chennai
NPIIN0000006140,HCP_06140,Diabetology,Chennai,Perambur,North Chennai
NPIIN0000006141,HCP_06141,Neurology,Chennai,T Nagar,Central Chennai
NPIIN0000006142,HCP_06142,General Medicine,Chennai,Nungambakkam,Central Chennai
NPIIN0000006143,HCP_06143,Orthopedics,Chennai,Anna Nagar,Central Chennai
NPIIN0000006144,HCP_06144,Cardiology,Chennai,Sholinganallur,South Chennai
NPIIN0000006145,HCP_06145,Dermatology,Chennai,Royapuram,North Chennai
NPIIN0000006146,HCP_06146,Diabetology,Chennai,Tambaram,South Chennai
NPIIN0000006147,HCP_06147,Dermatology,Chennai,Sholinganallur,South Chennai
NPIIN0000006148,HCP_06148,Dermatology,Chennai,Kilpauk,Central Chennai
NPIIN0000006149,HCP_06149,Dermatology,Chennai,Guindy,South Chennai
NPIIN0000006150,HCP_06150,Urology,Chennai,Sholinganallur,South Chennai
NPIIN0000006151,HCP_06151,Gastroenterology,Chennai,Sholinganallur,South Chennai
NPIIN0000006152,HCP_06152,Endocrinology,Chennai,Velachery,South Chennai
NPIIN0000006153,HCP_06153,Cardiology,Chennai,Ambattur,North Chennai
NPIIN0000006154,HCP_06154,General Medicine,Chennai,Egmore,Central Chennai
NPIIN0000006155,HCP_06155,General Medicine,Chennai,Perambur,North Chennai
NPIIN0000006156,HCP_06156,Diabetology,Chennai,Anna Nagar,Central Chennai
NPIIN0000006157,HCP_06157,Gastroenterology,Chennai,Washermenpet,North Chennai
NPIIN0000006158,HCP_06158,Gastroenterology,Chennai,Kilpauk,Central Chennai
NPIIN0000006159,HCP_06159,Orthopedics,Chennai,Egmore,Central Chennai
NPIIN0000006160,HCP_06160,General Medicine,Chennai,Velachery,South Chennai
NPIIN0000006161,HCP_06161,Gastroenterology,Chennai,Velachery,South Chennai
NPIIN0000006162,HCP_06162,Gastroenterology,Chennai,Ambattur,North Chennai
NPIIN0000006163,HCP_06163,Orthopedics,Chennai,Kilpauk,Central Chennai
NPIIN0000006164,HCP_06164,Gastroenterology,Chennai,Washermenpet,North Chennai
NPIIN0000006165,HCP_06165,Diabetology,Chennai,Guindy,South Chennai
NPIIN0000006166,HCP_06166,Cardiology,Chennai,Porur,South Chennai
NPIIN0000006167,HCP_06167,Orthopedics,Chennai,Madhavaram,North Chennai
NPIIN0000006168,HCP_06168,Gastroenterology,Chennai,Perambur,North Chennai
NPIIN0000006169,HCP_06169,Dermatology,Chennai,Nungambakkam,Central Chennai
NPIIN0000006170,HCP_06170,Dermatology,Chennai,Velachery,South Chennai
NPIIN0000006171,HCP_06171,Gastroenterology,Chennai,Guindy,South Chennai
NPIIN0000006172,HCP_06172,Gastroenterology,Chennai,Tondiarpet,North Chennai
NPIIN0000006173,HCP_06173,Urology,Chennai,Madhavaram,North Chennai
NPIIN0000006174,HCP_06174,Urology,Chennai,Royapuram,North Chennai
NPIIN0000006175,HCP_06175,General Medicine,Chennai,Madhavaram,North Chennai
NPIIN0000006176,HCP_06176,Cardiology,Chennai,Adyar,South Chennai
NPIIN0000006177,HCP_06177,Cardiology,Chennai,Tambaram,South Chennai
NPIIN0000006178,HCP_06178,General Medicine,Chennai,Perambur,North Chennai
NPIIN0000006179,HCP_06179,Dermatology,Chennai,Washermenpet,North Chennai
NPIIN0000006180,HCP_06180,Dermatology,Chennai,Tondiarpet,North Chennai
NPIIN0000006181,HCP_06181,General Medicine,Chennai,Mylapore,Central Chennai
NPIIN0000006182,HCP_06182,Diabetology,Chennai,Madhavaram,North Chennai
NPIIN0000006183,HCP_06183,General Medicine,Chennai,Tambaram,South Chennai
NPIIN0000006184,HCP_06184,Dermatology,Chennai,Guindy,South Chennai
NPIIN0000006185,HCP_06185,Neurology,Chennai,Anna Nagar,Central Chennai
NPIIN0000006186,HCP_06186,Cardiology,Chennai,Sholinganallur,South Chennai
NPIIN0000006187,HCP_06187,General Medicine,Chennai,Guindy,South Chennai
NPIIN0000006188,HCP_06188,Pulmonology,Chennai,Mylapore,Central Chennai
NPIIN0000006189,HCP_06189,Pulmonology,Chennai,Guindy,South Chennai
NPIIN0000006190,HCP_06190,Dermatology,Chennai,Washermenpet,North Chennai
NPIIN0000006191,HCP_06191,Orthopedics,Chennai,Adyar,South Chennai
NPIIN0000006192,HCP_06192,Cardiology,Chennai,Egmore,Central Chennai
NPIIN0000006193,HCP_06193,Endocrinology,Chennai,Kilpauk,Central Chennai
NPIIN0000006194,HCP_06194,General Medicine,Chennai,Tondiarpet,North Chennai
NPIIN0000006195,HCP_06195,Diabetology,Chennai,Kilpauk,Central Chennai
NPIIN0000006196,HCP_06196,General Medicine,Chennai,Tondiarpet,North Chennai
NPIIN0000006197,HCP_06197,Cardiology,Chennai,Porur,South Chennai
NPIIN0000006198,HCP_06198,Cardiology,Chennai,Egmore,Central Chennai
NPIIN0000006199,HCP_06199,Dermatology,Chennai,Tondiarpet,North Chennai
NPIIN0000006200,HCP_06200,Cardiology,Chennai,Porur,South Chennai
NPIIN0000006201,HCP_06201,Dermatology,Chennai,Madhavaram,North Chennai
NPIIN0000006202,HCP_06202,Diabetology,Chennai,Perambur,North Chennai
NPIIN0000006203,HCP_06203,Diabetology,Chennai,Ambattur,North Chennai
NPIIN0000006204,HCP_06204,Cardiology,Chennai,T Nagar,Central Chennai
NPIIN0000006205,HCP_06205,Cardiology,Chennai,T Nagar,Central Chennai
NPIIN0000006206,HCP_06206,General Medicine,Chennai,Tambaram,South Chennai
NPIIN0000006207,HCP_06207,Dermatology,Chennai,Washermenpet,North Chennai
NPIIN0000006208,HCP_06208,Urology,Chennai,Egmore,Central Chennai
NPIIN0000006209,HCP_06209,Cardiology,Chennai,Anna Nagar,Central Chennai
NPIIN0000006210,HCP_06210,Cardiology,Chennai,Velachery,South Chennai
NPIIN0000006211,HCP_06211,Endocrinology,Chennai,Mylapore,Central Chennai
NPIIN0000006212,HCP_06212,Gastroenterology,Chennai,Porur,South Chennai
NPIIN0000006213,HCP_06213,Endocrinology,Chennai,Perambur,North Chennai
NPIIN0000006214,HCP_06214,Endocrinology,Chennai,Tondiarpet,North Chennai
NPIIN0000006215,HCP_06215,Urology,Chennai,Nungambakkam,Central Chennai
NPIIN0000006216,HCP_06216,Urology,Chennai,T Nagar,Central Chennai
NPIIN0000006217,HCP_06217,Neurology,Chennai,Tondiarpet,North Chennai
NPIIN0000006218,HCP_06218,Endocrinology,Chennai,Sholinganallur,South Chennai
NPIIN0000006219,HCP_06219,General Medicine,Chennai,Egmore,Central Chennai
NPIIN0000006220,HCP_06220,Endocrinology,Chennai,Washermenpet,North Chennai
NPIIN0000006221,HCP_06221,Neurology,Chennai,Perambur,North Chennai
NPIIN0000006222,HCP_06222,Gastroenterology,Chennai,Egmore,Central Chennai
NPIIN0000006223,HCP_06223,Endocrinology,Chennai,Tondiarpet,North Chennai
NPIIN0000006224,HCP_06224,Urology,Chennai,Kilpauk,Central Chennai
NPIIN0000006225,HCP_06225,General Medicine,Chennai,Perambur,North Chennai
NPIIN0000006226,HCP_06226,Dermatology,Chennai,Mylapore,Central Chennai
NPIIN0000006227,HCP_06227,Cardiology,Chennai,Ambattur,North Chennai
NPIIN0000006228,HCP_06228,General Medicine,Chennai,Kilpauk,Central Chennai
NPIIN0000006229,HCP_06229,Cardiology,Chennai,Madhavaram,North Chennai
NPIIN0000006230,HCP_06230,Gastroenterology,Chennai,Madhavaram,North Chennai
NPIIN0000006231,HCP_06231,Cardiology,Chennai,Porur,South Chennai
NPIIN0000006232,HCP_06232,General Medicine,Chennai,Ambattur,North Chennai
NPIIN0000006233,HCP_06233,Gastroenterology,Chennai,Velachery,South Chennai
NPIIN0000006234,HCP_06234,Gastroenterology,Chennai,Mylapore,Central Chennai
NPIIN0000006235,HCP_06235,Neurology,Chennai,Perambur,North Chennai
NPIIN0000006236,HCP_06236,Neurology,Chennai,Kilpauk,Central Chennai
NPIIN0000006237,HCP_06237,Neurology,Chennai,Madhavaram,North Chennai
NPIIN0000006238,HCP_06238,Neurology,Chennai,Tambaram,South Chennai
NPIIN0000006239,HCP_06239,General Medicine,Chennai,Sholinganallur,South Chennai
NPIIN0000006240,HCP_06240,Cardiology,Chennai,Madhavaram,North Chennai
NPIIN0000006241,HCP_06241,General Medicine,Chennai,Velachery,South Chennai
NPIIN0000006242,HCP_06242,Cardiology,Chennai,Mylapore,Central Chennai
NPIIN0000006243,HCP_06243,General Medicine,Chennai,T Nagar,Central Chennai
NPIIN0000006244,HCP_06244,General Medicine,Chennai,Tambaram,South Chennai
NPIIN0000006245,HCP_06245,Endocrinology,Chennai,Egmore,Central Chennai
NPIIN0000006246,HCP_06246,Gastroenterology,Chennai,Kilpauk,Central Chennai
NPIIN0000006247,HCP_06247,Neurology,Chennai,Porur,South Chennai
NPIIN0000006248,HCP_06248,Pulmonology,Chennai,Velachery,South Chennai
NPIIN0000006249,HCP_06249,Urology,Chennai,Washermenpet,North Chennai
NPIIN0000006250,HCP_06250,Diabetology,Chennai,Ambattur,North Chennai
NPIIN0000006251,HCP_06251,Diabetology,Chennai,Adyar,South Chennai
NPIIN0000006252,HCP_06252,Endocrinology,Chennai,Nungambakkam,Central Chennai
NPIIN0000006253,HCP_06253,Pulmonology,Chennai,Ambattur,North Chennai
NPIIN0000006254,HCP_06254,Endocrinology,Chennai,Madhavaram,North Chennai
NPIIN0000006255,HCP_06255,Urology,Chennai,Sholinganallur,South Chennai
NPIIN0000006256,HCP_06256,Diabetology,Chennai,Velachery,South Chennai
NPIIN0000006257,HCP_06257,General Medicine,Chennai,Adyar,South Chennai
NPIIN0000006258,HCP_06258,General Medicine,Chennai,Egmore,Central Chennai
NPIIN0000006259,HCP_06259,Diabetology,Chennai,Ambattur,North Chennai
NPIIN0000006260,HCP_06260,Gastroenterology,Chennai,Mylapore,Central Chennai
NPIIN0000006261,HCP_06261,Neurology,Chennai,Sholinganallur,South Chennai
NPIIN0000006262,HCP_06262,Gastroenterology,Chennai,Egmore,Central Chennai
NPIIN0000006263,HCP_06263,Pulmonology,Chennai,Anna Nagar,Central Chennai
NPIIN0000006264,HCP_06264,General Medicine,Chennai,Adyar,South Chennai
NPIIN0000006265,HCP_06265,General Medicine,Chennai,Madhavaram,North Chennai
NPIIN0000006266,HCP_06266,Gastroenterology,Chennai,Tambaram,South Chennai
NPIIN0000006267,HCP_06267,General Medicine,Chennai,Nungambakkam,Central Chennai
NPIIN0000006268,HCP_06268,General Medicine,Chennai,Guindy,South Chennai
NPIIN0000006269,HCP_06269,Endocrinology,Chennai,Anna Nagar,Central Chennai
NPIIN0000006270,HCP_06270,Neurology,Chennai,Anna Nagar,Central Chennai
NPIIN0000006271,HCP_06271,Cardiology,Chennai,Tondiarpet,North Chennai
NPIIN0000006272,HCP_06272,Orthopedics,Chennai,Egmore,Central Chennai
NPIIN0000006273,HCP_06273,Endocrinology,Chennai,Perambur,North Chennai
NPIIN0000006274,HCP_06274,General Medicine,Chennai,T Nagar,Central Chennai
NPIIN0000006275,HCP_06275,Endocrinology,Chennai,T Nagar,Central Chennai
NPIIN0000006276,HCP_06276,Diabetology,Chennai,Adyar,South Chennai
NPIIN0000006277,HCP_06277,Diabetology,Chennai,Nungambakkam,Central Chennai
NPIIN0000006278,HCP_06278,Gastroenterology,Chennai,Adyar,South Chennai
NPIIN0000006279,HCP_06279,Endocrinology,Chennai,Velachery,South Chennai
NPIIN0000006280,HCP_06280,Diabetology,Chennai,Anna Nagar,Central Chennai
NPIIN0000006281,HCP_06281,Cardiology,Chennai,Sholinganallur,South Chennai
NPIIN0000006282,HCP_06282,General Medicine,Chennai,Kilpauk,Central Chennai
NPIIN0000006283,HCP_06283,Orthopedics,Chennai,Ambattur,North Chennai
NPIIN0000006284,HCP_06284,General Medicine,Chennai,T Nagar,Central Chennai
NPIIN0000006285,HCP_06285,Gastroenterology,Chennai,Tambaram,South Chennai
NPIIN0000006286,HCP_06286,General Medicine,Chennai,Madhavaram,North Chennai
NPIIN0000006287,HCP_06287,General Medicine,Chennai,Royapuram,North Chennai
NPIIN0000006288,HCP_06288,Dermatology,Chennai,Porur,South Chennai
NPIIN0000006289,HCP_06289,Cardiology,Chennai,T Nagar,Central Chennai
NPIIN0000006290,HCP_06290,Urology,Chennai,Sholinganallur,South Chennai
NPIIN0000006291,HCP_06291,General Medicine,Chennai,Velachery,South Chennai
NPIIN0000006292,HCP_06292,General Medicine,Chennai,Porur,South Chennai
NPIIN0000006293,HCP_06293,Urology,Chennai,Porur,South Chennai
NPIIN0000006294,HCP_06294,General Medicine,Chennai,Sholinganallur,South Chennai
NPIIN0000006295,HCP_06295,Orthopedics,Chennai,Nungambakkam,Central Chennai
NPIIN0000006296,HCP_06296,Orthopedics,Chennai,Guindy,South Chennai
NPIIN0000006297,HCP_06297,Diabetology,Chennai,Guindy,South Chennai
NPIIN0000006298,HCP_06298,General Medicine,Chennai,Sholinganallur,South Chennai
NPIIN0000006299,HCP_06299,Dermatology,Chennai,Egmore,Central Chennai
NPIIN0000006300,HCP_06300,Endocrinology,Chennai,Guindy,South Chennai
NPIIN0000006301,HCP_06301,Gastroenterology,Chennai,T Nagar,Central Chennai
NPIIN0000006302,HCP_06302,Cardiology,Chennai,Washermenpet,North Chennai
NPIIN0000006303,HCP_06303,Endocrinology,Chennai,Tondiarpet,North Chennai
NPIIN0000006304,HCP_06304,General Medicine,Chennai,Kilpauk,Central Chennai
NPIIN0000006305,HCP_06305,Gastroenterology,Chennai,Tambaram,South Chennai
NPIIN0000006306,HCP_06306,Gastroenterology,Chennai,Nungambakkam,Central Chennai
NPIIN0000006307,HCP_06307,Pulmonology,Chennai,Tambaram,South Chennai
NPIIN0000006308,HCP_06308,Diabetology,Chennai,Velachery,South Chennai
NPIIN0000006309,HCP_06309,General Medicine,Chennai,Anna Nagar,Central Chennai
NPIIN0000006310,HCP_06310,Diabetology,Chennai,Porur,South Chennai
NPIIN0000006311,HCP_06311,Diabetology,Chennai,Kilpauk,Central Chennai
NPIIN0000006312,HCP_06312,Diabetology,Chennai,Sholinganallur,South Chennai
NPIIN0000006313,HCP_06313,Pulmonology,Chennai,Tambaram,South Chennai
NPIIN0000006314,HCP_06314,Endocrinology,Chennai,Kilpauk,Central Chennai
NPIIN0000006315,HCP_06315,Cardiology,Chennai,Tambaram,South Chennai
NPIIN0000006316,HCP_06316,Neurology,Chennai,Ambattur,North Chennai
NPIIN0000006317,HCP_06317,Cardiology,Chennai,Ambattur,North Chennai
NPIIN0000006318,HCP_06318,Orthopedics,Chennai,Sholinganallur,South Chennai
NPIIN0000006319,HCP_06319,General Medicine,Chennai,Tondiarpet,North Chennai
NPIIN0000006320,HCP_06320,Cardiology,Chennai,Washermenpet,North Chennai
NPIIN0000006321,HCP_06321,Urology,Chennai,Anna Nagar,Central Chennai
NPIIN0000006322,HCP_06322,Pulmonology,Chennai,Perambur,North Chennai
NPIIN0000006323,HCP_06323,Dermatology,Chennai,Adyar,South Chennai
NPIIN0000006324,HCP_06324,General Medicine,Chennai,T Nagar,Central Chennai
NPIIN0000006325,HCP_06325,General Medicine,Chennai,Tondiarpet,North Chennai
NPIIN0000006326,HCP_06326,Neurology,Chennai,T Nagar,Central Chennai
NPIIN0000006327,HCP_06327,General Medicine,Chennai,Adyar,South Chennai
NPIIN0000006328,HCP_06328,Pulmonology,Chennai,Madhavaram,North Chennai
NPIIN0000006329,HCP_06329,Diabetology,Chennai,Madhavaram,North Chennai
NPIIN0000006330,HCP_06330,General Medicine,Chennai,Mylapore,Central Chennai
NPIIN0000006331,HCP_06331,Cardiology,Chennai,Madhavaram,North Chennai
NPIIN0000006332,HCP_06332,Gastroenterology,Chennai,Adyar,South Chennai
NPIIN0000006333,HCP_06333,General Medicine,Chennai,Washermenpet,North Chennai
NPIIN0000006334,HCP_06334,Orthopedics,Chennai,Washermenpet,North Chennai
NPIIN0000006335,HCP_06335,Diabetology,Chennai,Porur,South Chennai
NPIIN0000006336,HCP_06336,General Medicine,Chennai,Royapuram,North Chennai
NPIIN0000006337,HCP_06337,Diabetology,Chennai,Perambur,North Chennai
NPIIN0000006338,HCP_06338,Neurology,Chennai,Anna Nagar,Central Chennai
NPIIN0000006339,HCP_06339,Dermatology,Chennai,Mylapore,Central Chennai
NPIIN0000006340,HCP_06340,General Medicine,Chennai,Porur,South Chennai
NPIIN0000006341,HCP_06341,General Medicine,Chennai,Velachery,South Chennai
NPIIN0000006342,HCP_06342,Gastroenterology,Chennai,Tambaram,South Chennai
NPIIN0000006343,HCP_06343,Endocrinology,Chennai,Adyar,South Chennai
NPIIN0000006344,HCP_06344,Pulmonology,Chennai,Perambur,North Chennai
NPIIN0000006345,HCP_06345,Gastroenterology,Chennai,Mylapore,Central Chennai
NPIIN0000006346,HCP_06346,Diabetology,Chennai,Sholinganallur,South Chennai
NPIIN0000006347,HCP_06347,Neurology,Chennai,Adyar,South Chennai
NPIIN0000006348,HCP_06348,Gastroenterology,Chennai,Velachery,South Chennai
NPIIN0000006349,HCP_06349,Cardiology,Chennai,Washermenpet,North Chennai
NPIIN0000006350,HCP_06350,Diabetology,Chennai,Adyar,South Chennai
NPIIN0000006351,HCP_06351,General Medicine,Chennai,Guindy,South Chennai
NPIIN0000006352,HCP_06352,Gastroenterology,Chennai,Porur,South Chennai
NPIIN0000006353,HCP_06353,Pulmonology,Chennai,Guindy,South Chennai
NPIIN0000006354,HCP_06354,General Medicine,Chennai,Perambur,North Chennai
NPIIN0000006355,HCP_06355,Diabetology,Chennai,Mylapore,Central Chennai
NPIIN0000006356,HCP_06356,Cardiology,Chennai,Ambattur,North Chennai
NPIIN0000006357,HCP_06357,Cardiology,Chennai,Kilpauk,Central Chennai
NPIIN0000006358,HCP_06358,Diabetology,Chennai,Tambaram,South Chennai
NPIIN0000006359,HCP_06359,Cardiology,Chennai,Perambur,North Chennai
NPIIN0000006360,HCP_06360,Cardiology,Chennai,Washermenpet,North Chennai
NPIIN0000006361,HCP_06361,Pulmonology,Chennai,Kilpauk,Central Chennai
NPIIN0000006362,HCP_06362,Pulmonology,Chennai,Adyar,South Chennai
NPIIN0000006363,HCP_06363,Cardiology,Chennai,Perambur,North Chennai
NPIIN0000006364,HCP_06364,Pulmonology,Chennai,Anna Nagar,Central Chennai
NPIIN0000006365,HCP_06365,Endocrinology,Chennai,Guindy,South Chennai
NPIIN0000006366,HCP_06366,General Medicine,Chennai,Madhavaram,North Chennai
NPIIN0000006367,HCP_06367,Orthopedics,Chennai,Washermenpet,North Chennai
NPIIN0000006368,HCP_06368,General Medicine,Chennai,Egmore,Central Chennai
NPIIN0000006369,HCP_06369,Cardiology,Chennai,Perambur,North Chennai
NPIIN0000006370,HCP_06370,General Medicine,Chennai,Adyar,South Chennai
NPIIN0000006371,HCP_06371,Neurology,Chennai,Guindy,South Chennai
NPIIN0000006372,HCP_06372,Endocrinology,Chennai,Egmore,Central Chennai
NPIIN0000006373,HCP_06373,Orthopedics,Chennai,Adyar,South Chennai
NPIIN0000006374,HCP_06374,General Medicine,Chennai,Tambaram,South Chennai
NPIIN0000006375,HCP_06375,Cardiology,Chennai,Egmore,Central Chennai
NPIIN0000006376,HCP_06376,Pulmonology,Chennai,Anna Nagar,Central Chennai
NPIIN0000006377,HCP_06377,Neurology,Chennai,Kilpauk,Central Chennai
NPIIN0000006378,HCP_06378,General Medicine,Chennai,Velachery,South Chennai
NPIIN0000006379,HCP_06379,Urology,Chennai,Kilpauk,Central Chennai
NPIIN0000006380,HCP_06380,Urology,Chennai,Washermenpet,North Chennai
NPIIN0000006381,HCP_06381,Cardiology,Chennai,Velachery,South Chennai
NPIIN0000006382,HCP_06382,Cardiology,Chennai,Velachery,South Chennai
NPIIN0000006383,HCP_06383,Diabetology,Chennai,Sholinganallur,South Chennai
NPIIN0000006384,HCP_06384,Pulmonology,Chennai,Tambaram,South Chennai
NPIIN0000006385,HCP_06385,Pulmonology,Chennai,Kilpauk,Central Chennai
NPIIN0000006386,HCP_06386,Diabetology,Chennai,Tambaram,South Chennai
NPIIN0000006387,HCP_06387,Orthopedics,Chennai,Mylapore,Central Chennai
NPIIN0000006388,HCP_06388,Diabetology,Chennai,Mylapore,Central Chennai
NPIIN0000006389,HCP_06389,Dermatology,Chennai,Guindy,South Chennai
NPIIN0000006390,HCP_06390,Dermatology,Chennai,Mylapore,Central Chennai
NPIIN0000006391,HCP_06391,Cardiology,Chennai,Anna Nagar,Central Chennai
NPIIN0000006392,HCP_06392,Endocrinology,Chennai,Sholinganallur,South Chennai
NPIIN0000006393,HCP_06393,Endocrinology,Chennai,Kilpauk,Central Chennai
NPIIN0000006394,HCP_06394,Urology,Chennai,Nungambakkam,Central Chennai
NPIIN0000006395,HCP_06395,General Medicine,Chennai,Royapuram,North Chennai
NPIIN0000006396,HCP_06396,Dermatology,Chennai,Guindy,South Chennai
NPIIN0000006397,HCP_06397,General Medicine,Chennai,Porur,South Chennai
NPIIN0000006398,HCP_06398,General Medicine,Chennai,Egmore,Central Chennai
NPIIN0000006399,HCP_06399,Urology,Chennai,Washermenpet,North Chennai
NPIIN0000006400,HCP_06400,General Medicine,Chennai,Velachery,South Chennai
NPIIN0000006401,HCP_06401,Gastroenterology,Chennai,T Nagar,Central Chennai
NPIIN0000006402,HCP_06402,General Medicine,Chennai,Anna Nagar,Central Chennai
NPIIN0000006403,HCP_06403,Cardiology,Chennai,Anna Nagar,Central Chennai
NPIIN0000006404,HCP_06404,Cardiology,Chennai,Madhavaram,North Chennai
NPIIN0000006405,HCP_06405,Endocrinology,Chennai,T Nagar,Central Chennai
NPIIN0000006406,HCP_06406,Gastroenterology,Chennai,Velachery,South Chennai
NPIIN0000006407,HCP_06407,General Medicine,Chennai,Adyar,South Chennai
NPIIN0000006408,HCP_06408,General Medicine,Chennai,Mylapore,Central Chennai
NPIIN0000006409,HCP_06409,Cardiology,Chennai,Sholinganallur,South Chennai
NPIIN0000006410,HCP_06410,Pulmonology,Chennai,Egmore,Central Chennai
NPIIN0000006411,HCP_06411,Dermatology,Chennai,Nungambakkam,Central Chennai
NPIIN0000006412,HCP_06412,Pulmonology,Chennai,Adyar,South Chennai
NPIIN0000006413,HCP_06413,Orthopedics,Chennai,Royapuram,North Chennai
NPIIN0000006414,HCP_06414,Cardiology,Chennai,Adyar,South Chennai
NPIIN0000006415,HCP_06415,Cardiology,Chennai,Perambur,North Chennai
NPIIN0000006416,HCP_06416,General Medicine,Chennai,Nungambakkam,Central Chennai
NPIIN0000006417,HCP_06417,Diabetology,Chennai,Royapuram,North Chennai
NPIIN0000006418,HCP_06418,Neurology,Chennai,Kilpauk,Central Chennai
NPIIN0000006419,HCP_06419,Dermatology,Chennai,Porur,South Chennai
NPIIN0000006420,HCP_06420,Cardiology,Chennai,Porur,South Chennai
NPIIN0000006421,HCP_06421,Urology,Chennai,T Nagar,Central Chennai
NPIIN0000006422,HCP_06422,Cardiology,Chennai,Ambattur,North Chennai
NPIIN0000006423,HCP_06423,Neurology,Chennai,Tambaram,South Chennai
NPIIN0000006424,HCP_06424,General Medicine,Chennai,Porur,South Chennai
NPIIN0000006425,HCP_06425,Neurology,Chennai,Egmore,Central Chennai
NPIIN0000006426,HCP_06426,Cardiology,Chennai,Nungambakkam,Central Chennai
NPIIN0000006427,HCP_06427,Orthopedics,Chennai,Egmore,Central Chennai
NPIIN0000006428,HCP_06428,Orthopedics,Chennai,Madhavaram,North Chennai
NPIIN0000006429,HCP_06429,General Medicine,Chennai,Tondiarpet,North Chennai
NPIIN0000006430,HCP_06430,General Medicine,Chennai,Egmore,Central Chennai
NPIIN0000006431,HCP_06431,Neurology,Chennai,Royapuram,North Chennai
NPIIN0000006432,HCP_06432,Pulmonology,Chennai,Ambattur,North Chennai
NPIIN0000006433,HCP_06433,Pulmonology,Chennai,Mylapore,Central Chennai
NPIIN0000006434,HCP_06434,Pulmonology,Chennai,Tambaram,South Chennai
NPIIN0000006435,HCP_06435,Dermatology,Chennai,Perambur,North Chennai
NPIIN0000006436,HCP_06436,Pulmonology,Chennai,Madhavaram,North Chennai
NPIIN0000006437,HCP_06437,Endocrinology,Chennai,Washermenpet,North Chennai
NPIIN0000006438,HCP_06438,Urology,Chennai,Kilpauk,Central Chennai
NPIIN0000006439,HCP_06439,Endocrinology,Chennai,Adyar,South Chennai
NPIIN0000006440,HCP_06440,Endocrinology,Chennai,Tondiarpet,North Chennai
NPIIN0000006441,HCP_06441,Orthopedics,Chennai,Tondiarpet,North Chennai
NPIIN0000006442,HCP_06442,Endocrinology,Chennai,Adyar,South Chennai
NPIIN0000006443,HCP_06443,Cardiology,Chennai,Guindy,South Chennai
NPIIN0000006444,HCP_06444,Pulmonology,Chennai,Guindy,South Chennai
NPIIN0000006445,HCP_06445,Dermatology,Chennai,Nungambakkam,Central Chennai
NPIIN0000006446,HCP_06446,Cardiology,Chennai,Anna Nagar,Central Chennai
NPIIN0000006447,HCP_06447,General Medicine,Chennai,Velachery,South Chennai
NPIIN0000006448,HCP_06448,Cardiology,Chennai,Tondiarpet,North Chennai
NPIIN0000006449,HCP_06449,General Medicine,Chennai,Velachery,South Chennai
NPIIN0000006450,HCP_06450,General Medicine,Chennai,Velachery,South Chennai
NPIIN0000006451,HCP_06451,Cardiology,Chennai,T Nagar,Central Chennai
NPIIN0000006452,HCP_06452,Orthopedics,Chennai,T Nagar,Central Chennai
NPIIN0000006453,HCP_06453,Neurology,Chennai,Perambur,North Chennai
NPIIN0000006454,HCP_06454,Dermatology,Chennai,Mylapore,Central Chennai
NPIIN0000006455,HCP_06455,Urology,Chennai,Tambaram,South Chennai
NPIIN0000006456,HCP_06456,Orthopedics,Chennai,Velachery,South Chennai
NPIIN0000006457,HCP_06457,Gastroenterology,Chennai,Washermenpet,North Chennai
NPIIN0000006458,HCP_06458,Diabetology,Chennai,Velachery,South Chennai
NPIIN0000006459,HCP_06459,Dermatology,Chennai,Washermenpet,North Chennai
NPIIN0000006460,HCP_06460,General Medicine,Chennai,Velachery,South Chennai
NPIIN0000006461,HCP_06461,Diabetology,Chennai,Mylapore,Central Chennai
NPIIN0000006462,HCP_06462,General Medicine,Chennai,Adyar,South Chennai
NPIIN0000006463,HCP_06463,Diabetology,Chennai,Guindy,South Chennai
NPIIN0000006464,HCP_06464,General Medicine,Chennai,Mylapore,Central Chennai
NPIIN0000006465,HCP_06465,Gastroenterology,Chennai,Tondiarpet,North Chennai
NPIIN0000006466,HCP_06466,General Medicine,Chennai,Sholinganallur,South Chennai
NPIIN0000006467,HCP_06467,Diabetology,Chennai,Nungambakkam,Central Chennai
NPIIN0000006468,HCP_06468,Cardiology,Chennai,Guindy,South Chennai
NPIIN0000006469,HCP_06469,Dermatology,Chennai,Tambaram,South Chennai
NPIIN0000006470,HCP_06470,General Medicine,Chennai,Porur,South Chennai
NPIIN0000006471,HCP_06471,General Medicine,Chennai,Perambur,North Chennai
NPIIN0000006472,HCP_06472,Gastroenterology,Chennai,Madhavaram,North Chennai
NPIIN0000006473,HCP_06473,Dermatology,Chennai,Guindy,South Chennai
NPIIN0000006474,HCP_06474,General Medicine,Chennai,Washermenpet,North Chennai
NPIIN0000006475,HCP_06475,Neurology,Chennai,Nungambakkam,Central Chennai
NPIIN0000006476,HCP_06476,Endocrinology,Chennai,T Nagar,Central Chennai
NPIIN0000006477,HCP_06477,Orthopedics,Chennai,Guindy,South Chennai
NPIIN0000006478,HCP_06478,Pulmonology,Chennai,Tondiarpet,North Chennai
NPIIN0000006479,HCP_06479,Gastroenterology,Chennai,Anna Nagar,Central Chennai
NPIIN0000006480,HCP_06480,Cardiology,Chennai,Mylapore,Central Chennai
NPIIN0000006481,HCP_06481,Neurology,Chennai,Adyar,South Chennai
NPIIN0000006482,HCP_06482,General Medicine,Chennai,Tondiarpet,North Chennai
NPIIN0000006483,HCP_06483,General Medicine,Chennai,Guindy,South Chennai
NPIIN0000006484,HCP_06484,Neurology,Chennai,Velachery,South Chennai
NPIIN0000006485,HCP_06485,Dermatology,Chennai,Adyar,South Chennai
NPIIN0000006486,HCP_06486,General Medicine,Chennai,Porur,South Chennai
NPIIN0000006487,HCP_06487,Urology,Chennai,T Nagar,Central Chennai
NPIIN0000006488,HCP_06488,Endocrinology,Chennai,Velachery,South Chennai
NPIIN0000006489,HCP_06489,Pulmonology,Chennai,Anna Nagar,Central Chennai
NPIIN0000006490,HCP_06490,Endocrinology,Chennai,Velachery,South Chennai
NPIIN0000006491,HCP_06491,Diabetology,Chennai,Nungambakkam,Central Chennai
NPIIN0000006492,HCP_06492,Urology,Chennai,Tambaram,South Chennai
NPIIN0000006493,HCP_06493,Cardiology,Chennai,Velachery,South Chennai
NPIIN0000006494,HCP_06494,Urology,Chennai,Mylapore,Central Chennai
NPIIN0000006495,HCP_06495,Diabetology,Chennai,Velachery,South Chennai
NPIIN0000006496,HCP_06496,Neurology,Chennai,Nungambakkam,Central Chennai
NPIIN0000006497,HCP_06497,Cardiology,Chennai,Tondiarpet,North Chennai
NPIIN0000006498,HCP_06498,Neurology,Chennai,Perambur,North Chennai
NPIIN0000006499,HCP_06499,Urology,Chennai,Washermenpet,North Chennai
NPIIN0000006500,HCP_06500,Pulmonology,Chennai,Madhavaram,North Chennai
NPIIN0000006501,HCP_06501,General Medicine,Chennai,Sholinganallur,South Chennai
NPIIN0000006502,HCP_06502,Dermatology,Chennai,Anna Nagar,Central Chennai
NPIIN0000006503,HCP_06503,Gastroenterology,Chennai,Tondiarpet,North Chennai
NPIIN0000006504,HCP_06504,Cardiology,Chennai,Tambaram,South Chennai
NPIIN0000006505,HCP_06505,Neurology,Chennai,Tambaram,South Chennai
NPIIN0000006506,HCP_06506,Neurology,Chennai,Anna Nagar,Central Chennai
NPIIN0000006507,HCP_06507,Gastroenterology,Chennai,Guindy,South Chennai
NPIIN0000006508,HCP_06508,Diabetology,Chennai,Egmore,Central Chennai
NPIIN0000006509,HCP_06509,General Medicine,Chennai,Madhavaram,North Chennai
NPIIN0000006510,HCP_06510,Orthopedics,Chennai,Ambattur,North Chennai
NPIIN0000006511,HCP_06511,Pulmonology,Chennai,Porur,South Chennai
NPIIN0000006512,HCP_06512,General Medicine,Chennai,Kilpauk,Central Chennai
NPIIN0000006513,HCP_06513,Orthopedics,Chennai,Anna Nagar,Central Chennai
NPIIN0000006514,HCP_06514,Endocrinology,Chennai,Porur,South Chennai
NPIIN0000006515,HCP_06515,General Medicine,Chennai,Anna Nagar,Central Chennai
NPIIN0000006516,HCP_06516,Gastroenterology,Chennai,Washermenpet,North Chennai
NPIIN0000006517,HCP_06517,Gastroenterology,Chennai,Tambaram,South Chennai
NPIIN0000006518,HCP_06518,Orthopedics,Chennai,Tambaram,South Chennai
NPIIN0000006519,HCP_06519,Neurology,Chennai,Egmore,Central Chennai
NPIIN0000006520,HCP_06520,Diabetology,Chennai,Egmore,Central Chennai
NPIIN0000006521,HCP_06521,General Medicine,Chennai,Tambaram,South Chennai
NPIIN0000006522,HCP_06522,Cardiology,Chennai,Madhavaram,North Chennai
NPIIN0000006523,HCP_06523,Urology,Chennai,Kilpauk,Central Chennai
NPIIN0000006524,HCP_06524,Cardiology,Chennai,Mylapore,Central Chennai
NPIIN0000006525,HCP_06525,Pulmonology,Chennai,Egmore,Central Chennai
NPIIN0000006526,HCP_06526,General Medicine,Chennai,Guindy,South Chennai
NPIIN0000006527,HCP_06527,Cardiology,Chennai,Egmore,Central Chennai
NPIIN0000006528,HCP_06528,Diabetology,Chennai,Mylapore,Central Chennai
NPIIN0000006529,HCP_06529,Neurology,Chennai,Ambattur,North Chennai
NPIIN0000006530,HCP_06530,Cardiology,Chennai,Anna Nagar,Central Chennai
NPIIN0000006531,HCP_06531,Orthopedics,Chennai,Anna Nagar,Central Chennai
NPIIN0000006532,HCP_06532,Urology,Chennai,Porur,South Chennai
NPIIN0000006533,HCP_06533,Cardiology,Chennai,Velachery,South Chennai
NPIIN0000006534,HCP_06534,Urology,Chennai,Mylapore,Central Chennai
NPIIN0000006535,HCP_06535,Diabetology,Chennai,Madhavaram,North Chennai
NPIIN0000006536,HCP_06536,Cardiology,Chennai,T Nagar,Central Chennai
NPIIN0000006537,HCP_06537,Diabetology,Chennai,T Nagar,Central Chennai
NPIIN0000006538,HCP_06538,Dermatology,Chennai,Royapuram,North Chennai
NPIIN0000006539,HCP_06539,Neurology,Chennai,Royapuram,North Chennai
NPIIN0000006540,HCP_06540,Endocrinology,Chennai,Adyar,South Chennai
NPIIN0000006541,HCP_06541,Gastroenterology,Chennai,Adyar,South Chennai
NPIIN0000006542,HCP_06542,Neurology,Chennai,Mylapore,Central Chennai
NPIIN0000006543,HCP_06543,Gastroenterology,Chennai,Guindy,South Chennai
NPIIN0000006544,HCP_06544,Pulmonology,Chennai,Ambattur,North Chennai
NPIIN0000006545,HCP_06545,Dermatology,Chennai,Egmore,Central Chennai
NPIIN0000006546,HCP_06546,Neurology,Chennai,Porur,South Chennai
NPIIN0000006547,HCP_06547,Cardiology,Chennai,Anna Nagar,Central Chennai
NPIIN0000006548,HCP_06548,Dermatology,Chennai,Ambattur,North Chennai
NPIIN0000006549,HCP_06549,Diabetology,Chennai,Velachery,South Chennai
NPIIN0000006550,HCP_06550,Neurology,Chennai,Kilpauk,Central Chennai
NPIIN0000006551,HCP_06551,Neurology,Chennai,Guindy,South Chennai
NPIIN0000006552,HCP_06552,General Medicine,Chennai,Mylapore,Central Chennai
NPIIN0000006553,HCP_06553,Endocrinology,Chennai,Porur,South Chennai
NPIIN0000006554,HCP_06554,Neurology,Chennai,Mylapore,Central Chennai
NPIIN0000006555,HCP_06555,Dermatology,Chennai,Nungambakkam,Central Chennai
NPIIN0000006556,HCP_06556,Dermatology,Chennai,Ambattur,North Chennai
NPIIN0000006557,HCP_06557,Pulmonology,Chennai,Sholinganallur,South Chennai
NPIIN0000006558,HCP_06558,Endocrinology,Chennai,Mylapore,Central Chennai
NPIIN0000006559,HCP_06559,Diabetology,Chennai,Porur,South Chennai
NPIIN0000006560,HCP_06560,Gastroenterology,Chennai,Anna Nagar,Central Chennai
NPIIN0000006561,HCP_06561,General Medicine,Chennai,Perambur,North Chennai
NPIIN0000006562,HCP_06562,Gastroenterology,Chennai,Ambattur,North Chennai
NPIIN0000006563,HCP_06563,Diabetology,Chennai,Egmore,Central Chennai
NPIIN0000006564,HCP_06564,Cardiology,Chennai,Tambaram,South Chennai
NPIIN0000006565,HCP_06565,Pulmonology,Chennai,Ambattur,North Chennai
NPIIN0000006566,HCP_06566,Pulmonology,Chennai,Porur,South Chennai
NPIIN0000006567,HCP_06567,Pulmonology,Chennai,Royapuram,North Chennai
NPIIN0000006568,HCP_06568,Diabetology,Chennai,Ambattur,North Chennai
NPIIN0000006569,HCP_06569,Dermatology,Chennai,Ambattur,North Chennai
NPIIN0000006570,HCP_06570,General Medicine,Chennai,Velachery,South Chennai
NPIIN0000006571,HCP_06571,Gastroenterology,Chennai,Guindy,South Chennai
NPIIN0000006572,HCP_06572,Pulmonology,Chennai,Tondiarpet,North Chennai
NPIIN0000006573,HCP_06573,General Medicine,Chennai,Guindy,South Chennai
NPIIN0000006574,HCP_06574,Neurology,Chennai,Washermenpet,North Chennai
NPIIN0000006575,HCP_06575,Pulmonology,Chennai,Ambattur,North Chennai
NPIIN0000006576,HCP_06576,General Medicine,Chennai,Guindy,South Chennai
NPIIN0000006577,HCP_06577,Neurology,Chennai,Madhavaram,North Chennai
NPIIN0000006578,HCP_06578,Cardiology,Chennai,Tambaram,South Chennai
NPIIN0000006579,HCP_06579,Urology,Chennai,Tambaram,South Chennai
NPIIN0000006580,HCP_06580,General Medicine,Chennai,Adyar,South Chennai
NPIIN0000006581,HCP_06581,Endocrinology,Chennai,Porur,South Chennai
NPIIN0000006582,HCP_06582,Gastroenterology,Chennai,Washermenpet,North Chennai
NPIIN0000006583,HCP_06583,Endocrinology,Chennai,Sholinganallur,South Chennai
NPIIN0000006584,HCP_06584,Orthopedics,Chennai,Nungambakkam,Central Chennai
NPIIN0000006585,HCP_06585,General Medicine,Chennai,Ambattur,North Chennai
NPIIN0000006586,HCP_06586,Diabetology,Chennai,Mylapore,Central Chennai
NPIIN0000006587,HCP_06587,Cardiology,Chennai,Mylapore,Central Chennai
NPIIN0000006588,HCP_06588,Cardiology,Chennai,Porur,South Chennai
NPIIN0000006589,HCP_06589,Cardiology,Chennai,Velachery,South Chennai
NPIIN0000006590,HCP_06590,Cardiology,Chennai,Tondiarpet,North Chennai
NPIIN0000006591,HCP_06591,Diabetology,Chennai,Mylapore,Central Chennai
NPIIN0000006592,HCP_06592,Diabetology,Chennai,Guindy,South Chennai
NPIIN0000006593,HCP_06593,General Medicine,Chennai,Tondiarpet,North Chennai
NPIIN0000006594,HCP_06594,Endocrinology,Chennai,Tambaram,South Chennai
NPIIN0000006595,HCP_06595,Cardiology,Chennai,Sholinganallur,South Chennai
NPIIN0000006596,HCP_06596,Cardiology,Chennai,T Nagar,Central Chennai
NPIIN0000006597,HCP_06597,Endocrinology,Chennai,T Nagar,Central Chennai
NPIIN0000006598,HCP_06598,Diabetology,Chennai,Nungambakkam,Central Chennai
NPIIN0000006599,HCP_06599,Endocrinology,Chennai,Anna Nagar,Central Chennai
NPIIN0000006600,HCP_06600,General Medicine,Chennai,Madhavaram,North Chennai
NPIIN0000006601,HCP_06601,Urology,Chennai,Mylapore,Central Chennai
NPIIN0000006602,HCP_06602,Diabetology,Chennai,Nungambakkam,Central Chennai
NPIIN0000006603,HCP_06603,Endocrinology,Chennai,Anna Nagar,Central Chennai
NPIIN0000006604,HCP_06604,Neurology,Chennai,Anna Nagar,Central Chennai
NPIIN0000006605,HCP_06605,General Medicine,Chennai,Guindy,South Chennai
NPIIN0000006606,HCP_06606,Cardiology,Chennai,Anna Nagar,Central Chennai
NPIIN0000006607,HCP_06607,Gastroenterology,Chennai,Adyar,South Chennai
NPIIN0000006608,HCP_06608,Gastroenterology,Chennai,Nungambakkam,Central Chennai
NPIIN0000006609,HCP_06609,Orthopedics,Chennai,Anna Nagar,Central Chennai
NPIIN0000006610,HCP_06610,Orthopedics,Chennai,T Nagar,Central Chennai
NPIIN0000006611,HCP_06611,Pulmonology,Chennai,Sholinganallur,South Chennai
NPIIN0000006612,HCP_06612,Neurology,Chennai,Anna Nagar,Central Chennai
NPIIN0000006613,HCP_06613,General Medicine,Chennai,Madhavaram,North Chennai
NPIIN0000006614,HCP_06614,Urology,Chennai,Anna Nagar,Central Chennai
NPIIN0000006615,HCP_06615,Pulmonology,Chennai,Sholinganallur,South Chennai
NPIIN0000006616,HCP_06616,Diabetology,Chennai,T Nagar,Central Chennai
NPIIN0000006617,HCP_06617,Cardiology,Chennai,Royapuram,North Chennai
NPIIN0000006618,HCP_06618,Pulmonology,Chennai,Velachery,South Chennai
NPIIN0000006619,HCP_06619,General Medicine,Chennai,Egmore,Central Chennai
NPIIN0000006620,HCP_06620,Dermatology,Chennai,T Nagar,Central Chennai
NPIIN0000006621,HCP_06621,Endocrinology,Chennai,Velachery,South Chennai
NPIIN0000006622,HCP_06622,Dermatology,Chennai,Anna Nagar,Central Chennai
NPIIN0000006623,HCP_06623,Cardiology,Chennai,Anna Nagar,Central Chennai
NPIIN0000006624,HCP_06624,Pulmonology,Chennai,Perambur,North Chennai
NPIIN0000006625,HCP_06625,General Medicine,Chennai,Nungambakkam,Central Chennai
NPIIN0000006626,HCP_06626,General Medicine,Chennai,Sholinganallur,South Chennai
NPIIN0000006627,HCP_06627,General Medicine,Chennai,Velachery,South Chennai
NPIIN0000006628,HCP_06628,Endocrinology,Chennai,Royapuram,North Chennai
NPIIN0000006629,HCP_06629,Endocrinology,Chennai,Kilpauk,Central Chennai
NPIIN0000006630,HCP_06630,Dermatology,Chennai,Sholinganallur,South Chennai
NPIIN0000006631,HCP_06631,Endocrinology,Chennai,Sholinganallur,South Chennai
NPIIN0000006632,HCP_06632,Gastroenterology,Chennai,Mylapore,Central Chennai
NPIIN0000006633,HCP_06633,Gastroenterology,Chennai,Sholinganallur,South Chennai
NPIIN0000006634,HCP_06634,Cardiology,Chennai,Washermenpet,North Chennai
NPIIN0000006635,HCP_06635,Urology,Chennai,Velachery,South Chennai
NPIIN0000006636,HCP_06636,Gastroenterology,Chennai,Egmore,Central Chennai
NPIIN0000006637,HCP_06637,Dermatology,Chennai,Nungambakkam,Central Chennai
NPIIN0000006638,HCP_06638,Dermatology,Chennai,Tambaram,South Chennai
NPIIN0000006639,HCP_06639,Pulmonology,Chennai,Guindy,South Chennai
NPIIN0000006640,HCP_06640,Orthopedics,Chennai,Ambattur,North Chennai
NPIIN0000006641,HCP_06641,Endocrinology,Chennai,Egmore,Central Chennai
NPIIN0000006642,HCP_06642,Cardiology,Chennai,Sholinganallur,South Chennai
NPIIN0000006643,HCP_06643,Neurology,Chennai,Anna Nagar,Central Chennai
NPIIN0000006644,HCP_06644,Diabetology,Chennai,Anna Nagar,Central Chennai
NPIIN0000006645,HCP_06645,Pulmonology,Chennai,Adyar,South Chennai
NPIIN0000006646,HCP_06646,General Medicine,Chennai,Kilpauk,Central Chennai
NPIIN0000006647,HCP_06647,General Medicine,Chennai,Egmore,Central Chennai
NPIIN0000006648,HCP_06648,Urology,Chennai,Egmore,Central Chennai
NPIIN0000006649,HCP_06649,Endocrinology,Chennai,Guindy,South Chennai
NPIIN0000006650,HCP_06650,Endocrinology,Chennai,Egmore,Central Chennai
NPIIN0000006651,HCP_06651,Neurology,Chennai,Tambaram,South Chennai
NPIIN0000006652,HCP_06652,Gastroenterology,Chennai,Guindy,South Chennai
NPIIN0000006653,HCP_06653,Dermatology,Chennai,Tambaram,South Chennai
NPIIN0000006654,HCP_06654,Endocrinology,Chennai,Perambur,North Chennai
NPIIN0000006655,HCP_06655,Urology,Chennai,Madhavaram,North Chennai
NPIIN0000006656,HCP_06656,Pulmonology,Chennai,Tondiarpet,North Chennai
NPIIN0000006657,HCP_06657,Dermatology,Chennai,Washermenpet,North Chennai
NPIIN0000006658,HCP_06658,Cardiology,Chennai,Guindy,South Chennai
NPIIN0000006659,HCP_06659,General Medicine,Chennai,Sholinganallur,South Chennai
NPIIN0000006660,HCP_06660,General Medicine,Chennai,Tondiarpet,North Chennai
NPIIN0000006661,HCP_06661,Pulmonology,Chennai,Nungambakkam,Central Chennai
NPIIN0000006662,HCP_06662,Cardiology,Chennai,Porur,South Chennai
NPIIN0000006663,HCP_06663,Pulmonology,Chennai,Anna Nagar,Central Chennai
NPIIN0000006664,HCP_06664,Neurology,Chennai,Guindy,South Chennai
NPIIN0000006665,HCP_06665,General Medicine,Chennai,Mylapore,Central Chennai
NPIIN0000006666,HCP_06666,General Medicine,Chennai,Guindy,South Chennai
NPIIN0000006667,HCP_06667,Diabetology,Chennai,Velachery,South Chennai
NPIIN0000006668,HCP_06668,Urology,Chennai,Royapuram,North Chennai
NPIIN0000006669,HCP_06669,Pulmonology,Chennai,Anna Nagar,Central Chennai
NPIIN0000006670,HCP_06670,Pulmonology,Chennai,Sholinganallur,South Chennai
NPIIN0000006671,HCP_06671,Orthopedics,Chennai,Washermenpet,North Chennai
NPIIN0000006672,HCP_06672,Neurology,Chennai,Nungambakkam,Central Chennai
NPIIN0000006673,HCP_06673,Diabetology,Chennai,Ambattur,North Chennai
NPIIN0000006674,HCP_06674,Neurology,Chennai,Tondiarpet,North Chennai
NPIIN0000006675,HCP_06675,Orthopedics,Chennai,Guindy,South Chennai
NPIIN0000006676,HCP_06676,Cardiology,Chennai,Anna Nagar,Central Chennai
NPIIN0000006677,HCP_06677,Pulmonology,Chennai,Royapuram,North Chennai
NPIIN0000006678,HCP_06678,Endocrinology,Chennai,Guindy,South Chennai
NPIIN0000006679,HCP_06679,Dermatology,Chennai,Kilpauk,Central Chennai
NPIIN0000006680,HCP_06680,Neurology,Chennai,Perambur,North Chennai
NPIIN0000006681,HCP_06681,Orthopedics,Chennai,Porur,South Chennai
NPIIN0000006682,HCP_06682,Neurology,Chennai,Tambaram,South Chennai
NPIIN0000006683,HCP_06683,Cardiology,Chennai,Washermenpet,North Chennai
NPIIN0000006684,HCP_06684,General Medicine,Chennai,Tambaram,South Chennai
NPIIN0000006685,HCP_06685,Urology,Chennai,Anna Nagar,Central Chennai
NPIIN0000006686,HCP_06686,Endocrinology,Chennai,Washermenpet,North Chennai
NPIIN0000006687,HCP_06687,Cardiology,Chennai,Guindy,South Chennai
NPIIN0000006688,HCP_06688,Gastroenterology,Chennai,Sholinganallur,South Chennai
NPIIN0000006689,HCP_06689,General Medicine,Chennai,Madhavaram,North Chennai
NPIIN0000006690,HCP_06690,Cardiology,Chennai,Royapuram,North Chennai
NPIIN0000006691,HCP_06691,Diabetology,Chennai,Perambur,North Chennai
NPIIN0000006692,HCP_06692,Diabetology,Chennai,Kilpauk,Central Chennai
NPIIN0000006693,HCP_06693,Neurology,Chennai,Sholinganallur,South Chennai
NPIIN0000006694,HCP_06694,General Medicine,Chennai,Sholinganallur,South Chennai
NPIIN0000006695,HCP_06695,General Medicine,Chennai,Tondiarpet,North Chennai
NPIIN0000006696,HCP_06696,Dermatology,Chennai,Nungambakkam,Central Chennai
NPIIN0000006697,HCP_06697,Diabetology,Chennai,Anna Nagar,Central Chennai
NPIIN0000006698,HCP_06698,Neurology,Chennai,Egmore,Central Chennai
NPIIN0000006699,HCP_06699,General Medicine,Chennai,Sholinganallur,South Chennai
NPIIN0000006700,HCP_06700,General Medicine,Chennai,Royapuram,North Chennai
NPIIN0000006701,HCP_06701,Pulmonology,Chennai,Egmore,Central Chennai
NPIIN0000006702,HCP_06702,Neurology,Chennai,Guindy,South Chennai
NPIIN0000006703,HCP_06703,Orthopedics,Chennai,Velachery,South Chennai
NPIIN0000006704,HCP_06704,Diabetology,Chennai,T Nagar,Central Chennai
NPIIN0000006705,HCP_06705,Cardiology,Chennai,Royapuram,North Chennai
NPIIN0000006706,HCP_06706,General Medicine,Chennai,Perambur,North Chennai
NPIIN0000006707,HCP_06707,Pulmonology,Chennai,T Nagar,Central Chennai
NPIIN0000006708,HCP_06708,Endocrinology,Chennai,Washermenpet,North Chennai
NPIIN0000006709,HCP_06709,Urology,Chennai,Madhavaram,North Chennai
NPIIN0000006710,HCP_06710,Dermatology,Chennai,Kilpauk,Central Chennai
NPIIN0000006711,HCP_06711,General Medicine,Chennai,Mylapore,Central Chennai
NPIIN0000006712,HCP_06712,General Medicine,Chennai,Guindy,South Chennai
NPIIN0000006713,HCP_06713,Cardiology,Chennai,Egmore,Central Chennai
NPIIN0000006714,HCP_06714,Pulmonology,Chennai,Tambaram,South Chennai
NPIIN0000006715,HCP_06715,Pulmonology,Chennai,Sholinganallur,South Chennai
NPIIN0000006716,HCP_06716,Urology,Chennai,Tambaram,South Chennai
NPIIN0000006717,HCP_06717,General Medicine,Chennai,Adyar,South Chennai
NPIIN0000006718,HCP_06718,Endocrinology,Chennai,Velachery,South Chennai
NPIIN0000006719,HCP_06719,Endocrinology,Chennai,Velachery,South Chennai
NPIIN0000006720,HCP_06720,Endocrinology,Chennai,Perambur,North Chennai
NPIIN0000006721,HCP_06721,Orthopedics,Chennai,Royapuram,North Chennai
NPIIN0000006722,HCP_06722,Dermatology,Chennai,Madhavaram,North Chennai
NPIIN0000006723,HCP_06723,Dermatology,Chennai,Royapuram,North Chennai
NPIIN0000006724,HCP_06724,Dermatology,Chennai,Mylapore,Central Chennai
NPIIN0000006725,HCP_06725,Cardiology,Chennai,Royapuram,North Chennai
NPIIN0000006726,HCP_06726,Neurology,Chennai,Royapuram,North Chennai
NPIIN0000006727,HCP_06727,Neurology,Chennai,T Nagar,Central Chennai
NPIIN0000006728,HCP_06728,Endocrinology,Chennai,Egmore,Central Chennai
NPIIN0000006729,HCP_06729,General Medicine,Chennai,Adyar,South Chennai
NPIIN0000006730,HCP_06730,Neurology,Chennai,Washermenpet,North Chennai
NPIIN0000006731,HCP_06731,Urology,Chennai,Velachery,South Chennai
NPIIN0000006732,HCP_06732,Cardiology,Chennai,Tondiarpet,North Chennai
NPIIN0000006733,HCP_06733,Urology,Chennai,Adyar,South Chennai
NPIIN0000006734,HCP_06734,Urology,Chennai,Sholinganallur,South Chennai
NPIIN0000006735,HCP_06735,Urology,Chennai,Nungambakkam,Central Chennai
NPIIN0000006736,HCP_06736,Cardiology,Chennai,Sholinganallur,South Chennai
NPIIN0000006737,HCP_06737,Endocrinology,Chennai,Nungambakkam,Central Chennai
NPIIN0000006738,HCP_06738,Neurology,Chennai,Tondiarpet,North Chennai
NPIIN0000006739,HCP_06739,Diabetology,Chennai,Tambaram,South Chennai
NPIIN0000006740,HCP_06740,Cardiology,Chennai,Egmore,Central Chennai
NPIIN0000006741,HCP_06741,Gastroenterology,Chennai,Washermenpet,North Chennai
NPIIN0000006742,HCP_06742,Cardiology,Chennai,Tondiarpet,North Chennai
NPIIN0000006743,HCP_06743,General Medicine,Chennai,Mylapore,Central Chennai
NPIIN0000006744,HCP_06744,Orthopedics,Chennai,T Nagar,Central Chennai
NPIIN0000006745,HCP_06745,General Medicine,Chennai,Egmore,Central Chennai
NPIIN0000006746,HCP_06746,Urology,Chennai,Anna Nagar,Central Chennai
NPIIN0000006747,HCP_06747,General Medicine,Chennai,Washermenpet,North Chennai
NPIIN0000006748,HCP_06748,General Medicine,Chennai,Madhavaram,North Chennai
NPIIN0000006749,HCP_06749,Cardiology,Chennai,Madhavaram,North Chennai
NPIIN0000006750,HCP_06750,General Medicine,Chennai,Sholinganallur,South Chennai
NPIIN0000006751,HCP_06751,General Medicine,Chennai,Nungambakkam,Central Chennai
NPIIN0000006752,HCP_06752,Dermatology,Chennai,T Nagar,Central Chennai
NPIIN0000006753,HCP_06753,Urology,Chennai,Porur,South Chennai
NPIIN0000006754,HCP_06754,Cardiology,Chennai,Porur,South Chennai
NPIIN0000006755,HCP_06755,Cardiology,Chennai,Ambattur,North Chennai
NPIIN0000006756,HCP_06756,Neurology,Chennai,Anna Nagar,Central Chennai
NPIIN0000006757,HCP_06757,General Medicine,Chennai,Porur,South Chennai
NPIIN0000006758,HCP_06758,Diabetology,Chennai,Sholinganallur,South Chennai
NPIIN0000006759,HCP_06759,Diabetology,Chennai,Perambur,North Chennai
NPIIN0000006760,HCP_06760,Endocrinology,Chennai,Kilpauk,Central Chennai
NPIIN0000006761,HCP_06761,General Medicine,Chennai,Anna Nagar,Central Chennai
NPIIN0000006762,HCP_06762,Cardiology,Chennai,Ambattur,North Chennai
NPIIN0000006763,HCP_06763,Gastroenterology,Chennai,Porur,South Chennai
NPIIN0000006764,HCP_06764,Diabetology,Chennai,Sholinganallur,South Chennai
NPIIN0000006765,HCP_06765,General Medicine,Chennai,Nungambakkam,Central Chennai
NPIIN0000006766,HCP_06766,General Medicine,Chennai,Guindy,South Chennai
NPIIN0000006767,HCP_06767,Endocrinology,Chennai,Guindy,South Chennai
NPIIN0000006768,HCP_06768,Urology,Chennai,Royapuram,North Chennai
NPIIN0000006769,HCP_06769,Neurology,Chennai,Guindy,South Chennai
NPIIN0000006770,HCP_06770,Urology,Chennai,Royapuram,North Chennai
NPIIN0000006771,HCP_06771,General Medicine,Chennai,Egmore,Central Chennai
NPIIN0000006772,HCP_06772,General Medicine,Chennai,Perambur,North Chennai
NPIIN0000006773,HCP_06773,Endocrinology,Chennai,Royapuram,North Chennai
NPIIN0000006774,HCP_06774,Pulmonology,Chennai,Sholinganallur,South Chennai
NPIIN0000006775,HCP_06775,Pulmonology,Chennai,Perambur,North Chennai
NPIIN0000006776,HCP_06776,General Medicine,Chennai,Washermenpet,North Chennai
NPIIN0000006777,HCP_06777,Endocrinology,Chennai,Ambattur,North Chennai
NPIIN0000006778,HCP_06778,Diabetology,Chennai,Royapuram,North Chennai
NPIIN0000006779,HCP_06779,Cardiology,Chennai,Washermenpet,North Chennai
NPIIN0000006780,HCP_06780,Diabetology,Chennai,Velachery,South Chennai
NPIIN0000006781,HCP_06781,Pulmonology,Chennai,Perambur,North Chennai
NPIIN0000006782,HCP_06782,Orthopedics,Chennai,Madhavaram,North Chennai
NPIIN0000006783,HCP_06783,Endocrinology,Chennai,Perambur,North Chennai
NPIIN0000006784,HCP_06784,Cardiology,Chennai,Mylapore,Central Chennai
NPIIN0000006785,HCP_06785,Diabetology,Chennai,Guindy,South Chennai
NPIIN0000006786,HCP_06786,Endocrinology,Chennai,Perambur,North Chennai
NPIIN0000006787,HCP_06787,Neurology,Chennai,Ambattur,North Chennai
NPIIN0000006788,HCP_06788,Cardiology,Chennai,Sholinganallur,South Chennai
NPIIN0000006789,HCP_06789,Orthopedics,Chennai,Porur,South Chennai
NPIIN0000006790,HCP_06790,Dermatology,Chennai,Velachery,South Chennai
NPIIN0000006791,HCP_06791,General Medicine,Chennai,Royapuram,North Chennai
NPIIN0000006792,HCP_06792,Urology,Chennai,T Nagar,Central Chennai
NPIIN0000006793,HCP_06793,Pulmonology,Chennai,Velachery,South Chennai
NPIIN0000006794,HCP_06794,Orthopedics,Chennai,Royapuram,North Chennai
NPIIN0000006795,HCP_06795,Diabetology,Chennai,Tambaram,South Chennai
NPIIN0000006796,HCP_06796,Orthopedics,Chennai,Washermenpet,North Chennai
NPIIN0000006797,HCP_06797,Endocrinology,Chennai,Sholinganallur,South Chennai
NPIIN0000006798,HCP_06798,General Medicine,Chennai,Anna Nagar,Central Chennai
NPIIN0000006799,HCP_06799,Orthopedics,Chennai,Madhavaram,North Chennai
NPIIN0000006800,HCP_06800,General Medicine,Chennai,Egmore,Central Chennai
NPIIN0000006801,HCP_06801,Endocrinology,Chennai,Tondiarpet,North Chennai
NPIIN0000006802,HCP_06802,Cardiology,Chennai,Porur,South Chennai
NPIIN0000006803,HCP_06803,Endocrinology,Chennai,Tondiarpet,North Chennai
NPIIN0000006804,HCP_06804,General Medicine,Chennai,Perambur,North Chennai
NPIIN0000006805,HCP_06805,General Medicine,Chennai,Porur,South Chennai
NPIIN0000006806,HCP_06806,Pulmonology,Chennai,Tambaram,South Chennai
NPIIN0000006807,HCP_06807,Dermatology,Chennai,Washermenpet,North Chennai
NPIIN0000006808,HCP_06808,Cardiology,Chennai,Tambaram,South Chennai
NPIIN0000006809,HCP_06809,Dermatology,Chennai,Washermenpet,North Chennai
NPIIN0000006810,HCP_06810,Pulmonology,Chennai,Velachery,South Chennai
NPIIN0000006811,HCP_06811,Gastroenterology,Chennai,T Nagar,Central Chennai
NPIIN0000006812,HCP_06812,Gastroenterology,Chennai,Anna Nagar,Central Chennai
NPIIN0000006813,HCP_06813,Urology,Chennai,Mylapore,Central Chennai
NPIIN0000006814,HCP_06814,Cardiology,Chennai,Nungambakkam,Central Chennai
NPIIN0000006815,HCP_06815,Pulmonology,Chennai,Tondiarpet,North Chennai
NPIIN0000006816,HCP_06816,Urology,Chennai,T Nagar,Central Chennai
NPIIN0000006817,HCP_06817,Gastroenterology,Chennai,Porur,South Chennai
NPIIN0000006818,HCP_06818,Cardiology,Chennai,Mylapore,Central Chennai
NPIIN0000006819,HCP_06819,Pulmonology,Chennai,Mylapore,Central Chennai
NPIIN0000006820,HCP_06820,Dermatology,Chennai,Sholinganallur,South Chennai
NPIIN0000006821,HCP_06821,Diabetology,Chennai,Sholinganallur,South Chennai
NPIIN0000006822,HCP_06822,Neurology,Chennai,Velachery,South Chennai
NPIIN0000006823,HCP_06823,Dermatology,Chennai,Royapuram,North Chennai
NPIIN0000006824,HCP_06824,General Medicine,Chennai,Mylapore,Central Chennai
NPIIN0000006825,HCP_06825,Endocrinology,Chennai,Washermenpet,North Chennai
NPIIN0000006826,HCP_06826,Pulmonology,Chennai,Royapuram,North Chennai
NPIIN0000006827,HCP_06827,Pulmonology,Chennai,T Nagar,Central Chennai
NPIIN0000006828,HCP_06828,General Medicine,Chennai,Porur,South Chennai
NPIIN0000006829,HCP_06829,Neurology,Chennai,Madhavaram,North Chennai
NPIIN0000006830,HCP_06830,General Medicine,Chennai,Sholinganallur,South Chennai
NPIIN0000006831,HCP_06831,Urology,Chennai,Royapuram,North Chennai
NPIIN0000006832,HCP_06832,Dermatology,Chennai,Royapuram,North Chennai
NPIIN0000006833,HCP_06833,Dermatology,Chennai,Egmore,Central Chennai
NPIIN0000006834,HCP_06834,General Medicine,Chennai,Porur,South Chennai
NPIIN0000006835,HCP_06835,Endocrinology,Chennai,Ambattur,North Chennai
NPIIN0000006836,HCP_06836,Gastroenterology,Chennai,Nungambakkam,Central Chennai
NPIIN0000006837,HCP_06837,Cardiology,Chennai,T Nagar,Central Chennai
NPIIN0000006838,HCP_06838,General Medicine,Chennai,Adyar,South Chennai
NPIIN0000006839,HCP_06839,Cardiology,Chennai,Sholinganallur,South Chennai
NPIIN0000006840,HCP_06840,General Medicine,Chennai,Velachery,South Chennai
NPIIN0000006841,HCP_06841,Neurology,Chennai,Guindy,South Chennai
NPIIN0000006842,HCP_06842,General Medicine,Chennai,Velachery,South Chennai
NPIIN0000006843,HCP_06843,General Medicine,Chennai,Guindy,South Chennai
NPIIN0000006844,HCP_06844,Cardiology,Chennai,Nungambakkam,Central Chennai
NPIIN0000006845,HCP_06845,Diabetology,Chennai,Perambur,North Chennai
NPIIN0000006846,HCP_06846,General Medicine,Chennai,Nungambakkam,Central Chennai
NPIIN0000006847,HCP_06847,Urology,Chennai,Kilpauk,Central Chennai
NPIIN0000006848,HCP_06848,Urology,Chennai,Madhavaram,North Chennai
NPIIN0000006849,HCP_06849,Orthopedics,Chennai,Mylapore,Central Chennai
NPIIN0000006850,HCP_06850,Cardiology,Chennai,Velachery,South Chennai
NPIIN0000006851,HCP_06851,Diabetology,Chennai,Tambaram,South Chennai
NPIIN0000006852,HCP_06852,General Medicine,Chennai,Washermenpet,North Chennai
NPIIN0000006853,HCP_06853,Neurology,Chennai,Adyar,South Chennai
NPIIN0000006854,HCP_06854,Neurology,Chennai,Perambur,North Chennai
NPIIN0000006855,HCP_06855,Gastroenterology,Chennai,Nungambakkam,Central Chennai
NPIIN0000006856,HCP_06856,General Medicine,Chennai,Mylapore,Central Chennai
NPIIN0000006857,HCP_06857,Pulmonology,Chennai,T Nagar,Central Chennai
NPIIN0000006858,HCP_06858,Orthopedics,Chennai,Kilpauk,Central Chennai
NPIIN0000006859,HCP_06859,Diabetology,Chennai,Nungambakkam,Central Chennai
NPIIN0000006860,HCP_06860,Dermatology,Chennai,Kilpauk,Central Chennai
NPIIN0000006861,HCP_06861,Gastroenterology,Chennai,T Nagar,Central Chennai
NPIIN0000006862,HCP_06862,Endocrinology,Chennai,Porur,South Chennai
NPIIN0000006863,HCP_06863,Urology,Chennai,Nungambakkam,Central Chennai
NPIIN0000006864,HCP_06864,Dermatology,Chennai,Anna Nagar,Central Chennai
NPIIN0000006865,HCP_06865,Gastroenterology,Chennai,Royapuram,North Chennai
NPIIN0000006866,HCP_06866,Cardiology,Chennai,Washermenpet,North Chennai
NPIIN0000006867,HCP_06867,Cardiology,Chennai,Washermenpet,North Chennai
NPIIN0000006868,HCP_06868,Neurology,Chennai,Egmore,Central Chennai
NPIIN0000006869,HCP_06869,Cardiology,Chennai,Porur,South Chennai
NPIIN0000006870,HCP_06870,Cardiology,Chennai,Washermenpet,North Chennai
NPIIN0000006871,HCP_06871,General Medicine,Chennai,Adyar,South Chennai
NPIIN0000006872,HCP_06872,Cardiology,Chennai,Madhavaram,North Chennai
NPIIN0000006873,HCP_06873,Gastroenterology,Chennai,Perambur,North Chennai
NPIIN0000006874,HCP_06874,Pulmonology,Chennai,Ambattur,North Chennai
NPIIN0000006875,HCP_06875,Cardiology,Chennai,Nungambakkam,Central Chennai
NPIIN0000006876,HCP_06876,Pulmonology,Chennai,Washermenpet,North Chennai
NPIIN0000006877,HCP_06877,Cardiology,Chennai,T Nagar,Central Chennai
NPIIN0000006878,HCP_06878,Cardiology,Chennai,Anna Nagar,Central Chennai
NPIIN0000006879,HCP_06879,General Medicine,Chennai,Sholinganallur,South Chennai
NPIIN0000006880,HCP_06880,General Medicine,Chennai,T Nagar,Central Chennai
NPIIN0000006881,HCP_06881,General Medicine,Chennai,Nungambakkam,Central Chennai
NPIIN0000006882,HCP_06882,Pulmonology,Chennai,Guindy,South Chennai
NPIIN0000006883,HCP_06883,General Medicine,Chennai,Ambattur,North Chennai
NPIIN0000006884,HCP_06884,Pulmonology,Chennai,Guindy,South Chennai
NPIIN0000006885,HCP_06885,General Medicine,Chennai,Porur,South Chennai
NPIIN0000006886,HCP_06886,Gastroenterology,Chennai,Adyar,South Chennai
NPIIN0000006887,HCP_06887,Pulmonology,Chennai,Royapuram,North Chennai
NPIIN0000006888,HCP_06888,Endocrinology,Chennai,Egmore,Central Chennai
NPIIN0000006889,HCP_06889,Neurology,Chennai,Washermenpet,North Chennai
NPIIN0000006890,HCP_06890,Gastroenterology,Chennai,Adyar,South Chennai
NPIIN0000006891,HCP_06891,Cardiology,Chennai,Adyar,South Chennai
NPIIN0000006892,HCP_06892,Pulmonology,Chennai,Egmore,Central Chennai
NPIIN0000006893,HCP_06893,Dermatology,Chennai,Egmore,Central Chennai
NPIIN0000006894,HCP_06894,Cardiology,Chennai,Nungambakkam,Central Chennai
NPIIN0000006895,HCP_06895,Urology,Chennai,Egmore,Central Chennai
NPIIN0000006896,HCP_06896,General Medicine,Chennai,Mylapore,Central Chennai
NPIIN0000006897,HCP_06897,Gastroenterology,Chennai,Porur,South Chennai
NPIIN0000006898,HCP_06898,Urology,Chennai,T Nagar,Central Chennai
NPIIN0000006899,HCP_06899,Orthopedics,Chennai,Tondiarpet,North Chennai
NPIIN0000006900,HCP_06900,Pulmonology,Chennai,Tambaram,South Chennai
NPIIN0000006901,HCP_06901,Neurology,Chennai,Royapuram,North Chennai
NPIIN0000006902,HCP_06902,Diabetology,Chennai,Madhavaram,North Chennai
NPIIN0000006903,HCP_06903,Diabetology,Chennai,Guindy,South Chennai
NPIIN0000006904,HCP_06904,Dermatology,Chennai,Kilpauk,Central Chennai
NPIIN0000006905,HCP_06905,General Medicine,Chennai,Tondiarpet,North Chennai
NPIIN0000006906,HCP_06906,Dermatology,Chennai,Porur,South Chennai
NPIIN0000006907,HCP_06907,Cardiology,Chennai,Guindy,South Chennai
NPIIN0000006908,HCP_06908,Endocrinology,Chennai,Velachery,South Chennai
NPIIN0000006909,HCP_06909,Endocrinology,Chennai,Adyar,South Chennai
NPIIN0000006910,HCP_06910,General Medicine,Chennai,Madhavaram,North Chennai
NPIIN0000006911,HCP_06911,Cardiology,Chennai,Porur,South Chennai
NPIIN0000006912,HCP_06912,General Medicine,Chennai,Royapuram,North Chennai
NPIIN0000006913,HCP_06913,Orthopedics,Chennai,Adyar,South Chennai
NPIIN0000006914,HCP_06914,Dermatology,Chennai,Porur,South Chennai
NPIIN0000006915,HCP_06915,Gastroenterology,Chennai,Velachery,South Chennai
NPIIN0000006916,HCP_06916,Cardiology,Chennai,Sholinganallur,South Chennai
NPIIN0000006917,HCP_06917,General Medicine,Chennai,Nungambakkam,Central Chennai
NPIIN0000006918,HCP_06918,Neurology,Chennai,Guindy,South Chennai
NPIIN0000006919,HCP_06919,Cardiology,Chennai,T Nagar,Central Chennai
NPIIN0000006920,HCP_06920,General Medicine,Chennai,Tondiarpet,North Chennai
NPIIN0000006921,HCP_06921,Urology,Chennai,Porur,South Chennai
NPIIN0000006922,HCP_06922,Cardiology,Chennai,Guindy,South Chennai
NPIIN0000006923,HCP_06923,Urology,Chennai,Tondiarpet,North Chennai
NPIIN0000006924,HCP_06924,Endocrinology,Chennai,Perambur,North Chennai
NPIIN0000006925,HCP_06925,Endocrinology,Chennai,T Nagar,Central Chennai
NPIIN0000006926,HCP_06926,Endocrinology,Chennai,T Nagar,Central Chennai
NPIIN0000006927,HCP_06927,Orthopedics,Chennai,Mylapore,Central Chennai
NPIIN0000006928,HCP_06928,Pulmonology,Chennai,Tambaram,South Chennai
NPIIN0000006929,HCP_06929,Gastroenterology,Chennai,Mylapore,Central Chennai
NPIIN0000006930,HCP_06930,General Medicine,Chennai,Sholinganallur,South Chennai
NPIIN0000006931,HCP_06931,Urology,Chennai,T Nagar,Central Chennai
NPIIN0000006932,HCP_06932,Pulmonology,Chennai,Guindy,South Chennai
NPIIN0000006933,HCP_06933,Pulmonology,Chennai,Madhavaram,North Chennai
NPIIN0000006934,HCP_06934,Gastroenterology,Chennai,Adyar,South Chennai
NPIIN0000006935,HCP_06935,Gastroenterology,Chennai,Guindy,South Chennai
NPIIN0000006936,HCP_06936,Neurology,Chennai,Adyar,South Chennai
NPIIN0000006937,HCP_06937,Cardiology,Chennai,Tambaram,South Chennai
NPIIN0000006938,HCP_06938,Urology,Chennai,Washermenpet,North Chennai
NPIIN0000006939,HCP_06939,Diabetology,Chennai,Egmore,Central Chennai
NPIIN0000006940,HCP_06940,Orthopedics,Chennai,Anna Nagar,Central Chennai
NPIIN0000006941,HCP_06941,General Medicine,Chennai,Velachery,South Chennai
NPIIN0000006942,HCP_06942,Cardiology,Chennai,Perambur,North Chennai
NPIIN0000006943,HCP_06943,Diabetology,Chennai,Perambur,North Chennai
NPIIN0000006944,HCP_06944,Pulmonology,Chennai,Perambur,North Chennai
NPIIN0000006945,HCP_06945,General Medicine,Chennai,Ambattur,North Chennai
NPIIN0000006946,HCP_06946,Dermatology,Chennai,Tambaram,South Chennai
NPIIN0000006947,HCP_06947,Neurology,Chennai,Porur,South Chennai
NPIIN0000006948,HCP_06948,Endocrinology,Chennai,Adyar,South Chennai
NPIIN0000006949,HCP_06949,Pulmonology,Chennai,Adyar,South Chennai
NPIIN0000006950,HCP_06950,Gastroenterology,Chennai,Porur,South Chennai
NPIIN0000006951,HCP_06951,Urology,Chennai,Ambattur,North Chennai
NPIIN0000006952,HCP_06952,General Medicine,Chennai,Tambaram,South Chennai
NPIIN0000006953,HCP_06953,Urology,Chennai,Nungambakkam,Central Chennai
NPIIN0000006954,HCP_06954,Cardiology,Chennai,Adyar,South Chennai
NPIIN0000006955,HCP_06955,Neurology,Chennai,Velachery,South Chennai
NPIIN0000006956,HCP_06956,Gastroenterology,Chennai,Washermenpet,North Chennai
NPIIN0000006957,HCP_06957,General Medicine,Chennai,T Nagar,Central Chennai
NPIIN0000006958,HCP_06958,Cardiology,Chennai,Perambur,North Chennai
NPIIN0000006959,HCP_06959,Neurology,Chennai,Royapuram,North Chennai
NPIIN0000006960,HCP_06960,General Medicine,Chennai,Porur,South Chennai
NPIIN0000006961,HCP_06961,Endocrinology,Chennai,Madhavaram,North Chennai
NPIIN0000006962,HCP_06962,Endocrinology,Chennai,Egmore,Central Chennai
NPIIN0000006963,HCP_06963,Gastroenterology,Chennai,Perambur,North Chennai
NPIIN0000006964,HCP_06964,Endocrinology,Chennai,Madhavaram,North Chennai
NPIIN0000006965,HCP_06965,General Medicine,Chennai,Kilpauk,Central Chennai
NPIIN0000006966,HCP_06966,Orthopedics,Chennai,Perambur,North Chennai
NPIIN0000006967,HCP_06967,Gastroenterology,Chennai,Ambattur,North Chennai
NPIIN0000006968,HCP_06968,Pulmonology,Chennai,T Nagar,Central Chennai
NPIIN0000006969,HCP_06969,General Medicine,Chennai,Perambur,North Chennai
NPIIN0000006970,HCP_06970,Endocrinology,Chennai,Ambattur,North Chennai
NPIIN0000006971,HCP_06971,General Medicine,Chennai,Velachery,South Chennai
NPIIN0000006972,HCP_06972,Endocrinology,Chennai,Royapuram,North Chennai
NPIIN0000006973,HCP_06973,Cardiology,Chennai,Mylapore,Central Chennai
NPIIN0000006974,HCP_06974,Cardiology,Chennai,Tambaram,South Chennai
NPIIN0000006975,HCP_06975,Pulmonology,Chennai,Perambur,North Chennai
NPIIN0000006976,HCP_06976,Endocrinology,Chennai,Anna Nagar,Central Chennai
NPIIN0000006977,HCP_06977,Endocrinology,Chennai,Tambaram,South Chennai
NPIIN0000006978,HCP_06978,Urology,Chennai,T Nagar,Central Chennai
NPIIN0000006979,HCP_06979,Cardiology,Chennai,Porur,South Chennai
NPIIN0000006980,HCP_06980,Neurology,Chennai,Sholinganallur,South Chennai
NPIIN0000006981,HCP_06981,General Medicine,Chennai,Guindy,South Chennai
NPIIN0000006982,HCP_06982,Pulmonology,Chennai,Tambaram,South Chennai
NPIIN0000006983,HCP_06983,Cardiology,Chennai,Nungambakkam,Central Chennai
NPIIN0000006984,HCP_06984,Cardiology,Chennai,Velachery,South Chennai
NPIIN0000006985,HCP_06985,Dermatology,Chennai,Nungambakkam,Central Chennai
NPIIN0000006986,HCP_06986,General Medicine,Chennai,Porur,South Chennai
NPIIN0000006987,HCP_06987,Cardiology,Chennai,Royapuram,North Chennai
NPIIN0000006988,HCP_06988,General Medicine,Chennai,Nungambakkam,Central Chennai
NPIIN0000006989,HCP_06989,General Medicine,Chennai,Anna Nagar,Central Chennai
NPIIN0000006990,HCP_06990,Cardiology,Chennai,Anna Nagar,Central Chennai
NPIIN0000006991,HCP_06991,Pulmonology,Chennai,Nungambakkam,Central Chennai
NPIIN0000006992,HCP_06992,General Medicine,Chennai,Nungambakkam,Central Chennai
NPIIN0000006993,HCP_06993,Pulmonology,Chennai,Sholinganallur,South Chennai
NPIIN0000006994,HCP_06994,Dermatology,Chennai,Ambattur,North Chennai
NPIIN0000006995,HCP_06995,General Medicine,Chennai,Porur,South Chennai
NPIIN0000006996,HCP_06996,Urology,Chennai,Tambaram,South Chennai
NPIIN0000006997,HCP_06997,General Medicine,Chennai,Adyar,South Chennai
NPIIN0000006998,HCP_06998,General Medicine,Chennai,Madhavaram,North Chennai
NPIIN0000006999,HCP_06999,Neurology,Chennai,Tambaram,South Chennai
NPIIN0000007000,HCP_07000,Pulmonology,Chennai,Porur,South Chennai
NPIIN0000007001,HCP_07001,Cardiology,Chennai,Guindy,South Chennai
NPIIN0000007002,HCP_07002,Orthopedics,Chennai,Porur,South Chennai
NPIIN0000007003,HCP_07003,Orthopedics,Chennai,Tondiarpet,North Chennai
NPIIN0000007004,HCP_07004,Diabetology,Chennai,Perambur,North Chennai
NPIIN0000007005,HCP_07005,Pulmonology,Chennai,Guindy,South Chennai
NPIIN0000007006,HCP_07006,Gastroenterology,Chennai,Washermenpet,North Chennai
NPIIN0000007007,HCP_07007,Urology,Chennai,Adyar,South Chennai
NPIIN0000007008,HCP_07008,Pulmonology,Chennai,Kilpauk,Central Chennai
NPIIN0000007009,HCP_07009,Cardiology,Chennai,T Nagar,Central Chennai
NPIIN0000007010,HCP_07010,Neurology,Chennai,Tondiarpet,North Chennai
NPIIN0000007011,HCP_07011,Cardiology,Chennai,Egmore,Central Chennai
NPIIN0000007012,HCP_07012,Neurology,Chennai,Sholinganallur,South Chennai
NPIIN0000007013,HCP_07013,Pulmonology,Chennai,Anna Nagar,Central Chennai
NPIIN0000007014,HCP_07014,Neurology,Chennai,Tambaram,South Chennai
NPIIN0000007015,HCP_07015,Endocrinology,Chennai,Anna Nagar,Central Chennai
NPIIN0000007016,HCP_07016,General Medicine,Chennai,Tambaram,South Chennai
NPIIN0000007017,HCP_07017,Pulmonology,Chennai,Royapuram,North Chennai
NPIIN0000007018,HCP_07018,Diabetology,Chennai,Nungambakkam,Central Chennai
NPIIN0000007019,HCP_07019,Endocrinology,Chennai,Nungambakkam,Central Chennai
NPIIN0000007020,HCP_07020,Endocrinology,Chennai,Ambattur,North Chennai
NPIIN0000007021,HCP_07021,Dermatology,Chennai,Sholinganallur,South Chennai
NPIIN0000007022,HCP_07022,General Medicine,Chennai,Sholinganallur,South Chennai
NPIIN0000007023,HCP_07023,Neurology,Chennai,Kilpauk,Central Chennai
NPIIN0000007024,HCP_07024,General Medicine,Chennai,Tondiarpet,North Chennai
NPIIN0000007025,HCP_07025,Dermatology,Chennai,Mylapore,Central Chennai
NPIIN0000007026,HCP_07026,General Medicine,Chennai,Royapuram,North Chennai
NPIIN0000007027,HCP_07027,Cardiology,Chennai,Perambur,North Chennai
NPIIN0000007028,HCP_07028,Endocrinology,Chennai,Anna Nagar,Central Chennai
NPIIN0000007029,HCP_07029,Cardiology,Chennai,Ambattur,North Chennai
NPIIN0000007030,HCP_07030,Dermatology,Chennai,Porur,South Chennai
NPIIN0000007031,HCP_07031,Neurology,Chennai,T Nagar,Central Chennai
NPIIN0000007032,HCP_07032,Gastroenterology,Chennai,T Nagar,Central Chennai
NPIIN0000007033,HCP_07033,Gastroenterology,Chennai,Nungambakkam,Central Chennai
NPIIN0000007034,HCP_07034,Dermatology,Chennai,Nungambakkam,Central Chennai
NPIIN0000007035,HCP_07035,Orthopedics,Chennai,Egmore,Central Chennai
NPIIN0000007036,HCP_07036,Neurology,Chennai,Guindy,South Chennai
NPIIN0000007037,HCP_07037,Diabetology,Chennai,T Nagar,Central Chennai
NPIIN0000007038,HCP_07038,Cardiology,Chennai,Sholinganallur,South Chennai
NPIIN0000007039,HCP_07039,Pulmonology,Chennai,Guindy,South Chennai
NPIIN0000007040,HCP_07040,Gastroenterology,Chennai,Tambaram,South Chennai
NPIIN0000007041,HCP_07041,Pulmonology,Chennai,Sholinganallur,South Chennai
NPIIN0000007042,HCP_07042,Diabetology,Chennai,Anna Nagar,Central Chennai
NPIIN0000007043,HCP_07043,Gastroenterology,Chennai,Mylapore,Central Chennai
NPIIN0000007044,HCP_07044,General Medicine,Chennai,Nungambakkam,Central Chennai
NPIIN0000007045,HCP_07045,Diabetology,Chennai,Tambaram,South Chennai
NPIIN0000007046,HCP_07046,Dermatology,Chennai,Adyar,South Chennai
NPIIN0000007047,HCP_07047,Pulmonology,Chennai,Royapuram,North Chennai
NPIIN0000007048,HCP_07048,Diabetology,Chennai,Nungambakkam,Central Chennai
NPIIN0000007049,HCP_07049,Diabetology,Chennai,Tondiarpet,North Chennai
NPIIN0000007050,HCP_07050,Pulmonology,Chennai,Egmore,Central Chennai
NPIIN0000007051,HCP_07051,General Medicine,Chennai,Sholinganallur,South Chennai
NPIIN0000007052,HCP_07052,Endocrinology,Chennai,Kilpauk,Central Chennai
NPIIN0000007053,HCP_07053,Pulmonology,Chennai,Ambattur,North Chennai
NPIIN0000007054,HCP_07054,Neurology,Chennai,Tondiarpet,North Chennai
NPIIN0000007055,HCP_07055,Cardiology,Chennai,Anna Nagar,Central Chennai
NPIIN0000007056,HCP_07056,Pulmonology,Chennai,Royapuram,North Chennai
NPIIN0000007057,HCP_07057,Pulmonology,Chennai,Adyar,South Chennai
NPIIN0000007058,HCP_07058,General Medicine,Chennai,T Nagar,Central Chennai
NPIIN0000007059,HCP_07059,General Medicine,Chennai,Perambur,North Chennai
NPIIN0000007060,HCP_07060,Diabetology,Chennai,Royapuram,North Chennai
NPIIN0000007061,HCP_07061,General Medicine,Chennai,Anna Nagar,Central Chennai
NPIIN0000007062,HCP_07062,Dermatology,Chennai,Kilpauk,Central Chennai
NPIIN0000007063,HCP_07063,General Medicine,Chennai,T Nagar,Central Chennai
NPIIN0000007064,HCP_07064,Orthopedics,Chennai,T Nagar,Central Chennai
NPIIN0000007065,HCP_07065,General Medicine,Chennai,Tondiarpet,North Chennai
NPIIN0000007066,HCP_07066,Neurology,Chennai,Tambaram,South Chennai
NPIIN0000007067,HCP_07067,Pulmonology,Chennai,Porur,South Chennai
NPIIN0000007068,HCP_07068,Gastroenterology,Chennai,Adyar,South Chennai
NPIIN0000007069,HCP_07069,Urology,Chennai,Washermenpet,North Chennai
NPIIN0000007070,HCP_07070,General Medicine,Chennai,Guindy,South Chennai
NPIIN0000007071,HCP_07071,General Medicine,Chennai,Velachery,South Chennai
NPIIN0000007072,HCP_07072,Orthopedics,Chennai,Mylapore,Central Chennai
NPIIN0000007073,HCP_07073,Orthopedics,Chennai,Kilpauk,Central Chennai
NPIIN0000007074,HCP_07074,Orthopedics,Chennai,Ambattur,North Chennai
NPIIN0000007075,HCP_07075,Endocrinology,Chennai,Adyar,South Chennai
NPIIN0000007076,HCP_07076,Cardiology,Chennai,Tondiarpet,North Chennai
NPIIN0000007077,HCP_07077,General Medicine,Chennai,T Nagar,Central Chennai
NPIIN0000007078,HCP_07078,Gastroenterology,Chennai,Porur,South Chennai
NPIIN0000007079,HCP_07079,Cardiology,Chennai,Anna Nagar,Central Chennai
NPIIN0000007080,HCP_07080,General Medicine,Chennai,Adyar,South Chennai
NPIIN0000007081,HCP_07081,Pulmonology,Chennai,Guindy,South Chennai
NPIIN0000007082,HCP_07082,Endocrinology,Chennai,Tambaram,South Chennai
NPIIN0000007083,HCP_07083,Gastroenterology,Chennai,Sholinganallur,South Chennai
NPIIN0000007084,HCP_07084,Endocrinology,Chennai,Mylapore,Central Chennai
NPIIN0000007085,HCP_07085,Dermatology,Chennai,Velachery,South Chennai
NPIIN0000007086,HCP_07086,General Medicine,Chennai,Guindy,South Chennai
NPIIN0000007087,HCP_07087,Pulmonology,Chennai,Guindy,South Chennai
NPIIN0000007088,HCP_07088,Pulmonology,Chennai,Anna Nagar,Central Chennai
NPIIN0000007089,HCP_07089,Diabetology,Chennai,Mylapore,Central Chennai
NPIIN0000007090,HCP_07090,General Medicine,Chennai,T Nagar,Central Chennai
NPIIN0000007091,HCP_07091,Dermatology,Chennai,Perambur,North Chennai
NPIIN0000007092,HCP_07092,Pulmonology,Chennai,Royapuram,North Chennai
NPIIN0000007093,HCP_07093,Cardiology,Chennai,Porur,South Chennai
NPIIN0000007094,HCP_07094,Gastroenterology,Chennai,Porur,South Chennai
NPIIN0000007095,HCP_07095,Endocrinology,Chennai,Guindy,South Chennai
NPIIN0000007096,HCP_07096,General Medicine,Chennai,Mylapore,Central Chennai
NPIIN0000007097,HCP_07097,General Medicine,Chennai,Washermenpet,North Chennai
NPIIN0000007098,HCP_07098,General Medicine,Chennai,Nungambakkam,Central Chennai
NPIIN0000007099,HCP_07099,Cardiology,Chennai,T Nagar,Central Chennai
NPIIN0000007100,HCP_07100,Diabetology,Chennai,Anna Nagar,Central Chennai
NPIIN0000007101,HCP_07101,Cardiology,Chennai,Mylapore,Central Chennai
NPIIN0000007102,HCP_07102,General Medicine,Chennai,T Nagar,Central Chennai
NPIIN0000007103,HCP_07103,Pulmonology,Chennai,Tondiarpet,North Chennai
NPIIN0000007104,HCP_07104,Neurology,Chennai,Mylapore,Central Chennai
NPIIN0000007105,HCP_07105,Cardiology,Chennai,Kilpauk,Central Chennai
NPIIN0000007106,HCP_07106,Cardiology,Chennai,Anna Nagar,Central Chennai
NPIIN0000007107,HCP_07107,Neurology,Chennai,Adyar,South Chennai
NPIIN0000007108,HCP_07108,Pulmonology,Chennai,Madhavaram,North Chennai
NPIIN0000007109,HCP_07109,Dermatology,Chennai,T Nagar,Central Chennai
NPIIN0000007110,HCP_07110,Endocrinology,Chennai,Mylapore,Central Chennai
NPIIN0000007111,HCP_07111,Cardiology,Chennai,Tambaram,South Chennai
NPIIN0000007112,HCP_07112,General Medicine,Chennai,Washermenpet,North Chennai
NPIIN0000007113,HCP_07113,Neurology,Chennai,Porur,South Chennai
NPIIN0000007114,HCP_07114,General Medicine,Chennai,Ambattur,North Chennai
NPIIN0000007115,HCP_07115,Cardiology,Chennai,Porur,South Chennai
NPIIN0000007116,HCP_07116,Cardiology,Chennai,Velachery,South Chennai
NPIIN0000007117,HCP_07117,Neurology,Chennai,Royapuram,North Chennai
NPIIN0000007118,HCP_07118,Diabetology,Chennai,Tambaram,South Chennai
NPIIN0000007119,HCP_07119,Neurology,Chennai,Egmore,Central Chennai
NPIIN0000007120,HCP_07120,Diabetology,Chennai,Porur,South Chennai
NPIIN0000007121,HCP_07121,Diabetology,Chennai,Royapuram,North Chennai
NPIIN0000007122,HCP_07122,Endocrinology,Chennai,Mylapore,Central Chennai
NPIIN0000007123,HCP_07123,Orthopedics,Chennai,Velachery,South Chennai
NPIIN0000007124,HCP_07124,Cardiology,Chennai,Velachery,South Chennai
NPIIN0000007125,HCP_07125,Cardiology,Chennai,Anna Nagar,Central Chennai
NPIIN0000007126,HCP_07126,Dermatology,Chennai,Guindy,South Chennai
NPIIN0000007127,HCP_07127,Cardiology,Chennai,T Nagar,Central Chennai
NPIIN0000007128,HCP_07128,Diabetology,Chennai,Tondiarpet,North Chennai
NPIIN0000007129,HCP_07129,Diabetology,Chennai,Sholinganallur,South Chennai
NPIIN0000007130,HCP_07130,Neurology,Chennai,Nungambakkam,Central Chennai
NPIIN0000007131,HCP_07131,General Medicine,Chennai,Madhavaram,North Chennai
NPIIN0000007132,HCP_07132,Dermatology,Chennai,Guindy,South Chennai
NPIIN0000007133,HCP_07133,Gastroenterology,Chennai,Egmore,Central Chennai
NPIIN0000007134,HCP_07134,Pulmonology,Chennai,Tondiarpet,North Chennai
NPIIN0000007135,HCP_07135,Diabetology,Chennai,Nungambakkam,Central Chennai
NPIIN0000007136,HCP_07136,Dermatology,Chennai,Adyar,South Chennai
NPIIN0000007137,HCP_07137,Urology,Chennai,Kilpauk,Central Chennai
NPIIN0000007138,HCP_07138,Dermatology,Chennai,Nungambakkam,Central Chennai
NPIIN0000007139,HCP_07139,Cardiology,Chennai,Sholinganallur,South Chennai
NPIIN0000007140,HCP_07140,Neurology,Chennai,Mylapore,Central Chennai
NPIIN0000007141,HCP_07141,Neurology,Chennai,Washermenpet,North Chennai
NPIIN0000007142,HCP_07142,Orthopedics,Chennai,Tambaram,South Chennai
NPIIN0000007143,HCP_07143,Diabetology,Chennai,Adyar,South Chennai
NPIIN0000007144,HCP_07144,Gastroenterology,Chennai,Mylapore,Central Chennai
NPIIN0000007145,HCP_07145,Neurology,Chennai,Tambaram,South Chennai
NPIIN0000007146,HCP_07146,Urology,Chennai,Velachery,South Chennai
NPIIN0000007147,HCP_07147,Neurology,Chennai,Egmore,Central Chennai
NPIIN0000007148,HCP_07148,Dermatology,Chennai,Guindy,South Chennai
NPIIN0000007149,HCP_07149,General Medicine,Chennai,Tambaram,South Chennai
NPIIN0000007150,HCP_07150,Endocrinology,Chennai,Tondiarpet,North Chennai
NPIIN0000007151,HCP_07151,General Medicine,Chennai,Perambur,North Chennai
NPIIN0000007152,HCP_07152,Dermatology,Chennai,Tambaram,South Chennai
NPIIN0000007153,HCP_07153,Cardiology,Chennai,Porur,South Chennai
NPIIN0000007154,HCP_07154,Neurology,Chennai,Washermenpet,North Chennai
NPIIN0000007155,HCP_07155,Orthopedics,Chennai,Tambaram,South Chennai
NPIIN0000007156,HCP_07156,Urology,Chennai,Velachery,South Chennai
NPIIN0000007157,HCP_07157,Neurology,Chennai,Porur,South Chennai
NPIIN0000007158,HCP_07158,Dermatology,Chennai,Guindy,South Chennai
NPIIN0000007159,HCP_07159,Cardiology,Chennai,Anna Nagar,Central Chennai
NPIIN0000007160,HCP_07160,General Medicine,Chennai,Kilpauk,Central Chennai
NPIIN0000007161,HCP_07161,Pulmonology,Chennai,Perambur,North Chennai
NPIIN0000007162,HCP_07162,Gastroenterology,Chennai,Royapuram,North Chennai
NPIIN0000007163,HCP_07163,Diabetology,Chennai,Tondiarpet,North Chennai
NPIIN0000007164,HCP_07164,Cardiology,Chennai,Guindy,South Chennai
NPIIN0000007165,HCP_07165,Neurology,Chennai,Sholinganallur,South Chennai
NPIIN0000007166,HCP_07166,General Medicine,Chennai,Washermenpet,North Chennai
NPIIN0000007167,HCP_07167,Dermatology,Chennai,Adyar,South Chennai
NPIIN0000007168,HCP_07168,General Medicine,Chennai,T Nagar,Central Chennai
NPIIN0000007169,HCP_07169,Dermatology,Chennai,Royapuram,North Chennai
NPIIN0000007170,HCP_07170,General Medicine,Chennai,Egmore,Central Chennai
NPIIN0000007171,HCP_07171,Gastroenterology,Chennai,Perambur,North Chennai
NPIIN0000007172,HCP_07172,Gastroenterology,Chennai,Madhavaram,North Chennai
NPIIN0000007173,HCP_07173,Diabetology,Chennai,Guindy,South Chennai
NPIIN0000007174,HCP_07174,Diabetology,Chennai,Adyar,South Chennai
NPIIN0000007175,HCP_07175,Urology,Chennai,Madhavaram,North Chennai
NPIIN0000007176,HCP_07176,Endocrinology,Chennai,Nungambakkam,Central Chennai
NPIIN0000007177,HCP_07177,Neurology,Chennai,Mylapore,Central Chennai
NPIIN0000007178,HCP_07178,Endocrinology,Chennai,Guindy,South Chennai
NPIIN0000007179,HCP_07179,Gastroenterology,Chennai,Sholinganallur,South Chennai
NPIIN0000007180,HCP_07180,Endocrinology,Chennai,Mylapore,Central Chennai
NPIIN0000007181,HCP_07181,Pulmonology,Chennai,Anna Nagar,Central Chennai
NPIIN0000007182,HCP_07182,Pulmonology,Chennai,Madhavaram,North Chennai
NPIIN0000007183,HCP_07183,Endocrinology,Chennai,Guindy,South Chennai
NPIIN0000007184,HCP_07184,General Medicine,Chennai,Tondiarpet,North Chennai
NPIIN0000007185,HCP_07185,Urology,Chennai,Kilpauk,Central Chennai
NPIIN0000007186,HCP_07186,Neurology,Chennai,Ambattur,North Chennai
NPIIN0000007187,HCP_07187,Orthopedics,Chennai,T Nagar,Central Chennai
NPIIN0000007188,HCP_07188,Gastroenterology,Chennai,Egmore,Central Chennai
NPIIN0000007189,HCP_07189,Neurology,Chennai,Mylapore,Central Chennai
NPIIN0000007190,HCP_07190,Pulmonology,Chennai,Sholinganallur,South Chennai
NPIIN0000007191,HCP_07191,Orthopedics,Chennai,Ambattur,North Chennai
NPIIN0000007192,HCP_07192,General Medicine,Chennai,Mylapore,Central Chennai
NPIIN0000007193,HCP_07193,General Medicine,Chennai,Perambur,North Chennai
NPIIN0000007194,HCP_07194,Dermatology,Chennai,Washermenpet,North Chennai
NPIIN0000007195,HCP_07195,Orthopedics,Chennai,Sholinganallur,South Chennai
NPIIN0000007196,HCP_07196,General Medicine,Chennai,Sholinganallur,South Chennai
NPIIN0000007197,HCP_07197,Cardiology,Chennai,Mylapore,Central Chennai
NPIIN0000007198,HCP_07198,Pulmonology,Chennai,Porur,South Chennai
NPIIN0000007199,HCP_07199,Gastroenterology,Chennai,Tambaram,South Chennai
NPIIN0000007200,HCP_07200,General Medicine,Chennai,Sholinganallur,South Chennai
NPIIN0000007201,HCP_07201,Gastroenterology,Chennai,Tondiarpet,North Chennai
NPIIN0000007202,HCP_07202,Pulmonology,Chennai,Mylapore,Central Chennai
NPIIN0000007203,HCP_07203,Diabetology,Chennai,Nungambakkam,Central Chennai
NPIIN0000007204,HCP_07204,Pulmonology,Chennai,Tambaram,South Chennai
NPIIN0000007205,HCP_07205,General Medicine,Chennai,Perambur,North Chennai
NPIIN0000007206,HCP_07206,Gastroenterology,Chennai,Tondiarpet,North Chennai
NPIIN0000007207,HCP_07207,Cardiology,Chennai,Madhavaram,North Chennai
NPIIN0000007208,HCP_07208,Dermatology,Chennai,Nungambakkam,Central Chennai
NPIIN0000007209,HCP_07209,Diabetology,Chennai,Anna Nagar,Central Chennai
NPIIN0000007210,HCP_07210,Orthopedics,Chennai,Tambaram,South Chennai
NPIIN0000007211,HCP_07211,Gastroenterology,Chennai,Tondiarpet,North Chennai
NPIIN0000007212,HCP_07212,Diabetology,Chennai,Adyar,South Chennai
NPIIN0000007213,HCP_07213,Orthopedics,Chennai,Guindy,South Chennai
NPIIN0000007214,HCP_07214,General Medicine,Chennai,Ambattur,North Chennai
NPIIN0000007215,HCP_07215,General Medicine,Chennai,Tambaram,South Chennai
NPIIN0000007216,HCP_07216,Urology,Chennai,Mylapore,Central Chennai
NPIIN0000007217,HCP_07217,Urology,Chennai,Sholinganallur,South Chennai
NPIIN0000007218,HCP_07218,Neurology,Chennai,Adyar,South Chennai
NPIIN0000007219,HCP_07219,Orthopedics,Chennai,Egmore,Central Chennai
NPIIN0000007220,HCP_07220,Diabetology,Chennai,T Nagar,Central Chennai
NPIIN0000007221,HCP_07221,Endocrinology,Chennai,Kilpauk,Central Chennai
NPIIN0000007222,HCP_07222,Cardiology,Chennai,Nungambakkam,Central Chennai
NPIIN0000007223,HCP_07223,General Medicine,Chennai,Ambattur,North Chennai
NPIIN0000007224,HCP_07224,Pulmonology,Chennai,Mylapore,Central Chennai
NPIIN0000007225,HCP_07225,Diabetology,Chennai,Adyar,South Chennai
NPIIN0000007226,HCP_07226,Pulmonology,Chennai,T Nagar,Central Chennai
NPIIN0000007227,HCP_07227,Cardiology,Chennai,Nungambakkam,Central Chennai
NPIIN0000007228,HCP_07228,General Medicine,Chennai,T Nagar,Central Chennai
NPIIN0000007229,HCP_07229,Gastroenterology,Chennai,Egmore,Central Chennai
NPIIN0000007230,HCP_07230,Cardiology,Chennai,Tambaram,South Chennai
NPIIN0000007231,HCP_07231,Gastroenterology,Chennai,Nungambakkam,Central Chennai
NPIIN0000007232,HCP_07232,Gastroenterology,Chennai,T Nagar,Central Chennai
NPIIN0000007233,HCP_07233,Pulmonology,Chennai,Egmore,Central Chennai
NPIIN0000007234,HCP_07234,Urology,Chennai,Madhavaram,North Chennai
NPIIN0000007235,HCP_07235,Orthopedics,Chennai,Ambattur,North Chennai
NPIIN0000007236,HCP_07236,Cardiology,Chennai,Adyar,South Chennai
NPIIN0000007237,HCP_07237,Neurology,Chennai,Tondiarpet,North Chennai
NPIIN0000007238,HCP_07238,Endocrinology,Chennai,Adyar,South Chennai
NPIIN0000007239,HCP_07239,General Medicine,Chennai,Tondiarpet,North Chennai
NPIIN0000007240,HCP_07240,Pulmonology,Chennai,Porur,South Chennai
NPIIN0000007241,HCP_07241,Gastroenterology,Chennai,Royapuram,North Chennai
NPIIN0000007242,HCP_07242,Dermatology,Chennai,Nungambakkam,Central Chennai
NPIIN0000007243,HCP_07243,Neurology,Chennai,Porur,South Chennai
NPIIN0000007244,HCP_07244,Gastroenterology,Chennai,Guindy,South Chennai
NPIIN0000007245,HCP_07245,Pulmonology,Chennai,Royapuram,North Chennai
NPIIN0000007246,HCP_07246,Cardiology,Chennai,Tambaram,South Chennai
NPIIN0000007247,HCP_07247,Cardiology,Chennai,Tambaram,South Chennai
NPIIN0000007248,HCP_07248,General Medicine,Chennai,Mylapore,Central Chennai
NPIIN0000007249,HCP_07249,Gastroenterology,Chennai,Porur,South Chennai
NPIIN0000007250,HCP_07250,Cardiology,Chennai,Ambattur,North Chennai
NPIIN0000007251,HCP_07251,General Medicine,Chennai,Washermenpet,North Chennai
NPIIN0000007252,HCP_07252,Diabetology,Chennai,Madhavaram,North Chennai
NPIIN0000007253,HCP_07253,Pulmonology,Chennai,Adyar,South Chennai
NPIIN0000007254,HCP_07254,General Medicine,Chennai,Perambur,North Chennai
NPIIN0000007255,HCP_07255,Endocrinology,Chennai,Tondiarpet,North Chennai
NPIIN0000007256,HCP_07256,Cardiology,Chennai,Kilpauk,Central Chennai
NPIIN0000007257,HCP_07257,Diabetology,Chennai,Royapuram,North Chennai
NPIIN0000007258,HCP_07258,General Medicine,Chennai,Guindy,South Chennai
NPIIN0000007259,HCP_07259,Urology,Chennai,Guindy,South Chennai
NPIIN0000007260,HCP_07260,Endocrinology,Chennai,Mylapore,Central Chennai
NPIIN0000007261,HCP_07261,General Medicine,Chennai,Porur,South Chennai
NPIIN0000007262,HCP_07262,Pulmonology,Chennai,Velachery,South Chennai
NPIIN0000007263,HCP_07263,Neurology,Chennai,Perambur,North Chennai
NPIIN0000007264,HCP_07264,Diabetology,Chennai,Nungambakkam,Central Chennai
NPIIN0000007265,HCP_07265,Cardiology,Chennai,Ambattur,North Chennai
NPIIN0000007266,HCP_07266,Urology,Chennai,Anna Nagar,Central Chennai
NPIIN0000007267,HCP_07267,Orthopedics,Chennai,Kilpauk,Central Chennai
NPIIN0000007268,HCP_07268,General Medicine,Chennai,Sholinganallur,South Chennai
NPIIN0000007269,HCP_07269,Pulmonology,Chennai,Sholinganallur,South Chennai
NPIIN0000007270,HCP_07270,Cardiology,Chennai,Ambattur,North Chennai
NPIIN0000007271,HCP_07271,Cardiology,Chennai,Sholinganallur,South Chennai
NPIIN0000007272,HCP_07272,Cardiology,Chennai,Sholinganallur,South Chennai
NPIIN0000007273,HCP_07273,Gastroenterology,Chennai,Anna Nagar,Central Chennai
NPIIN0000007274,HCP_07274,Endocrinology,Chennai,Mylapore,Central Chennai
NPIIN0000007275,HCP_07275,Endocrinology,Chennai,Tambaram,South Chennai
NPIIN0000007276,HCP_07276,Cardiology,Chennai,Adyar,South Chennai
NPIIN0000007277,HCP_07277,Cardiology,Chennai,Washermenpet,North Chennai
NPIIN0000007278,HCP_07278,General Medicine,Chennai,Guindy,South Chennai
NPIIN0000007279,HCP_07279,Pulmonology,Chennai,Royapuram,North Chennai
NPIIN0000007280,HCP_07280,Pulmonology,Chennai,Sholinganallur,South Chennai
NPIIN0000007281,HCP_07281,General Medicine,Chennai,Tambaram,South Chennai
NPIIN0000007282,HCP_07282,General Medicine,Chennai,Nungambakkam,Central Chennai
NPIIN0000007283,HCP_07283,Gastroenterology,Chennai,T Nagar,Central Chennai
NPIIN0000007284,HCP_07284,Diabetology,Chennai,Kilpauk,Central Chennai
NPIIN0000007285,HCP_07285,Endocrinology,Chennai,Sholinganallur,South Chennai
NPIIN0000007286,HCP_07286,Dermatology,Chennai,Porur,South Chennai
NPIIN0000007287,HCP_07287,Neurology,Chennai,Guindy,South Chennai
NPIIN0000007288,HCP_07288,General Medicine,Chennai,Egmore,Central Chennai
NPIIN0000007289,HCP_07289,Diabetology,Chennai,Perambur,North Chennai
NPIIN0000007290,HCP_07290,Cardiology,Chennai,Kilpauk,Central Chennai
NPIIN0000007291,HCP_07291,Cardiology,Chennai,Tondiarpet,North Chennai
NPIIN0000007292,HCP_07292,Dermatology,Chennai,Kilpauk,Central Chennai
NPIIN0000007293,HCP_07293,Pulmonology,Chennai,Velachery,South Chennai
NPIIN0000007294,HCP_07294,Cardiology,Chennai,Anna Nagar,Central Chennai
NPIIN0000007295,HCP_07295,Endocrinology,Chennai,Velachery,South Chennai
NPIIN0000007296,HCP_07296,Diabetology,Chennai,Guindy,South Chennai
NPIIN0000007297,HCP_07297,Diabetology,Chennai,Guindy,South Chennai
NPIIN0000007298,HCP_07298,Pulmonology,Chennai,Egmore,Central Chennai
NPIIN0000007299,HCP_07299,General Medicine,Chennai,Tambaram,South Chennai
NPIIN0000007300,HCP_07300,Urology,Chennai,Guindy,South Chennai
NPIIN0000007301,HCP_07301,Gastroenterology,Chennai,Washermenpet,North Chennai
NPIIN0000007302,HCP_07302,Urology,Chennai,Porur,South Chennai
NPIIN0000007303,HCP_07303,Urology,Chennai,Guindy,South Chennai
NPIIN0000007304,HCP_07304,Urology,Chennai,Royapuram,North Chennai
NPIIN0000007305,HCP_07305,Orthopedics,Chennai,Tondiarpet,North Chennai
NPIIN0000007306,HCP_07306,Diabetology,Chennai,Tondiarpet,North Chennai
NPIIN0000007307,HCP_07307,Endocrinology,Chennai,Mylapore,Central Chennai
NPIIN0000007308,HCP_07308,Endocrinology,Chennai,Guindy,South Chennai
NPIIN0000007309,HCP_07309,Pulmonology,Chennai,Anna Nagar,Central Chennai
NPIIN0000007310,HCP_07310,Neurology,Chennai,Madhavaram,North Chennai
NPIIN0000007311,HCP_07311,Cardiology,Chennai,Ambattur,North Chennai
NPIIN0000007312,HCP_07312,Dermatology,Chennai,Nungambakkam,Central Chennai
NPIIN0000007313,HCP_07313,Gastroenterology,Chennai,Washermenpet,North Chennai
NPIIN0000007314,HCP_07314,Pulmonology,Chennai,Washermenpet,North Chennai
NPIIN0000007315,HCP_07315,General Medicine,Chennai,Mylapore,Central Chennai
NPIIN0000007316,HCP_07316,Endocrinology,Chennai,Mylapore,Central Chennai
NPIIN0000007317,HCP_07317,General Medicine,Chennai,Guindy,South Chennai
NPIIN0000007318,HCP_07318,Endocrinology,Chennai,Sholinganallur,South Chennai
NPIIN0000007319,HCP_07319,Pulmonology,Chennai,Perambur,North Chennai
NPIIN0000007320,HCP_07320,Diabetology,Chennai,Anna Nagar,Central Chennai
NPIIN0000007321,HCP_07321,Diabetology,Chennai,Kilpauk,Central Chennai
NPIIN0000007322,HCP_07322,General Medicine,Chennai,Kilpauk,Central Chennai
NPIIN0000007323,HCP_07323,Pulmonology,Chennai,Royapuram,North Chennai
NPIIN0000007324,HCP_07324,General Medicine,Chennai,Velachery,South Chennai
NPIIN0000007325,HCP_07325,Orthopedics,Chennai,Adyar,South Chennai
NPIIN0000007326,HCP_07326,Cardiology,Chennai,Egmore,Central Chennai
NPIIN0000007327,HCP_07327,Urology,Chennai,Tambaram,South Chennai
NPIIN0000007328,HCP_07328,Cardiology,Chennai,Washermenpet,North Chennai
NPIIN0000007329,HCP_07329,Endocrinology,Chennai,Egmore,Central Chennai
NPIIN0000007330,HCP_07330,Orthopedics,Chennai,Washermenpet,North Chennai
NPIIN0000007331,HCP_07331,Gastroenterology,Chennai,Kilpauk,Central Chennai
NPIIN0000007332,HCP_07332,Neurology,Chennai,Sholinganallur,South Chennai
NPIIN0000007333,HCP_07333,Gastroenterology,Chennai,Madhavaram,North Chennai
NPIIN0000007334,HCP_07334,General Medicine,Chennai,Guindy,South Chennai
NPIIN0000007335,HCP_07335,Gastroenterology,Chennai,Ambattur,North Chennai
NPIIN0000007336,HCP_07336,Endocrinology,Chennai,Sholinganallur,South Chennai
NPIIN0000007337,HCP_07337,Dermatology,Chennai,Porur,South Chennai
NPIIN0000007338,HCP_07338,Orthopedics,Chennai,Tondiarpet,North Chennai
NPIIN0000007339,HCP_07339,Dermatology,Chennai,Anna Nagar,Central Chennai
NPIIN0000007340,HCP_07340,Gastroenterology,Chennai,Velachery,South Chennai
NPIIN0000007341,HCP_07341,Neurology,Chennai,Tondiarpet,North Chennai
NPIIN0000007342,HCP_07342,General Medicine,Chennai,Nungambakkam,Central Chennai
NPIIN0000007343,HCP_07343,General Medicine,Chennai,Porur,South Chennai
NPIIN0000007344,HCP_07344,Urology,Chennai,Egmore,Central Chennai
NPIIN0000007345,HCP_07345,Neurology,Chennai,Kilpauk,Central Chennai
NPIIN0000007346,HCP_07346,General Medicine,Chennai,Washermenpet,North Chennai
NPIIN0000007347,HCP_07347,Gastroenterology,Chennai,T Nagar,Central Chennai
NPIIN0000007348,HCP_07348,Cardiology,Chennai,Madhavaram,North Chennai
NPIIN0000007349,HCP_07349,Dermatology,Chennai,Kilpauk,Central Chennai
NPIIN0000007350,HCP_07350,Dermatology,Chennai,T Nagar,Central Chennai
NPIIN0000007351,HCP_07351,Endocrinology,Chennai,Kilpauk,Central Chennai
NPIIN0000007352,HCP_07352,Cardiology,Chennai,Nungambakkam,Central Chennai
NPIIN0000007353,HCP_07353,Gastroenterology,Chennai,Tambaram,South Chennai
NPIIN0000007354,HCP_07354,Endocrinology,Chennai,Royapuram,North Chennai
NPIIN0000007355,HCP_07355,Orthopedics,Chennai,Madhavaram,North Chennai
NPIIN0000007356,HCP_07356,Cardiology,Chennai,Royapuram,North Chennai
NPIIN0000007357,HCP_07357,Endocrinology,Chennai,Adyar,South Chennai
NPIIN0000007358,HCP_07358,Cardiology,Chennai,Mylapore,Central Chennai
NPIIN0000007359,HCP_07359,Gastroenterology,Chennai,T Nagar,Central Chennai
NPIIN0000007360,HCP_07360,Pulmonology,Chennai,Velachery,South Chennai
NPIIN0000007361,HCP_07361,Dermatology,Chennai,Washermenpet,North Chennai
NPIIN0000007362,HCP_07362,Orthopedics,Chennai,Adyar,South Chennai
NPIIN0000007363,HCP_07363,Pulmonology,Chennai,Porur,South Chennai
NPIIN0000007364,HCP_07364,Endocrinology,Chennai,Adyar,South Chennai
NPIIN0000007365,HCP_07365,Cardiology,Chennai,T Nagar,Central Chennai
NPIIN0000007366,HCP_07366,Urology,Chennai,Egmore,Central Chennai
NPIIN0000007367,HCP_07367,Diabetology,Chennai,Kilpauk,Central Chennai
NPIIN0000007368,HCP_07368,Urology,Chennai,Porur,South Chennai
NPIIN0000007369,HCP_07369,Urology,Chennai,Guindy,South Chennai
NPIIN0000007370,HCP_07370,Pulmonology,Chennai,Velachery,South Chennai
NPIIN0000007371,HCP_07371,Pulmonology,Chennai,Nungambakkam,Central Chennai
NPIIN0000007372,HCP_07372,Orthopedics,Chennai,Tambaram,South Chennai
NPIIN0000007373,HCP_07373,Gastroenterology,Chennai,Tondiarpet,North Chennai
NPIIN0000007374,HCP_07374,Neurology,Chennai,Tambaram,South Chennai
NPIIN0000007375,HCP_07375,General Medicine,Chennai,Washermenpet,North Chennai
NPIIN0000007376,HCP_07376,General Medicine,Chennai,Nungambakkam,Central Chennai
NPIIN0000007377,HCP_07377,General Medicine,Chennai,Egmore,Central Chennai
NPIIN0000007378,HCP_07378,Orthopedics,Chennai,Sholinganallur,South Chennai
NPIIN0000007379,HCP_07379,Neurology,Chennai,Ambattur,North Chennai
NPIIN0000007380,HCP_07380,Gastroenterology,Chennai,Washermenpet,North Chennai
NPIIN0000007381,HCP_07381,Cardiology,Chennai,Madhavaram,North Chennai
NPIIN0000007382,HCP_07382,Dermatology,Chennai,Ambattur,North Chennai
NPIIN0000007383,HCP_07383,General Medicine,Chennai,Tambaram,South Chennai
NPIIN0000007384,HCP_07384,Gastroenterology,Chennai,Egmore,Central Chennai
NPIIN0000007385,HCP_07385,Cardiology,Chennai,Mylapore,Central Chennai
NPIIN0000007386,HCP_07386,Urology,Chennai,Adyar,South Chennai
NPIIN0000007387,HCP_07387,Neurology,Chennai,Royapuram,North Chennai
NPIIN0000007388,HCP_07388,General Medicine,Chennai,Egmore,Central Chennai
NPIIN0000007389,HCP_07389,Diabetology,Chennai,Egmore,Central Chennai
NPIIN0000007390,HCP_07390,Diabetology,Chennai,Anna Nagar,Central Chennai
NPIIN0000007391,HCP_07391,Diabetology,Chennai,T Nagar,Central Chennai
NPIIN0000007392,HCP_07392,Cardiology,Chennai,Egmore,Central Chennai
NPIIN0000007393,HCP_07393,General Medicine,Chennai,Mylapore,Central Chennai
NPIIN0000007394,HCP_07394,General Medicine,Chennai,Velachery,South Chennai
NPIIN0000007395,HCP_07395,General Medicine,Chennai,Tambaram,South Chennai
NPIIN0000007396,HCP_07396,Neurology,Chennai,Porur,South Chennai
NPIIN0000007397,HCP_07397,General Medicine,Chennai,Royapuram,North Chennai
NPIIN0000007398,HCP_07398,Cardiology,Chennai,Egmore,Central Chennai
NPIIN0000007399,HCP_07399,Dermatology,Chennai,Tambaram,South Chennai
NPIIN0000007400,HCP_07400,General Medicine,Chennai,Sholinganallur,South Chennai
NPIIN0000007401,HCP_07401,Neurology,Chennai,Tondiarpet,North Chennai
NPIIN0000007402,HCP_07402,Urology,Chennai,Egmore,Central Chennai
NPIIN0000007403,HCP_07403,Gastroenterology,Chennai,Egmore,Central Chennai
NPIIN0000007404,HCP_07404,Pulmonology,Chennai,Ambattur,North Chennai
NPIIN0000007405,HCP_07405,Pulmonology,Chennai,Washermenpet,North Chennai
NPIIN0000007406,HCP_07406,Dermatology,Chennai,Anna Nagar,Central Chennai
NPIIN0000007407,HCP_07407,Dermatology,Chennai,Sholinganallur,South Chennai
NPIIN0000007408,HCP_07408,Endocrinology,Chennai,Washermenpet,North Chennai
NPIIN0000007409,HCP_07409,Pulmonology,Chennai,Ambattur,North Chennai
NPIIN0000007410,HCP_07410,Urology,Chennai,Mylapore,Central Chennai
NPIIN0000007411,HCP_07411,Dermatology,Chennai,Tambaram,South Chennai
NPIIN0000007412,HCP_07412,Cardiology,Chennai,Guindy,South Chennai
NPIIN0000007413,HCP_07413,General Medicine,Chennai,Mylapore,Central Chennai
NPIIN0000007414,HCP_07414,General Medicine,Chennai,Madhavaram,North Chennai
NPIIN0000007415,HCP_07415,Diabetology,Chennai,Guindy,South Chennai
NPIIN0000007416,HCP_07416,Neurology,Chennai,Guindy,South Chennai
NPIIN0000007417,HCP_07417,General Medicine,Chennai,Anna Nagar,Central Chennai
NPIIN0000007418,HCP_07418,Diabetology,Chennai,Velachery,South Chennai
NPIIN0000007419,HCP_07419,General Medicine,Chennai,Ambattur,North Chennai
NPIIN0000007420,HCP_07420,Dermatology,Chennai,Kilpauk,Central Chennai
NPIIN0000007421,HCP_07421,Urology,Chennai,Kilpauk,Central Chennai
NPIIN0000007422,HCP_07422,Dermatology,Chennai,Egmore,Central Chennai
NPIIN0000007423,HCP_07423,Urology,Chennai,Egmore,Central Chennai
NPIIN0000007424,HCP_07424,Orthopedics,Chennai,Washermenpet,North Chennai
NPIIN0000007425,HCP_07425,General Medicine,Chennai,Porur,South Chennai
NPIIN0000007426,HCP_07426,Cardiology,Chennai,Egmore,Central Chennai
NPIIN0000007427,HCP_07427,Dermatology,Chennai,Adyar,South Chennai
NPIIN0000007428,HCP_07428,Neurology,Chennai,Egmore,Central Chennai
NPIIN0000007429,HCP_07429,General Medicine,Chennai,Ambattur,North Chennai
NPIIN0000007430,HCP_07430,Orthopedics,Chennai,Velachery,South Chennai
NPIIN0000007431,HCP_07431,General Medicine,Chennai,Porur,South Chennai
NPIIN0000007432,HCP_07432,Urology,Chennai,Tambaram,South Chennai
NPIIN0000007433,HCP_07433,Pulmonology,Chennai,Porur,South Chennai
NPIIN0000007434,HCP_07434,Cardiology,Chennai,Egmore,Central Chennai
NPIIN0000007435,HCP_07435,Urology,Chennai,Kilpauk,Central Chennai
NPIIN0000007436,HCP_07436,Gastroenterology,Chennai,Madhavaram,North Chennai
NPIIN0000007437,HCP_07437,Neurology,Chennai,Kilpauk,Central Chennai
NPIIN0000007438,HCP_07438,Pulmonology,Chennai,Perambur,North Chennai
NPIIN0000007439,HCP_07439,Endocrinology,Chennai,Kilpauk,Central Chennai
NPIIN0000007440,HCP_07440,Endocrinology,Chennai,Guindy,South Chennai
NPIIN0000007441,HCP_07441,Cardiology,Chennai,Velachery,South Chennai
NPIIN0000007442,HCP_07442,Endocrinology,Chennai,Tambaram,South Chennai
NPIIN0000007443,HCP_07443,General Medicine,Chennai,Adyar,South Chennai
NPIIN0000007444,HCP_07444,Pulmonology,Chennai,Anna Nagar,Central Chennai
NPIIN0000007445,HCP_07445,Cardiology,Chennai,Anna Nagar,Central Chennai
NPIIN0000007446,HCP_07446,Pulmonology,Chennai,Adyar,South Chennai
NPIIN0000007447,HCP_07447,Diabetology,Chennai,Porur,South Chennai
NPIIN0000007448,HCP_07448,Diabetology,Chennai,Perambur,North Chennai
NPIIN0000007449,HCP_07449,Orthopedics,Chennai,Royapuram,North Chennai
NPIIN0000007450,HCP_07450,Orthopedics,Chennai,Madhavaram,North Chennai
NPIIN0000007451,HCP_07451,Dermatology,Chennai,Egmore,Central Chennai
NPIIN0000007452,HCP_07452,Cardiology,Chennai,Nungambakkam,Central Chennai
NPIIN0000007453,HCP_07453,Gastroenterology,Chennai,Ambattur,North Chennai
NPIIN0000007454,HCP_07454,Endocrinology,Chennai,Royapuram,North Chennai
NPIIN0000007455,HCP_07455,Pulmonology,Chennai,Velachery,South Chennai
NPIIN0000007456,HCP_07456,Urology,Chennai,Washermenpet,North Chennai
NPIIN0000007457,HCP_07457,General Medicine,Chennai,Adyar,South Chennai
NPIIN0000007458,HCP_07458,Urology,Chennai,Tambaram,South Chennai
NPIIN0000007459,HCP_07459,Neurology,Chennai,T Nagar,Central Chennai
NPIIN0000007460,HCP_07460,Diabetology,Chennai,Adyar,South Chennai
NPIIN0000007461,HCP_07461,Cardiology,Chennai,Madhavaram,North Chennai
NPIIN0000007462,HCP_07462,Dermatology,Chennai,Royapuram,North Chennai
NPIIN0000007463,HCP_07463,General Medicine,Chennai,Egmore,Central Chennai
NPIIN0000007464,HCP_07464,Cardiology,Chennai,Sholinganallur,South Chennai
NPIIN0000007465,HCP_07465,Cardiology,Chennai,Adyar,South Chennai
NPIIN0000007466,HCP_07466,Orthopedics,Chennai,Nungambakkam,Central Chennai
NPIIN0000007467,HCP_07467,Diabetology,Chennai,Kilpauk,Central Chennai
NPIIN0000007468,HCP_07468,Orthopedics,Chennai,Mylapore,Central Chennai
NPIIN0000007469,HCP_07469,Neurology,Chennai,Tambaram,South Chennai
NPIIN0000007470,HCP_07470,Diabetology,Chennai,Royapuram,North Chennai
NPIIN0000007471,HCP_07471,General Medicine,Chennai,Egmore,Central Chennai
NPIIN0000007472,HCP_07472,Gastroenterology,Chennai,Tambaram,South Chennai
NPIIN0000007473,HCP_07473,General Medicine,Chennai,Madhavaram,North Chennai
NPIIN0000007474,HCP_07474,Cardiology,Chennai,Tondiarpet,North Chennai
NPIIN0000007475,HCP_07475,Endocrinology,Chennai,Perambur,North Chennai
NPIIN0000007476,HCP_07476,Urology,Chennai,Washermenpet,North Chennai
NPIIN0000007477,HCP_07477,Neurology,Chennai,Royapuram,North Chennai
NPIIN0000007478,HCP_07478,General Medicine,Chennai,Egmore,Central Chennai
NPIIN0000007479,HCP_07479,Diabetology,Chennai,Ambattur,North Chennai
NPIIN0000007480,HCP_07480,General Medicine,Chennai,Tambaram,South Chennai
NPIIN0000007481,HCP_07481,Gastroenterology,Chennai,Ambattur,North Chennai
NPIIN0000007482,HCP_07482,Cardiology,Chennai,Porur,South Chennai
NPIIN0000007483,HCP_07483,Orthopedics,Chennai,Tondiarpet,North Chennai
NPIIN0000007484,HCP_07484,Dermatology,Chennai,Porur,South Chennai
NPIIN0000007485,HCP_07485,Diabetology,Chennai,Anna Nagar,Central Chennai
NPIIN0000007486,HCP_07486,Urology,Chennai,Adyar,South Chennai
NPIIN0000007487,HCP_07487,Neurology,Chennai,Mylapore,Central Chennai
NPIIN0000007488,HCP_07488,Neurology,Chennai,Kilpauk,Central Chennai
NPIIN0000007489,HCP_07489,Cardiology,Chennai,Anna Nagar,Central Chennai
NPIIN0000007490,HCP_07490,Urology,Chennai,Egmore,Central Chennai
NPIIN0000007491,HCP_07491,General Medicine,Chennai,Sholinganallur,South Chennai
NPIIN0000007492,HCP_07492,Dermatology,Chennai,Porur,South Chennai
NPIIN0000007493,HCP_07493,Diabetology,Chennai,Velachery,South Chennai
NPIIN0000007494,HCP_07494,Diabetology,Chennai,Mylapore,Central Chennai
NPIIN0000007495,HCP_07495,Orthopedics,Chennai,Guindy,South Chennai
NPIIN0000007496,HCP_07496,General Medicine,Chennai,Velachery,South Chennai
NPIIN0000007497,HCP_07497,Cardiology,Chennai,Nungambakkam,Central Chennai
NPIIN0000007498,HCP_07498,Dermatology,Chennai,Ambattur,North Chennai
NPIIN0000007499,HCP_07499,Endocrinology,Chennai,Porur,South Chennai
NPIIN0000007500,HCP_07500,Urology,Chennai,Egmore,Central Chennai
NPIIN0000007501,HCP_07501,Urology,Chennai,Washermenpet,North Chennai
NPIIN0000007502,HCP_07502,Cardiology,Chennai,Tambaram,South Chennai
NPIIN0000007503,HCP_07503,Pulmonology,Chennai,Nungambakkam,Central Chennai
NPIIN0000007504,HCP_07504,Orthopedics,Chennai,Washermenpet,North Chennai
NPIIN0000007505,HCP_07505,Orthopedics,Chennai,Tondiarpet,North Chennai
NPIIN0000007506,HCP_07506,General Medicine,Chennai,Adyar,South Chennai
NPIIN0000007507,HCP_07507,Neurology,Chennai,Porur,South Chennai
NPIIN0000007508,HCP_07508,Pulmonology,Chennai,Adyar,South Chennai
NPIIN0000007509,HCP_07509,Endocrinology,Chennai,Velachery,South Chennai
NPIIN0000007510,HCP_07510,Neurology,Chennai,Madhavaram,North Chennai
NPIIN0000007511,HCP_07511,General Medicine,Chennai,Ambattur,North Chennai
NPIIN0000007512,HCP_07512,General Medicine,Chennai,Ambattur,North Chennai
NPIIN0000007513,HCP_07513,General Medicine,Chennai,Anna Nagar,Central Chennai
NPIIN0000007514,HCP_07514,Dermatology,Chennai,Porur,South Chennai
NPIIN0000007515,HCP_07515,Endocrinology,Chennai,Adyar,South Chennai
NPIIN0000007516,HCP_07516,Diabetology,Chennai,Royapuram,North Chennai
NPIIN0000007517,HCP_07517,Cardiology,Chennai,Sholinganallur,South Chennai
NPIIN0000007518,HCP_07518,Endocrinology,Chennai,Guindy,South Chennai
NPIIN0000007519,HCP_07519,Orthopedics,Chennai,Tondiarpet,North Chennai
NPIIN0000007520,HCP_07520,General Medicine,Chennai,Kilpauk,Central Chennai
NPIIN0000007521,HCP_07521,Endocrinology,Chennai,Egmore,Central Chennai
NPIIN0000007522,HCP_07522,Orthopedics,Chennai,Perambur,North Chennai
NPIIN0000007523,HCP_07523,Cardiology,Chennai,Perambur,North Chennai
NPIIN0000007524,HCP_07524,General Medicine,Chennai,Mylapore,Central Chennai
NPIIN0000007525,HCP_07525,Dermatology,Chennai,Mylapore,Central Chennai
NPIIN0000007526,HCP_07526,Gastroenterology,Chennai,Egmore,Central Chennai
NPIIN0000007527,HCP_07527,Endocrinology,Chennai,Guindy,South Chennai
NPIIN0000007528,HCP_07528,Neurology,Chennai,Tambaram,South Chennai
NPIIN0000007529,HCP_07529,Pulmonology,Chennai,Madhavaram,North Chennai
NPIIN0000007530,HCP_07530,Neurology,Chennai,Kilpauk,Central Chennai
NPIIN0000007531,HCP_07531,Diabetology,Chennai,Egmore,Central Chennai
NPIIN0000007532,HCP_07532,Dermatology,Chennai,Anna Nagar,Central Chennai
NPIIN0000007533,HCP_07533,Pulmonology,Chennai,Madhavaram,North Chennai
NPIIN0000007534,HCP_07534,Gastroenterology,Chennai,Mylapore,Central Chennai
NPIIN0000007535,HCP_07535,Orthopedics,Chennai,Mylapore,Central Chennai
NPIIN0000007536,HCP_07536,Dermatology,Chennai,Guindy,South Chennai
NPIIN0000007537,HCP_07537,Gastroenterology,Chennai,Royapuram,North Chennai
NPIIN0000007538,HCP_07538,Diabetology,Chennai,Adyar,South Chennai
NPIIN0000007539,HCP_07539,Cardiology,Chennai,Anna Nagar,Central Chennai
NPIIN0000007540,HCP_07540,Pulmonology,Chennai,Mylapore,Central Chennai
NPIIN0000007541,HCP_07541,Cardiology,Chennai,Sholinganallur,South Chennai
NPIIN0000007542,HCP_07542,Gastroenterology,Chennai,Tondiarpet,North Chennai
NPIIN0000007543,HCP_07543,Gastroenterology,Chennai,Adyar,South Chennai
NPIIN0000007544,HCP_07544,Pulmonology,Chennai,Adyar,South Chennai
NPIIN0000007545,HCP_07545,Endocrinology,Chennai,Tondiarpet,North Chennai
NPIIN0000007546,HCP_07546,Urology,Chennai,Mylapore,Central Chennai
NPIIN0000007547,HCP_07547,Pulmonology,Chennai,Perambur,North Chennai
NPIIN0000007548,HCP_07548,General Medicine,Chennai,T Nagar,Central Chennai
NPIIN0000007549,HCP_07549,Pulmonology,Chennai,T Nagar,Central Chennai
NPIIN0000007550,HCP_07550,Cardiology,Chennai,Nungambakkam,Central Chennai
NPIIN0000007551,HCP_07551,Gastroenterology,Chennai,Tambaram,South Chennai
NPIIN0000007552,HCP_07552,Cardiology,Chennai,Sholinganallur,South Chennai
NPIIN0000007553,HCP_07553,Pulmonology,Chennai,Anna Nagar,Central Chennai
NPIIN0000007554,HCP_07554,Endocrinology,Chennai,Egmore,Central Chennai
NPIIN0000007555,HCP_07555,Endocrinology,Chennai,Tambaram,South Chennai
NPIIN0000007556,HCP_07556,Endocrinology,Chennai,Adyar,South Chennai
NPIIN0000007557,HCP_07557,Cardiology,Chennai,Kilpauk,Central Chennai
NPIIN0000007558,HCP_07558,Urology,Chennai,Mylapore,Central Chennai
NPIIN0000007559,HCP_07559,Dermatology,Chennai,Sholinganallur,South Chennai
NPIIN0000007560,HCP_07560,Cardiology,Chennai,Sholinganallur,South Chennai
NPIIN0000007561,HCP_07561,Cardiology,Chennai,Adyar,South Chennai
NPIIN0000007562,HCP_07562,Gastroenterology,Chennai,Mylapore,Central Chennai
NPIIN0000007563,HCP_07563,Cardiology,Chennai,Nungambakkam,Central Chennai
NPIIN0000007564,HCP_07564,General Medicine,Chennai,Madhavaram,North Chennai
NPIIN0000007565,HCP_07565,Cardiology,Chennai,Anna Nagar,Central Chennai
NPIIN0000007566,HCP_07566,Pulmonology,Chennai,Adyar,South Chennai
NPIIN0000007567,HCP_07567,Orthopedics,Chennai,Anna Nagar,Central Chennai
NPIIN0000007568,HCP_07568,Endocrinology,Chennai,Guindy,South Chennai
NPIIN0000007569,HCP_07569,Orthopedics,Chennai,Sholinganallur,South Chennai
NPIIN0000007570,HCP_07570,Urology,Chennai,Velachery,South Chennai
NPIIN0000007571,HCP_07571,Orthopedics,Chennai,Adyar,South Chennai
NPIIN0000007572,HCP_07572,Gastroenterology,Chennai,Tambaram,South Chennai
NPIIN0000007573,HCP_07573,Dermatology,Chennai,Kilpauk,Central Chennai
NPIIN0000007574,HCP_07574,Pulmonology,Chennai,Tondiarpet,North Chennai
NPIIN0000007575,HCP_07575,Urology,Chennai,Kilpauk,Central Chennai
NPIIN0000007576,HCP_07576,Cardiology,Chennai,Velachery,South Chennai
NPIIN0000007577,HCP_07577,Gastroenterology,Chennai,Adyar,South Chennai
NPIIN0000007578,HCP_07578,Pulmonology,Chennai,Nungambakkam,Central Chennai
NPIIN0000007579,HCP_07579,Cardiology,Chennai,Egmore,Central Chennai
NPIIN0000007580,HCP_07580,Diabetology,Chennai,Tondiarpet,North Chennai
NPIIN0000007581,HCP_07581,Endocrinology,Chennai,Anna Nagar,Central Chennai
NPIIN0000007582,HCP_07582,General Medicine,Chennai,Sholinganallur,South Chennai
NPIIN0000007583,HCP_07583,Endocrinology,Chennai,Mylapore,Central Chennai
NPIIN0000007584,HCP_07584,Diabetology,Chennai,Porur,South Chennai
NPIIN0000007585,HCP_07585,Diabetology,Chennai,Madhavaram,North Chennai
NPIIN0000007586,HCP_07586,Pulmonology,Chennai,Perambur,North Chennai
NPIIN0000007587,HCP_07587,Cardiology,Chennai,Nungambakkam,Central Chennai
NPIIN0000007588,HCP_07588,Diabetology,Chennai,Guindy,South Chennai
NPIIN0000007589,HCP_07589,Diabetology,Chennai,Ambattur,North Chennai
NPIIN0000007590,HCP_07590,General Medicine,Chennai,Ambattur,North Chennai
NPIIN0000007591,HCP_07591,Cardiology,Chennai,Washermenpet,North Chennai
NPIIN0000007592,HCP_07592,Orthopedics,Chennai,Sholinganallur,South Chennai
NPIIN0000007593,HCP_07593,Diabetology,Chennai,Porur,South Chennai
NPIIN0000007594,HCP_07594,Diabetology,Chennai,Sholinganallur,South Chennai
NPIIN0000007595,HCP_07595,Pulmonology,Chennai,Madhavaram,North Chennai
NPIIN0000007596,HCP_07596,Dermatology,Chennai,Adyar,South Chennai
NPIIN0000007597,HCP_07597,General Medicine,Chennai,Egmore,Central Chennai
NPIIN0000007598,HCP_07598,Diabetology,Chennai,Guindy,South Chennai
NPIIN0000007599,HCP_07599,Pulmonology,Chennai,Tondiarpet,North Chennai
NPIIN0000007600,HCP_07600,General Medicine,Chennai,Madhavaram,North Chennai
NPIIN0000007601,HCP_07601,General Medicine,Chennai,Adyar,South Chennai
NPIIN0000007602,HCP_07602,Orthopedics,Chennai,Velachery,South Chennai
NPIIN0000007603,HCP_07603,Orthopedics,Chennai,Madhavaram,North Chennai
NPIIN0000007604,HCP_07604,Pulmonology,Chennai,Tondiarpet,North Chennai
NPIIN0000007605,HCP_07605,Cardiology,Chennai,Porur,South Chennai
NPIIN0000007606,HCP_07606,Pulmonology,Chennai,Porur,South Chennai
NPIIN0000007607,HCP_07607,Orthopedics,Chennai,Guindy,South Chennai
NPIIN0000007608,HCP_07608,Urology,Chennai,Nungambakkam,Central Chennai
NPIIN0000007609,HCP_07609,Endocrinology,Chennai,Nungambakkam,Central Chennai
NPIIN0000007610,HCP_07610,Endocrinology,Chennai,Guindy,South Chennai
NPIIN0000007611,HCP_07611,Endocrinology,Chennai,Velachery,South Chennai
NPIIN0000007612,HCP_07612,Dermatology,Chennai,Guindy,South Chennai
NPIIN0000007613,HCP_07613,General Medicine,Chennai,Tambaram,South Chennai
NPIIN0000007614,HCP_07614,General Medicine,Chennai,Madhavaram,North Chennai
NPIIN0000007615,HCP_07615,Diabetology,Chennai,Tondiarpet,North Chennai
NPIIN0000007616,HCP_07616,Diabetology,Chennai,Porur,South Chennai
NPIIN0000007617,HCP_07617,Urology,Chennai,Anna Nagar,Central Chennai
NPIIN0000007618,HCP_07618,General Medicine,Chennai,Tambaram,South Chennai
NPIIN0000007619,HCP_07619,Diabetology,Chennai,Velachery,South Chennai
NPIIN0000007620,HCP_07620,Gastroenterology,Chennai,Porur,South Chennai
NPIIN0000007621,HCP_07621,Neurology,Chennai,Kilpauk,Central Chennai
NPIIN0000007622,HCP_07622,Gastroenterology,Chennai,Guindy,South Chennai
NPIIN0000007623,HCP_07623,Dermatology,Chennai,Nungambakkam,Central Chennai
NPIIN0000007624,HCP_07624,Cardiology,Chennai,Mylapore,Central Chennai
NPIIN0000007625,HCP_07625,Cardiology,Chennai,Royapuram,North Chennai
NPIIN0000007626,HCP_07626,Cardiology,Chennai,Anna Nagar,Central Chennai
NPIIN0000007627,HCP_07627,Neurology,Chennai,Guindy,South Chennai
NPIIN0000007628,HCP_07628,Orthopedics,Chennai,Porur,South Chennai
NPIIN0000007629,HCP_07629,General Medicine,Chennai,Kilpauk,Central Chennai
NPIIN0000007630,HCP_07630,Gastroenterology,Chennai,Velachery,South Chennai
NPIIN0000007631,HCP_07631,Gastroenterology,Chennai,Royapuram,North Chennai
NPIIN0000007632,HCP_07632,Orthopedics,Chennai,Adyar,South Chennai
NPIIN0000007633,HCP_07633,General Medicine,Chennai,Adyar,South Chennai
NPIIN0000007634,HCP_07634,Endocrinology,Chennai,Tondiarpet,North Chennai
NPIIN0000007635,HCP_07635,Gastroenterology,Chennai,Egmore,Central Chennai
NPIIN0000007636,HCP_07636,Dermatology,Chennai,T Nagar,Central Chennai
NPIIN0000007637,HCP_07637,Neurology,Chennai,Madhavaram,North Chennai
NPIIN0000007638,HCP_07638,Urology,Chennai,Porur,South Chennai
NPIIN0000007639,HCP_07639,General Medicine,Chennai,Perambur,North Chennai
NPIIN0000007640,HCP_07640,Neurology,Chennai,Washermenpet,North Chennai
NPIIN0000007641,HCP_07641,Diabetology,Chennai,Anna Nagar,Central Chennai
NPIIN0000007642,HCP_07642,General Medicine,Chennai,Guindy,South Chennai
NPIIN0000007643,HCP_07643,Diabetology,Chennai,Egmore,Central Chennai
NPIIN0000007644,HCP_07644,Endocrinology,Chennai,Sholinganallur,South Chennai
NPIIN0000007645,HCP_07645,Cardiology,Chennai,Adyar,South Chennai
NPIIN0000007646,HCP_07646,Neurology,Chennai,Egmore,Central Chennai
NPIIN0000007647,HCP_07647,Urology,Chennai,T Nagar,Central Chennai
NPIIN0000007648,HCP_07648,Diabetology,Chennai,Royapuram,North Chennai
NPIIN0000007649,HCP_07649,General Medicine,Chennai,Kilpauk,Central Chennai
NPIIN0000007650,HCP_07650,Cardiology,Chennai,Sholinganallur,South Chennai
NPIIN0000007651,HCP_07651,General Medicine,Chennai,Adyar,South Chennai
NPIIN0000007652,HCP_07652,Diabetology,Chennai,T Nagar,Central Chennai
NPIIN0000007653,HCP_07653,Pulmonology,Chennai,Royapuram,North Chennai
NPIIN0000007654,HCP_07654,Urology,Chennai,Mylapore,Central Chennai
NPIIN0000007655,HCP_07655,General Medicine,Chennai,Nungambakkam,Central Chennai
NPIIN0000007656,HCP_07656,Neurology,Chennai,Velachery,South Chennai
NPIIN0000007657,HCP_07657,Neurology,Chennai,Adyar,South Chennai
NPIIN0000007658,HCP_07658,Endocrinology,Chennai,Adyar,South Chennai
NPIIN0000007659,HCP_07659,General Medicine,Chennai,T Nagar,Central Chennai
NPIIN0000007660,HCP_07660,Cardiology,Chennai,Royapuram,North Chennai
NPIIN0000007661,HCP_07661,General Medicine,Chennai,Perambur,North Chennai
NPIIN0000007662,HCP_07662,Urology,Chennai,Sholinganallur,South Chennai
NPIIN0000007663,HCP_07663,General Medicine,Chennai,Velachery,South Chennai
NPIIN0000007664,HCP_07664,General Medicine,Chennai,Guindy,South Chennai
NPIIN0000007665,HCP_07665,Endocrinology,Chennai,Mylapore,Central Chennai
NPIIN0000007666,HCP_07666,Diabetology,Chennai,Royapuram,North Chennai
NPIIN0000007667,HCP_07667,Orthopedics,Chennai,Adyar,South Chennai
NPIIN0000007668,HCP_07668,Diabetology,Chennai,Madhavaram,North Chennai
NPIIN0000007669,HCP_07669,Gastroenterology,Chennai,Sholinganallur,South Chennai
NPIIN0000007670,HCP_07670,Cardiology,Chennai,Washermenpet,North Chennai
NPIIN0000007671,HCP_07671,Cardiology,Chennai,Porur,South Chennai
NPIIN0000007672,HCP_07672,Diabetology,Chennai,T Nagar,Central Chennai
NPIIN0000007673,HCP_07673,Urology,Chennai,Sholinganallur,South Chennai
NPIIN0000007674,HCP_07674,Endocrinology,Chennai,Royapuram,North Chennai
NPIIN0000007675,HCP_07675,Gastroenterology,Chennai,Washermenpet,North Chennai
NPIIN0000007676,HCP_07676,Endocrinology,Chennai,Madhavaram,North Chennai
NPIIN0000007677,HCP_07677,Pulmonology,Chennai,Kilpauk,Central Chennai
NPIIN0000007678,HCP_07678,Pulmonology,Chennai,Porur,South Chennai
NPIIN0000007679,HCP_07679,Pulmonology,Chennai,Adyar,South Chennai
NPIIN0000007680,HCP_07680,Diabetology,Chennai,Adyar,South Chennai
NPIIN0000007681,HCP_07681,Endocrinology,Chennai,Sholinganallur,South Chennai
NPIIN0000007682,HCP_07682,Urology,Chennai,Tambaram,South Chennai
NPIIN0000007683,HCP_07683,Pulmonology,Chennai,Perambur,North Chennai
NPIIN0000007684,HCP_07684,Endocrinology,Chennai,Tambaram,South Chennai
NPIIN0000007685,HCP_07685,General Medicine,Chennai,Egmore,Central Chennai
NPIIN0000007686,HCP_07686,Cardiology,Chennai,Guindy,South Chennai
NPIIN0000007687,HCP_07687,General Medicine,Chennai,Washermenpet,North Chennai
NPIIN0000007688,HCP_07688,General Medicine,Chennai,Sholinganallur,South Chennai
NPIIN0000007689,HCP_07689,Cardiology,Chennai,Royapuram,North Chennai
NPIIN0000007690,HCP_07690,General Medicine,Chennai,Washermenpet,North Chennai
NPIIN0000007691,HCP_07691,Neurology,Chennai,Nungambakkam,Central Chennai
NPIIN0000007692,HCP_07692,Urology,Chennai,Royapuram,North Chennai
NPIIN0000007693,HCP_07693,Neurology,Chennai,Royapuram,North Chennai
NPIIN0000007694,HCP_07694,General Medicine,Chennai,Anna Nagar,Central Chennai
NPIIN0000007695,HCP_07695,Gastroenterology,Chennai,Anna Nagar,Central Chennai
NPIIN0000007696,HCP_07696,Diabetology,Chennai,Madhavaram,North Chennai
NPIIN0000007697,HCP_07697,Neurology,Chennai,Mylapore,Central Chennai
NPIIN0000007698,HCP_07698,Cardiology,Chennai,Sholinganallur,South Chennai
NPIIN0000007699,HCP_07699,Cardiology,Chennai,Mylapore,Central Chennai
NPIIN0000007700,HCP_07700,Pulmonology,Chennai,Madhavaram,North Chennai
NPIIN0000007701,HCP_07701,Endocrinology,Chennai,Kilpauk,Central Chennai
NPIIN0000007702,HCP_07702,Neurology,Chennai,Ambattur,North Chennai
NPIIN0000007703,HCP_07703,Neurology,Chennai,Madhavaram,North Chennai
NPIIN0000007704,HCP_07704,Cardiology,Chennai,Sholinganallur,South Chennai
NPIIN0000007705,HCP_07705,General Medicine,Chennai,Washermenpet,North Chennai
NPIIN0000007706,HCP_07706,Pulmonology,Chennai,Tondiarpet,North Chennai
NPIIN0000007707,HCP_07707,Gastroenterology,Chennai,Anna Nagar,Central Chennai
NPIIN0000007708,HCP_07708,Dermatology,Chennai,Perambur,North Chennai
NPIIN0000007709,HCP_07709,General Medicine,Chennai,Tondiarpet,North Chennai
NPIIN0000007710,HCP_07710,Dermatology,Chennai,Tambaram,South Chennai
NPIIN0000007711,HCP_07711,General Medicine,Chennai,Tondiarpet,North Chennai
NPIIN0000007712,HCP_07712,Cardiology,Chennai,Porur,South Chennai
NPIIN0000007713,HCP_07713,Pulmonology,Chennai,Tondiarpet,North Chennai
NPIIN0000007714,HCP_07714,Diabetology,Chennai,Anna Nagar,Central Chennai
NPIIN0000007715,HCP_07715,Cardiology,Chennai,Egmore,Central Chennai
NPIIN0000007716,HCP_07716,Diabetology,Chennai,Nungambakkam,Central Chennai
NPIIN0000007717,HCP_07717,Dermatology,Chennai,Ambattur,North Chennai
NPIIN0000007718,HCP_07718,Urology,Chennai,Adyar,South Chennai
NPIIN0000007719,HCP_07719,Orthopedics,Chennai,Sholinganallur,South Chennai
NPIIN0000007720,HCP_07720,Diabetology,Chennai,Ambattur,North Chennai
NPIIN0000007721,HCP_07721,General Medicine,Chennai,Nungambakkam,Central Chennai
NPIIN0000007722,HCP_07722,Dermatology,Chennai,Tambaram,South Chennai
NPIIN0000007723,HCP_07723,Diabetology,Chennai,Mylapore,Central Chennai
NPIIN0000007724,HCP_07724,General Medicine,Chennai,Ambattur,North Chennai
NPIIN0000007725,HCP_07725,Endocrinology,Chennai,Guindy,South Chennai
NPIIN0000007726,HCP_07726,Pulmonology,Chennai,Tondiarpet,North Chennai
NPIIN0000007727,HCP_07727,Neurology,Chennai,Mylapore,Central Chennai
NPIIN0000007728,HCP_07728,Diabetology,Chennai,Anna Nagar,Central Chennai
NPIIN0000007729,HCP_07729,Cardiology,Chennai,Madhavaram,North Chennai
NPIIN0000007730,HCP_07730,Gastroenterology,Chennai,Mylapore,Central Chennai
NPIIN0000007731,HCP_07731,Pulmonology,Chennai,Porur,South Chennai
NPIIN0000007732,HCP_07732,Endocrinology,Chennai,Ambattur,North Chennai
NPIIN0000007733,HCP_07733,Diabetology,Chennai,Egmore,Central Chennai
NPIIN0000007734,HCP_07734,Orthopedics,Chennai,Nungambakkam,Central Chennai
NPIIN0000007735,HCP_07735,Neurology,Chennai,Sholinganallur,South Chennai
NPIIN0000007736,HCP_07736,Pulmonology,Chennai,Royapuram,North Chennai
NPIIN0000007737,HCP_07737,Neurology,Chennai,Velachery,South Chennai
NPIIN0000007738,HCP_07738,Orthopedics,Chennai,Royapuram,North Chennai
NPIIN0000007739,HCP_07739,General Medicine,Chennai,T Nagar,Central Chennai
NPIIN0000007740,HCP_07740,Diabetology,Chennai,Washermenpet,North Chennai
NPIIN0000007741,HCP_07741,General Medicine,Chennai,Perambur,North Chennai
NPIIN0000007742,HCP_07742,Dermatology,Chennai,Perambur,North Chennai
NPIIN0000007743,HCP_07743,Cardiology,Chennai,Guindy,South Chennai
NPIIN0000007744,HCP_07744,Endocrinology,Chennai,Guindy,South Chennai
NPIIN0000007745,HCP_07745,Endocrinology,Chennai,Guindy,South Chennai
NPIIN0000007746,HCP_07746,Neurology,Chennai,Washermenpet,North Chennai
NPIIN0000007747,HCP_07747,Neurology,Chennai,Madhavaram,North Chennai
NPIIN0000007748,HCP_07748,General Medicine,Chennai,Porur,South Chennai
NPIIN0000007749,HCP_07749,Diabetology,Chennai,Anna Nagar,Central Chennai
NPIIN0000007750,HCP_07750,Gastroenterology,Chennai,Porur,South Chennai
NPIIN0000007751,HCP_07751,Cardiology,Chennai,Velachery,South Chennai
NPIIN0000007752,HCP_07752,Gastroenterology,Chennai,Anna Nagar,Central Chennai
NPIIN0000007753,HCP_07753,Endocrinology,Chennai,Tambaram,South Chennai
NPIIN0000007754,HCP_07754,Urology,Chennai,Velachery,South Chennai
NPIIN0000007755,HCP_07755,General Medicine,Chennai,Washermenpet,North Chennai
NPIIN0000007756,HCP_07756,Neurology,Chennai,Sholinganallur,South Chennai
NPIIN0000007757,HCP_07757,Cardiology,Chennai,Mylapore,Central Chennai
NPIIN0000007758,HCP_07758,Diabetology,Chennai,Nungambakkam,Central Chennai
NPIIN0000007759,HCP_07759,Neurology,Chennai,Mylapore,Central Chennai
NPIIN0000007760,HCP_07760,Pulmonology,Chennai,Washermenpet,North Chennai
NPIIN0000007761,HCP_07761,Gastroenterology,Chennai,Washermenpet,North Chennai
NPIIN0000007762,HCP_07762,Pulmonology,Chennai,Sholinganallur,South Chennai
NPIIN0000007763,HCP_07763,Pulmonology,Chennai,T Nagar,Central Chennai
NPIIN0000007764,HCP_07764,Dermatology,Chennai,Nungambakkam,Central Chennai
NPIIN0000007765,HCP_07765,General Medicine,Chennai,Sholinganallur,South Chennai
NPIIN0000007766,HCP_07766,Urology,Chennai,T Nagar,Central Chennai
NPIIN0000007767,HCP_07767,General Medicine,Chennai,Guindy,South Chennai
NPIIN0000007768,HCP_07768,Diabetology,Chennai,Perambur,North Chennai
NPIIN0000007769,HCP_07769,Gastroenterology,Chennai,Guindy,South Chennai
NPIIN0000007770,HCP_07770,Cardiology,Chennai,Tambaram,South Chennai
NPIIN0000007771,HCP_07771,Endocrinology,Chennai,Anna Nagar,Central Chennai
NPIIN0000007772,HCP_07772,Cardiology,Chennai,Anna Nagar,Central Chennai
NPIIN0000007773,HCP_07773,General Medicine,Chennai,Kilpauk,Central Chennai
NPIIN0000007774,HCP_07774,Pulmonology,Chennai,Guindy,South Chennai
NPIIN0000007775,HCP_07775,Cardiology,Chennai,Guindy,South Chennai
NPIIN0000007776,HCP_07776,Endocrinology,Chennai,Perambur,North Chennai
NPIIN0000007777,HCP_07777,Diabetology,Chennai,T Nagar,Central Chennai
NPIIN0000007778,HCP_07778,Diabetology,Chennai,Adyar,South Chennai
NPIIN0000007779,HCP_07779,Cardiology,Chennai,Anna Nagar,Central Chennai
NPIIN0000007780,HCP_07780,Endocrinology,Chennai,Porur,South Chennai
NPIIN0000007781,HCP_07781,Dermatology,Chennai,Porur,South Chennai
NPIIN0000007782,HCP_07782,Neurology,Chennai,Nungambakkam,Central Chennai
NPIIN0000007783,HCP_07783,Diabetology,Chennai,Royapuram,North Chennai
NPIIN0000007784,HCP_07784,Diabetology,Chennai,Nungambakkam,Central Chennai
NPIIN0000007785,HCP_07785,Cardiology,Chennai,Washermenpet,North Chennai
NPIIN0000007786,HCP_07786,General Medicine,Chennai,Guindy,South Chennai
NPIIN0000007787,HCP_07787,General Medicine,Chennai,Tambaram,South Chennai
NPIIN0000007788,HCP_07788,Urology,Chennai,Tambaram,South Chennai
NPIIN0000007789,HCP_07789,Gastroenterology,Chennai,Royapuram,North Chennai
NPIIN0000007790,HCP_07790,General Medicine,Chennai,Anna Nagar,Central Chennai
NPIIN0000007791,HCP_07791,Cardiology,Chennai,Sholinganallur,South Chennai
NPIIN0000007792,HCP_07792,Neurology,Chennai,Tondiarpet,North Chennai
NPIIN0000007793,HCP_07793,Orthopedics,Chennai,Anna Nagar,Central Chennai
NPIIN0000007794,HCP_07794,Cardiology,Chennai,Tondiarpet,North Chennai
NPIIN0000007795,HCP_07795,Dermatology,Chennai,Porur,South Chennai
NPIIN0000007796,HCP_07796,Endocrinology,Chennai,Velachery,South Chennai
NPIIN0000007797,HCP_07797,Neurology,Chennai,Nungambakkam,Central Chennai
NPIIN0000007798,HCP_07798,Endocrinology,Chennai,Guindy,South Chennai
NPIIN0000007799,HCP_07799,Pulmonology,Chennai,Tondiarpet,North Chennai
NPIIN0000007800,HCP_07800,Endocrinology,Chennai,T Nagar,Central Chennai
NPIIN0000007801,HCP_07801,Pulmonology,Chennai,Kilpauk,Central Chennai
NPIIN0000007802,HCP_07802,Pulmonology,Chennai,Tambaram,South Chennai
NPIIN0000007803,HCP_07803,Pulmonology,Chennai,Tondiarpet,North Chennai
NPIIN0000007804,HCP_07804,Neurology,Chennai,Washermenpet,North Chennai
NPIIN0000007805,HCP_07805,Cardiology,Chennai,Anna Nagar,Central Chennai
NPIIN0000007806,HCP_07806,Neurology,Chennai,Guindy,South Chennai
NPIIN0000007807,HCP_07807,Endocrinology,Chennai,Porur,South Chennai
NPIIN0000007808,HCP_07808,Neurology,Chennai,Egmore,Central Chennai
NPIIN0000007809,HCP_07809,Cardiology,Chennai,Adyar,South Chennai
NPIIN0000007810,HCP_07810,General Medicine,Chennai,Nungambakkam,Central Chennai
NPIIN0000007811,HCP_07811,General Medicine,Chennai,Nungambakkam,Central Chennai
NPIIN0000007812,HCP_07812,Orthopedics,Chennai,Perambur,North Chennai
NPIIN0000007813,HCP_07813,Neurology,Chennai,Adyar,South Chennai
NPIIN0000007814,HCP_07814,Cardiology,Chennai,Egmore,Central Chennai
NPIIN0000007815,HCP_07815,Neurology,Chennai,Madhavaram,North Chennai
NPIIN0000007816,HCP_07816,Endocrinology,Chennai,Nungambakkam,Central Chennai
NPIIN0000007817,HCP_07817,Diabetology,Chennai,Ambattur,North Chennai
NPIIN0000007818,HCP_07818,General Medicine,Chennai,Porur,South Chennai
NPIIN0000007819,HCP_07819,Gastroenterology,Chennai,Tambaram,South Chennai
NPIIN0000007820,HCP_07820,Orthopedics,Chennai,Ambattur,North Chennai
NPIIN0000007821,HCP_07821,Urology,Chennai,Adyar,South Chennai
NPIIN0000007822,HCP_07822,Endocrinology,Chennai,Washermenpet,North Chennai
NPIIN0000007823,HCP_07823,Cardiology,Chennai,Anna Nagar,Central Chennai
NPIIN0000007824,HCP_07824,Dermatology,Chennai,Anna Nagar,Central Chennai
NPIIN0000007825,HCP_07825,Diabetology,Chennai,Velachery,South Chennai
NPIIN0000007826,HCP_07826,Pulmonology,Chennai,Egmore,Central Chennai
NPIIN0000007827,HCP_07827,Orthopedics,Chennai,Guindy,South Chennai
NPIIN0000007828,HCP_07828,Endocrinology,Chennai,Kilpauk,Central Chennai
NPIIN0000007829,HCP_07829,General Medicine,Chennai,Sholinganallur,South Chennai
NPIIN0000007830,HCP_07830,Urology,Chennai,Anna Nagar,Central Chennai
NPIIN0000007831,HCP_07831,Neurology,Chennai,Guindy,South Chennai
NPIIN0000007832,HCP_07832,Orthopedics,Chennai,Tambaram,South Chennai
NPIIN0000007833,HCP_07833,Neurology,Chennai,Kilpauk,Central Chennai
NPIIN0000007834,HCP_07834,Diabetology,Chennai,Sholinganallur,South Chennai
NPIIN0000007835,HCP_07835,Dermatology,Chennai,Madhavaram,North Chennai
NPIIN0000007836,HCP_07836,Gastroenterology,Chennai,T Nagar,Central Chennai
NPIIN0000007837,HCP_07837,Orthopedics,Chennai,Nungambakkam,Central Chennai
NPIIN0000007838,HCP_07838,General Medicine,Chennai,Guindy,South Chennai
NPIIN0000007839,HCP_07839,General Medicine,Chennai,Porur,South Chennai
NPIIN0000007840,HCP_07840,Diabetology,Chennai,T Nagar,Central Chennai
NPIIN0000007841,HCP_07841,Diabetology,Chennai,Velachery,South Chennai
NPIIN0000007842,HCP_07842,Orthopedics,Chennai,Mylapore,Central Chennai
NPIIN0000007843,HCP_07843,Orthopedics,Chennai,T Nagar,Central Chennai
NPIIN0000007844,HCP_07844,General Medicine,Chennai,Madhavaram,North Chennai
NPIIN0000007845,HCP_07845,Orthopedics,Chennai,Nungambakkam,Central Chennai
NPIIN0000007846,HCP_07846,General Medicine,Chennai,Kilpauk,Central Chennai
NPIIN0000007847,HCP_07847,Dermatology,Chennai,Royapuram,North Chennai
NPIIN0000007848,HCP_07848,Neurology,Chennai,Egmore,Central Chennai
NPIIN0000007849,HCP_07849,Gastroenterology,Chennai,Egmore,Central Chennai
NPIIN0000007850,HCP_07850,Gastroenterology,Chennai,Porur,South Chennai
NPIIN0000007851,HCP_07851,Neurology,Chennai,Ambattur,North Chennai
NPIIN0000007852,HCP_07852,Dermatology,Chennai,Adyar,South Chennai
NPIIN0000007853,HCP_07853,General Medicine,Chennai,Tondiarpet,North Chennai
NPIIN0000007854,HCP_07854,Dermatology,Chennai,Perambur,North Chennai
NPIIN0000007855,HCP_07855,Endocrinology,Chennai,Mylapore,Central Chennai
NPIIN0000007856,HCP_07856,Endocrinology,Chennai,Velachery,South Chennai
NPIIN0000007857,HCP_07857,Gastroenterology,Chennai,Mylapore,Central Chennai
NPIIN0000007858,HCP_07858,Gastroenterology,Chennai,Nungambakkam,Central Chennai
NPIIN0000007859,HCP_07859,Urology,Chennai,Velachery,South Chennai
NPIIN0000007860,HCP_07860,Diabetology,Chennai,Guindy,South Chennai
NPIIN0000007861,HCP_07861,Cardiology,Chennai,Royapuram,North Chennai
NPIIN0000007862,HCP_07862,General Medicine,Chennai,Anna Nagar,Central Chennai
NPIIN0000007863,HCP_07863,Urology,Chennai,Kilpauk,Central Chennai
NPIIN0000007864,HCP_07864,Orthopedics,Chennai,Perambur,North Chennai
NPIIN0000007865,HCP_07865,Dermatology,Chennai,Adyar,South Chennai
NPIIN0000007866,HCP_07866,General Medicine,Chennai,Ambattur,North Chennai
NPIIN0000007867,HCP_07867,Urology,Chennai,Egmore,Central Chennai
NPIIN0000007868,HCP_07868,Endocrinology,Chennai,Mylapore,Central Chennai
NPIIN0000007869,HCP_07869,Urology,Chennai,Royapuram,North Chennai
NPIIN0000007870,HCP_07870,Pulmonology,Chennai,Tambaram,South Chennai
NPIIN0000007871,HCP_07871,General Medicine,Chennai,Kilpauk,Central Chennai
NPIIN0000007872,HCP_07872,Pulmonology,Chennai,Mylapore,Central Chennai
NPIIN0000007873,HCP_07873,Gastroenterology,Chennai,T Nagar,Central Chennai
NPIIN0000007874,HCP_07874,Diabetology,Chennai,Mylapore,Central Chennai
NPIIN0000007875,HCP_07875,Cardiology,Chennai,Royapuram,North Chennai
NPIIN0000007876,HCP_07876,Gastroenterology,Chennai,Nungambakkam,Central Chennai
NPIIN0000007877,HCP_07877,Orthopedics,Chennai,Porur,South Chennai
NPIIN0000007878,HCP_07878,Neurology,Chennai,Velachery,South Chennai
NPIIN0000007879,HCP_07879,Endocrinology,Chennai,Porur,South Chennai
NPIIN0000007880,HCP_07880,Neurology,Chennai,Porur,South Chennai
NPIIN0000007881,HCP_07881,Cardiology,Chennai,Kilpauk,Central Chennai
NPIIN0000007882,HCP_07882,Diabetology,Chennai,Kilpauk,Central Chennai
NPIIN0000007883,HCP_07883,Cardiology,Chennai,Nungambakkam,Central Chennai
NPIIN0000007884,HCP_07884,General Medicine,Chennai,Porur,South Chennai
NPIIN0000007885,HCP_07885,Diabetology,Chennai,Nungambakkam,Central Chennai
NPIIN0000007886,HCP_07886,Cardiology,Chennai,Ambattur,North Chennai
NPIIN0000007887,HCP_07887,Diabetology,Chennai,T Nagar,Central Chennai
NPIIN0000007888,HCP_07888,Neurology,Chennai,Mylapore,Central Chennai
NPIIN0000007889,HCP_07889,Diabetology,Chennai,Adyar,South Chennai
NPIIN0000007890,HCP_07890,Endocrinology,Chennai,Adyar,South Chennai
NPIIN0000007891,HCP_07891,Pulmonology,Chennai,Ambattur,North Chennai
NPIIN0000007892,HCP_07892,Gastroenterology,Chennai,Sholinganallur,South Chennai
NPIIN0000007893,HCP_07893,Dermatology,Chennai,Mylapore,Central Chennai
NPIIN0000007894,HCP_07894,General Medicine,Chennai,Kilpauk,Central Chennai
NPIIN0000007895,HCP_07895,Gastroenterology,Chennai,Perambur,North Chennai
NPIIN0000007896,HCP_07896,Dermatology,Chennai,Porur,South Chennai
NPIIN0000007897,HCP_07897,Neurology,Chennai,Tondiarpet,North Chennai
NPIIN0000007898,HCP_07898,General Medicine,Chennai,Anna Nagar,Central Chennai
NPIIN0000007899,HCP_07899,Cardiology,Chennai,Tambaram,South Chennai
NPIIN0000007900,HCP_07900,Diabetology,Chennai,Mylapore,Central Chennai
NPIIN0000007901,HCP_07901,Diabetology,Chennai,Madhavaram,North Chennai
NPIIN0000007902,HCP_07902,General Medicine,Chennai,Porur,South Chennai
NPIIN0000007903,HCP_07903,Orthopedics,Chennai,Porur,South Chennai
NPIIN0000007904,HCP_07904,Endocrinology,Chennai,Velachery,South Chennai
NPIIN0000007905,HCP_07905,Pulmonology,Chennai,Sholinganallur,South Chennai
NPIIN0000007906,HCP_07906,Orthopedics,Chennai,Kilpauk,Central Chennai
NPIIN0000007907,HCP_07907,Pulmonology,Chennai,Washermenpet,North Chennai
NPIIN0000007908,HCP_07908,Endocrinology,Chennai,Tambaram,South Chennai
NPIIN0000007909,HCP_07909,Orthopedics,Chennai,Royapuram,North Chennai
NPIIN0000007910,HCP_07910,General Medicine,Chennai,Ambattur,North Chennai
NPIIN0000007911,HCP_07911,Cardiology,Chennai,Velachery,South Chennai
NPIIN0000007912,HCP_07912,General Medicine,Chennai,Kilpauk,Central Chennai
NPIIN0000007913,HCP_07913,Diabetology,Chennai,Ambattur,North Chennai
NPIIN0000007914,HCP_07914,Dermatology,Chennai,Adyar,South Chennai
NPIIN0000007915,HCP_07915,Endocrinology,Chennai,Guindy,South Chennai
NPIIN0000007916,HCP_07916,Dermatology,Chennai,Velachery,South Chennai
NPIIN0000007917,HCP_07917,Cardiology,Chennai,Guindy,South Chennai
NPIIN0000007918,HCP_07918,Urology,Chennai,T Nagar,Central Chennai
NPIIN0000007919,HCP_07919,Cardiology,Chennai,Porur,South Chennai
NPIIN0000007920,HCP_07920,Orthopedics,Chennai,Ambattur,North Chennai
NPIIN0000007921,HCP_07921,Cardiology,Chennai,Guindy,South Chennai
NPIIN0000007922,HCP_07922,Urology,Chennai,Ambattur,North Chennai
NPIIN0000007923,HCP_07923,Dermatology,Chennai,Velachery,South Chennai
NPIIN0000007924,HCP_07924,Pulmonology,Chennai,Royapuram,North Chennai
NPIIN0000007925,HCP_07925,Cardiology,Chennai,Sholinganallur,South Chennai
NPIIN0000007926,HCP_07926,Pulmonology,Chennai,Mylapore,Central Chennai
NPIIN0000007927,HCP_07927,Pulmonology,Chennai,Anna Nagar,Central Chennai
NPIIN0000007928,HCP_07928,Pulmonology,Chennai,Washermenpet,North Chennai
NPIIN0000007929,HCP_07929,Neurology,Chennai,Mylapore,Central Chennai
NPIIN0000007930,HCP_07930,Orthopedics,Chennai,Adyar,South Chennai
NPIIN0000007931,HCP_07931,Orthopedics,Chennai,Egmore,Central Chennai
NPIIN0000007932,HCP_07932,General Medicine,Chennai,Perambur,North Chennai
NPIIN0000007933,HCP_07933,Cardiology,Chennai,Nungambakkam,Central Chennai
NPIIN0000007934,HCP_07934,Cardiology,Chennai,Mylapore,Central Chennai
NPIIN0000007935,HCP_07935,Gastroenterology,Chennai,Tambaram,South Chennai
NPIIN0000007936,HCP_07936,Orthopedics,Chennai,T Nagar,Central Chennai
NPIIN0000007937,HCP_07937,General Medicine,Chennai,Anna Nagar,Central Chennai
NPIIN0000007938,HCP_07938,Cardiology,Chennai,Nungambakkam,Central Chennai
NPIIN0000007939,HCP_07939,General Medicine,Chennai,Anna Nagar,Central Chennai
NPIIN0000007940,HCP_07940,General Medicine,Chennai,Velachery,South Chennai
NPIIN0000007941,HCP_07941,Orthopedics,Chennai,T Nagar,Central Chennai
NPIIN0000007942,HCP_07942,Neurology,Chennai,Ambattur,North Chennai
NPIIN0000007943,HCP_07943,Cardiology,Chennai,Guindy,South Chennai
NPIIN0000007944,HCP_07944,General Medicine,Chennai,Tondiarpet,North Chennai
NPIIN0000007945,HCP_07945,Cardiology,Chennai,Royapuram,North Chennai
NPIIN0000007946,HCP_07946,Neurology,Chennai,Egmore,Central Chennai
NPIIN0000007947,HCP_07947,Neurology,Chennai,Tambaram,South Chennai
NPIIN0000007948,HCP_07948,Cardiology,Chennai,Perambur,North Chennai
NPIIN0000007949,HCP_07949,General Medicine,Chennai,Kilpauk,Central Chennai
NPIIN0000007950,HCP_07950,Urology,Chennai,Tambaram,South Chennai
NPIIN0000007951,HCP_07951,Dermatology,Chennai,Tambaram,South Chennai
NPIIN0000007952,HCP_07952,Pulmonology,Chennai,Tondiarpet,North Chennai
NPIIN0000007953,HCP_07953,General Medicine,Chennai,Tambaram,South Chennai
NPIIN0000007954,HCP_07954,Orthopedics,Chennai,Anna Nagar,Central Chennai
NPIIN0000007955,HCP_07955,Gastroenterology,Chennai,Guindy,South Chennai
NPIIN0000007956,HCP_07956,Orthopedics,Chennai,Tambaram,South Chennai
NPIIN0000007957,HCP_07957,Cardiology,Chennai,Perambur,North Chennai
NPIIN0000007958,HCP_07958,Endocrinology,Chennai,Anna Nagar,Central Chennai
NPIIN0000007959,HCP_07959,Cardiology,Chennai,T Nagar,Central Chennai
NPIIN0000007960,HCP_07960,Urology,Chennai,Sholinganallur,South Chennai
NPIIN0000007961,HCP_07961,Neurology,Chennai,Egmore,Central Chennai
NPIIN0000007962,HCP_07962,Endocrinology,Chennai,T Nagar,Central Chennai
NPIIN0000007963,HCP_07963,Orthopedics,Chennai,Sholinganallur,South Chennai
NPIIN0000007964,HCP_07964,Orthopedics,Chennai,Porur,South Chennai
NPIIN0000007965,HCP_07965,Endocrinology,Chennai,Kilpauk,Central Chennai
NPIIN0000007966,HCP_07966,Neurology,Chennai,Guindy,South Chennai
NPIIN0000007967,HCP_07967,Neurology,Chennai,Perambur,North Chennai
NPIIN0000007968,HCP_07968,Cardiology,Chennai,Sholinganallur,South Chennai
NPIIN0000007969,HCP_07969,Neurology,Chennai,Anna Nagar,Central Chennai
NPIIN0000007970,HCP_07970,Endocrinology,Chennai,Nungambakkam,Central Chennai
NPIIN0000007971,HCP_07971,Urology,Chennai,Guindy,South Chennai
NPIIN0000007972,HCP_07972,Dermatology,Chennai,Egmore,Central Chennai
NPIIN0000007973,HCP_07973,Urology,Chennai,Tondiarpet,North Chennai
NPIIN0000007974,HCP_07974,Gastroenterology,Chennai,Anna Nagar,Central Chennai
NPIIN0000007975,HCP_07975,Endocrinology,Chennai,Sholinganallur,South Chennai
NPIIN0000007976,HCP_07976,General Medicine,Chennai,Tambaram,South Chennai
NPIIN0000007977,HCP_07977,Neurology,Chennai,Adyar,South Chennai
NPIIN0000007978,HCP_07978,Diabetology,Chennai,Tambaram,South Chennai
NPIIN0000007979,HCP_07979,Gastroenterology,Chennai,Sholinganallur,South Chennai
NPIIN0000007980,HCP_07980,General Medicine,Chennai,Madhavaram,North Chennai
NPIIN0000007981,HCP_07981,Endocrinology,Chennai,Perambur,North Chennai
NPIIN0000007982,HCP_07982,General Medicine,Chennai,Guindy,South Chennai
NPIIN0000007983,HCP_07983,Neurology,Chennai,Adyar,South Chennai
NPIIN0000007984,HCP_07984,General Medicine,Chennai,Tambaram,South Chennai
NPIIN0000007985,HCP_07985,Neurology,Chennai,Sholinganallur,South Chennai
NPIIN0000007986,HCP_07986,General Medicine,Chennai,T Nagar,Central Chennai
NPIIN0000007987,HCP_07987,Gastroenterology,Chennai,Adyar,South Chennai
NPIIN0000007988,HCP_07988,Neurology,Chennai,Sholinganallur,South Chennai
NPIIN0000007989,HCP_07989,Pulmonology,Chennai,Tambaram,South Chennai
NPIIN0000007990,HCP_07990,General Medicine,Chennai,Tambaram,South Chennai
NPIIN0000007991,HCP_07991,Pulmonology,Chennai,Ambattur,North Chennai
NPIIN0000007992,HCP_07992,Cardiology,Chennai,Guindy,South Chennai
NPIIN0000007993,HCP_07993,Neurology,Chennai,Kilpauk,Central Chennai
NPIIN0000007994,HCP_07994,Endocrinology,Chennai,Adyar,South Chennai
NPIIN0000007995,HCP_07995,Urology,Chennai,Mylapore,Central Chennai
NPIIN0000007996,HCP_07996,Dermatology,Chennai,Mylapore,Central Chennai
NPIIN0000007997,HCP_07997,General Medicine,Chennai,Anna Nagar,Central Chennai
NPIIN0000007998,HCP_07998,Dermatology,Chennai,Ambattur,North Chennai
NPIIN0000007999,HCP_07999,Neurology,Chennai,Nungambakkam,Central Chennai
NPIIN0000008000,HCP_08000,Endocrinology,Chennai,Velachery,South Chennai
NPIIN0000008001,HCP_08001,Gastroenterology,Chennai,Perambur,North Chennai
NPIIN0000008002,HCP_08002,Orthopedics,Chennai,Tambaram,South Chennai
NPIIN0000008003,HCP_08003,Cardiology,Chennai,Anna Nagar,Central Chennai
NPIIN0000008004,HCP_08004,Diabetology,Chennai,Egmore,Central Chennai
NPIIN0000008005,HCP_08005,Pulmonology,Chennai,Guindy,South Chennai
NPIIN0000008006,HCP_08006,General Medicine,Chennai,Tambaram,South Chennai
NPIIN0000008007,HCP_08007,Neurology,Chennai,Washermenpet,North Chennai
NPIIN0000008008,HCP_08008,Pulmonology,Chennai,Porur,South Chennai
NPIIN0000008009,HCP_08009,Gastroenterology,Chennai,Porur,South Chennai
NPIIN0000008010,HCP_08010,Cardiology,Chennai,Royapuram,North Chennai
NPIIN0000008011,HCP_08011,General Medicine,Chennai,Porur,South Chennai
NPIIN0000008012,HCP_08012,Urology,Chennai,Sholinganallur,South Chennai
NPIIN0000008013,HCP_08013,General Medicine,Chennai,Velachery,South Chennai
NPIIN0000008014,HCP_08014,General Medicine,Chennai,Madhavaram,North Chennai
NPIIN0000008015,HCP_08015,Cardiology,Chennai,Mylapore,Central Chennai
NPIIN0000008016,HCP_08016,Endocrinology,Chennai,Nungambakkam,Central Chennai
NPIIN0000008017,HCP_08017,General Medicine,Chennai,Sholinganallur,South Chennai
NPIIN0000008018,HCP_08018,General Medicine,Chennai,Tambaram,South Chennai
NPIIN0000008019,HCP_08019,Gastroenterology,Chennai,Nungambakkam,Central Chennai
NPIIN0000008020,HCP_08020,Pulmonology,Chennai,Porur,South Chennai
NPIIN0000008021,HCP_08021,Urology,Chennai,Kilpauk,Central Chennai
NPIIN0000008022,HCP_08022,Dermatology,Chennai,T Nagar,Central Chennai
NPIIN0000008023,HCP_08023,Diabetology,Chennai,Sholinganallur,South Chennai
NPIIN0000008024,HCP_08024,Cardiology,Chennai,Tondiarpet,North Chennai
NPIIN0000008025,HCP_08025,Dermatology,Chennai,Mylapore,Central Chennai
NPIIN0000008026,HCP_08026,Diabetology,Chennai,Madhavaram,North Chennai
NPIIN0000008027,HCP_08027,General Medicine,Chennai,Royapuram,North Chennai
NPIIN0000008028,HCP_08028,Endocrinology,Chennai,Porur,South Chennai
NPIIN0000008029,HCP_08029,Neurology,Chennai,Porur,South Chennai
NPIIN0000008030,HCP_08030,Diabetology,Chennai,Royapuram,North Chennai
NPIIN0000008031,HCP_08031,Endocrinology,Chennai,Washermenpet,North Chennai
NPIIN0000008032,HCP_08032,General Medicine,Chennai,Royapuram,North Chennai
NPIIN0000008033,HCP_08033,Gastroenterology,Chennai,Royapuram,North Chennai
NPIIN0000008034,HCP_08034,Diabetology,Chennai,Anna Nagar,Central Chennai
NPIIN0000008035,HCP_08035,Gastroenterology,Chennai,T Nagar,Central Chennai
NPIIN0000008036,HCP_08036,General Medicine,Chennai,Adyar,South Chennai
NPIIN0000008037,HCP_08037,General Medicine,Chennai,Ambattur,North Chennai
NPIIN0000008038,HCP_08038,General Medicine,Chennai,Perambur,North Chennai
NPIIN0000008039,HCP_08039,Endocrinology,Chennai,Kilpauk,Central Chennai
NPIIN0000008040,HCP_08040,General Medicine,Chennai,Guindy,South Chennai
NPIIN0000008041,HCP_08041,Urology,Chennai,Nungambakkam,Central Chennai
NPIIN0000008042,HCP_08042,Cardiology,Chennai,Madhavaram,North Chennai
NPIIN0000008043,HCP_08043,Orthopedics,Chennai,Adyar,South Chennai
NPIIN0000008044,HCP_08044,Cardiology,Chennai,Tondiarpet,North Chennai
NPIIN0000008045,HCP_08045,General Medicine,Chennai,Porur,South Chennai
NPIIN0000008046,HCP_08046,Pulmonology,Chennai,T Nagar,Central Chennai
NPIIN0000008047,HCP_08047,Dermatology,Chennai,Porur,South Chennai
NPIIN0000008048,HCP_08048,Endocrinology,Chennai,Adyar,South Chennai
NPIIN0000008049,HCP_08049,Endocrinology,Chennai,Perambur,North Chennai
NPIIN0000008050,HCP_08050,Pulmonology,Chennai,Velachery,South Chennai
NPIIN0000008051,HCP_08051,Diabetology,Chennai,Ambattur,North Chennai
NPIIN0000008052,HCP_08052,Neurology,Chennai,Guindy,South Chennai
NPIIN0000008053,HCP_08053,Dermatology,Chennai,Tambaram,South Chennai
NPIIN0000008054,HCP_08054,Cardiology,Chennai,Porur,South Chennai
NPIIN0000008055,HCP_08055,Dermatology,Chennai,Guindy,South Chennai
NPIIN0000008056,HCP_08056,Cardiology,Chennai,Perambur,North Chennai
NPIIN0000008057,HCP_08057,Urology,Chennai,Madhavaram,North Chennai
NPIIN0000008058,HCP_08058,Orthopedics,Chennai,Anna Nagar,Central Chennai
NPIIN0000008059,HCP_08059,Neurology,Chennai,Porur,South Chennai
NPIIN0000008060,HCP_08060,Orthopedics,Chennai,Sholinganallur,South Chennai
NPIIN0000008061,HCP_08061,Dermatology,Chennai,Velachery,South Chennai
NPIIN0000008062,HCP_08062,Cardiology,Chennai,Nungambakkam,Central Chennai
NPIIN0000008063,HCP_08063,Cardiology,Chennai,Royapuram,North Chennai
NPIIN0000008064,HCP_08064,Cardiology,Chennai,Adyar,South Chennai
NPIIN0000008065,HCP_08065,General Medicine,Chennai,Guindy,South Chennai
NPIIN0000008066,HCP_08066,Pulmonology,Chennai,Anna Nagar,Central Chennai
NPIIN0000008067,HCP_08067,General Medicine,Chennai,Kilpauk,Central Chennai
NPIIN0000008068,HCP_08068,Neurology,Chennai,Royapuram,North Chennai
NPIIN0000008069,HCP_08069,General Medicine,Chennai,Nungambakkam,Central Chennai
NPIIN0000008070,HCP_08070,Cardiology,Chennai,Adyar,South Chennai
NPIIN0000008071,HCP_08071,Endocrinology,Chennai,Washermenpet,North Chennai
NPIIN0000008072,HCP_08072,Orthopedics,Chennai,Perambur,North Chennai
NPIIN0000008073,HCP_08073,General Medicine,Chennai,Kilpauk,Central Chennai
NPIIN0000008074,HCP_08074,Diabetology,Chennai,Tondiarpet,North Chennai
NPIIN0000008075,HCP_08075,Endocrinology,Chennai,Tambaram,South Chennai
NPIIN0000008076,HCP_08076,Orthopedics,Chennai,Washermenpet,North Chennai
NPIIN0000008077,HCP_08077,Endocrinology,Chennai,Egmore,Central Chennai
NPIIN0000008078,HCP_08078,Neurology,Chennai,Egmore,Central Chennai
NPIIN0000008079,HCP_08079,Cardiology,Chennai,Sholinganallur,South Chennai
NPIIN0000008080,HCP_08080,Cardiology,Chennai,Tambaram,South Chennai
NPIIN0000008081,HCP_08081,Gastroenterology,Chennai,Mylapore,Central Chennai
NPIIN0000008082,HCP_08082,Neurology,Chennai,Perambur,North Chennai
NPIIN0000008083,HCP_08083,Neurology,Chennai,Egmore,Central Chennai
NPIIN0000008084,HCP_08084,Endocrinology,Chennai,Royapuram,North Chennai
NPIIN0000008085,HCP_08085,Orthopedics,Chennai,Egmore,Central Chennai
NPIIN0000008086,HCP_08086,Pulmonology,Chennai,Guindy,South Chennai
NPIIN0000008087,HCP_08087,Orthopedics,Chennai,Sholinganallur,South Chennai
NPIIN0000008088,HCP_08088,Endocrinology,Chennai,Nungambakkam,Central Chennai
NPIIN0000008089,HCP_08089,General Medicine,Chennai,Perambur,North Chennai
NPIIN0000008090,HCP_08090,General Medicine,Chennai,Mylapore,Central Chennai
NPIIN0000008091,HCP_08091,Gastroenterology,Chennai,Egmore,Central Chennai
NPIIN0000008092,HCP_08092,Gastroenterology,Chennai,Anna Nagar,Central Chennai
NPIIN0000008093,HCP_08093,General Medicine,Chennai,Egmore,Central Chennai
NPIIN0000008094,HCP_08094,Cardiology,Chennai,Sholinganallur,South Chennai
NPIIN0000008095,HCP_08095,Endocrinology,Chennai,Kilpauk,Central Chennai
NPIIN0000008096,HCP_08096,Cardiology,Chennai,Adyar,South Chennai
NPIIN0000008097,HCP_08097,Dermatology,Chennai,Mylapore,Central Chennai
NPIIN0000008098,HCP_08098,Diabetology,Chennai,Washermenpet,North Chennai
NPIIN0000008099,HCP_08099,Cardiology,Chennai,Perambur,North Chennai
NPIIN0000008100,HCP_08100,General Medicine,Chennai,Sholinganallur,South Chennai
NPIIN0000008101,HCP_08101,Cardiology,Chennai,Mylapore,Central Chennai
NPIIN0000008102,HCP_08102,Orthopedics,Chennai,Nungambakkam,Central Chennai
NPIIN0000008103,HCP_08103,Diabetology,Chennai,Tambaram,South Chennai
NPIIN0000008104,HCP_08104,Orthopedics,Chennai,Adyar,South Chennai
NPIIN0000008105,HCP_08105,Neurology,Chennai,Guindy,South Chennai
NPIIN0000008106,HCP_08106,Pulmonology,Chennai,T Nagar,Central Chennai
NPIIN0000008107,HCP_08107,General Medicine,Chennai,Egmore,Central Chennai
NPIIN0000008108,HCP_08108,Neurology,Chennai,Tambaram,South Chennai
NPIIN0000008109,HCP_08109,Neurology,Chennai,Washermenpet,North Chennai
NPIIN0000008110,HCP_08110,Cardiology,Chennai,Madhavaram,North Chennai
NPIIN0000008111,HCP_08111,Urology,Chennai,Mylapore,Central Chennai
NPIIN0000008112,HCP_08112,General Medicine,Chennai,T Nagar,Central Chennai
NPIIN0000008113,HCP_08113,General Medicine,Chennai,Adyar,South Chennai
NPIIN0000008114,HCP_08114,General Medicine,Chennai,Velachery,South Chennai
NPIIN0000008115,HCP_08115,Neurology,Chennai,Kilpauk,Central Chennai
NPIIN0000008116,HCP_08116,General Medicine,Chennai,Guindy,South Chennai
NPIIN0000008117,HCP_08117,General Medicine,Chennai,Ambattur,North Chennai
NPIIN0000008118,HCP_08118,Cardiology,Chennai,Kilpauk,Central Chennai
NPIIN0000008119,HCP_08119,General Medicine,Chennai,Washermenpet,North Chennai
NPIIN0000008120,HCP_08120,Endocrinology,Chennai,Adyar,South Chennai
NPIIN0000008121,HCP_08121,Dermatology,Chennai,Madhavaram,North Chennai
NPIIN0000008122,HCP_08122,General Medicine,Chennai,Washermenpet,North Chennai
NPIIN0000008123,HCP_08123,Orthopedics,Chennai,Guindy,South Chennai
NPIIN0000008124,HCP_08124,Neurology,Chennai,Anna Nagar,Central Chennai
NPIIN0000008125,HCP_08125,Gastroenterology,Chennai,Adyar,South Chennai
NPIIN0000008126,HCP_08126,Orthopedics,Chennai,Perambur,North Chennai
NPIIN0000008127,HCP_08127,Endocrinology,Chennai,Perambur,North Chennai
NPIIN0000008128,HCP_08128,Pulmonology,Chennai,Velachery,South Chennai
NPIIN0000008129,HCP_08129,Cardiology,Chennai,Ambattur,North Chennai
NPIIN0000008130,HCP_08130,Cardiology,Chennai,Royapuram,North Chennai
NPIIN0000008131,HCP_08131,General Medicine,Chennai,Tambaram,South Chennai
NPIIN0000008132,HCP_08132,Neurology,Chennai,Sholinganallur,South Chennai
NPIIN0000008133,HCP_08133,Dermatology,Chennai,Porur,South Chennai
NPIIN0000008134,HCP_08134,Diabetology,Chennai,Velachery,South Chennai
NPIIN0000008135,HCP_08135,Gastroenterology,Chennai,Nungambakkam,Central Chennai
NPIIN0000008136,HCP_08136,Endocrinology,Chennai,Royapuram,North Chennai
NPIIN0000008137,HCP_08137,Cardiology,Chennai,Washermenpet,North Chennai
NPIIN0000008138,HCP_08138,Cardiology,Chennai,Anna Nagar,Central Chennai
NPIIN0000008139,HCP_08139,Pulmonology,Chennai,Adyar,South Chennai
NPIIN0000008140,HCP_08140,General Medicine,Chennai,Egmore,Central Chennai
NPIIN0000008141,HCP_08141,Diabetology,Chennai,Anna Nagar,Central Chennai
NPIIN0000008142,HCP_08142,Cardiology,Chennai,Egmore,Central Chennai
NPIIN0000008143,HCP_08143,Pulmonology,Chennai,Mylapore,Central Chennai
NPIIN0000008144,HCP_08144,Dermatology,Chennai,Anna Nagar,Central Chennai
NPIIN0000008145,HCP_08145,Cardiology,Chennai,Ambattur,North Chennai
NPIIN0000008146,HCP_08146,Gastroenterology,Chennai,Washermenpet,North Chennai
NPIIN0000008147,HCP_08147,Neurology,Chennai,Mylapore,Central Chennai
NPIIN0000008148,HCP_08148,General Medicine,Chennai,T Nagar,Central Chennai
NPIIN0000008149,HCP_08149,Cardiology,Chennai,Porur,South Chennai
NPIIN0000008150,HCP_08150,Urology,Chennai,Anna Nagar,Central Chennai
NPIIN0000008151,HCP_08151,General Medicine,Chennai,Perambur,North Chennai
NPIIN0000008152,HCP_08152,General Medicine,Chennai,Washermenpet,North Chennai
NPIIN0000008153,HCP_08153,Urology,Chennai,Perambur,North Chennai
NPIIN0000008154,HCP_08154,Dermatology,Chennai,Guindy,South Chennai
NPIIN0000008155,HCP_08155,Gastroenterology,Chennai,Velachery,South Chennai
NPIIN0000008156,HCP_08156,Dermatology,Chennai,Adyar,South Chennai
NPIIN0000008157,HCP_08157,Cardiology,Chennai,Guindy,South Chennai
NPIIN0000008158,HCP_08158,Gastroenterology,Chennai,Egmore,Central Chennai
NPIIN0000008159,HCP_08159,Diabetology,Chennai,Egmore,Central Chennai
NPIIN0000008160,HCP_08160,Urology,Chennai,Egmore,Central Chennai
NPIIN0000008161,HCP_08161,General Medicine,Chennai,Ambattur,North Chennai
NPIIN0000008162,HCP_08162,Cardiology,Chennai,Ambattur,North Chennai
NPIIN0000008163,HCP_08163,General Medicine,Chennai,Egmore,Central Chennai
NPIIN0000008164,HCP_08164,Gastroenterology,Chennai,Anna Nagar,Central Chennai
NPIIN0000008165,HCP_08165,General Medicine,Chennai,Tondiarpet,North Chennai
NPIIN0000008166,HCP_08166,Gastroenterology,Chennai,Tambaram,South Chennai
NPIIN0000008167,HCP_08167,Cardiology,Chennai,Adyar,South Chennai
NPIIN0000008168,HCP_08168,Endocrinology,Chennai,Guindy,South Chennai
NPIIN0000008169,HCP_08169,Pulmonology,Chennai,Anna Nagar,Central Chennai
NPIIN0000008170,HCP_08170,General Medicine,Chennai,Royapuram,North Chennai
NPIIN0000008171,HCP_08171,Neurology,Chennai,Porur,South Chennai
NPIIN0000008172,HCP_08172,Orthopedics,Chennai,Guindy,South Chennai
NPIIN0000008173,HCP_08173,Neurology,Chennai,Madhavaram,North Chennai
NPIIN0000008174,HCP_08174,General Medicine,Chennai,Ambattur,North Chennai
NPIIN0000008175,HCP_08175,Pulmonology,Chennai,T Nagar,Central Chennai
NPIIN0000008176,HCP_08176,Urology,Chennai,Porur,South Chennai
NPIIN0000008177,HCP_08177,Neurology,Chennai,Guindy,South Chennai
NPIIN0000008178,HCP_08178,Dermatology,Chennai,Washermenpet,North Chennai
NPIIN0000008179,HCP_08179,Diabetology,Chennai,Madhavaram,North Chennai
NPIIN0000008180,HCP_08180,Gastroenterology,Chennai,Ambattur,North Chennai
NPIIN0000008181,HCP_08181,Cardiology,Chennai,T Nagar,Central Chennai
NPIIN0000008182,HCP_08182,Gastroenterology,Chennai,Tambaram,South Chennai
NPIIN0000008183,HCP_08183,Urology,Chennai,Royapuram,North Chennai
NPIIN0000008184,HCP_08184,Urology,Chennai,Anna Nagar,Central Chennai
NPIIN0000008185,HCP_08185,Cardiology,Chennai,Ambattur,North Chennai
NPIIN0000008186,HCP_08186,Dermatology,Chennai,Porur,South Chennai
NPIIN0000008187,HCP_08187,Cardiology,Chennai,Washermenpet,North Chennai
NPIIN0000008188,HCP_08188,General Medicine,Chennai,Washermenpet,North Chennai
NPIIN0000008189,HCP_08189,Neurology,Chennai,Velachery,South Chennai
NPIIN0000008190,HCP_08190,General Medicine,Chennai,Porur,South Chennai
NPIIN0000008191,HCP_08191,General Medicine,Chennai,Velachery,South Chennai
NPIIN0000008192,HCP_08192,Neurology,Chennai,Porur,South Chennai
NPIIN0000008193,HCP_08193,Neurology,Chennai,Nungambakkam,Central Chennai
NPIIN0000008194,HCP_08194,Pulmonology,Chennai,Guindy,South Chennai
NPIIN0000008195,HCP_08195,General Medicine,Chennai,Tambaram,South Chennai
NPIIN0000008196,HCP_08196,Neurology,Chennai,Ambattur,North Chennai
NPIIN0000008197,HCP_08197,General Medicine,Chennai,Adyar,South Chennai
NPIIN0000008198,HCP_08198,Cardiology,Chennai,Kilpauk,Central Chennai
NPIIN0000008199,HCP_08199,Pulmonology,Chennai,Ambattur,North Chennai
NPIIN0000008200,HCP_08200,Gastroenterology,Chennai,Egmore,Central Chennai
NPIIN0000008201,HCP_08201,Diabetology,Chennai,Anna Nagar,Central Chennai
NPIIN0000008202,HCP_08202,Endocrinology,Chennai,Guindy,South Chennai
NPIIN0000008203,HCP_08203,Urology,Chennai,Nungambakkam,Central Chennai
NPIIN0000008204,HCP_08204,Urology,Chennai,Madhavaram,North Chennai
NPIIN0000008205,HCP_08205,Pulmonology,Chennai,Anna Nagar,Central Chennai
NPIIN0000008206,HCP_08206,Gastroenterology,Chennai,Royapuram,North Chennai
NPIIN0000008207,HCP_08207,Orthopedics,Chennai,Perambur,North Chennai
NPIIN0000008208,HCP_08208,Pulmonology,Chennai,Mylapore,Central Chennai
NPIIN0000008209,HCP_08209,Diabetology,Chennai,Velachery,South Chennai
NPIIN0000008210,HCP_08210,Neurology,Chennai,Velachery,South Chennai
NPIIN0000008211,HCP_08211,Urology,Chennai,Royapuram,North Chennai
NPIIN0000008212,HCP_08212,Neurology,Chennai,Adyar,South Chennai
NPIIN0000008213,HCP_08213,Cardiology,Chennai,Adyar,South Chennai
NPIIN0000008214,HCP_08214,Urology,Chennai,Washermenpet,North Chennai
NPIIN0000008215,HCP_08215,Gastroenterology,Chennai,Mylapore,Central Chennai
NPIIN0000008216,HCP_08216,General Medicine,Chennai,Mylapore,Central Chennai
NPIIN0000008217,HCP_08217,Orthopedics,Chennai,Guindy,South Chennai
NPIIN0000008218,HCP_08218,Gastroenterology,Chennai,Tondiarpet,North Chennai
NPIIN0000008219,HCP_08219,Dermatology,Chennai,Royapuram,North Chennai
NPIIN0000008220,HCP_08220,Orthopedics,Chennai,Porur,South Chennai
NPIIN0000008221,HCP_08221,Cardiology,Chennai,Egmore,Central Chennai
NPIIN0000008222,HCP_08222,Gastroenterology,Chennai,Velachery,South Chennai
NPIIN0000008223,HCP_08223,General Medicine,Chennai,Mylapore,Central Chennai
NPIIN0000008224,HCP_08224,Urology,Chennai,Porur,South Chennai
NPIIN0000008225,HCP_08225,Urology,Chennai,T Nagar,Central Chennai
NPIIN0000008226,HCP_08226,Dermatology,Chennai,T Nagar,Central Chennai
NPIIN0000008227,HCP_08227,Gastroenterology,Chennai,Porur,South Chennai
NPIIN0000008228,HCP_08228,Dermatology,Chennai,Anna Nagar,Central Chennai
NPIIN0000008229,HCP_08229,Diabetology,Chennai,Velachery,South Chennai
NPIIN0000008230,HCP_08230,General Medicine,Chennai,Velachery,South Chennai
NPIIN0000008231,HCP_08231,Cardiology,Chennai,T Nagar,Central Chennai
NPIIN0000008232,HCP_08232,Dermatology,Chennai,T Nagar,Central Chennai
NPIIN0000008233,HCP_08233,Neurology,Chennai,Sholinganallur,South Chennai
NPIIN0000008234,HCP_08234,Pulmonology,Chennai,Perambur,North Chennai
NPIIN0000008235,HCP_08235,Diabetology,Chennai,Tambaram,South Chennai
NPIIN0000008236,HCP_08236,Pulmonology,Chennai,Kilpauk,Central Chennai
NPIIN0000008237,HCP_08237,General Medicine,Chennai,Velachery,South Chennai
NPIIN0000008238,HCP_08238,Orthopedics,Chennai,Ambattur,North Chennai
NPIIN0000008239,HCP_08239,Urology,Chennai,Porur,South Chennai
NPIIN0000008240,HCP_08240,General Medicine,Chennai,Tondiarpet,North Chennai
NPIIN0000008241,HCP_08241,Dermatology,Chennai,T Nagar,Central Chennai
NPIIN0000008242,HCP_08242,Endocrinology,Chennai,Tambaram,South Chennai
NPIIN0000008243,HCP_08243,Cardiology,Chennai,Porur,South Chennai
NPIIN0000008244,HCP_08244,Neurology,Chennai,Washermenpet,North Chennai
NPIIN0000008245,HCP_08245,Gastroenterology,Chennai,Sholinganallur,South Chennai
NPIIN0000008246,HCP_08246,Cardiology,Chennai,T Nagar,Central Chennai
NPIIN0000008247,HCP_08247,Endocrinology,Chennai,Egmore,Central Chennai
NPIIN0000008248,HCP_08248,Pulmonology,Chennai,Anna Nagar,Central Chennai
NPIIN0000008249,HCP_08249,Cardiology,Chennai,Washermenpet,North Chennai
NPIIN0000008250,HCP_08250,General Medicine,Chennai,T Nagar,Central Chennai
NPIIN0000008251,HCP_08251,General Medicine,Chennai,Perambur,North Chennai
NPIIN0000008252,HCP_08252,Urology,Chennai,Kilpauk,Central Chennai
NPIIN0000008253,HCP_08253,Diabetology,Chennai,Porur,South Chennai
NPIIN0000008254,HCP_08254,Endocrinology,Chennai,Tambaram,South Chennai
NPIIN0000008255,HCP_08255,Cardiology,Chennai,Tambaram,South Chennai
NPIIN0000008256,HCP_08256,Cardiology,Chennai,Nungambakkam,Central Chennai
NPIIN0000008257,HCP_08257,Gastroenterology,Chennai,Velachery,South Chennai
NPIIN0000008258,HCP_08258,General Medicine,Chennai,Mylapore,Central Chennai
NPIIN0000008259,HCP_08259,Endocrinology,Chennai,Guindy,South Chennai
NPIIN0000008260,HCP_08260,Orthopedics,Chennai,Madhavaram,North Chennai
NPIIN0000008261,HCP_08261,Gastroenterology,Chennai,Washermenpet,North Chennai
NPIIN0000008262,HCP_08262,Cardiology,Chennai,Anna Nagar,Central Chennai
NPIIN0000008263,HCP_08263,Diabetology,Chennai,Guindy,South Chennai
NPIIN0000008264,HCP_08264,Dermatology,Chennai,Adyar,South Chennai
NPIIN0000008265,HCP_08265,Neurology,Chennai,Guindy,South Chennai
NPIIN0000008266,HCP_08266,Orthopedics,Chennai,Tambaram,South Chennai
NPIIN0000008267,HCP_08267,Cardiology,Chennai,Sholinganallur,South Chennai
NPIIN0000008268,HCP_08268,Gastroenterology,Chennai,Nungambakkam,Central Chennai
NPIIN0000008269,HCP_08269,Cardiology,Chennai,Velachery,South Chennai
NPIIN0000008270,HCP_08270,General Medicine,Chennai,Egmore,Central Chennai
NPIIN0000008271,HCP_08271,Gastroenterology,Chennai,Royapuram,North Chennai
NPIIN0000008272,HCP_08272,Gastroenterology,Chennai,Kilpauk,Central Chennai
NPIIN0000008273,HCP_08273,Cardiology,Chennai,Porur,South Chennai
NPIIN0000008274,HCP_08274,Endocrinology,Chennai,Velachery,South Chennai
NPIIN0000008275,HCP_08275,Gastroenterology,Chennai,Anna Nagar,Central Chennai
NPIIN0000008276,HCP_08276,Cardiology,Chennai,Ambattur,North Chennai
NPIIN0000008277,HCP_08277,Diabetology,Chennai,Madhavaram,North Chennai
NPIIN0000008278,HCP_08278,Endocrinology,Chennai,Porur,South Chennai
NPIIN0000008279,HCP_08279,Cardiology,Chennai,Velachery,South Chennai
NPIIN0000008280,HCP_08280,Dermatology,Chennai,Kilpauk,Central Chennai
NPIIN0000008281,HCP_08281,Cardiology,Chennai,Washermenpet,North Chennai
NPIIN0000008282,HCP_08282,Pulmonology,Chennai,Perambur,North Chennai
NPIIN0000008283,HCP_08283,Neurology,Chennai,Madhavaram,North Chennai
NPIIN0000008284,HCP_08284,Cardiology,Chennai,Ambattur,North Chennai
NPIIN0000008285,HCP_08285,Neurology,Chennai,Anna Nagar,Central Chennai
NPIIN0000008286,HCP_08286,General Medicine,Chennai,Anna Nagar,Central Chennai
NPIIN0000008287,HCP_08287,Dermatology,Chennai,Perambur,North Chennai
NPIIN0000008288,HCP_08288,Dermatology,Chennai,Adyar,South Chennai
NPIIN0000008289,HCP_08289,Dermatology,Chennai,Kilpauk,Central Chennai
NPIIN0000008290,HCP_08290,General Medicine,Chennai,T Nagar,Central Chennai
NPIIN0000008291,HCP_08291,Dermatology,Chennai,Velachery,South Chennai
NPIIN0000008292,HCP_08292,Pulmonology,Chennai,Tambaram,South Chennai
NPIIN0000008293,HCP_08293,General Medicine,Chennai,Ambattur,North Chennai
NPIIN0000008294,HCP_08294,Cardiology,Chennai,Anna Nagar,Central Chennai
NPIIN0000008295,HCP_08295,Cardiology,Chennai,Adyar,South Chennai
NPIIN0000008296,HCP_08296,Diabetology,Chennai,Tondiarpet,North Chennai
NPIIN0000008297,HCP_08297,Diabetology,Chennai,Tambaram,South Chennai
NPIIN0000008298,HCP_08298,Urology,Chennai,Mylapore,Central Chennai
NPIIN0000008299,HCP_08299,Orthopedics,Chennai,Mylapore,Central Chennai
NPIIN0000008300,HCP_08300,Endocrinology,Chennai,Anna Nagar,Central Chennai
NPIIN0000008301,HCP_08301,Orthopedics,Chennai,Tambaram,South Chennai
NPIIN0000008302,HCP_08302,Neurology,Chennai,Tondiarpet,North Chennai
NPIIN0000008303,HCP_08303,General Medicine,Chennai,Kilpauk,Central Chennai
NPIIN0000008304,HCP_08304,Orthopedics,Chennai,Washermenpet,North Chennai
NPIIN0000008305,HCP_08305,Gastroenterology,Chennai,Adyar,South Chennai
NPIIN0000008306,HCP_08306,Pulmonology,Chennai,Egmore,Central Chennai
NPIIN0000008307,HCP_08307,Endocrinology,Chennai,Tambaram,South Chennai
NPIIN0000008308,HCP_08308,Diabetology,Chennai,Adyar,South Chennai
NPIIN0000008309,HCP_08309,Urology,Chennai,Ambattur,North Chennai
NPIIN0000008310,HCP_08310,Endocrinology,Chennai,Porur,South Chennai
NPIIN0000008311,HCP_08311,Cardiology,Chennai,Adyar,South Chennai
NPIIN0000008312,HCP_08312,Diabetology,Chennai,Egmore,Central Chennai
NPIIN0000008313,HCP_08313,General Medicine,Chennai,Mylapore,Central Chennai
NPIIN0000008314,HCP_08314,General Medicine,Chennai,Mylapore,Central Chennai
NPIIN0000008315,HCP_08315,Orthopedics,Chennai,Mylapore,Central Chennai
NPIIN0000008316,HCP_08316,General Medicine,Chennai,Royapuram,North Chennai
NPIIN0000008317,HCP_08317,Urology,Chennai,Velachery,South Chennai
NPIIN0000008318,HCP_08318,Pulmonology,Chennai,Porur,South Chennai
NPIIN0000008319,HCP_08319,General Medicine,Chennai,Kilpauk,Central Chennai
NPIIN0000008320,HCP_08320,Endocrinology,Chennai,Perambur,North Chennai
NPIIN0000008321,HCP_08321,Diabetology,Chennai,T Nagar,Central Chennai
NPIIN0000008322,HCP_08322,Urology,Chennai,Perambur,North Chennai
NPIIN0000008323,HCP_08323,Gastroenterology,Chennai,Mylapore,Central Chennai
NPIIN0000008324,HCP_08324,General Medicine,Chennai,Velachery,South Chennai
NPIIN0000008325,HCP_08325,Urology,Chennai,Sholinganallur,South Chennai
NPIIN0000008326,HCP_08326,Dermatology,Chennai,Egmore,Central Chennai
NPIIN0000008327,HCP_08327,Cardiology,Chennai,Guindy,South Chennai
NPIIN0000008328,HCP_08328,Pulmonology,Chennai,Royapuram,North Chennai
NPIIN0000008329,HCP_08329,Dermatology,Chennai,Adyar,South Chennai
NPIIN0000008330,HCP_08330,Dermatology,Chennai,Tondiarpet,North Chennai
NPIIN0000008331,HCP_08331,Cardiology,Chennai,Nungambakkam,Central Chennai
NPIIN0000008332,HCP_08332,Endocrinology,Chennai,Adyar,South Chennai
NPIIN0000008333,HCP_08333,General Medicine,Chennai,Anna Nagar,Central Chennai
NPIIN0000008334,HCP_08334,Diabetology,Chennai,Washermenpet,North Chennai
NPIIN0000008335,HCP_08335,Cardiology,Chennai,Kilpauk,Central Chennai
NPIIN0000008336,HCP_08336,Pulmonology,Chennai,Porur,South Chennai
NPIIN0000008337,HCP_08337,General Medicine,Chennai,Porur,South Chennai
NPIIN0000008338,HCP_08338,Endocrinology,Chennai,Mylapore,Central Chennai
NPIIN0000008339,HCP_08339,Pulmonology,Chennai,Washermenpet,North Chennai
NPIIN0000008340,HCP_08340,Cardiology,Chennai,Adyar,South Chennai
NPIIN0000008341,HCP_08341,General Medicine,Chennai,Anna Nagar,Central Chennai
NPIIN0000008342,HCP_08342,Dermatology,Chennai,Washermenpet,North Chennai
NPIIN0000008343,HCP_08343,Urology,Chennai,Velachery,South Chennai
NPIIN0000008344,HCP_08344,Diabetology,Chennai,Washermenpet,North Chennai
NPIIN0000008345,HCP_08345,Dermatology,Chennai,Sholinganallur,South Chennai
NPIIN0000008346,HCP_08346,Urology,Chennai,Madhavaram,North Chennai
NPIIN0000008347,HCP_08347,Pulmonology,Chennai,Sholinganallur,South Chennai
NPIIN0000008348,HCP_08348,Orthopedics,Chennai,Nungambakkam,Central Chennai
NPIIN0000008349,HCP_08349,Diabetology,Chennai,Nungambakkam,Central Chennai
NPIIN0000008350,HCP_08350,Cardiology,Chennai,T Nagar,Central Chennai
NPIIN0000008351,HCP_08351,Dermatology,Chennai,Tambaram,South Chennai
NPIIN0000008352,HCP_08352,General Medicine,Chennai,Adyar,South Chennai
NPIIN0000008353,HCP_08353,General Medicine,Chennai,Sholinganallur,South Chennai
NPIIN0000008354,HCP_08354,Cardiology,Chennai,Kilpauk,Central Chennai
NPIIN0000008355,HCP_08355,Cardiology,Chennai,Washermenpet,North Chennai
NPIIN0000008356,HCP_08356,Cardiology,Chennai,Guindy,South Chennai
NPIIN0000008357,HCP_08357,Endocrinology,Chennai,Sholinganallur,South Chennai
NPIIN0000008358,HCP_08358,Orthopedics,Chennai,T Nagar,Central Chennai
NPIIN0000008359,HCP_08359,Diabetology,Chennai,Tambaram,South Chennai
NPIIN0000008360,HCP_08360,Dermatology,Chennai,Egmore,Central Chennai
NPIIN0000008361,HCP_08361,Cardiology,Chennai,Anna Nagar,Central Chennai
NPIIN0000008362,HCP_08362,Diabetology,Chennai,Guindy,South Chennai
NPIIN0000008363,HCP_08363,Urology,Chennai,Tondiarpet,North Chennai
NPIIN0000008364,HCP_08364,Endocrinology,Chennai,Perambur,North Chennai
NPIIN0000008365,HCP_08365,Diabetology,Chennai,Royapuram,North Chennai
NPIIN0000008366,HCP_08366,Dermatology,Chennai,Velachery,South Chennai
NPIIN0000008367,HCP_08367,Cardiology,Chennai,Nungambakkam,Central Chennai
NPIIN0000008368,HCP_08368,Cardiology,Chennai,Sholinganallur,South Chennai
NPIIN0000008369,HCP_08369,Orthopedics,Chennai,T Nagar,Central Chennai
NPIIN0000008370,HCP_08370,General Medicine,Chennai,Nungambakkam,Central Chennai
NPIIN0000008371,HCP_08371,Neurology,Chennai,Tondiarpet,North Chennai
NPIIN0000008372,HCP_08372,Cardiology,Chennai,Ambattur,North Chennai
NPIIN0000008373,HCP_08373,Endocrinology,Chennai,Kilpauk,Central Chennai
NPIIN0000008374,HCP_08374,General Medicine,Chennai,Tondiarpet,North Chennai
NPIIN0000008375,HCP_08375,Neurology,Chennai,Velachery,South Chennai
NPIIN0000008376,HCP_08376,Diabetology,Chennai,Ambattur,North Chennai
NPIIN0000008377,HCP_08377,Urology,Chennai,Velachery,South Chennai
NPIIN0000008378,HCP_08378,Gastroenterology,Chennai,Tambaram,South Chennai
NPIIN0000008379,HCP_08379,Pulmonology,Chennai,Tondiarpet,North Chennai
NPIIN0000008380,HCP_08380,General Medicine,Chennai,Madhavaram,North Chennai
NPIIN0000008381,HCP_08381,Pulmonology,Chennai,Madhavaram,North Chennai
NPIIN0000008382,HCP_08382,Gastroenterology,Chennai,Madhavaram,North Chennai
NPIIN0000008383,HCP_08383,Cardiology,Chennai,Egmore,Central Chennai
NPIIN0000008384,HCP_08384,Dermatology,Chennai,Anna Nagar,Central Chennai
NPIIN0000008385,HCP_08385,General Medicine,Chennai,Nungambakkam,Central Chennai
NPIIN0000008386,HCP_08386,Orthopedics,Chennai,Madhavaram,North Chennai
NPIIN0000008387,HCP_08387,Orthopedics,Chennai,Sholinganallur,South Chennai
NPIIN0000008388,HCP_08388,Cardiology,Chennai,Ambattur,North Chennai
NPIIN0000008389,HCP_08389,General Medicine,Chennai,Washermenpet,North Chennai
NPIIN0000008390,HCP_08390,General Medicine,Chennai,Royapuram,North Chennai
NPIIN0000008391,HCP_08391,Pulmonology,Chennai,Guindy,South Chennai
NPIIN0000008392,HCP_08392,Dermatology,Chennai,Perambur,North Chennai
NPIIN0000008393,HCP_08393,Endocrinology,Chennai,Washermenpet,North Chennai
NPIIN0000008394,HCP_08394,Pulmonology,Chennai,Velachery,South Chennai
NPIIN0000008395,HCP_08395,Orthopedics,Chennai,Nungambakkam,Central Chennai
NPIIN0000008396,HCP_08396,Orthopedics,Chennai,Royapuram,North Chennai
NPIIN0000008397,HCP_08397,Cardiology,Chennai,Royapuram,North Chennai
NPIIN0000008398,HCP_08398,Orthopedics,Chennai,Sholinganallur,South Chennai
NPIIN0000008399,HCP_08399,Cardiology,Chennai,Tambaram,South Chennai
NPIIN0000008400,HCP_08400,Pulmonology,Chennai,Guindy,South Chennai
NPIIN0000008401,HCP_08401,Diabetology,Chennai,Tondiarpet,North Chennai
NPIIN0000008402,HCP_08402,Pulmonology,Chennai,Nungambakkam,Central Chennai
NPIIN0000008403,HCP_08403,Cardiology,Chennai,Perambur,North Chennai
NPIIN0000008404,HCP_08404,Endocrinology,Chennai,Adyar,South Chennai
NPIIN0000008405,HCP_08405,Diabetology,Chennai,Guindy,South Chennai
NPIIN0000008406,HCP_08406,Urology,Chennai,Guindy,South Chennai
NPIIN0000008407,HCP_08407,Pulmonology,Chennai,Mylapore,Central Chennai
NPIIN0000008408,HCP_08408,Neurology,Chennai,Adyar,South Chennai
NPIIN0000008409,HCP_08409,Neurology,Chennai,Adyar,South Chennai
NPIIN0000008410,HCP_08410,General Medicine,Chennai,Velachery,South Chennai
NPIIN0000008411,HCP_08411,Cardiology,Chennai,Sholinganallur,South Chennai
NPIIN0000008412,HCP_08412,Cardiology,Chennai,Washermenpet,North Chennai
NPIIN0000008413,HCP_08413,General Medicine,Chennai,Sholinganallur,South Chennai
NPIIN0000008414,HCP_08414,Orthopedics,Chennai,Egmore,Central Chennai
NPIIN0000008415,HCP_08415,Diabetology,Chennai,Egmore,Central Chennai
NPIIN0000008416,HCP_08416,Neurology,Chennai,Sholinganallur,South Chennai
NPIIN0000008417,HCP_08417,Dermatology,Chennai,Velachery,South Chennai
NPIIN0000008418,HCP_08418,Urology,Chennai,Sholinganallur,South Chennai
NPIIN0000008419,HCP_08419,Diabetology,Chennai,Egmore,Central Chennai
NPIIN0000008420,HCP_08420,Orthopedics,Chennai,Kilpauk,Central Chennai
NPIIN0000008421,HCP_08421,Pulmonology,Chennai,Mylapore,Central Chennai
NPIIN0000008422,HCP_08422,General Medicine,Chennai,Velachery,South Chennai
NPIIN0000008423,HCP_08423,Gastroenterology,Chennai,Guindy,South Chennai
NPIIN0000008424,HCP_08424,Endocrinology,Chennai,Adyar,South Chennai
NPIIN0000008425,HCP_08425,Dermatology,Chennai,Kilpauk,Central Chennai
NPIIN0000008426,HCP_08426,Neurology,Chennai,Washermenpet,North Chennai
NPIIN0000008427,HCP_08427,Dermatology,Chennai,Adyar,South Chennai
NPIIN0000008428,HCP_08428,Dermatology,Chennai,Mylapore,Central Chennai
NPIIN0000008429,HCP_08429,Pulmonology,Chennai,Porur,South Chennai
NPIIN0000008430,HCP_08430,Cardiology,Chennai,Tondiarpet,North Chennai
NPIIN0000008431,HCP_08431,Diabetology,Chennai,Anna Nagar,Central Chennai
NPIIN0000008432,HCP_08432,Urology,Chennai,Nungambakkam,Central Chennai
NPIIN0000008433,HCP_08433,Pulmonology,Chennai,Guindy,South Chennai
NPIIN0000008434,HCP_08434,Urology,Chennai,Sholinganallur,South Chennai
NPIIN0000008435,HCP_08435,General Medicine,Chennai,Porur,South Chennai
NPIIN0000008436,HCP_08436,General Medicine,Chennai,Porur,South Chennai
NPIIN0000008437,HCP_08437,Urology,Chennai,Perambur,North Chennai
NPIIN0000008438,HCP_08438,Gastroenterology,Chennai,Porur,South Chennai
NPIIN0000008439,HCP_08439,General Medicine,Chennai,Velachery,South Chennai
NPIIN0000008440,HCP_08440,Cardiology,Chennai,Kilpauk,Central Chennai
NPIIN0000008441,HCP_08441,Urology,Chennai,Adyar,South Chennai
NPIIN0000008442,HCP_08442,Gastroenterology,Chennai,Anna Nagar,Central Chennai
NPIIN0000008443,HCP_08443,General Medicine,Chennai,Kilpauk,Central Chennai
NPIIN0000008444,HCP_08444,Pulmonology,Chennai,Ambattur,North Chennai
NPIIN0000008445,HCP_08445,Endocrinology,Chennai,Adyar,South Chennai
NPIIN0000008446,HCP_08446,General Medicine,Chennai,Kilpauk,Central Chennai
NPIIN0000008447,HCP_08447,Endocrinology,Chennai,Tondiarpet,North Chennai
NPIIN0000008448,HCP_08448,Endocrinology,Chennai,Guindy,South Chennai
NPIIN0000008449,HCP_08449,Dermatology,Chennai,Egmore,Central Chennai
NPIIN0000008450,HCP_08450,General Medicine,Chennai,Adyar,South Chennai
NPIIN0000008451,HCP_08451,Dermatology,Chennai,Velachery,South Chennai
NPIIN0000008452,HCP_08452,General Medicine,Chennai,Nungambakkam,Central Chennai
NPIIN0000008453,HCP_08453,Cardiology,Chennai,Anna Nagar,Central Chennai
NPIIN0000008454,HCP_08454,General Medicine,Chennai,Sholinganallur,South Chennai
NPIIN0000008455,HCP_08455,Endocrinology,Chennai,Anna Nagar,Central Chennai
NPIIN0000008456,HCP_08456,Neurology,Chennai,Mylapore,Central Chennai
NPIIN0000008457,HCP_08457,Urology,Chennai,Sholinganallur,South Chennai
NPIIN0000008458,HCP_08458,Gastroenterology,Chennai,Porur,South Chennai
NPIIN0000008459,HCP_08459,Gastroenterology,Chennai,Sholinganallur,South Chennai
NPIIN0000008460,HCP_08460,Urology,Chennai,Ambattur,North Chennai
NPIIN0000008461,HCP_08461,Gastroenterology,Chennai,Tambaram,South Chennai
NPIIN0000008462,HCP_08462,Pulmonology,Chennai,Guindy,South Chennai
NPIIN0000008463,HCP_08463,Gastroenterology,Chennai,Guindy,South Chennai
NPIIN0000008464,HCP_08464,General Medicine,Chennai,Sholinganallur,South Chennai
NPIIN0000008465,HCP_08465,Cardiology,Chennai,Adyar,South Chennai
NPIIN0000008466,HCP_08466,Neurology,Chennai,Ambattur,North Chennai
NPIIN0000008467,HCP_08467,Gastroenterology,Chennai,Ambattur,North Chennai
NPIIN0000008468,HCP_08468,Endocrinology,Chennai,Madhavaram,North Chennai
NPIIN0000008469,HCP_08469,Orthopedics,Chennai,Royapuram,North Chennai
NPIIN0000008470,HCP_08470,Cardiology,Chennai,Royapuram,North Chennai
NPIIN0000008471,HCP_08471,Gastroenterology,Chennai,Ambattur,North Chennai
NPIIN0000008472,HCP_08472,Orthopedics,Chennai,Velachery,South Chennai
NPIIN0000008473,HCP_08473,Diabetology,Chennai,Washermenpet,North Chennai
NPIIN0000008474,HCP_08474,Urology,Chennai,Kilpauk,Central Chennai
NPIIN0000008475,HCP_08475,Dermatology,Chennai,Kilpauk,Central Chennai
NPIIN0000008476,HCP_08476,Gastroenterology,Chennai,Egmore,Central Chennai
NPIIN0000008477,HCP_08477,Orthopedics,Chennai,Tambaram,South Chennai
NPIIN0000008478,HCP_08478,Neurology,Chennai,Royapuram,North Chennai
NPIIN0000008479,HCP_08479,General Medicine,Chennai,Mylapore,Central Chennai
NPIIN0000008480,HCP_08480,Neurology,Chennai,Guindy,South Chennai
NPIIN0000008481,HCP_08481,General Medicine,Chennai,Anna Nagar,Central Chennai
NPIIN0000008482,HCP_08482,Diabetology,Chennai,T Nagar,Central Chennai
NPIIN0000008483,HCP_08483,Cardiology,Chennai,Sholinganallur,South Chennai
NPIIN0000008484,HCP_08484,General Medicine,Chennai,Perambur,North Chennai
NPIIN0000008485,HCP_08485,Dermatology,Chennai,Sholinganallur,South Chennai
NPIIN0000008486,HCP_08486,Orthopedics,Chennai,Velachery,South Chennai
NPIIN0000008487,HCP_08487,Orthopedics,Chennai,Velachery,South Chennai
NPIIN0000008488,HCP_08488,Endocrinology,Chennai,Anna Nagar,Central Chennai
NPIIN0000008489,HCP_08489,Pulmonology,Chennai,Porur,South Chennai
NPIIN0000008490,HCP_08490,Pulmonology,Chennai,Porur,South Chennai
NPIIN0000008491,HCP_08491,Endocrinology,Chennai,Egmore,Central Chennai
NPIIN0000008492,HCP_08492,Pulmonology,Chennai,Tambaram,South Chennai
NPIIN0000008493,HCP_08493,General Medicine,Chennai,Tondiarpet,North Chennai
NPIIN0000008494,HCP_08494,Orthopedics,Chennai,Tambaram,South Chennai
NPIIN0000008495,HCP_08495,Diabetology,Chennai,Madhavaram,North Chennai
NPIIN0000008496,HCP_08496,Dermatology,Chennai,Ambattur,North Chennai
NPIIN0000008497,HCP_08497,Urology,Chennai,Nungambakkam,Central Chennai
NPIIN0000008498,HCP_08498,Gastroenterology,Chennai,Sholinganallur,South Chennai
NPIIN0000008499,HCP_08499,Endocrinology,Chennai,Madhavaram,North Chennai
NPIIN0000008500,HCP_08500,Diabetology,Chennai,T Nagar,Central Chennai
NPIIN0000008501,HCP_08501,Orthopedics,Chennai,Mylapore,Central Chennai
NPIIN0000008502,HCP_08502,Cardiology,Chennai,Velachery,South Chennai
NPIIN0000008503,HCP_08503,Cardiology,Chennai,Anna Nagar,Central Chennai
NPIIN0000008504,HCP_08504,Orthopedics,Chennai,Madhavaram,North Chennai
NPIIN0000008505,HCP_08505,Gastroenterology,Chennai,Porur,South Chennai
NPIIN0000008506,HCP_08506,Gastroenterology,Chennai,Mylapore,Central Chennai
NPIIN0000008507,HCP_08507,Endocrinology,Chennai,Tondiarpet,North Chennai
NPIIN0000008508,HCP_08508,General Medicine,Chennai,Mylapore,Central Chennai
NPIIN0000008509,HCP_08509,Dermatology,Chennai,Tambaram,South Chennai
NPIIN0000008510,HCP_08510,Diabetology,Chennai,Sholinganallur,South Chennai
NPIIN0000008511,HCP_08511,Endocrinology,Chennai,Anna Nagar,Central Chennai
NPIIN0000008512,HCP_08512,Cardiology,Chennai,Royapuram,North Chennai
NPIIN0000008513,HCP_08513,Pulmonology,Chennai,Tondiarpet,North Chennai
NPIIN0000008514,HCP_08514,Diabetology,Chennai,Tambaram,South Chennai
NPIIN0000008515,HCP_08515,Urology,Chennai,Royapuram,North Chennai
NPIIN0000008516,HCP_08516,Diabetology,Chennai,Ambattur,North Chennai
NPIIN0000008517,HCP_08517,Endocrinology,Chennai,Guindy,South Chennai
NPIIN0000008518,HCP_08518,Orthopedics,Chennai,Mylapore,Central Chennai
NPIIN0000008519,HCP_08519,Orthopedics,Chennai,Perambur,North Chennai
NPIIN0000008520,HCP_08520,Neurology,Chennai,Mylapore,Central Chennai
NPIIN0000008521,HCP_08521,Urology,Chennai,Perambur,North Chennai
NPIIN0000008522,HCP_08522,Endocrinology,Chennai,Ambattur,North Chennai
NPIIN0000008523,HCP_08523,General Medicine,Chennai,Adyar,South Chennai
NPIIN0000008524,HCP_08524,Endocrinology,Chennai,Royapuram,North Chennai
NPIIN0000008525,HCP_08525,General Medicine,Chennai,Nungambakkam,Central Chennai
NPIIN0000008526,HCP_08526,Dermatology,Chennai,Adyar,South Chennai
NPIIN0000008527,HCP_08527,Dermatology,Chennai,Porur,South Chennai
NPIIN0000008528,HCP_08528,Cardiology,Chennai,Tambaram,South Chennai
NPIIN0000008529,HCP_08529,General Medicine,Chennai,Guindy,South Chennai
NPIIN0000008530,HCP_08530,Orthopedics,Chennai,T Nagar,Central Chennai
NPIIN0000008531,HCP_08531,Pulmonology,Chennai,Adyar,South Chennai
NPIIN0000008532,HCP_08532,Diabetology,Chennai,Anna Nagar,Central Chennai
NPIIN0000008533,HCP_08533,General Medicine,Chennai,Egmore,Central Chennai
NPIIN0000008534,HCP_08534,Diabetology,Chennai,Adyar,South Chennai
NPIIN0000008535,HCP_08535,General Medicine,Chennai,Sholinganallur,South Chennai
NPIIN0000008536,HCP_08536,General Medicine,Chennai,T Nagar,Central Chennai
NPIIN0000008537,HCP_08537,General Medicine,Chennai,Nungambakkam,Central Chennai
NPIIN0000008538,HCP_08538,General Medicine,Chennai,Velachery,South Chennai
NPIIN0000008539,HCP_08539,General Medicine,Chennai,Nungambakkam,Central Chennai
NPIIN0000008540,HCP_08540,Cardiology,Chennai,Egmore,Central Chennai
NPIIN0000008541,HCP_08541,Cardiology,Chennai,Mylapore,Central Chennai
NPIIN0000008542,HCP_08542,General Medicine,Chennai,Anna Nagar,Central Chennai
NPIIN0000008543,HCP_08543,Urology,Chennai,Mylapore,Central Chennai
NPIIN0000008544,HCP_08544,Dermatology,Chennai,Guindy,South Chennai
NPIIN0000008545,HCP_08545,Cardiology,Chennai,T Nagar,Central Chennai
NPIIN0000008546,HCP_08546,General Medicine,Chennai,Ambattur,North Chennai
NPIIN0000008547,HCP_08547,Pulmonology,Chennai,Sholinganallur,South Chennai
NPIIN0000008548,HCP_08548,General Medicine,Chennai,Madhavaram,North Chennai
NPIIN0000008549,HCP_08549,Neurology,Chennai,Sholinganallur,South Chennai
NPIIN0000008550,HCP_08550,Orthopedics,Chennai,Tambaram,South Chennai
NPIIN0000008551,HCP_08551,Cardiology,Chennai,Ambattur,North Chennai
NPIIN0000008552,HCP_08552,General Medicine,Chennai,Porur,South Chennai
NPIIN0000008553,HCP_08553,General Medicine,Chennai,Sholinganallur,South Chennai
NPIIN0000008554,HCP_08554,Pulmonology,Chennai,Tambaram,South Chennai
NPIIN0000008555,HCP_08555,Endocrinology,Chennai,Guindy,South Chennai
NPIIN0000008556,HCP_08556,Neurology,Chennai,Egmore,Central Chennai
NPIIN0000008557,HCP_08557,Cardiology,Chennai,Adyar,South Chennai
NPIIN0000008558,HCP_08558,Gastroenterology,Chennai,Sholinganallur,South Chennai
NPIIN0000008559,HCP_08559,Neurology,Chennai,T Nagar,Central Chennai
NPIIN0000008560,HCP_08560,General Medicine,Chennai,Sholinganallur,South Chennai
NPIIN0000008561,HCP_08561,Orthopedics,Chennai,Kilpauk,Central Chennai
NPIIN0000008562,HCP_08562,Dermatology,Chennai,Nungambakkam,Central Chennai
NPIIN0000008563,HCP_08563,Pulmonology,Chennai,Porur,South Chennai
NPIIN0000008564,HCP_08564,Orthopedics,Chennai,T Nagar,Central Chennai
NPIIN0000008565,HCP_08565,Dermatology,Chennai,Ambattur,North Chennai
NPIIN0000008566,HCP_08566,Cardiology,Chennai,Ambattur,North Chennai
NPIIN0000008567,HCP_08567,Pulmonology,Chennai,Tambaram,South Chennai
NPIIN0000008568,HCP_08568,Pulmonology,Chennai,Ambattur,North Chennai
NPIIN0000008569,HCP_08569,Neurology,Chennai,Tambaram,South Chennai
NPIIN0000008570,HCP_08570,Orthopedics,Chennai,Velachery,South Chennai
NPIIN0000008571,HCP_08571,General Medicine,Chennai,Sholinganallur,South Chennai
NPIIN0000008572,HCP_08572,Cardiology,Chennai,Porur,South Chennai
NPIIN0000008573,HCP_08573,General Medicine,Chennai,Tambaram,South Chennai
NPIIN0000008574,HCP_08574,Gastroenterology,Chennai,Madhavaram,North Chennai
NPIIN0000008575,HCP_08575,General Medicine,Chennai,Sholinganallur,South Chennai
NPIIN0000008576,HCP_08576,Cardiology,Chennai,Tondiarpet,North Chennai
NPIIN0000008577,HCP_08577,Diabetology,Chennai,Nungambakkam,Central Chennai
NPIIN0000008578,HCP_08578,Neurology,Chennai,Anna Nagar,Central Chennai
NPIIN0000008579,HCP_08579,Cardiology,Chennai,Adyar,South Chennai
NPIIN0000008580,HCP_08580,General Medicine,Chennai,Egmore,Central Chennai
NPIIN0000008581,HCP_08581,Cardiology,Chennai,Madhavaram,North Chennai
NPIIN0000008582,HCP_08582,General Medicine,Chennai,Perambur,North Chennai
NPIIN0000008583,HCP_08583,Endocrinology,Chennai,Ambattur,North Chennai
NPIIN0000008584,HCP_08584,Cardiology,Chennai,T Nagar,Central Chennai
NPIIN0000008585,HCP_08585,Neurology,Chennai,Tambaram,South Chennai
NPIIN0000008586,HCP_08586,Endocrinology,Chennai,Tondiarpet,North Chennai
NPIIN0000008587,HCP_08587,Endocrinology,Chennai,T Nagar,Central Chennai
NPIIN0000008588,HCP_08588,Pulmonology,Chennai,Tondiarpet,North Chennai
NPIIN0000008589,HCP_08589,Cardiology,Chennai,Washermenpet,North Chennai
NPIIN0000008590,HCP_08590,Cardiology,Chennai,Porur,South Chennai
NPIIN0000008591,HCP_08591,General Medicine,Chennai,Tondiarpet,North Chennai
NPIIN0000008592,HCP_08592,General Medicine,Chennai,Egmore,Central Chennai
NPIIN0000008593,HCP_08593,Pulmonology,Chennai,Sholinganallur,South Chennai
NPIIN0000008594,HCP_08594,Orthopedics,Chennai,Perambur,North Chennai
NPIIN0000008595,HCP_08595,General Medicine,Chennai,Egmore,Central Chennai
NPIIN0000008596,HCP_08596,Pulmonology,Chennai,Guindy,South Chennai
NPIIN0000008597,HCP_08597,Urology,Chennai,Velachery,South Chennai
NPIIN0000008598,HCP_08598,General Medicine,Chennai,Sholinganallur,South Chennai
NPIIN0000008599,HCP_08599,Gastroenterology,Chennai,Washermenpet,North Chennai
NPIIN0000008600,HCP_08600,Pulmonology,Chennai,Washermenpet,North Chennai
NPIIN0000008601,HCP_08601,Neurology,Chennai,Royapuram,North Chennai
NPIIN0000008602,HCP_08602,Orthopedics,Chennai,Anna Nagar,Central Chennai
NPIIN0000008603,HCP_08603,Cardiology,Chennai,T Nagar,Central Chennai
NPIIN0000008604,HCP_08604,Urology,Chennai,Adyar,South Chennai
NPIIN0000008605,HCP_08605,General Medicine,Chennai,Tambaram,South Chennai
NPIIN0000008606,HCP_08606,Pulmonology,Chennai,Washermenpet,North Chennai
NPIIN0000008607,HCP_08607,General Medicine,Chennai,T Nagar,Central Chennai
NPIIN0000008608,HCP_08608,Diabetology,Chennai,Adyar,South Chennai
NPIIN0000008609,HCP_08609,Cardiology,Chennai,Egmore,Central Chennai
NPIIN0000008610,HCP_08610,Orthopedics,Chennai,Anna Nagar,Central Chennai
NPIIN0000008611,HCP_08611,Pulmonology,Chennai,Anna Nagar,Central Chennai
NPIIN0000008612,HCP_08612,Urology,Chennai,Guindy,South Chennai
NPIIN0000008613,HCP_08613,Diabetology,Chennai,Porur,South Chennai
NPIIN0000008614,HCP_08614,Diabetology,Chennai,Egmore,Central Chennai
NPIIN0000008615,HCP_08615,General Medicine,Chennai,Anna Nagar,Central Chennai
NPIIN0000008616,HCP_08616,Endocrinology,Chennai,Guindy,South Chennai
NPIIN0000008617,HCP_08617,General Medicine,Chennai,Royapuram,North Chennai
NPIIN0000008618,HCP_08618,Orthopedics,Chennai,Adyar,South Chennai
NPIIN0000008619,HCP_08619,Urology,Chennai,Mylapore,Central Chennai
NPIIN0000008620,HCP_08620,General Medicine,Chennai,Tambaram,South Chennai
NPIIN0000008621,HCP_08621,General Medicine,Chennai,Adyar,South Chennai
NPIIN0000008622,HCP_08622,Pulmonology,Chennai,Ambattur,North Chennai
NPIIN0000008623,HCP_08623,Pulmonology,Chennai,T Nagar,Central Chennai
NPIIN0000008624,HCP_08624,Neurology,Chennai,Tambaram,South Chennai
NPIIN0000008625,HCP_08625,Pulmonology,Chennai,Egmore,Central Chennai
NPIIN0000008626,HCP_08626,Cardiology,Chennai,Mylapore,Central Chennai
NPIIN0000008627,HCP_08627,Cardiology,Chennai,Kilpauk,Central Chennai
NPIIN0000008628,HCP_08628,Orthopedics,Chennai,Tambaram,South Chennai
NPIIN0000008629,HCP_08629,Gastroenterology,Chennai,Royapuram,North Chennai
NPIIN0000008630,HCP_08630,Orthopedics,Chennai,Sholinganallur,South Chennai
NPIIN0000008631,HCP_08631,General Medicine,Chennai,Washermenpet,North Chennai
NPIIN0000008632,HCP_08632,Pulmonology,Chennai,Perambur,North Chennai
NPIIN0000008633,HCP_08633,Diabetology,Chennai,Kilpauk,Central Chennai
NPIIN0000008634,HCP_08634,Urology,Chennai,Guindy,South Chennai
NPIIN0000008635,HCP_08635,Diabetology,Chennai,Nungambakkam,Central Chennai
NPIIN0000008636,HCP_08636,Neurology,Chennai,Tondiarpet,North Chennai
NPIIN0000008637,HCP_08637,Endocrinology,Chennai,Anna Nagar,Central Chennai
NPIIN0000008638,HCP_08638,Cardiology,Chennai,Ambattur,North Chennai
NPIIN0000008639,HCP_08639,Endocrinology,Chennai,Ambattur,North Chennai
NPIIN0000008640,HCP_08640,General Medicine,Chennai,Nungambakkam,Central Chennai
NPIIN0000008641,HCP_08641,Dermatology,Chennai,Nungambakkam,Central Chennai
NPIIN0000008642,HCP_08642,Orthopedics,Chennai,Tambaram,South Chennai
NPIIN0000008643,HCP_08643,Pulmonology,Chennai,T Nagar,Central Chennai
NPIIN0000008644,HCP_08644,Pulmonology,Chennai,Mylapore,Central Chennai
NPIIN0000008645,HCP_08645,Gastroenterology,Chennai,Kilpauk,Central Chennai
NPIIN0000008646,HCP_08646,Cardiology,Chennai,Perambur,North Chennai
NPIIN0000008647,HCP_08647,Dermatology,Chennai,Tambaram,South Chennai
NPIIN0000008648,HCP_08648,Gastroenterology,Chennai,Kilpauk,Central Chennai
NPIIN0000008649,HCP_08649,General Medicine,Chennai,Ambattur,North Chennai
NPIIN0000008650,HCP_08650,Cardiology,Chennai,Guindy,South Chennai
NPIIN0000008651,HCP_08651,Endocrinology,Chennai,Nungambakkam,Central Chennai
NPIIN0000008652,HCP_08652,General Medicine,Chennai,Velachery,South Chennai
NPIIN0000008653,HCP_08653,Orthopedics,Chennai,Adyar,South Chennai
NPIIN0000008654,HCP_08654,Neurology,Chennai,Egmore,Central Chennai
NPIIN0000008655,HCP_08655,General Medicine,Chennai,Egmore,Central Chennai
NPIIN0000008656,HCP_08656,General Medicine,Chennai,Egmore,Central Chennai
NPIIN0000008657,HCP_08657,Gastroenterology,Chennai,T Nagar,Central Chennai
NPIIN0000008658,HCP_08658,Diabetology,Chennai,Royapuram,North Chennai
NPIIN0000008659,HCP_08659,Cardiology,Chennai,Tondiarpet,North Chennai
NPIIN0000008660,HCP_08660,Neurology,Chennai,Tondiarpet,North Chennai
NPIIN0000008661,HCP_08661,Diabetology,Chennai,Nungambakkam,Central Chennai
NPIIN0000008662,HCP_08662,Diabetology,Chennai,Mylapore,Central Chennai
NPIIN0000008663,HCP_08663,General Medicine,Chennai,Velachery,South Chennai
NPIIN0000008664,HCP_08664,Diabetology,Chennai,Velachery,South Chennai
NPIIN0000008665,HCP_08665,Urology,Chennai,Kilpauk,Central Chennai
NPIIN0000008666,HCP_08666,Dermatology,Chennai,Sholinganallur,South Chennai
NPIIN0000008667,HCP_08667,Orthopedics,Chennai,Royapuram,North Chennai
NPIIN0000008668,HCP_08668,Orthopedics,Chennai,Sholinganallur,South Chennai
NPIIN0000008669,HCP_08669,Diabetology,Chennai,Perambur,North Chennai
NPIIN0000008670,HCP_08670,General Medicine,Chennai,Tambaram,South Chennai
NPIIN0000008671,HCP_08671,Neurology,Chennai,Egmore,Central Chennai
NPIIN0000008672,HCP_08672,Cardiology,Chennai,Anna Nagar,Central Chennai
NPIIN0000008673,HCP_08673,Orthopedics,Chennai,Guindy,South Chennai
NPIIN0000008674,HCP_08674,Cardiology,Chennai,Nungambakkam,Central Chennai
NPIIN0000008675,HCP_08675,Pulmonology,Chennai,Kilpauk,Central Chennai
NPIIN0000008676,HCP_08676,Neurology,Chennai,Tambaram,South Chennai
NPIIN0000008677,HCP_08677,Urology,Chennai,Guindy,South Chennai
NPIIN0000008678,HCP_08678,Neurology,Chennai,Adyar,South Chennai
NPIIN0000008679,HCP_08679,Pulmonology,Chennai,Sholinganallur,South Chennai
NPIIN0000008680,HCP_08680,Diabetology,Chennai,Guindy,South Chennai
NPIIN0000008681,HCP_08681,Pulmonology,Chennai,Egmore,Central Chennai
NPIIN0000008682,HCP_08682,Gastroenterology,Chennai,Madhavaram,North Chennai
NPIIN0000008683,HCP_08683,General Medicine,Chennai,Guindy,South Chennai
NPIIN0000008684,HCP_08684,Gastroenterology,Chennai,Tambaram,South Chennai
NPIIN0000008685,HCP_08685,Cardiology,Chennai,Mylapore,Central Chennai
NPIIN0000008686,HCP_08686,General Medicine,Chennai,Nungambakkam,Central Chennai
NPIIN0000008687,HCP_08687,Orthopedics,Chennai,Adyar,South Chennai
NPIIN0000008688,HCP_08688,Diabetology,Chennai,Kilpauk,Central Chennai
NPIIN0000008689,HCP_08689,Pulmonology,Chennai,Mylapore,Central Chennai
NPIIN0000008690,HCP_08690,General Medicine,Chennai,Adyar,South Chennai
NPIIN0000008691,HCP_08691,Orthopedics,Chennai,Madhavaram,North Chennai
NPIIN0000008692,HCP_08692,Endocrinology,Chennai,Mylapore,Central Chennai
NPIIN0000008693,HCP_08693,Diabetology,Chennai,Mylapore,Central Chennai
NPIIN0000008694,HCP_08694,Urology,Chennai,T Nagar,Central Chennai
NPIIN0000008695,HCP_08695,Neurology,Chennai,Guindy,South Chennai
NPIIN0000008696,HCP_08696,Pulmonology,Chennai,Washermenpet,North Chennai
NPIIN0000008697,HCP_08697,General Medicine,Chennai,Anna Nagar,Central Chennai
NPIIN0000008698,HCP_08698,General Medicine,Chennai,Washermenpet,North Chennai
NPIIN0000008699,HCP_08699,Orthopedics,Chennai,Kilpauk,Central Chennai
NPIIN0000008700,HCP_08700,Neurology,Chennai,Nungambakkam,Central Chennai
NPIIN0000008701,HCP_08701,Urology,Chennai,Kilpauk,Central Chennai
NPIIN0000008702,HCP_08702,Orthopedics,Chennai,Washermenpet,North Chennai
NPIIN0000008703,HCP_08703,Pulmonology,Chennai,T Nagar,Central Chennai
NPIIN0000008704,HCP_08704,Pulmonology,Chennai,Nungambakkam,Central Chennai
NPIIN0000008705,HCP_08705,Neurology,Chennai,Ambattur,North Chennai
NPIIN0000008706,HCP_08706,Dermatology,Chennai,Washermenpet,North Chennai
NPIIN0000008707,HCP_08707,Neurology,Chennai,T Nagar,Central Chennai
NPIIN0000008708,HCP_08708,Cardiology,Chennai,Kilpauk,Central Chennai
NPIIN0000008709,HCP_08709,Orthopedics,Chennai,Anna Nagar,Central Chennai
NPIIN0000008710,HCP_08710,Neurology,Chennai,Perambur,North Chennai
NPIIN0000008711,HCP_08711,Urology,Chennai,Sholinganallur,South Chennai
NPIIN0000008712,HCP_08712,General Medicine,Chennai,Nungambakkam,Central Chennai
NPIIN0000008713,HCP_08713,General Medicine,Chennai,Velachery,South Chennai
NPIIN0000008714,HCP_08714,Neurology,Chennai,Adyar,South Chennai
NPIIN0000008715,HCP_08715,Gastroenterology,Chennai,Mylapore,Central Chennai
NPIIN0000008716,HCP_08716,Cardiology,Chennai,T Nagar,Central Chennai
NPIIN0000008717,HCP_08717,General Medicine,Chennai,Nungambakkam,Central Chennai
NPIIN0000008718,HCP_08718,Gastroenterology,Chennai,Anna Nagar,Central Chennai
NPIIN0000008719,HCP_08719,Orthopedics,Chennai,Washermenpet,North Chennai
NPIIN0000008720,HCP_08720,Cardiology,Chennai,Egmore,Central Chennai
NPIIN0000008721,HCP_08721,Diabetology,Chennai,Sholinganallur,South Chennai
NPIIN0000008722,HCP_08722,General Medicine,Chennai,Ambattur,North Chennai
NPIIN0000008723,HCP_08723,Endocrinology,Chennai,Guindy,South Chennai
NPIIN0000008724,HCP_08724,Cardiology,Chennai,Porur,South Chennai
NPIIN0000008725,HCP_08725,Pulmonology,Chennai,Ambattur,North Chennai
NPIIN0000008726,HCP_08726,Neurology,Chennai,Velachery,South Chennai
NPIIN0000008727,HCP_08727,General Medicine,Chennai,Guindy,South Chennai
NPIIN0000008728,HCP_08728,General Medicine,Chennai,Perambur,North Chennai
NPIIN0000008729,HCP_08729,Orthopedics,Chennai,Kilpauk,Central Chennai
NPIIN0000008730,HCP_08730,General Medicine,Chennai,Royapuram,North Chennai
NPIIN0000008731,HCP_08731,Dermatology,Chennai,Nungambakkam,Central Chennai
NPIIN0000008732,HCP_08732,Diabetology,Chennai,Tondiarpet,North Chennai
NPIIN0000008733,HCP_08733,Dermatology,Chennai,Royapuram,North Chennai
NPIIN0000008734,HCP_08734,Dermatology,Chennai,Madhavaram,North Chennai
NPIIN0000008735,HCP_08735,Diabetology,Chennai,Porur,South Chennai
NPIIN0000008736,HCP_08736,Neurology,Chennai,Egmore,Central Chennai
NPIIN0000008737,HCP_08737,Neurology,Chennai,Perambur,North Chennai
NPIIN0000008738,HCP_08738,General Medicine,Chennai,Anna Nagar,Central Chennai
NPIIN0000008739,HCP_08739,Gastroenterology,Chennai,Velachery,South Chennai
NPIIN0000008740,HCP_08740,Diabetology,Chennai,Velachery,South Chennai
NPIIN0000008741,HCP_08741,General Medicine,Chennai,Anna Nagar,Central Chennai
NPIIN0000008742,HCP_08742,Orthopedics,Chennai,Tambaram,South Chennai
NPIIN0000008743,HCP_08743,Endocrinology,Chennai,Kilpauk,Central Chennai
NPIIN0000008744,HCP_08744,Endocrinology,Chennai,Tambaram,South Chennai
NPIIN0000008745,HCP_08745,Endocrinology,Chennai,Ambattur,North Chennai
NPIIN0000008746,HCP_08746,Orthopedics,Chennai,Washermenpet,North Chennai
NPIIN0000008747,HCP_08747,Endocrinology,Chennai,Adyar,South Chennai
NPIIN0000008748,HCP_08748,Endocrinology,Chennai,Guindy,South Chennai
NPIIN0000008749,HCP_08749,Neurology,Chennai,Tambaram,South Chennai
NPIIN0000008750,HCP_08750,Gastroenterology,Chennai,Washermenpet,North Chennai
NPIIN0000008751,HCP_08751,General Medicine,Chennai,Velachery,South Chennai
NPIIN0000008752,HCP_08752,Orthopedics,Chennai,Ambattur,North Chennai
NPIIN0000008753,HCP_08753,Cardiology,Chennai,Guindy,South Chennai
NPIIN0000008754,HCP_08754,Pulmonology,Chennai,Tambaram,South Chennai
NPIIN0000008755,HCP_08755,Pulmonology,Chennai,Nungambakkam,Central Chennai
NPIIN0000008756,HCP_08756,Diabetology,Chennai,Mylapore,Central Chennai
NPIIN0000008757,HCP_08757,Urology,Chennai,Nungambakkam,Central Chennai
NPIIN0000008758,HCP_08758,Pulmonology,Chennai,Mylapore,Central Chennai
NPIIN0000008759,HCP_08759,Diabetology,Chennai,Perambur,North Chennai
NPIIN0000008760,HCP_08760,Cardiology,Chennai,Nungambakkam,Central Chennai
NPIIN0000008761,HCP_08761,Cardiology,Chennai,Royapuram,North Chennai
NPIIN0000008762,HCP_08762,Urology,Chennai,Anna Nagar,Central Chennai
NPIIN0000008763,HCP_08763,Diabetology,Chennai,T Nagar,Central Chennai
NPIIN0000008764,HCP_08764,Urology,Chennai,Sholinganallur,South Chennai
NPIIN0000008765,HCP_08765,Cardiology,Chennai,Ambattur,North Chennai
NPIIN0000008766,HCP_08766,Orthopedics,Chennai,Tondiarpet,North Chennai
NPIIN0000008767,HCP_08767,Dermatology,Chennai,Guindy,South Chennai
NPIIN0000008768,HCP_08768,Cardiology,Chennai,Tambaram,South Chennai
NPIIN0000008769,HCP_08769,Cardiology,Chennai,Madhavaram,North Chennai
NPIIN0000008770,HCP_08770,Dermatology,Chennai,Mylapore,Central Chennai
NPIIN0000008771,HCP_08771,Cardiology,Chennai,Kilpauk,Central Chennai
NPIIN0000008772,HCP_08772,Diabetology,Chennai,Guindy,South Chennai
NPIIN0000008773,HCP_08773,Dermatology,Chennai,Porur,South Chennai
NPIIN0000008774,HCP_08774,Urology,Chennai,Adyar,South Chennai
NPIIN0000008775,HCP_08775,Gastroenterology,Chennai,Guindy,South Chennai
NPIIN0000008776,HCP_08776,Urology,Chennai,Nungambakkam,Central Chennai
NPIIN0000008777,HCP_08777,Pulmonology,Chennai,Washermenpet,North Chennai
NPIIN0000008778,HCP_08778,Gastroenterology,Chennai,Tambaram,South Chennai
NPIIN0000008779,HCP_08779,General Medicine,Chennai,Tambaram,South Chennai
NPIIN0000008780,HCP_08780,Gastroenterology,Chennai,Mylapore,Central Chennai
NPIIN0000008781,HCP_08781,Neurology,Chennai,Ambattur,North Chennai
NPIIN0000008782,HCP_08782,Pulmonology,Chennai,Egmore,Central Chennai
NPIIN0000008783,HCP_08783,Orthopedics,Chennai,Guindy,South Chennai
NPIIN0000008784,HCP_08784,General Medicine,Chennai,Nungambakkam,Central Chennai
NPIIN0000008785,HCP_08785,Pulmonology,Chennai,Sholinganallur,South Chennai
NPIIN0000008786,HCP_08786,General Medicine,Chennai,Kilpauk,Central Chennai
NPIIN0000008787,HCP_08787,Diabetology,Chennai,Royapuram,North Chennai
NPIIN0000008788,HCP_08788,General Medicine,Chennai,Porur,South Chennai
NPIIN0000008789,HCP_08789,Orthopedics,Chennai,T Nagar,Central Chennai
NPIIN0000008790,HCP_08790,General Medicine,Chennai,Tambaram,South Chennai
NPIIN0000008791,HCP_08791,Neurology,Chennai,Tambaram,South Chennai
NPIIN0000008792,HCP_08792,Pulmonology,Chennai,Guindy,South Chennai
NPIIN0000008793,HCP_08793,Urology,Chennai,Nungambakkam,Central Chennai
NPIIN0000008794,HCP_08794,Gastroenterology,Chennai,Adyar,South Chennai
NPIIN0000008795,HCP_08795,Cardiology,Chennai,Ambattur,North Chennai
NPIIN0000008796,HCP_08796,General Medicine,Chennai,Royapuram,North Chennai
NPIIN0000008797,HCP_08797,Gastroenterology,Chennai,Ambattur,North Chennai
NPIIN0000008798,HCP_08798,Endocrinology,Chennai,Tondiarpet,North Chennai
NPIIN0000008799,HCP_08799,General Medicine,Chennai,Anna Nagar,Central Chennai
NPIIN0000008800,HCP_08800,Diabetology,Chennai,Washermenpet,North Chennai
NPIIN0000008801,HCP_08801,Cardiology,Chennai,Egmore,Central Chennai
NPIIN0000008802,HCP_08802,Orthopedics,Chennai,Kilpauk,Central Chennai
NPIIN0000008803,HCP_08803,Urology,Chennai,Egmore,Central Chennai
NPIIN0000008804,HCP_08804,Gastroenterology,Chennai,Mylapore,Central Chennai
NPIIN0000008805,HCP_08805,Endocrinology,Chennai,Tambaram,South Chennai
NPIIN0000008806,HCP_08806,Orthopedics,Chennai,Madhavaram,North Chennai
NPIIN0000008807,HCP_08807,Neurology,Chennai,Egmore,Central Chennai
NPIIN0000008808,HCP_08808,Orthopedics,Chennai,Porur,South Chennai
NPIIN0000008809,HCP_08809,Cardiology,Chennai,Velachery,South Chennai
NPIIN0000008810,HCP_08810,Endocrinology,Chennai,Tambaram,South Chennai
NPIIN0000008811,HCP_08811,Neurology,Chennai,Tambaram,South Chennai
NPIIN0000008812,HCP_08812,Urology,Chennai,Velachery,South Chennai
NPIIN0000008813,HCP_08813,Endocrinology,Chennai,Ambattur,North Chennai
NPIIN0000008814,HCP_08814,Diabetology,Chennai,Tambaram,South Chennai
NPIIN0000008815,HCP_08815,Pulmonology,Chennai,Guindy,South Chennai
NPIIN0000008816,HCP_08816,Orthopedics,Chennai,Egmore,Central Chennai
NPIIN0000008817,HCP_08817,Dermatology,Chennai,Guindy,South Chennai
NPIIN0000008818,HCP_08818,Urology,Chennai,Sholinganallur,South Chennai
NPIIN0000008819,HCP_08819,Neurology,Chennai,Velachery,South Chennai
NPIIN0000008820,HCP_08820,Urology,Chennai,Tambaram,South Chennai
NPIIN0000008821,HCP_08821,General Medicine,Chennai,Ambattur,North Chennai
NPIIN0000008822,HCP_08822,Cardiology,Chennai,Madhavaram,North Chennai
NPIIN0000008823,HCP_08823,Neurology,Chennai,Porur,South Chennai
NPIIN0000008824,HCP_08824,Pulmonology,Chennai,Guindy,South Chennai
NPIIN0000008825,HCP_08825,General Medicine,Chennai,Tambaram,South Chennai
NPIIN0000008826,HCP_08826,Diabetology,Chennai,Adyar,South Chennai
NPIIN0000008827,HCP_08827,Gastroenterology,Chennai,Velachery,South Chennai
NPIIN0000008828,HCP_08828,Dermatology,Chennai,Guindy,South Chennai
NPIIN0000008829,HCP_08829,General Medicine,Chennai,Nungambakkam,Central Chennai
NPIIN0000008830,HCP_08830,Urology,Chennai,Guindy,South Chennai
NPIIN0000008831,HCP_08831,General Medicine,Chennai,Nungambakkam,Central Chennai
NPIIN0000008832,HCP_08832,Cardiology,Chennai,Perambur,North Chennai
NPIIN0000008833,HCP_08833,Endocrinology,Chennai,Egmore,Central Chennai
NPIIN0000008834,HCP_08834,General Medicine,Chennai,Madhavaram,North Chennai
NPIIN0000008835,HCP_08835,Cardiology,Chennai,Tondiarpet,North Chennai
NPIIN0000008836,HCP_08836,Gastroenterology,Chennai,T Nagar,Central Chennai
NPIIN0000008837,HCP_08837,Dermatology,Chennai,Velachery,South Chennai
NPIIN0000008838,HCP_08838,Pulmonology,Chennai,Guindy,South Chennai
NPIIN0000008839,HCP_08839,Urology,Chennai,T Nagar,Central Chennai
NPIIN0000008840,HCP_08840,Orthopedics,Chennai,Porur,South Chennai
NPIIN0000008841,HCP_08841,General Medicine,Chennai,Egmore,Central Chennai
NPIIN0000008842,HCP_08842,Cardiology,Chennai,Egmore,Central Chennai
NPIIN0000008843,HCP_08843,Endocrinology,Chennai,Anna Nagar,Central Chennai
NPIIN0000008844,HCP_08844,Neurology,Chennai,Ambattur,North Chennai
NPIIN0000008845,HCP_08845,General Medicine,Chennai,Adyar,South Chennai
NPIIN0000008846,HCP_08846,Neurology,Chennai,Ambattur,North Chennai
NPIIN0000008847,HCP_08847,Neurology,Chennai,Velachery,South Chennai
NPIIN0000008848,HCP_08848,Pulmonology,Chennai,Tondiarpet,North Chennai
NPIIN0000008849,HCP_08849,Endocrinology,Chennai,Tambaram,South Chennai
NPIIN0000008850,HCP_08850,Diabetology,Chennai,Porur,South Chennai
NPIIN0000008851,HCP_08851,General Medicine,Chennai,Madhavaram,North Chennai
NPIIN0000008852,HCP_08852,Dermatology,Chennai,T Nagar,Central Chennai
NPIIN0000008853,HCP_08853,Neurology,Chennai,Nungambakkam,Central Chennai
NPIIN0000008854,HCP_08854,Neurology,Chennai,Tondiarpet,North Chennai
NPIIN0000008855,HCP_08855,Neurology,Chennai,Perambur,North Chennai
NPIIN0000008856,HCP_08856,General Medicine,Chennai,Egmore,Central Chennai
NPIIN0000008857,HCP_08857,Cardiology,Chennai,Sholinganallur,South Chennai
NPIIN0000008858,HCP_08858,Endocrinology,Chennai,Tambaram,South Chennai
NPIIN0000008859,HCP_08859,Endocrinology,Chennai,Kilpauk,Central Chennai
NPIIN0000008860,HCP_08860,Cardiology,Chennai,Mylapore,Central Chennai
NPIIN0000008861,HCP_08861,Diabetology,Chennai,Mylapore,Central Chennai
NPIIN0000008862,HCP_08862,Gastroenterology,Chennai,Ambattur,North Chennai
NPIIN0000008863,HCP_08863,Cardiology,Chennai,Adyar,South Chennai
NPIIN0000008864,HCP_08864,Cardiology,Chennai,Tondiarpet,North Chennai
NPIIN0000008865,HCP_08865,Cardiology,Chennai,Egmore,Central Chennai
NPIIN0000008866,HCP_08866,Diabetology,Chennai,Madhavaram,North Chennai
NPIIN0000008867,HCP_08867,Endocrinology,Chennai,Egmore,Central Chennai
NPIIN0000008868,HCP_08868,Cardiology,Chennai,Royapuram,North Chennai
NPIIN0000008869,HCP_08869,Diabetology,Chennai,Tondiarpet,North Chennai
NPIIN0000008870,HCP_08870,Orthopedics,Chennai,Adyar,South Chennai
NPIIN0000008871,HCP_08871,General Medicine,Chennai,Royapuram,North Chennai
NPIIN0000008872,HCP_08872,Endocrinology,Chennai,Guindy,South Chennai
NPIIN0000008873,HCP_08873,General Medicine,Chennai,Anna Nagar,Central Chennai
NPIIN0000008874,HCP_08874,Endocrinology,Chennai,Sholinganallur,South Chennai
NPIIN0000008875,HCP_08875,Pulmonology,Chennai,Kilpauk,Central Chennai
NPIIN0000008876,HCP_08876,General Medicine,Chennai,T Nagar,Central Chennai
NPIIN0000008877,HCP_08877,Urology,Chennai,Tambaram,South Chennai
NPIIN0000008878,HCP_08878,Urology,Chennai,Sholinganallur,South Chennai
NPIIN0000008879,HCP_08879,Gastroenterology,Chennai,Mylapore,Central Chennai
NPIIN0000008880,HCP_08880,Endocrinology,Chennai,Washermenpet,North Chennai
NPIIN0000008881,HCP_08881,General Medicine,Chennai,Adyar,South Chennai
NPIIN0000008882,HCP_08882,Diabetology,Chennai,Tambaram,South Chennai
NPIIN0000008883,HCP_08883,Dermatology,Chennai,Adyar,South Chennai
NPIIN0000008884,HCP_08884,Cardiology,Chennai,Nungambakkam,Central Chennai
NPIIN0000008885,HCP_08885,Neurology,Chennai,Tondiarpet,North Chennai
NPIIN0000008886,HCP_08886,Diabetology,Chennai,Egmore,Central Chennai
NPIIN0000008887,HCP_08887,General Medicine,Chennai,Mylapore,Central Chennai
NPIIN0000008888,HCP_08888,Diabetology,Chennai,Royapuram,North Chennai
NPIIN0000008889,HCP_08889,General Medicine,Chennai,Adyar,South Chennai
NPIIN0000008890,HCP_08890,Neurology,Chennai,T Nagar,Central Chennai
NPIIN0000008891,HCP_08891,Pulmonology,Chennai,Adyar,South Chennai
NPIIN0000008892,HCP_08892,Diabetology,Chennai,Tambaram,South Chennai
NPIIN0000008893,HCP_08893,Cardiology,Chennai,Porur,South Chennai
NPIIN0000008894,HCP_08894,Dermatology,Chennai,T Nagar,Central Chennai
NPIIN0000008895,HCP_08895,General Medicine,Chennai,Madhavaram,North Chennai
NPIIN0000008896,HCP_08896,Pulmonology,Chennai,Mylapore,Central Chennai
NPIIN0000008897,HCP_08897,General Medicine,Chennai,Kilpauk,Central Chennai
NPIIN0000008898,HCP_08898,Pulmonology,Chennai,Anna Nagar,Central Chennai
NPIIN0000008899,HCP_08899,Pulmonology,Chennai,T Nagar,Central Chennai
NPIIN0000008900,HCP_08900,Cardiology,Chennai,Anna Nagar,Central Chennai
NPIIN0000008901,HCP_08901,Pulmonology,Chennai,Egmore,Central Chennai
NPIIN0000008902,HCP_08902,General Medicine,Chennai,Porur,South Chennai
NPIIN0000008903,HCP_08903,Cardiology,Chennai,Sholinganallur,South Chennai
NPIIN0000008904,HCP_08904,Gastroenterology,Chennai,Mylapore,Central Chennai
NPIIN0000008905,HCP_08905,Endocrinology,Chennai,Velachery,South Chennai
NPIIN0000008906,HCP_08906,Cardiology,Chennai,Mylapore,Central Chennai
NPIIN0000008907,HCP_08907,Dermatology,Chennai,Ambattur,North Chennai
NPIIN0000008908,HCP_08908,Urology,Chennai,Velachery,South Chennai
NPIIN0000008909,HCP_08909,Diabetology,Chennai,Tondiarpet,North Chennai
NPIIN0000008910,HCP_08910,Neurology,Chennai,T Nagar,Central Chennai
NPIIN0000008911,HCP_08911,Cardiology,Chennai,Tondiarpet,North Chennai
NPIIN0000008912,HCP_08912,Gastroenterology,Chennai,Ambattur,North Chennai
NPIIN0000008913,HCP_08913,General Medicine,Chennai,Adyar,South Chennai
NPIIN0000008914,HCP_08914,Dermatology,Chennai,Madhavaram,North Chennai
NPIIN0000008915,HCP_08915,General Medicine,Chennai,Tondiarpet,North Chennai
NPIIN0000008916,HCP_08916,General Medicine,Chennai,Mylapore,Central Chennai
NPIIN0000008917,HCP_08917,Dermatology,Chennai,Tondiarpet,North Chennai
NPIIN0000008918,HCP_08918,Cardiology,Chennai,Egmore,Central Chennai
NPIIN0000008919,HCP_08919,Endocrinology,Chennai,Velachery,South Chennai
NPIIN0000008920,HCP_08920,General Medicine,Chennai,Velachery,South Chennai
NPIIN0000008921,HCP_08921,Pulmonology,Chennai,Madhavaram,North Chennai
NPIIN0000008922,HCP_08922,Cardiology,Chennai,Porur,South Chennai
NPIIN0000008923,HCP_08923,Pulmonology,Chennai,Kilpauk,Central Chennai
NPIIN0000008924,HCP_08924,General Medicine,Chennai,Mylapore,Central Chennai
NPIIN0000008925,HCP_08925,Neurology,Chennai,Royapuram,North Chennai
NPIIN0000008926,HCP_08926,Urology,Chennai,Perambur,North Chennai
NPIIN0000008927,HCP_08927,General Medicine,Chennai,Velachery,South Chennai
NPIIN0000008928,HCP_08928,Pulmonology,Chennai,Guindy,South Chennai
NPIIN0000008929,HCP_08929,General Medicine,Chennai,Tondiarpet,North Chennai
NPIIN0000008930,HCP_08930,Cardiology,Chennai,Washermenpet,North Chennai
NPIIN0000008931,HCP_08931,Dermatology,Chennai,Royapuram,North Chennai
NPIIN0000008932,HCP_08932,Urology,Chennai,Nungambakkam,Central Chennai
NPIIN0000008933,HCP_08933,Dermatology,Chennai,Kilpauk,Central Chennai
NPIIN0000008934,HCP_08934,Orthopedics,Chennai,Porur,South Chennai
NPIIN0000008935,HCP_08935,General Medicine,Chennai,Porur,South Chennai
NPIIN0000008936,HCP_08936,Neurology,Chennai,Tambaram,South Chennai
NPIIN0000008937,HCP_08937,Endocrinology,Chennai,Nungambakkam,Central Chennai
NPIIN0000008938,HCP_08938,Orthopedics,Chennai,Nungambakkam,Central Chennai
NPIIN0000008939,HCP_08939,Pulmonology,Chennai,Madhavaram,North Chennai
NPIIN0000008940,HCP_08940,Diabetology,Chennai,Adyar,South Chennai
NPIIN0000008941,HCP_08941,Dermatology,Chennai,Nungambakkam,Central Chennai
NPIIN0000008942,HCP_08942,Pulmonology,Chennai,Mylapore,Central Chennai
NPIIN0000008943,HCP_08943,Orthopedics,Chennai,Nungambakkam,Central Chennai
NPIIN0000008944,HCP_08944,Gastroenterology,Chennai,Guindy,South Chennai
NPIIN0000008945,HCP_08945,Urology,Chennai,Porur,South Chennai
NPIIN0000008946,HCP_08946,Pulmonology,Chennai,Sholinganallur,South Chennai
NPIIN0000008947,HCP_08947,General Medicine,Chennai,Egmore,Central Chennai
NPIIN0000008948,HCP_08948,Gastroenterology,Chennai,Adyar,South Chennai
NPIIN0000008949,HCP_08949,Cardiology,Chennai,Tondiarpet,North Chennai
NPIIN0000008950,HCP_08950,Cardiology,Chennai,Mylapore,Central Chennai
NPIIN0000008951,HCP_08951,Orthopedics,Chennai,Kilpauk,Central Chennai
NPIIN0000008952,HCP_08952,Urology,Chennai,Washermenpet,North Chennai
NPIIN0000008953,HCP_08953,Orthopedics,Chennai,Egmore,Central Chennai
NPIIN0000008954,HCP_08954,Cardiology,Chennai,Sholinganallur,South Chennai
NPIIN0000008955,HCP_08955,Diabetology,Chennai,Perambur,North Chennai
NPIIN0000008956,HCP_08956,Urology,Chennai,Perambur,North Chennai
NPIIN0000008957,HCP_08957,Cardiology,Chennai,Adyar,South Chennai
NPIIN0000008958,HCP_08958,General Medicine,Chennai,Tambaram,South Chennai
NPIIN0000008959,HCP_08959,General Medicine,Chennai,Mylapore,Central Chennai
NPIIN0000008960,HCP_08960,Urology,Chennai,Madhavaram,North Chennai
NPIIN0000008961,HCP_08961,General Medicine,Chennai,Mylapore,Central Chennai
NPIIN0000008962,HCP_08962,Diabetology,Chennai,Ambattur,North Chennai
NPIIN0000008963,HCP_08963,General Medicine,Chennai,Guindy,South Chennai
NPIIN0000008964,HCP_08964,Cardiology,Chennai,Madhavaram,North Chennai
NPIIN0000008965,HCP_08965,Gastroenterology,Chennai,Tondiarpet,North Chennai
NPIIN0000008966,HCP_08966,Pulmonology,Chennai,Anna Nagar,Central Chennai
NPIIN0000008967,HCP_08967,Pulmonology,Chennai,Madhavaram,North Chennai
NPIIN0000008968,HCP_08968,General Medicine,Chennai,Mylapore,Central Chennai
NPIIN0000008969,HCP_08969,Diabetology,Chennai,Guindy,South Chennai
NPIIN0000008970,HCP_08970,Cardiology,Chennai,Ambattur,North Chennai
NPIIN0000008971,HCP_08971,Orthopedics,Chennai,Adyar,South Chennai
NPIIN0000008972,HCP_08972,General Medicine,Chennai,Ambattur,North Chennai
NPIIN0000008973,HCP_08973,General Medicine,Chennai,Velachery,South Chennai
NPIIN0000008974,HCP_08974,General Medicine,Chennai,Mylapore,Central Chennai
NPIIN0000008975,HCP_08975,Orthopedics,Chennai,T Nagar,Central Chennai
NPIIN0000008976,HCP_08976,Dermatology,Chennai,Kilpauk,Central Chennai
NPIIN0000008977,HCP_08977,Cardiology,Chennai,Nungambakkam,Central Chennai
NPIIN0000008978,HCP_08978,Pulmonology,Chennai,Guindy,South Chennai
NPIIN0000008979,HCP_08979,General Medicine,Chennai,Tambaram,South Chennai
NPIIN0000008980,HCP_08980,Dermatology,Chennai,Tambaram,South Chennai
NPIIN0000008981,HCP_08981,Orthopedics,Chennai,Perambur,North Chennai
NPIIN0000008982,HCP_08982,Gastroenterology,Chennai,Tondiarpet,North Chennai
NPIIN0000008983,HCP_08983,Urology,Chennai,Porur,South Chennai
NPIIN0000008984,HCP_08984,General Medicine,Chennai,Porur,South Chennai
NPIIN0000008985,HCP_08985,General Medicine,Chennai,Madhavaram,North Chennai
NPIIN0000008986,HCP_08986,Neurology,Chennai,Adyar,South Chennai
NPIIN0000008987,HCP_08987,Gastroenterology,Chennai,Mylapore,Central Chennai
NPIIN0000008988,HCP_08988,Endocrinology,Chennai,Tambaram,South Chennai
NPIIN0000008989,HCP_08989,General Medicine,Chennai,Nungambakkam,Central Chennai
NPIIN0000008990,HCP_08990,Cardiology,Chennai,Perambur,North Chennai
NPIIN0000008991,HCP_08991,Endocrinology,Chennai,Velachery,South Chennai
NPIIN0000008992,HCP_08992,Urology,Chennai,Mylapore,Central Chennai
NPIIN0000008993,HCP_08993,Endocrinology,Chennai,Mylapore,Central Chennai
NPIIN0000008994,HCP_08994,Dermatology,Chennai,Madhavaram,North Chennai
NPIIN0000008995,HCP_08995,General Medicine,Chennai,Ambattur,North Chennai
NPIIN0000008996,HCP_08996,Neurology,Chennai,Tambaram,South Chennai
NPIIN0000008997,HCP_08997,Urology,Chennai,Velachery,South Chennai
NPIIN0000008998,HCP_08998,Gastroenterology,Chennai,Perambur,North Chennai
NPIIN0000008999,HCP_08999,Dermatology,Chennai,Adyar,South Chennai
NPIIN0000009000,HCP_09000,Diabetology,Chennai,Guindy,South Chennai
NPIIN0000009001,HCP_09001,General Medicine,Chennai,Tambaram,South Chennai
NPIIN0000009002,HCP_09002,Gastroenterology,Chennai,T Nagar,Central Chennai
NPIIN0000009003,HCP_09003,Gastroenterology,Chennai,Ambattur,North Chennai
NPIIN0000009004,HCP_09004,Dermatology,Chennai,Kilpauk,Central Chennai
NPIIN0000009005,HCP_09005,Gastroenterology,Chennai,Egmore,Central Chennai
NPIIN0000009006,HCP_09006,Endocrinology,Chennai,Tambaram,South Chennai
NPIIN0000009007,HCP_09007,Diabetology,Chennai,Anna Nagar,Central Chennai
NPIIN0000009008,HCP_09008,Orthopedics,Chennai,Madhavaram,North Chennai
NPIIN0000009009,HCP_09009,Pulmonology,Chennai,Velachery,South Chennai
NPIIN0000009010,HCP_09010,Gastroenterology,Chennai,T Nagar,Central Chennai
NPIIN0000009011,HCP_09011,Pulmonology,Chennai,Tondiarpet,North Chennai
NPIIN0000009012,HCP_09012,Urology,Chennai,Guindy,South Chennai
NPIIN0000009013,HCP_09013,Urology,Chennai,Tambaram,South Chennai
NPIIN0000009014,HCP_09014,Diabetology,Chennai,Mylapore,Central Chennai
NPIIN0000009015,HCP_09015,Urology,Chennai,Sholinganallur,South Chennai
NPIIN0000009016,HCP_09016,Diabetology,Chennai,Porur,South Chennai
NPIIN0000009017,HCP_09017,General Medicine,Chennai,Porur,South Chennai
NPIIN0000009018,HCP_09018,Dermatology,Chennai,Royapuram,North Chennai
NPIIN0000009019,HCP_09019,Diabetology,Chennai,Guindy,South Chennai
NPIIN0000009020,HCP_09020,Diabetology,Chennai,Adyar,South Chennai
NPIIN0000009021,HCP_09021,Neurology,Chennai,Mylapore,Central Chennai
NPIIN0000009022,HCP_09022,Orthopedics,Chennai,Guindy,South Chennai
NPIIN0000009023,HCP_09023,Cardiology,Chennai,Velachery,South Chennai
NPIIN0000009024,HCP_09024,Neurology,Chennai,Perambur,North Chennai
NPIIN0000009025,HCP_09025,General Medicine,Chennai,Velachery,South Chennai
NPIIN0000009026,HCP_09026,General Medicine,Chennai,Tondiarpet,North Chennai
NPIIN0000009027,HCP_09027,Gastroenterology,Chennai,Adyar,South Chennai
NPIIN0000009028,HCP_09028,Pulmonology,Chennai,Guindy,South Chennai
NPIIN0000009029,HCP_09029,Dermatology,Chennai,Kilpauk,Central Chennai
NPIIN0000009030,HCP_09030,Gastroenterology,Chennai,Nungambakkam,Central Chennai
NPIIN0000009031,HCP_09031,Orthopedics,Chennai,Kilpauk,Central Chennai
NPIIN0000009032,HCP_09032,Dermatology,Chennai,Guindy,South Chennai
NPIIN0000009033,HCP_09033,Cardiology,Chennai,Washermenpet,North Chennai
NPIIN0000009034,HCP_09034,Gastroenterology,Chennai,Sholinganallur,South Chennai
NPIIN0000009035,HCP_09035,Neurology,Chennai,Tondiarpet,North Chennai
NPIIN0000009036,HCP_09036,Cardiology,Chennai,Kilpauk,Central Chennai
NPIIN0000009037,HCP_09037,Pulmonology,Chennai,Guindy,South Chennai
NPIIN0000009038,HCP_09038,Gastroenterology,Chennai,Royapuram,North Chennai
NPIIN0000009039,HCP_09039,Endocrinology,Chennai,Washermenpet,North Chennai
NPIIN0000009040,HCP_09040,General Medicine,Chennai,Mylapore,Central Chennai
NPIIN0000009041,HCP_09041,Pulmonology,Chennai,Mylapore,Central Chennai
NPIIN0000009042,HCP_09042,General Medicine,Chennai,Egmore,Central Chennai
NPIIN0000009043,HCP_09043,Urology,Chennai,Madhavaram,North Chennai
NPIIN0000009044,HCP_09044,Endocrinology,Chennai,Ambattur,North Chennai
NPIIN0000009045,HCP_09045,Gastroenterology,Chennai,Nungambakkam,Central Chennai
NPIIN0000009046,HCP_09046,Gastroenterology,Chennai,T Nagar,Central Chennai
NPIIN0000009047,HCP_09047,General Medicine,Chennai,Egmore,Central Chennai
NPIIN0000009048,HCP_09048,Pulmonology,Chennai,Washermenpet,North Chennai
NPIIN0000009049,HCP_09049,Endocrinology,Chennai,Porur,South Chennai
NPIIN0000009050,HCP_09050,Endocrinology,Chennai,Ambattur,North Chennai
NPIIN0000009051,HCP_09051,Pulmonology,Chennai,T Nagar,Central Chennai
NPIIN0000009052,HCP_09052,Endocrinology,Chennai,Madhavaram,North Chennai
NPIIN0000009053,HCP_09053,Dermatology,Chennai,Velachery,South Chennai
NPIIN0000009054,HCP_09054,Pulmonology,Chennai,Adyar,South Chennai
NPIIN0000009055,HCP_09055,Cardiology,Chennai,Sholinganallur,South Chennai
NPIIN0000009056,HCP_09056,General Medicine,Chennai,Guindy,South Chennai
NPIIN0000009057,HCP_09057,Dermatology,Chennai,Adyar,South Chennai
NPIIN0000009058,HCP_09058,Diabetology,Chennai,Velachery,South Chennai
NPIIN0000009059,HCP_09059,Gastroenterology,Chennai,Anna Nagar,Central Chennai
NPIIN0000009060,HCP_09060,Cardiology,Chennai,Velachery,South Chennai
NPIIN0000009061,HCP_09061,Orthopedics,Chennai,Sholinganallur,South Chennai
NPIIN0000009062,HCP_09062,General Medicine,Chennai,Sholinganallur,South Chennai
NPIIN0000009063,HCP_09063,General Medicine,Chennai,Royapuram,North Chennai
NPIIN0000009064,HCP_09064,Pulmonology,Chennai,Guindy,South Chennai
NPIIN0000009065,HCP_09065,General Medicine,Chennai,Egmore,Central Chennai
NPIIN0000009066,HCP_09066,Gastroenterology,Chennai,Ambattur,North Chennai
NPIIN0000009067,HCP_09067,Cardiology,Chennai,Tondiarpet,North Chennai
NPIIN0000009068,HCP_09068,Endocrinology,Chennai,Madhavaram,North Chennai
NPIIN0000009069,HCP_09069,Endocrinology,Chennai,Guindy,South Chennai
NPIIN0000009070,HCP_09070,Neurology,Chennai,Egmore,Central Chennai
NPIIN0000009071,HCP_09071,Urology,Chennai,T Nagar,Central Chennai
NPIIN0000009072,HCP_09072,Cardiology,Chennai,Nungambakkam,Central Chennai
NPIIN0000009073,HCP_09073,Dermatology,Chennai,Tambaram,South Chennai
NPIIN0000009074,HCP_09074,Dermatology,Chennai,Velachery,South Chennai
NPIIN0000009075,HCP_09075,Cardiology,Chennai,Porur,South Chennai
NPIIN0000009076,HCP_09076,Endocrinology,Chennai,Egmore,Central Chennai
NPIIN0000009077,HCP_09077,General Medicine,Chennai,Guindy,South Chennai
NPIIN0000009078,HCP_09078,Cardiology,Chennai,Porur,South Chennai
NPIIN0000009079,HCP_09079,Gastroenterology,Chennai,Nungambakkam,Central Chennai
NPIIN0000009080,HCP_09080,General Medicine,Chennai,Mylapore,Central Chennai
NPIIN0000009081,HCP_09081,General Medicine,Chennai,Madhavaram,North Chennai
NPIIN0000009082,HCP_09082,Gastroenterology,Chennai,Perambur,North Chennai
NPIIN0000009083,HCP_09083,Diabetology,Chennai,Mylapore,Central Chennai
NPIIN0000009084,HCP_09084,Urology,Chennai,T Nagar,Central Chennai
NPIIN0000009085,HCP_09085,Neurology,Chennai,Kilpauk,Central Chennai
NPIIN0000009086,HCP_09086,General Medicine,Chennai,Egmore,Central Chennai
NPIIN0000009087,HCP_09087,Pulmonology,Chennai,T Nagar,Central Chennai
NPIIN0000009088,HCP_09088,Diabetology,Chennai,Sholinganallur,South Chennai
NPIIN0000009089,HCP_09089,Orthopedics,Chennai,Royapuram,North Chennai
NPIIN0000009090,HCP_09090,General Medicine,Chennai,Tondiarpet,North Chennai
NPIIN0000009091,HCP_09091,Urology,Chennai,Adyar,South Chennai
NPIIN0000009092,HCP_09092,Orthopedics,Chennai,Madhavaram,North Chennai
NPIIN0000009093,HCP_09093,Pulmonology,Chennai,Anna Nagar,Central Chennai
NPIIN0000009094,HCP_09094,Gastroenterology,Chennai,Kilpauk,Central Chennai
NPIIN0000009095,HCP_09095,Pulmonology,Chennai,Mylapore,Central Chennai
NPIIN0000009096,HCP_09096,Cardiology,Chennai,Tondiarpet,North Chennai
NPIIN0000009097,HCP_09097,Orthopedics,Chennai,Royapuram,North Chennai
NPIIN0000009098,HCP_09098,General Medicine,Chennai,Madhavaram,North Chennai
NPIIN0000009099,HCP_09099,Urology,Chennai,Tondiarpet,North Chennai
NPIIN0000009100,HCP_09100,Neurology,Chennai,Sholinganallur,South Chennai
NPIIN0000009101,HCP_09101,Cardiology,Chennai,Nungambakkam,Central Chennai
NPIIN0000009102,HCP_09102,General Medicine,Chennai,Ambattur,North Chennai
NPIIN0000009103,HCP_09103,Endocrinology,Chennai,Royapuram,North Chennai
NPIIN0000009104,HCP_09104,Endocrinology,Chennai,Adyar,South Chennai
NPIIN0000009105,HCP_09105,Gastroenterology,Chennai,Guindy,South Chennai
NPIIN0000009106,HCP_09106,Cardiology,Chennai,Tambaram,South Chennai
NPIIN0000009107,HCP_09107,Orthopedics,Chennai,Kilpauk,Central Chennai
NPIIN0000009108,HCP_09108,General Medicine,Chennai,Madhavaram,North Chennai
NPIIN0000009109,HCP_09109,General Medicine,Chennai,Porur,South Chennai
NPIIN0000009110,HCP_09110,Diabetology,Chennai,Ambattur,North Chennai
NPIIN0000009111,HCP_09111,Cardiology,Chennai,Adyar,South Chennai
NPIIN0000009112,HCP_09112,Pulmonology,Chennai,Ambattur,North Chennai
NPIIN0000009113,HCP_09113,General Medicine,Chennai,Royapuram,North Chennai
NPIIN0000009114,HCP_09114,Pulmonology,Chennai,Madhavaram,North Chennai
NPIIN0000009115,HCP_09115,Pulmonology,Chennai,Washermenpet,North Chennai
NPIIN0000009116,HCP_09116,Endocrinology,Chennai,Porur,South Chennai
NPIIN0000009117,HCP_09117,General Medicine,Chennai,Nungambakkam,Central Chennai
NPIIN0000009118,HCP_09118,Diabetology,Chennai,Royapuram,North Chennai
NPIIN0000009119,HCP_09119,Endocrinology,Chennai,Washermenpet,North Chennai
NPIIN0000009120,HCP_09120,Gastroenterology,Chennai,Sholinganallur,South Chennai
NPIIN0000009121,HCP_09121,Cardiology,Chennai,Perambur,North Chennai
NPIIN0000009122,HCP_09122,Diabetology,Chennai,Porur,South Chennai
NPIIN0000009123,HCP_09123,Pulmonology,Chennai,Guindy,South Chennai
NPIIN0000009124,HCP_09124,General Medicine,Chennai,Kilpauk,Central Chennai
NPIIN0000009125,HCP_09125,Orthopedics,Chennai,Adyar,South Chennai
NPIIN0000009126,HCP_09126,Dermatology,Chennai,Guindy,South Chennai
NPIIN0000009127,HCP_09127,Gastroenterology,Chennai,Egmore,Central Chennai
NPIIN0000009128,HCP_09128,General Medicine,Chennai,Perambur,North Chennai
NPIIN0000009129,HCP_09129,General Medicine,Chennai,Mylapore,Central Chennai
NPIIN0000009130,HCP_09130,Cardiology,Chennai,Porur,South Chennai
NPIIN0000009131,HCP_09131,Dermatology,Chennai,Mylapore,Central Chennai
NPIIN0000009132,HCP_09132,General Medicine,Chennai,Porur,South Chennai
NPIIN0000009133,HCP_09133,Diabetology,Chennai,Royapuram,North Chennai
NPIIN0000009134,HCP_09134,Pulmonology,Chennai,Royapuram,North Chennai
NPIIN0000009135,HCP_09135,Gastroenterology,Chennai,Anna Nagar,Central Chennai
NPIIN0000009136,HCP_09136,General Medicine,Chennai,Sholinganallur,South Chennai
NPIIN0000009137,HCP_09137,Endocrinology,Chennai,Madhavaram,North Chennai
NPIIN0000009138,HCP_09138,Urology,Chennai,Adyar,South Chennai
NPIIN0000009139,HCP_09139,Cardiology,Chennai,Nungambakkam,Central Chennai
NPIIN0000009140,HCP_09140,Orthopedics,Chennai,Egmore,Central Chennai
NPIIN0000009141,HCP_09141,General Medicine,Chennai,Washermenpet,North Chennai
NPIIN0000009142,HCP_09142,Orthopedics,Chennai,Guindy,South Chennai
NPIIN0000009143,HCP_09143,Urology,Chennai,Nungambakkam,Central Chennai
NPIIN0000009144,HCP_09144,General Medicine,Chennai,Adyar,South Chennai
NPIIN0000009145,HCP_09145,Dermatology,Chennai,Anna Nagar,Central Chennai
NPIIN0000009146,HCP_09146,Cardiology,Chennai,Porur,South Chennai
NPIIN0000009147,HCP_09147,Cardiology,Chennai,Kilpauk,Central Chennai
NPIIN0000009148,HCP_09148,General Medicine,Chennai,Royapuram,North Chennai
NPIIN0000009149,HCP_09149,Pulmonology,Chennai,Perambur,North Chennai
NPIIN0000009150,HCP_09150,Cardiology,Chennai,Nungambakkam,Central Chennai
NPIIN0000009151,HCP_09151,General Medicine,Chennai,Nungambakkam,Central Chennai
NPIIN0000009152,HCP_09152,Orthopedics,Chennai,Madhavaram,North Chennai
NPIIN0000009153,HCP_09153,Dermatology,Chennai,Washermenpet,North Chennai
NPIIN0000009154,HCP_09154,Endocrinology,Chennai,Guindy,South Chennai
NPIIN0000009155,HCP_09155,General Medicine,Chennai,Royapuram,North Chennai
NPIIN0000009156,HCP_09156,Endocrinology,Chennai,Guindy,South Chennai
NPIIN0000009157,HCP_09157,Diabetology,Chennai,Perambur,North Chennai
NPIIN0000009158,HCP_09158,Urology,Chennai,Nungambakkam,Central Chennai
NPIIN0000009159,HCP_09159,Orthopedics,Chennai,Egmore,Central Chennai
NPIIN0000009160,HCP_09160,Diabetology,Chennai,Washermenpet,North Chennai
NPIIN0000009161,HCP_09161,Endocrinology,Chennai,Egmore,Central Chennai
NPIIN0000009162,HCP_09162,General Medicine,Chennai,Sholinganallur,South Chennai
NPIIN0000009163,HCP_09163,General Medicine,Chennai,Velachery,South Chennai
NPIIN0000009164,HCP_09164,Cardiology,Chennai,Washermenpet,North Chennai
NPIIN0000009165,HCP_09165,Endocrinology,Chennai,Ambattur,North Chennai
NPIIN0000009166,HCP_09166,General Medicine,Chennai,Ambattur,North Chennai
NPIIN0000009167,HCP_09167,Endocrinology,Chennai,Washermenpet,North Chennai
NPIIN0000009168,HCP_09168,Dermatology,Chennai,Nungambakkam,Central Chennai
NPIIN0000009169,HCP_09169,Gastroenterology,Chennai,Nungambakkam,Central Chennai
NPIIN0000009170,HCP_09170,Pulmonology,Chennai,Kilpauk,Central Chennai
NPIIN0000009171,HCP_09171,General Medicine,Chennai,T Nagar,Central Chennai
NPIIN0000009172,HCP_09172,Dermatology,Chennai,Porur,South Chennai
NPIIN0000009173,HCP_09173,Endocrinology,Chennai,Egmore,Central Chennai
NPIIN0000009174,HCP_09174,Urology,Chennai,Kilpauk,Central Chennai
NPIIN0000009175,HCP_09175,Cardiology,Chennai,Velachery,South Chennai
NPIIN0000009176,HCP_09176,Urology,Chennai,Velachery,South Chennai
NPIIN0000009177,HCP_09177,Cardiology,Chennai,Royapuram,North Chennai
NPIIN0000009178,HCP_09178,Dermatology,Chennai,Tondiarpet,North Chennai
NPIIN0000009179,HCP_09179,Cardiology,Chennai,Sholinganallur,South Chennai
NPIIN0000009180,HCP_09180,Dermatology,Chennai,Egmore,Central Chennai
NPIIN0000009181,HCP_09181,Pulmonology,Chennai,Washermenpet,North Chennai
NPIIN0000009182,HCP_09182,Cardiology,Chennai,Anna Nagar,Central Chennai
NPIIN0000009183,HCP_09183,Gastroenterology,Chennai,Washermenpet,North Chennai
NPIIN0000009184,HCP_09184,Cardiology,Chennai,Guindy,South Chennai
NPIIN0000009185,HCP_09185,Pulmonology,Chennai,Guindy,South Chennai
NPIIN0000009186,HCP_09186,General Medicine,Chennai,Tambaram,South Chennai
NPIIN0000009187,HCP_09187,Gastroenterology,Chennai,Sholinganallur,South Chennai
NPIIN0000009188,HCP_09188,Dermatology,Chennai,Madhavaram,North Chennai
NPIIN0000009189,HCP_09189,General Medicine,Chennai,Adyar,South Chennai
NPIIN0000009190,HCP_09190,Gastroenterology,Chennai,Porur,South Chennai
NPIIN0000009191,HCP_09191,Urology,Chennai,Tondiarpet,North Chennai
NPIIN0000009192,HCP_09192,Neurology,Chennai,Anna Nagar,Central Chennai
NPIIN0000009193,HCP_09193,Diabetology,Chennai,Royapuram,North Chennai
NPIIN0000009194,HCP_09194,General Medicine,Chennai,Nungambakkam,Central Chennai
NPIIN0000009195,HCP_09195,Endocrinology,Chennai,Madhavaram,North Chennai
NPIIN0000009196,HCP_09196,General Medicine,Chennai,Nungambakkam,Central Chennai
NPIIN0000009197,HCP_09197,Diabetology,Chennai,Perambur,North Chennai
NPIIN0000009198,HCP_09198,Dermatology,Chennai,Nungambakkam,Central Chennai
NPIIN0000009199,HCP_09199,Pulmonology,Chennai,T Nagar,Central Chennai
NPIIN0000009200,HCP_09200,Neurology,Chennai,Washermenpet,North Chennai
NPIIN0000009201,HCP_09201,Cardiology,Chennai,Mylapore,Central Chennai
NPIIN0000009202,HCP_09202,Cardiology,Chennai,Adyar,South Chennai
NPIIN0000009203,HCP_09203,Gastroenterology,Chennai,Tondiarpet,North Chennai
NPIIN0000009204,HCP_09204,Pulmonology,Chennai,Madhavaram,North Chennai
NPIIN0000009205,HCP_09205,Orthopedics,Chennai,T Nagar,Central Chennai
NPIIN0000009206,HCP_09206,Pulmonology,Chennai,Guindy,South Chennai
NPIIN0000009207,HCP_09207,Endocrinology,Chennai,Guindy,South Chennai
NPIIN0000009208,HCP_09208,Neurology,Chennai,Perambur,North Chennai
NPIIN0000009209,HCP_09209,Neurology,Chennai,Anna Nagar,Central Chennai
NPIIN0000009210,HCP_09210,Cardiology,Chennai,Velachery,South Chennai
NPIIN0000009211,HCP_09211,Neurology,Chennai,Tambaram,South Chennai
NPIIN0000009212,HCP_09212,Endocrinology,Chennai,Tondiarpet,North Chennai
NPIIN0000009213,HCP_09213,Diabetology,Chennai,T Nagar,Central Chennai
NPIIN0000009214,HCP_09214,Cardiology,Chennai,Anna Nagar,Central Chennai
NPIIN0000009215,HCP_09215,Pulmonology,Chennai,T Nagar,Central Chennai
NPIIN0000009216,HCP_09216,Gastroenterology,Chennai,Tambaram,South Chennai
NPIIN0000009217,HCP_09217,Endocrinology,Chennai,Velachery,South Chennai
NPIIN0000009218,HCP_09218,Dermatology,Chennai,Porur,South Chennai
NPIIN0000009219,HCP_09219,Gastroenterology,Chennai,Tambaram,South Chennai
NPIIN0000009220,HCP_09220,General Medicine,Chennai,Egmore,Central Chennai
NPIIN0000009221,HCP_09221,Cardiology,Chennai,Guindy,South Chennai
NPIIN0000009222,HCP_09222,Diabetology,Chennai,T Nagar,Central Chennai
NPIIN0000009223,HCP_09223,Endocrinology,Chennai,Mylapore,Central Chennai
NPIIN0000009224,HCP_09224,Orthopedics,Chennai,Guindy,South Chennai
NPIIN0000009225,HCP_09225,Dermatology,Chennai,T Nagar,Central Chennai
NPIIN0000009226,HCP_09226,Cardiology,Chennai,Porur,South Chennai
NPIIN0000009227,HCP_09227,General Medicine,Chennai,Velachery,South Chennai
NPIIN0000009228,HCP_09228,Diabetology,Chennai,Velachery,South Chennai
NPIIN0000009229,HCP_09229,Cardiology,Chennai,Sholinganallur,South Chennai
NPIIN0000009230,HCP_09230,Diabetology,Chennai,Royapuram,North Chennai
NPIIN0000009231,HCP_09231,Cardiology,Chennai,Egmore,Central Chennai
NPIIN0000009232,HCP_09232,Endocrinology,Chennai,Sholinganallur,South Chennai
NPIIN0000009233,HCP_09233,Diabetology,Chennai,Royapuram,North Chennai
NPIIN0000009234,HCP_09234,General Medicine,Chennai,Velachery,South Chennai
NPIIN0000009235,HCP_09235,General Medicine,Chennai,Nungambakkam,Central Chennai
NPIIN0000009236,HCP_09236,General Medicine,Chennai,T Nagar,Central Chennai
NPIIN0000009237,HCP_09237,General Medicine,Chennai,Madhavaram,North Chennai
NPIIN0000009238,HCP_09238,General Medicine,Chennai,Sholinganallur,South Chennai
NPIIN0000009239,HCP_09239,General Medicine,Chennai,Adyar,South Chennai
NPIIN0000009240,HCP_09240,Orthopedics,Chennai,Velachery,South Chennai
NPIIN0000009241,HCP_09241,Cardiology,Chennai,Mylapore,Central Chennai
NPIIN0000009242,HCP_09242,Pulmonology,Chennai,Royapuram,North Chennai
NPIIN0000009243,HCP_09243,Endocrinology,Chennai,Kilpauk,Central Chennai
NPIIN0000009244,HCP_09244,General Medicine,Chennai,Mylapore,Central Chennai
NPIIN0000009245,HCP_09245,Pulmonology,Chennai,Perambur,North Chennai
NPIIN0000009246,HCP_09246,Gastroenterology,Chennai,Washermenpet,North Chennai
NPIIN0000009247,HCP_09247,Orthopedics,Chennai,Tondiarpet,North Chennai
NPIIN0000009248,HCP_09248,General Medicine,Chennai,Perambur,North Chennai
NPIIN0000009249,HCP_09249,Diabetology,Chennai,Porur,South Chennai
NPIIN0000009250,HCP_09250,Dermatology,Chennai,Guindy,South Chennai
NPIIN0000009251,HCP_09251,Endocrinology,Chennai,Egmore,Central Chennai
NPIIN0000009252,HCP_09252,General Medicine,Chennai,Mylapore,Central Chennai
NPIIN0000009253,HCP_09253,Dermatology,Chennai,Velachery,South Chennai
NPIIN0000009254,HCP_09254,General Medicine,Chennai,Porur,South Chennai
NPIIN0000009255,HCP_09255,Pulmonology,Chennai,Velachery,South Chennai
NPIIN0000009256,HCP_09256,Cardiology,Chennai,Egmore,Central Chennai
NPIIN0000009257,HCP_09257,Cardiology,Chennai,Madhavaram,North Chennai
NPIIN0000009258,HCP_09258,Orthopedics,Chennai,Velachery,South Chennai
NPIIN0000009259,HCP_09259,Endocrinology,Chennai,Washermenpet,North Chennai
NPIIN0000009260,HCP_09260,General Medicine,Chennai,Tondiarpet,North Chennai
NPIIN0000009261,HCP_09261,General Medicine,Chennai,Sholinganallur,South Chennai
NPIIN0000009262,HCP_09262,General Medicine,Chennai,Mylapore,Central Chennai
NPIIN0000009263,HCP_09263,Cardiology,Chennai,Velachery,South Chennai
NPIIN0000009264,HCP_09264,Endocrinology,Chennai,Guindy,South Chennai
NPIIN0000009265,HCP_09265,General Medicine,Chennai,Egmore,Central Chennai
NPIIN0000009266,HCP_09266,General Medicine,Chennai,Velachery,South Chennai
NPIIN0000009267,HCP_09267,Dermatology,Chennai,Washermenpet,North Chennai
NPIIN0000009268,HCP_09268,Diabetology,Chennai,Tambaram,South Chennai
NPIIN0000009269,HCP_09269,Orthopedics,Chennai,Porur,South Chennai
NPIIN0000009270,HCP_09270,Diabetology,Chennai,Tambaram,South Chennai
NPIIN0000009271,HCP_09271,General Medicine,Chennai,Anna Nagar,Central Chennai
NPIIN0000009272,HCP_09272,Orthopedics,Chennai,Sholinganallur,South Chennai
NPIIN0000009273,HCP_09273,Dermatology,Chennai,Guindy,South Chennai
NPIIN0000009274,HCP_09274,Diabetology,Chennai,Sholinganallur,South Chennai
NPIIN0000009275,HCP_09275,General Medicine,Chennai,Royapuram,North Chennai
NPIIN0000009276,HCP_09276,Dermatology,Chennai,Mylapore,Central Chennai
NPIIN0000009277,HCP_09277,Cardiology,Chennai,Sholinganallur,South Chennai
NPIIN0000009278,HCP_09278,Diabetology,Chennai,T Nagar,Central Chennai
NPIIN0000009279,HCP_09279,Pulmonology,Chennai,Mylapore,Central Chennai
NPIIN0000009280,HCP_09280,Dermatology,Chennai,Adyar,South Chennai
NPIIN0000009281,HCP_09281,Pulmonology,Chennai,Adyar,South Chennai
NPIIN0000009282,HCP_09282,General Medicine,Chennai,Tambaram,South Chennai
NPIIN0000009283,HCP_09283,Orthopedics,Chennai,Perambur,North Chennai
NPIIN0000009284,HCP_09284,Cardiology,Chennai,Mylapore,Central Chennai
NPIIN0000009285,HCP_09285,Gastroenterology,Chennai,Washermenpet,North Chennai
NPIIN0000009286,HCP_09286,Cardiology,Chennai,Kilpauk,Central Chennai
NPIIN0000009287,HCP_09287,Gastroenterology,Chennai,Tambaram,South Chennai
NPIIN0000009288,HCP_09288,Pulmonology,Chennai,Royapuram,North Chennai
NPIIN0000009289,HCP_09289,Diabetology,Chennai,Perambur,North Chennai
NPIIN0000009290,HCP_09290,Pulmonology,Chennai,T Nagar,Central Chennai
NPIIN0000009291,HCP_09291,Urology,Chennai,Washermenpet,North Chennai
NPIIN0000009292,HCP_09292,General Medicine,Chennai,Velachery,South Chennai
NPIIN0000009293,HCP_09293,Cardiology,Chennai,Adyar,South Chennai
NPIIN0000009294,HCP_09294,Cardiology,Chennai,Anna Nagar,Central Chennai
NPIIN0000009295,HCP_09295,Neurology,Chennai,Nungambakkam,Central Chennai
NPIIN0000009296,HCP_09296,Neurology,Chennai,Washermenpet,North Chennai
NPIIN0000009297,HCP_09297,General Medicine,Chennai,T Nagar,Central Chennai
NPIIN0000009298,HCP_09298,Diabetology,Chennai,Porur,South Chennai
NPIIN0000009299,HCP_09299,Gastroenterology,Chennai,Porur,South Chennai
NPIIN0000009300,HCP_09300,Diabetology,Chennai,Mylapore,Central Chennai
NPIIN0000009301,HCP_09301,Cardiology,Chennai,Tambaram,South Chennai
NPIIN0000009302,HCP_09302,General Medicine,Chennai,Royapuram,North Chennai
NPIIN0000009303,HCP_09303,Pulmonology,Chennai,Egmore,Central Chennai
NPIIN0000009304,HCP_09304,Orthopedics,Chennai,Madhavaram,North Chennai
NPIIN0000009305,HCP_09305,Pulmonology,Chennai,Kilpauk,Central Chennai
NPIIN0000009306,HCP_09306,Endocrinology,Chennai,Perambur,North Chennai
NPIIN0000009307,HCP_09307,Dermatology,Chennai,Porur,South Chennai
NPIIN0000009308,HCP_09308,Diabetology,Chennai,Adyar,South Chennai
NPIIN0000009309,HCP_09309,Orthopedics,Chennai,Anna Nagar,Central Chennai
NPIIN0000009310,HCP_09310,Diabetology,Chennai,Tambaram,South Chennai
NPIIN0000009311,HCP_09311,Urology,Chennai,Kilpauk,Central Chennai
NPIIN0000009312,HCP_09312,Urology,Chennai,Perambur,North Chennai
NPIIN0000009313,HCP_09313,Urology,Chennai,Anna Nagar,Central Chennai
NPIIN0000009314,HCP_09314,Cardiology,Chennai,Royapuram,North Chennai
NPIIN0000009315,HCP_09315,Dermatology,Chennai,T Nagar,Central Chennai
NPIIN0000009316,HCP_09316,Gastroenterology,Chennai,Guindy,South Chennai
NPIIN0000009317,HCP_09317,General Medicine,Chennai,Velachery,South Chennai
NPIIN0000009318,HCP_09318,General Medicine,Chennai,Egmore,Central Chennai
NPIIN0000009319,HCP_09319,Neurology,Chennai,Guindy,South Chennai
NPIIN0000009320,HCP_09320,Orthopedics,Chennai,Kilpauk,Central Chennai
NPIIN0000009321,HCP_09321,Gastroenterology,Chennai,Guindy,South Chennai
NPIIN0000009322,HCP_09322,General Medicine,Chennai,Egmore,Central Chennai
NPIIN0000009323,HCP_09323,Neurology,Chennai,Mylapore,Central Chennai
NPIIN0000009324,HCP_09324,Endocrinology,Chennai,Tambaram,South Chennai
NPIIN0000009325,HCP_09325,General Medicine,Chennai,Washermenpet,North Chennai
NPIIN0000009326,HCP_09326,Dermatology,Chennai,Tondiarpet,North Chennai
NPIIN0000009327,HCP_09327,Pulmonology,Chennai,Madhavaram,North Chennai
NPIIN0000009328,HCP_09328,Gastroenterology,Chennai,Mylapore,Central Chennai
NPIIN0000009329,HCP_09329,General Medicine,Chennai,Egmore,Central Chennai
NPIIN0000009330,HCP_09330,General Medicine,Chennai,Madhavaram,North Chennai
NPIIN0000009331,HCP_09331,Gastroenterology,Chennai,Porur,South Chennai
NPIIN0000009332,HCP_09332,Cardiology,Chennai,Anna Nagar,Central Chennai
NPIIN0000009333,HCP_09333,Orthopedics,Chennai,Tondiarpet,North Chennai
NPIIN0000009334,HCP_09334,Orthopedics,Chennai,Washermenpet,North Chennai
NPIIN0000009335,HCP_09335,Urology,Chennai,Guindy,South Chennai
NPIIN0000009336,HCP_09336,Urology,Chennai,Guindy,South Chennai
NPIIN0000009337,HCP_09337,General Medicine,Chennai,Madhavaram,North Chennai
NPIIN0000009338,HCP_09338,General Medicine,Chennai,Ambattur,North Chennai
NPIIN0000009339,HCP_09339,Dermatology,Chennai,Perambur,North Chennai
NPIIN0000009340,HCP_09340,Diabetology,Chennai,Nungambakkam,Central Chennai
NPIIN0000009341,HCP_09341,Dermatology,Chennai,Kilpauk,Central Chennai
NPIIN0000009342,HCP_09342,Endocrinology,Chennai,T Nagar,Central Chennai
NPIIN0000009343,HCP_09343,Urology,Chennai,Sholinganallur,South Chennai
NPIIN0000009344,HCP_09344,Pulmonology,Chennai,Nungambakkam,Central Chennai
NPIIN0000009345,HCP_09345,Dermatology,Chennai,Velachery,South Chennai
NPIIN0000009346,HCP_09346,General Medicine,Chennai,Washermenpet,North Chennai
NPIIN0000009347,HCP_09347,Pulmonology,Chennai,Madhavaram,North Chennai
NPIIN0000009348,HCP_09348,Urology,Chennai,Sholinganallur,South Chennai
NPIIN0000009349,HCP_09349,General Medicine,Chennai,Guindy,South Chennai
NPIIN0000009350,HCP_09350,Endocrinology,Chennai,Anna Nagar,Central Chennai
NPIIN0000009351,HCP_09351,Cardiology,Chennai,Tambaram,South Chennai
NPIIN0000009352,HCP_09352,Pulmonology,Chennai,Royapuram,North Chennai
NPIIN0000009353,HCP_09353,Pulmonology,Chennai,Kilpauk,Central Chennai
NPIIN0000009354,HCP_09354,Pulmonology,Chennai,Sholinganallur,South Chennai
NPIIN0000009355,HCP_09355,Cardiology,Chennai,Tambaram,South Chennai
NPIIN0000009356,HCP_09356,Cardiology,Chennai,T Nagar,Central Chennai
NPIIN0000009357,HCP_09357,Urology,Chennai,Adyar,South Chennai
NPIIN0000009358,HCP_09358,Neurology,Chennai,Guindy,South Chennai
NPIIN0000009359,HCP_09359,Cardiology,Chennai,Royapuram,North Chennai
NPIIN0000009360,HCP_09360,Cardiology,Chennai,Mylapore,Central Chennai
NPIIN0000009361,HCP_09361,Endocrinology,Chennai,Egmore,Central Chennai
NPIIN0000009362,HCP_09362,Dermatology,Chennai,Royapuram,North Chennai
NPIIN0000009363,HCP_09363,Gastroenterology,Chennai,Adyar,South Chennai
NPIIN0000009364,HCP_09364,Neurology,Chennai,Washermenpet,North Chennai
NPIIN0000009365,HCP_09365,Neurology,Chennai,Velachery,South Chennai
NPIIN0000009366,HCP_09366,Dermatology,Chennai,T Nagar,Central Chennai
NPIIN0000009367,HCP_09367,General Medicine,Chennai,Tambaram,South Chennai
NPIIN0000009368,HCP_09368,Diabetology,Chennai,Velachery,South Chennai
NPIIN0000009369,HCP_09369,General Medicine,Chennai,Guindy,South Chennai
NPIIN0000009370,HCP_09370,Orthopedics,Chennai,Tambaram,South Chennai
NPIIN0000009371,HCP_09371,Pulmonology,Chennai,Porur,South Chennai
NPIIN0000009372,HCP_09372,Pulmonology,Chennai,T Nagar,Central Chennai
NPIIN0000009373,HCP_09373,Dermatology,Chennai,Adyar,South Chennai
NPIIN0000009374,HCP_09374,Endocrinology,Chennai,Porur,South Chennai
NPIIN0000009375,HCP_09375,General Medicine,Chennai,Perambur,North Chennai
NPIIN0000009376,HCP_09376,Neurology,Chennai,Egmore,Central Chennai
NPIIN0000009377,HCP_09377,Orthopedics,Chennai,Adyar,South Chennai
NPIIN0000009378,HCP_09378,Endocrinology,Chennai,T Nagar,Central Chennai
NPIIN0000009379,HCP_09379,General Medicine,Chennai,T Nagar,Central Chennai
NPIIN0000009380,HCP_09380,Urology,Chennai,Kilpauk,Central Chennai
NPIIN0000009381,HCP_09381,Gastroenterology,Chennai,Tondiarpet,North Chennai
NPIIN0000009382,HCP_09382,Pulmonology,Chennai,Madhavaram,North Chennai
NPIIN0000009383,HCP_09383,Diabetology,Chennai,Washermenpet,North Chennai
NPIIN0000009384,HCP_09384,Endocrinology,Chennai,Velachery,South Chennai
NPIIN0000009385,HCP_09385,General Medicine,Chennai,Madhavaram,North Chennai
NPIIN0000009386,HCP_09386,Diabetology,Chennai,Perambur,North Chennai
NPIIN0000009387,HCP_09387,Dermatology,Chennai,Porur,South Chennai
NPIIN0000009388,HCP_09388,Gastroenterology,Chennai,Adyar,South Chennai
NPIIN0000009389,HCP_09389,Dermatology,Chennai,Nungambakkam,Central Chennai
NPIIN0000009390,HCP_09390,Endocrinology,Chennai,Egmore,Central Chennai
NPIIN0000009391,HCP_09391,Diabetology,Chennai,Sholinganallur,South Chennai
NPIIN0000009392,HCP_09392,Gastroenterology,Chennai,Tambaram,South Chennai
NPIIN0000009393,HCP_09393,Endocrinology,Chennai,Tondiarpet,North Chennai
NPIIN0000009394,HCP_09394,Endocrinology,Chennai,Nungambakkam,Central Chennai
NPIIN0000009395,HCP_09395,General Medicine,Chennai,Tambaram,South Chennai
NPIIN0000009396,HCP_09396,Endocrinology,Chennai,Sholinganallur,South Chennai
NPIIN0000009397,HCP_09397,Cardiology,Chennai,Tondiarpet,North Chennai
NPIIN0000009398,HCP_09398,Diabetology,Chennai,Adyar,South Chennai
NPIIN0000009399,HCP_09399,Urology,Chennai,Tambaram,South Chennai
NPIIN0000009400,HCP_09400,Cardiology,Chennai,Adyar,South Chennai
NPIIN0000009401,HCP_09401,Pulmonology,Chennai,Velachery,South Chennai
NPIIN0000009402,HCP_09402,Pulmonology,Chennai,Velachery,South Chennai
NPIIN0000009403,HCP_09403,Pulmonology,Chennai,Perambur,North Chennai
NPIIN0000009404,HCP_09404,General Medicine,Chennai,Madhavaram,North Chennai
NPIIN0000009405,HCP_09405,Cardiology,Chennai,Guindy,South Chennai
NPIIN0000009406,HCP_09406,Cardiology,Chennai,Washermenpet,North Chennai
NPIIN0000009407,HCP_09407,General Medicine,Chennai,Washermenpet,North Chennai
NPIIN0000009408,HCP_09408,Orthopedics,Chennai,Anna Nagar,Central Chennai
NPIIN0000009409,HCP_09409,General Medicine,Chennai,Guindy,South Chennai
NPIIN0000009410,HCP_09410,General Medicine,Chennai,Velachery,South Chennai
NPIIN0000009411,HCP_09411,Orthopedics,Chennai,Nungambakkam,Central Chennai
NPIIN0000009412,HCP_09412,Gastroenterology,Chennai,Madhavaram,North Chennai
NPIIN0000009413,HCP_09413,Gastroenterology,Chennai,Anna Nagar,Central Chennai
NPIIN0000009414,HCP_09414,General Medicine,Chennai,Tambaram,South Chennai
NPIIN0000009415,HCP_09415,Urology,Chennai,Guindy,South Chennai
NPIIN0000009416,HCP_09416,Pulmonology,Chennai,Washermenpet,North Chennai
NPIIN0000009417,HCP_09417,Neurology,Chennai,Madhavaram,North Chennai
NPIIN0000009418,HCP_09418,Gastroenterology,Chennai,Velachery,South Chennai
NPIIN0000009419,HCP_09419,General Medicine,Chennai,Tondiarpet,North Chennai
NPIIN0000009420,HCP_09420,Orthopedics,Chennai,Guindy,South Chennai
NPIIN0000009421,HCP_09421,Orthopedics,Chennai,Mylapore,Central Chennai
NPIIN0000009422,HCP_09422,Pulmonology,Chennai,Mylapore,Central Chennai
NPIIN0000009423,HCP_09423,Endocrinology,Chennai,Perambur,North Chennai
NPIIN0000009424,HCP_09424,Gastroenterology,Chennai,T Nagar,Central Chennai
NPIIN0000009425,HCP_09425,Diabetology,Chennai,Perambur,North Chennai
NPIIN0000009426,HCP_09426,Pulmonology,Chennai,Guindy,South Chennai
NPIIN0000009427,HCP_09427,Cardiology,Chennai,T Nagar,Central Chennai
NPIIN0000009428,HCP_09428,Dermatology,Chennai,Tondiarpet,North Chennai
NPIIN0000009429,HCP_09429,Orthopedics,Chennai,Adyar,South Chennai
NPIIN0000009430,HCP_09430,Cardiology,Chennai,Tambaram,South Chennai
NPIIN0000009431,HCP_09431,Gastroenterology,Chennai,Madhavaram,North Chennai
NPIIN0000009432,HCP_09432,Urology,Chennai,Mylapore,Central Chennai
NPIIN0000009433,HCP_09433,Cardiology,Chennai,Madhavaram,North Chennai
NPIIN0000009434,HCP_09434,Diabetology,Chennai,Ambattur,North Chennai
NPIIN0000009435,HCP_09435,General Medicine,Chennai,Guindy,South Chennai
NPIIN0000009436,HCP_09436,Dermatology,Chennai,Tondiarpet,North Chennai
NPIIN0000009437,HCP_09437,General Medicine,Chennai,Nungambakkam,Central Chennai
NPIIN0000009438,HCP_09438,Cardiology,Chennai,Tambaram,South Chennai
NPIIN0000009439,HCP_09439,Diabetology,Chennai,Royapuram,North Chennai
NPIIN0000009440,HCP_09440,General Medicine,Chennai,Nungambakkam,Central Chennai
NPIIN0000009441,HCP_09441,Cardiology,Chennai,Ambattur,North Chennai
NPIIN0000009442,HCP_09442,Neurology,Chennai,Porur,South Chennai
NPIIN0000009443,HCP_09443,Cardiology,Chennai,Guindy,South Chennai
NPIIN0000009444,HCP_09444,Gastroenterology,Chennai,T Nagar,Central Chennai
NPIIN0000009445,HCP_09445,Gastroenterology,Chennai,Sholinganallur,South Chennai
NPIIN0000009446,HCP_09446,Urology,Chennai,Nungambakkam,Central Chennai
NPIIN0000009447,HCP_09447,Endocrinology,Chennai,Royapuram,North Chennai
NPIIN0000009448,HCP_09448,Pulmonology,Chennai,Royapuram,North Chennai
NPIIN0000009449,HCP_09449,Gastroenterology,Chennai,T Nagar,Central Chennai
NPIIN0000009450,HCP_09450,General Medicine,Chennai,T Nagar,Central Chennai
NPIIN0000009451,HCP_09451,Cardiology,Chennai,Velachery,South Chennai
NPIIN0000009452,HCP_09452,Cardiology,Chennai,Anna Nagar,Central Chennai
NPIIN0000009453,HCP_09453,Pulmonology,Chennai,Porur,South Chennai
NPIIN0000009454,HCP_09454,General Medicine,Chennai,Adyar,South Chennai
NPIIN0000009455,HCP_09455,Urology,Chennai,Tondiarpet,North Chennai
NPIIN0000009456,HCP_09456,Dermatology,Chennai,Mylapore,Central Chennai
NPIIN0000009457,HCP_09457,Gastroenterology,Chennai,Egmore,Central Chennai
NPIIN0000009458,HCP_09458,Orthopedics,Chennai,Kilpauk,Central Chennai
NPIIN0000009459,HCP_09459,Neurology,Chennai,Royapuram,North Chennai
NPIIN0000009460,HCP_09460,Cardiology,Chennai,Guindy,South Chennai
NPIIN0000009461,HCP_09461,Cardiology,Chennai,Tambaram,South Chennai
NPIIN0000009462,HCP_09462,Dermatology,Chennai,T Nagar,Central Chennai
NPIIN0000009463,HCP_09463,General Medicine,Chennai,Kilpauk,Central Chennai
NPIIN0000009464,HCP_09464,Urology,Chennai,Nungambakkam,Central Chennai
NPIIN0000009465,HCP_09465,Cardiology,Chennai,Adyar,South Chennai
NPIIN0000009466,HCP_09466,Endocrinology,Chennai,T Nagar,Central Chennai
NPIIN0000009467,HCP_09467,Gastroenterology,Chennai,Mylapore,Central Chennai
NPIIN0000009468,HCP_09468,Dermatology,Chennai,Porur,South Chennai
NPIIN0000009469,HCP_09469,Urology,Chennai,Ambattur,North Chennai
NPIIN0000009470,HCP_09470,Cardiology,Chennai,Kilpauk,Central Chennai
NPIIN0000009471,HCP_09471,General Medicine,Chennai,Porur,South Chennai
NPIIN0000009472,HCP_09472,Neurology,Chennai,Mylapore,Central Chennai
NPIIN0000009473,HCP_09473,Urology,Chennai,Kilpauk,Central Chennai
NPIIN0000009474,HCP_09474,Endocrinology,Chennai,Nungambakkam,Central Chennai
NPIIN0000009475,HCP_09475,Pulmonology,Chennai,Madhavaram,North Chennai
NPIIN0000009476,HCP_09476,Endocrinology,Chennai,Guindy,South Chennai
NPIIN0000009477,HCP_09477,Gastroenterology,Chennai,Madhavaram,North Chennai
NPIIN0000009478,HCP_09478,Cardiology,Chennai,Sholinganallur,South Chennai
NPIIN0000009479,HCP_09479,Orthopedics,Chennai,T Nagar,Central Chennai
NPIIN0000009480,HCP_09480,Cardiology,Chennai,Adyar,South Chennai
NPIIN0000009481,HCP_09481,Neurology,Chennai,Tambaram,South Chennai
NPIIN0000009482,HCP_09482,Gastroenterology,Chennai,Tondiarpet,North Chennai
NPIIN0000009483,HCP_09483,Diabetology,Chennai,Velachery,South Chennai
NPIIN0000009484,HCP_09484,Diabetology,Chennai,Adyar,South Chennai
NPIIN0000009485,HCP_09485,Pulmonology,Chennai,Sholinganallur,South Chennai
NPIIN0000009486,HCP_09486,Neurology,Chennai,T Nagar,Central Chennai
NPIIN0000009487,HCP_09487,Gastroenterology,Chennai,Porur,South Chennai
NPIIN0000009488,HCP_09488,Pulmonology,Chennai,Ambattur,North Chennai
NPIIN0000009489,HCP_09489,Endocrinology,Chennai,Porur,South Chennai
NPIIN0000009490,HCP_09490,Urology,Chennai,Tambaram,South Chennai
NPIIN0000009491,HCP_09491,Endocrinology,Chennai,Tondiarpet,North Chennai
NPIIN0000009492,HCP_09492,Pulmonology,Chennai,Adyar,South Chennai
NPIIN0000009493,HCP_09493,Urology,Chennai,Adyar,South Chennai
NPIIN0000009494,HCP_09494,Urology,Chennai,Royapuram,North Chennai
NPIIN0000009495,HCP_09495,Endocrinology,Chennai,Mylapore,Central Chennai
NPIIN0000009496,HCP_09496,Endocrinology,Chennai,Nungambakkam,Central Chennai
NPIIN0000009497,HCP_09497,Pulmonology,Chennai,Kilpauk,Central Chennai
NPIIN0000009498,HCP_09498,General Medicine,Chennai,Egmore,Central Chennai
NPIIN0000009499,HCP_09499,Gastroenterology,Chennai,Velachery,South Chennai
NPIIN0000009500,HCP_09500,General Medicine,Chennai,Mylapore,Central Chennai
NPIIN0000009501,HCP_09501,Diabetology,Chennai,Porur,South Chennai
NPIIN0000009502,HCP_09502,General Medicine,Chennai,Porur,South Chennai
NPIIN0000009503,HCP_09503,Neurology,Chennai,Tambaram,South Chennai
NPIIN0000009504,HCP_09504,Gastroenterology,Chennai,Kilpauk,Central Chennai
NPIIN0000009505,HCP_09505,General Medicine,Chennai,Ambattur,North Chennai
NPIIN0000009506,HCP_09506,Cardiology,Chennai,Porur,South Chennai
NPIIN0000009507,HCP_09507,General Medicine,Chennai,Madhavaram,North Chennai
NPIIN0000009508,HCP_09508,Neurology,Chennai,Anna Nagar,Central Chennai
NPIIN0000009509,HCP_09509,Gastroenterology,Chennai,Guindy,South Chennai
NPIIN0000009510,HCP_09510,Urology,Chennai,Kilpauk,Central Chennai
NPIIN0000009511,HCP_09511,Orthopedics,Chennai,Tondiarpet,North Chennai
NPIIN0000009512,HCP_09512,General Medicine,Chennai,Tondiarpet,North Chennai
NPIIN0000009513,HCP_09513,Urology,Chennai,Nungambakkam,Central Chennai
NPIIN0000009514,HCP_09514,Diabetology,Chennai,Sholinganallur,South Chennai
NPIIN0000009515,HCP_09515,Pulmonology,Chennai,T Nagar,Central Chennai
NPIIN0000009516,HCP_09516,Pulmonology,Chennai,Adyar,South Chennai
NPIIN0000009517,HCP_09517,Gastroenterology,Chennai,Tambaram,South Chennai
NPIIN0000009518,HCP_09518,Gastroenterology,Chennai,Tondiarpet,North Chennai
NPIIN0000009519,HCP_09519,Diabetology,Chennai,Mylapore,Central Chennai
NPIIN0000009520,HCP_09520,Urology,Chennai,Anna Nagar,Central Chennai
NPIIN0000009521,HCP_09521,Urology,Chennai,Adyar,South Chennai
NPIIN0000009522,HCP_09522,Orthopedics,Chennai,Guindy,South Chennai
NPIIN0000009523,HCP_09523,General Medicine,Chennai,Nungambakkam,Central Chennai
NPIIN0000009524,HCP_09524,Orthopedics,Chennai,Tondiarpet,North Chennai
NPIIN0000009525,HCP_09525,Gastroenterology,Chennai,Nungambakkam,Central Chennai
NPIIN0000009526,HCP_09526,Neurology,Chennai,Madhavaram,North Chennai
NPIIN0000009527,HCP_09527,General Medicine,Chennai,Perambur,North Chennai
NPIIN0000009528,HCP_09528,Dermatology,Chennai,Egmore,Central Chennai
NPIIN0000009529,HCP_09529,Gastroenterology,Chennai,Porur,South Chennai
NPIIN0000009530,HCP_09530,Pulmonology,Chennai,Mylapore,Central Chennai
NPIIN0000009531,HCP_09531,Orthopedics,Chennai,Royapuram,North Chennai
NPIIN0000009532,HCP_09532,Diabetology,Chennai,Adyar,South Chennai
NPIIN0000009533,HCP_09533,Neurology,Chennai,Guindy,South Chennai
NPIIN0000009534,HCP_09534,Diabetology,Chennai,Perambur,North Chennai
NPIIN0000009535,HCP_09535,General Medicine,Chennai,Sholinganallur,South Chennai
NPIIN0000009536,HCP_09536,General Medicine,Chennai,Perambur,North Chennai
NPIIN0000009537,HCP_09537,General Medicine,Chennai,Velachery,South Chennai
NPIIN0000009538,HCP_09538,General Medicine,Chennai,Anna Nagar,Central Chennai
NPIIN0000009539,HCP_09539,Cardiology,Chennai,Sholinganallur,South Chennai
NPIIN0000009540,HCP_09540,Cardiology,Chennai,Nungambakkam,Central Chennai
NPIIN0000009541,HCP_09541,Gastroenterology,Chennai,Velachery,South Chennai
NPIIN0000009542,HCP_09542,Diabetology,Chennai,Porur,South Chennai
NPIIN0000009543,HCP_09543,Cardiology,Chennai,Royapuram,North Chennai
NPIIN0000009544,HCP_09544,Cardiology,Chennai,Royapuram,North Chennai
NPIIN0000009545,HCP_09545,Endocrinology,Chennai,Perambur,North Chennai
NPIIN0000009546,HCP_09546,Cardiology,Chennai,Egmore,Central Chennai
NPIIN0000009547,HCP_09547,Orthopedics,Chennai,Sholinganallur,South Chennai
NPIIN0000009548,HCP_09548,Pulmonology,Chennai,Guindy,South Chennai
NPIIN0000009549,HCP_09549,General Medicine,Chennai,Ambattur,North Chennai
NPIIN0000009550,HCP_09550,Pulmonology,Chennai,Nungambakkam,Central Chennai
NPIIN0000009551,HCP_09551,Cardiology,Chennai,Tambaram,South Chennai
NPIIN0000009552,HCP_09552,Neurology,Chennai,Mylapore,Central Chennai
NPIIN0000009553,HCP_09553,Orthopedics,Chennai,Porur,South Chennai
NPIIN0000009554,HCP_09554,Cardiology,Chennai,Nungambakkam,Central Chennai
NPIIN0000009555,HCP_09555,Endocrinology,Chennai,T Nagar,Central Chennai
NPIIN0000009556,HCP_09556,Pulmonology,Chennai,Nungambakkam,Central Chennai
NPIIN0000009557,HCP_09557,Endocrinology,Chennai,Perambur,North Chennai
NPIIN0000009558,HCP_09558,Cardiology,Chennai,Adyar,South Chennai
NPIIN0000009559,HCP_09559,Neurology,Chennai,Washermenpet,North Chennai
NPIIN0000009560,HCP_09560,Pulmonology,Chennai,Tambaram,South Chennai
NPIIN0000009561,HCP_09561,Endocrinology,Chennai,Sholinganallur,South Chennai
NPIIN0000009562,HCP_09562,Dermatology,Chennai,Nungambakkam,Central Chennai
NPIIN0000009563,HCP_09563,Cardiology,Chennai,Kilpauk,Central Chennai
NPIIN0000009564,HCP_09564,General Medicine,Chennai,Velachery,South Chennai
NPIIN0000009565,HCP_09565,Gastroenterology,Chennai,Guindy,South Chennai
NPIIN0000009566,HCP_09566,Pulmonology,Chennai,Tondiarpet,North Chennai
NPIIN0000009567,HCP_09567,Pulmonology,Chennai,Mylapore,Central Chennai
NPIIN0000009568,HCP_09568,Neurology,Chennai,Porur,South Chennai
NPIIN0000009569,HCP_09569,Neurology,Chennai,Kilpauk,Central Chennai
NPIIN0000009570,HCP_09570,Urology,Chennai,Velachery,South Chennai
NPIIN0000009571,HCP_09571,Pulmonology,Chennai,Anna Nagar,Central Chennai
NPIIN0000009572,HCP_09572,General Medicine,Chennai,Velachery,South Chennai
NPIIN0000009573,HCP_09573,Gastroenterology,Chennai,Tondiarpet,North Chennai
NPIIN0000009574,HCP_09574,Diabetology,Chennai,Adyar,South Chennai
NPIIN0000009575,HCP_09575,Gastroenterology,Chennai,Nungambakkam,Central Chennai
NPIIN0000009576,HCP_09576,Diabetology,Chennai,Tondiarpet,North Chennai
NPIIN0000009577,HCP_09577,General Medicine,Chennai,Kilpauk,Central Chennai
NPIIN0000009578,HCP_09578,Gastroenterology,Chennai,Porur,South Chennai
NPIIN0000009579,HCP_09579,Pulmonology,Chennai,T Nagar,Central Chennai
NPIIN0000009580,HCP_09580,Cardiology,Chennai,T Nagar,Central Chennai
NPIIN0000009581,HCP_09581,General Medicine,Chennai,Guindy,South Chennai
NPIIN0000009582,HCP_09582,Dermatology,Chennai,Kilpauk,Central Chennai
NPIIN0000009583,HCP_09583,Orthopedics,Chennai,Egmore,Central Chennai
NPIIN0000009584,HCP_09584,General Medicine,Chennai,Tambaram,South Chennai
NPIIN0000009585,HCP_09585,Cardiology,Chennai,Porur,South Chennai
NPIIN0000009586,HCP_09586,General Medicine,Chennai,Porur,South Chennai
NPIIN0000009587,HCP_09587,General Medicine,Chennai,Egmore,Central Chennai
NPIIN0000009588,HCP_09588,Cardiology,Chennai,Royapuram,North Chennai
NPIIN0000009589,HCP_09589,Urology,Chennai,Porur,South Chennai
NPIIN0000009590,HCP_09590,Pulmonology,Chennai,Nungambakkam,Central Chennai
NPIIN0000009591,HCP_09591,General Medicine,Chennai,Adyar,South Chennai
NPIIN0000009592,HCP_09592,General Medicine,Chennai,Mylapore,Central Chennai
NPIIN0000009593,HCP_09593,Cardiology,Chennai,Guindy,South Chennai
NPIIN0000009594,HCP_09594,General Medicine,Chennai,Guindy,South Chennai
NPIIN0000009595,HCP_09595,General Medicine,Chennai,Tondiarpet,North Chennai
NPIIN0000009596,HCP_09596,General Medicine,Chennai,Ambattur,North Chennai
NPIIN0000009597,HCP_09597,Neurology,Chennai,Mylapore,Central Chennai
NPIIN0000009598,HCP_09598,General Medicine,Chennai,Nungambakkam,Central Chennai
NPIIN0000009599,HCP_09599,Pulmonology,Chennai,Sholinganallur,South Chennai
NPIIN0000009600,HCP_09600,Urology,Chennai,Royapuram,North Chennai
NPIIN0000009601,HCP_09601,General Medicine,Chennai,Perambur,North Chennai
NPIIN0000009602,HCP_09602,General Medicine,Chennai,Nungambakkam,Central Chennai
NPIIN0000009603,HCP_09603,Urology,Chennai,Guindy,South Chennai
NPIIN0000009604,HCP_09604,General Medicine,Chennai,Ambattur,North Chennai
NPIIN0000009605,HCP_09605,General Medicine,Chennai,Nungambakkam,Central Chennai
NPIIN0000009606,HCP_09606,Dermatology,Chennai,Adyar,South Chennai
NPIIN0000009607,HCP_09607,Pulmonology,Chennai,Washermenpet,North Chennai
NPIIN0000009608,HCP_09608,Orthopedics,Chennai,Royapuram,North Chennai
NPIIN0000009609,HCP_09609,General Medicine,Chennai,Sholinganallur,South Chennai
NPIIN0000009610,HCP_09610,General Medicine,Chennai,Perambur,North Chennai
NPIIN0000009611,HCP_09611,Cardiology,Chennai,Guindy,South Chennai
NPIIN0000009612,HCP_09612,Endocrinology,Chennai,Sholinganallur,South Chennai
NPIIN0000009613,HCP_09613,Pulmonology,Chennai,Tambaram,South Chennai
NPIIN0000009614,HCP_09614,Endocrinology,Chennai,T Nagar,Central Chennai
NPIIN0000009615,HCP_09615,General Medicine,Chennai,Nungambakkam,Central Chennai
NPIIN0000009616,HCP_09616,Diabetology,Chennai,Madhavaram,North Chennai
NPIIN0000009617,HCP_09617,Cardiology,Chennai,Egmore,Central Chennai
NPIIN0000009618,HCP_09618,General Medicine,Chennai,Mylapore,Central Chennai
NPIIN0000009619,HCP_09619,Neurology,Chennai,Ambattur,North Chennai
NPIIN0000009620,HCP_09620,General Medicine,Chennai,Velachery,South Chennai
NPIIN0000009621,HCP_09621,Gastroenterology,Chennai,Egmore,Central Chennai
NPIIN0000009622,HCP_09622,Endocrinology,Chennai,Velachery,South Chennai
NPIIN0000009623,HCP_09623,Cardiology,Chennai,Porur,South Chennai
NPIIN0000009624,HCP_09624,Orthopedics,Chennai,Adyar,South Chennai
NPIIN0000009625,HCP_09625,Urology,Chennai,Sholinganallur,South Chennai
NPIIN0000009626,HCP_09626,General Medicine,Chennai,Adyar,South Chennai
NPIIN0000009627,HCP_09627,General Medicine,Chennai,Anna Nagar,Central Chennai
NPIIN0000009628,HCP_09628,Dermatology,Chennai,Perambur,North Chennai
NPIIN0000009629,HCP_09629,Pulmonology,Chennai,Porur,South Chennai
NPIIN0000009630,HCP_09630,Cardiology,Chennai,Guindy,South Chennai
NPIIN0000009631,HCP_09631,Cardiology,Chennai,Tambaram,South Chennai
NPIIN0000009632,HCP_09632,Cardiology,Chennai,Guindy,South Chennai
NPIIN0000009633,HCP_09633,Gastroenterology,Chennai,Nungambakkam,Central Chennai
NPIIN0000009634,HCP_09634,Pulmonology,Chennai,Mylapore,Central Chennai
NPIIN0000009635,HCP_09635,Diabetology,Chennai,Tambaram,South Chennai
NPIIN0000009636,HCP_09636,Endocrinology,Chennai,Kilpauk,Central Chennai
NPIIN0000009637,HCP_09637,Cardiology,Chennai,Madhavaram,North Chennai
NPIIN0000009638,HCP_09638,Gastroenterology,Chennai,Tambaram,South Chennai
NPIIN0000009639,HCP_09639,Urology,Chennai,Ambattur,North Chennai
NPIIN0000009640,HCP_09640,Pulmonology,Chennai,Egmore,Central Chennai
NPIIN0000009641,HCP_09641,Gastroenterology,Chennai,Sholinganallur,South Chennai
NPIIN0000009642,HCP_09642,Diabetology,Chennai,Nungambakkam,Central Chennai
NPIIN0000009643,HCP_09643,Pulmonology,Chennai,Velachery,South Chennai
NPIIN0000009644,HCP_09644,General Medicine,Chennai,Nungambakkam,Central Chennai
NPIIN0000009645,HCP_09645,Cardiology,Chennai,Porur,South Chennai
NPIIN0000009646,HCP_09646,General Medicine,Chennai,Royapuram,North Chennai
NPIIN0000009647,HCP_09647,Dermatology,Chennai,Ambattur,North Chennai
NPIIN0000009648,HCP_09648,Cardiology,Chennai,Royapuram,North Chennai
NPIIN0000009649,HCP_09649,General Medicine,Chennai,Mylapore,Central Chennai
NPIIN0000009650,HCP_09650,Urology,Chennai,Royapuram,North Chennai
NPIIN0000009651,HCP_09651,Dermatology,Chennai,Sholinganallur,South Chennai
NPIIN0000009652,HCP_09652,General Medicine,Chennai,Guindy,South Chennai
NPIIN0000009653,HCP_09653,Endocrinology,Chennai,T Nagar,Central Chennai
NPIIN0000009654,HCP_09654,Dermatology,Chennai,Guindy,South Chennai
NPIIN0000009655,HCP_09655,Endocrinology,Chennai,Sholinganallur,South Chennai
NPIIN0000009656,HCP_09656,Diabetology,Chennai,Sholinganallur,South Chennai
NPIIN0000009657,HCP_09657,Cardiology,Chennai,Washermenpet,North Chennai
NPIIN0000009658,HCP_09658,General Medicine,Chennai,Nungambakkam,Central Chennai
NPIIN0000009659,HCP_09659,Pulmonology,Chennai,Porur,South Chennai
NPIIN0000009660,HCP_09660,Dermatology,Chennai,Ambattur,North Chennai
NPIIN0000009661,HCP_09661,General Medicine,Chennai,Tondiarpet,North Chennai
NPIIN0000009662,HCP_09662,Orthopedics,Chennai,Sholinganallur,South Chennai
NPIIN0000009663,HCP_09663,Pulmonology,Chennai,Mylapore,Central Chennai
NPIIN0000009664,HCP_09664,Pulmonology,Chennai,Sholinganallur,South Chennai
NPIIN0000009665,HCP_09665,Endocrinology,Chennai,T Nagar,Central Chennai
NPIIN0000009666,HCP_09666,Endocrinology,Chennai,Adyar,South Chennai
NPIIN0000009667,HCP_09667,Pulmonology,Chennai,Sholinganallur,South Chennai
NPIIN0000009668,HCP_09668,Gastroenterology,Chennai,Adyar,South Chennai
NPIIN0000009669,HCP_09669,Endocrinology,Chennai,Porur,South Chennai
NPIIN0000009670,HCP_09670,General Medicine,Chennai,Sholinganallur,South Chennai
NPIIN0000009671,HCP_09671,General Medicine,Chennai,Nungambakkam,Central Chennai
NPIIN0000009672,HCP_09672,General Medicine,Chennai,Velachery,South Chennai
NPIIN0000009673,HCP_09673,Endocrinology,Chennai,Adyar,South Chennai
NPIIN0000009674,HCP_09674,Endocrinology,Chennai,Madhavaram,North Chennai
NPIIN0000009675,HCP_09675,Diabetology,Chennai,Ambattur,North Chennai
NPIIN0000009676,HCP_09676,Urology,Chennai,T Nagar,Central Chennai
NPIIN0000009677,HCP_09677,Dermatology,Chennai,Washermenpet,North Chennai
NPIIN0000009678,HCP_09678,Cardiology,Chennai,Velachery,South Chennai
NPIIN0000009679,HCP_09679,Cardiology,Chennai,Royapuram,North Chennai
NPIIN0000009680,HCP_09680,General Medicine,Chennai,Madhavaram,North Chennai
NPIIN0000009681,HCP_09681,Diabetology,Chennai,Royapuram,North Chennai
NPIIN0000009682,HCP_09682,Dermatology,Chennai,Egmore,Central Chennai
NPIIN0000009683,HCP_09683,General Medicine,Chennai,Sholinganallur,South Chennai
NPIIN0000009684,HCP_09684,Dermatology,Chennai,Anna Nagar,Central Chennai
NPIIN0000009685,HCP_09685,Cardiology,Chennai,Mylapore,Central Chennai
NPIIN0000009686,HCP_09686,Orthopedics,Chennai,T Nagar,Central Chennai
NPIIN0000009687,HCP_09687,Gastroenterology,Chennai,Adyar,South Chennai
NPIIN0000009688,HCP_09688,Gastroenterology,Chennai,Velachery,South Chennai
NPIIN0000009689,HCP_09689,Orthopedics,Chennai,Egmore,Central Chennai
NPIIN0000009690,HCP_09690,General Medicine,Chennai,Mylapore,Central Chennai
NPIIN0000009691,HCP_09691,Endocrinology,Chennai,Perambur,North Chennai
NPIIN0000009692,HCP_09692,General Medicine,Chennai,Egmore,Central Chennai
NPIIN0000009693,HCP_09693,Dermatology,Chennai,Porur,South Chennai
NPIIN0000009694,HCP_09694,Dermatology,Chennai,Nungambakkam,Central Chennai
NPIIN0000009695,HCP_09695,General Medicine,Chennai,Ambattur,North Chennai
NPIIN0000009696,HCP_09696,Gastroenterology,Chennai,Royapuram,North Chennai
NPIIN0000009697,HCP_09697,Diabetology,Chennai,Washermenpet,North Chennai
NPIIN0000009698,HCP_09698,Endocrinology,Chennai,Royapuram,North Chennai
NPIIN0000009699,HCP_09699,Pulmonology,Chennai,Egmore,Central Chennai
NPIIN0000009700,HCP_09700,General Medicine,Chennai,Nungambakkam,Central Chennai
NPIIN0000009701,HCP_09701,Endocrinology,Chennai,Kilpauk,Central Chennai
NPIIN0000009702,HCP_09702,Gastroenterology,Chennai,T Nagar,Central Chennai
NPIIN0000009703,HCP_09703,Pulmonology,Chennai,Tambaram,South Chennai
NPIIN0000009704,HCP_09704,General Medicine,Chennai,Egmore,Central Chennai
NPIIN0000009705,HCP_09705,Endocrinology,Chennai,Mylapore,Central Chennai
NPIIN0000009706,HCP_09706,Diabetology,Chennai,T Nagar,Central Chennai
NPIIN0000009707,HCP_09707,Neurology,Chennai,Adyar,South Chennai
NPIIN0000009708,HCP_09708,Dermatology,Chennai,Sholinganallur,South Chennai
NPIIN0000009709,HCP_09709,Endocrinology,Chennai,Velachery,South Chennai
NPIIN0000009710,HCP_09710,Dermatology,Chennai,Washermenpet,North Chennai
NPIIN0000009711,HCP_09711,Gastroenterology,Chennai,Porur,South Chennai
NPIIN0000009712,HCP_09712,Dermatology,Chennai,Ambattur,North Chennai
NPIIN0000009713,HCP_09713,Pulmonology,Chennai,Adyar,South Chennai
NPIIN0000009714,HCP_09714,General Medicine,Chennai,Porur,South Chennai
NPIIN0000009715,HCP_09715,Gastroenterology,Chennai,Egmore,Central Chennai
NPIIN0000009716,HCP_09716,General Medicine,Chennai,Washermenpet,North Chennai
NPIIN0000009717,HCP_09717,Endocrinology,Chennai,Kilpauk,Central Chennai
NPIIN0000009718,HCP_09718,General Medicine,Chennai,Kilpauk,Central Chennai
NPIIN0000009719,HCP_09719,General Medicine,Chennai,Tambaram,South Chennai
NPIIN0000009720,HCP_09720,General Medicine,Chennai,Anna Nagar,Central Chennai
NPIIN0000009721,HCP_09721,Urology,Chennai,Porur,South Chennai
NPIIN0000009722,HCP_09722,General Medicine,Chennai,Velachery,South Chennai
NPIIN0000009723,HCP_09723,Diabetology,Chennai,Ambattur,North Chennai
NPIIN0000009724,HCP_09724,Orthopedics,Chennai,Tondiarpet,North Chennai
NPIIN0000009725,HCP_09725,Diabetology,Chennai,Washermenpet,North Chennai
NPIIN0000009726,HCP_09726,Cardiology,Chennai,Porur,South Chennai
NPIIN0000009727,HCP_09727,Dermatology,Chennai,Nungambakkam,Central Chennai
NPIIN0000009728,HCP_09728,Orthopedics,Chennai,Egmore,Central Chennai
NPIIN0000009729,HCP_09729,Neurology,Chennai,Tondiarpet,North Chennai
NPIIN0000009730,HCP_09730,General Medicine,Chennai,Sholinganallur,South Chennai
NPIIN0000009731,HCP_09731,Pulmonology,Chennai,Egmore,Central Chennai
NPIIN0000009732,HCP_09732,Dermatology,Chennai,Tondiarpet,North Chennai
NPIIN0000009733,HCP_09733,Urology,Chennai,Adyar,South Chennai
NPIIN0000009734,HCP_09734,Cardiology,Chennai,Egmore,Central Chennai
NPIIN0000009735,HCP_09735,Urology,Chennai,Nungambakkam,Central Chennai
NPIIN0000009736,HCP_09736,Pulmonology,Chennai,Washermenpet,North Chennai
NPIIN0000009737,HCP_09737,Cardiology,Chennai,Nungambakkam,Central Chennai
NPIIN0000009738,HCP_09738,Cardiology,Chennai,T Nagar,Central Chennai
NPIIN0000009739,HCP_09739,Cardiology,Chennai,Guindy,South Chennai
NPIIN0000009740,HCP_09740,Orthopedics,Chennai,Adyar,South Chennai
NPIIN0000009741,HCP_09741,General Medicine,Chennai,Madhavaram,North Chennai
NPIIN0000009742,HCP_09742,Gastroenterology,Chennai,Royapuram,North Chennai
NPIIN0000009743,HCP_09743,Cardiology,Chennai,Washermenpet,North Chennai
NPIIN0000009744,HCP_09744,Dermatology,Chennai,Porur,South Chennai
NPIIN0000009745,HCP_09745,General Medicine,Chennai,Tambaram,South Chennai
NPIIN0000009746,HCP_09746,Urology,Chennai,Sholinganallur,South Chennai
NPIIN0000009747,HCP_09747,General Medicine,Chennai,Adyar,South Chennai
NPIIN0000009748,HCP_09748,Gastroenterology,Chennai,Porur,South Chennai
NPIIN0000009749,HCP_09749,Pulmonology,Chennai,Velachery,South Chennai
NPIIN0000009750,HCP_09750,General Medicine,Chennai,T Nagar,Central Chennai
NPIIN0000009751,HCP_09751,Orthopedics,Chennai,Adyar,South Chennai
NPIIN0000009752,HCP_09752,General Medicine,Chennai,Guindy,South Chennai
NPIIN0000009753,HCP_09753,Urology,Chennai,Kilpauk,Central Chennai
NPIIN0000009754,HCP_09754,Cardiology,Chennai,Anna Nagar,Central Chennai
NPIIN0000009755,HCP_09755,Neurology,Chennai,Ambattur,North Chennai
NPIIN0000009756,HCP_09756,Urology,Chennai,Washermenpet,North Chennai
NPIIN0000009757,HCP_09757,Urology,Chennai,Sholinganallur,South Chennai
NPIIN0000009758,HCP_09758,General Medicine,Chennai,Royapuram,North Chennai
NPIIN0000009759,HCP_09759,General Medicine,Chennai,T Nagar,Central Chennai
NPIIN0000009760,HCP_09760,Dermatology,Chennai,Anna Nagar,Central Chennai
NPIIN0000009761,HCP_09761,General Medicine,Chennai,Guindy,South Chennai
NPIIN0000009762,HCP_09762,Orthopedics,Chennai,Nungambakkam,Central Chennai
NPIIN0000009763,HCP_09763,Diabetology,Chennai,Porur,South Chennai
NPIIN0000009764,HCP_09764,Cardiology,Chennai,Kilpauk,Central Chennai
NPIIN0000009765,HCP_09765,Gastroenterology,Chennai,Royapuram,North Chennai
NPIIN0000009766,HCP_09766,General Medicine,Chennai,Ambattur,North Chennai
NPIIN0000009767,HCP_09767,General Medicine,Chennai,Egmore,Central Chennai
NPIIN0000009768,HCP_09768,Diabetology,Chennai,Sholinganallur,South Chennai
NPIIN0000009769,HCP_09769,Orthopedics,Chennai,Adyar,South Chennai
NPIIN0000009770,HCP_09770,Pulmonology,Chennai,Mylapore,Central Chennai
NPIIN0000009771,HCP_09771,Orthopedics,Chennai,Washermenpet,North Chennai
NPIIN0000009772,HCP_09772,General Medicine,Chennai,Guindy,South Chennai
NPIIN0000009773,HCP_09773,General Medicine,Chennai,Velachery,South Chennai
NPIIN0000009774,HCP_09774,Endocrinology,Chennai,Washermenpet,North Chennai
NPIIN0000009775,HCP_09775,General Medicine,Chennai,Adyar,South Chennai
NPIIN0000009776,HCP_09776,Cardiology,Chennai,T Nagar,Central Chennai
NPIIN0000009777,HCP_09777,Cardiology,Chennai,Nungambakkam,Central Chennai
NPIIN0000009778,HCP_09778,General Medicine,Chennai,Guindy,South Chennai
NPIIN0000009779,HCP_09779,Gastroenterology,Chennai,Porur,South Chennai
NPIIN0000009780,HCP_09780,General Medicine,Chennai,Porur,South Chennai
NPIIN0000009781,HCP_09781,General Medicine,Chennai,Nungambakkam,Central Chennai
NPIIN0000009782,HCP_09782,General Medicine,Chennai,Tondiarpet,North Chennai
NPIIN0000009783,HCP_09783,General Medicine,Chennai,Tambaram,South Chennai
NPIIN0000009784,HCP_09784,Gastroenterology,Chennai,Anna Nagar,Central Chennai
NPIIN0000009785,HCP_09785,Dermatology,Chennai,Perambur,North Chennai
NPIIN0000009786,HCP_09786,Dermatology,Chennai,Adyar,South Chennai
NPIIN0000009787,HCP_09787,Endocrinology,Chennai,Nungambakkam,Central Chennai
NPIIN0000009788,HCP_09788,General Medicine,Chennai,Ambattur,North Chennai
NPIIN0000009789,HCP_09789,Dermatology,Chennai,Anna Nagar,Central Chennai
NPIIN0000009790,HCP_09790,Orthopedics,Chennai,Tambaram,South Chennai
NPIIN0000009791,HCP_09791,Pulmonology,Chennai,Mylapore,Central Chennai
NPIIN0000009792,HCP_09792,General Medicine,Chennai,Nungambakkam,Central Chennai
NPIIN0000009793,HCP_09793,Gastroenterology,Chennai,Mylapore,Central Chennai
NPIIN0000009794,HCP_09794,Orthopedics,Chennai,Nungambakkam,Central Chennai
NPIIN0000009795,HCP_09795,General Medicine,Chennai,Nungambakkam,Central Chennai
NPIIN0000009796,HCP_09796,Endocrinology,Chennai,Perambur,North Chennai
NPIIN0000009797,HCP_09797,Dermatology,Chennai,Anna Nagar,Central Chennai
NPIIN0000009798,HCP_09798,Gastroenterology,Chennai,Mylapore,Central Chennai
NPIIN0000009799,HCP_09799,Endocrinology,Chennai,Kilpauk,Central Chennai
NPIIN0000009800,HCP_09800,Diabetology,Chennai,Madhavaram,North Chennai
NPIIN0000009801,HCP_09801,Pulmonology,Chennai,Mylapore,Central Chennai
NPIIN0000009802,HCP_09802,Gastroenterology,Chennai,Royapuram,North Chennai
NPIIN0000009803,HCP_09803,Gastroenterology,Chennai,Adyar,South Chennai
NPIIN0000009804,HCP_09804,Endocrinology,Chennai,Guindy,South Chennai
NPIIN0000009805,HCP_09805,Endocrinology,Chennai,Kilpauk,Central Chennai
NPIIN0000009806,HCP_09806,Gastroenterology,Chennai,Guindy,South Chennai
NPIIN0000009807,HCP_09807,Cardiology,Chennai,Guindy,South Chennai
NPIIN0000009808,HCP_09808,General Medicine,Chennai,Nungambakkam,Central Chennai
NPIIN0000009809,HCP_09809,Pulmonology,Chennai,Perambur,North Chennai
NPIIN0000009810,HCP_09810,General Medicine,Chennai,Tambaram,South Chennai
NPIIN0000009811,HCP_09811,Dermatology,Chennai,Egmore,Central Chennai
NPIIN0000009812,HCP_09812,Cardiology,Chennai,Madhavaram,North Chennai
NPIIN0000009813,HCP_09813,Gastroenterology,Chennai,Adyar,South Chennai
NPIIN0000009814,HCP_09814,Neurology,Chennai,Mylapore,Central Chennai
NPIIN0000009815,HCP_09815,General Medicine,Chennai,Tambaram,South Chennai
NPIIN0000009816,HCP_09816,Urology,Chennai,Kilpauk,Central Chennai
NPIIN0000009817,HCP_09817,Endocrinology,Chennai,Nungambakkam,Central Chennai
NPIIN0000009818,HCP_09818,Dermatology,Chennai,Mylapore,Central Chennai
NPIIN0000009819,HCP_09819,Endocrinology,Chennai,Washermenpet,North Chennai
NPIIN0000009820,HCP_09820,Orthopedics,Chennai,Adyar,South Chennai
NPIIN0000009821,HCP_09821,Cardiology,Chennai,Adyar,South Chennai
NPIIN0000009822,HCP_09822,Pulmonology,Chennai,Adyar,South Chennai
NPIIN0000009823,HCP_09823,Endocrinology,Chennai,Madhavaram,North Chennai
NPIIN0000009824,HCP_09824,General Medicine,Chennai,Perambur,North Chennai
NPIIN0000009825,HCP_09825,Endocrinology,Chennai,Tondiarpet,North Chennai
NPIIN0000009826,HCP_09826,Endocrinology,Chennai,Mylapore,Central Chennai
NPIIN0000009827,HCP_09827,Cardiology,Chennai,Tambaram,South Chennai
NPIIN0000009828,HCP_09828,Cardiology,Chennai,Perambur,North Chennai
NPIIN0000009829,HCP_09829,Gastroenterology,Chennai,Royapuram,North Chennai
NPIIN0000009830,HCP_09830,General Medicine,Chennai,Perambur,North Chennai
NPIIN0000009831,HCP_09831,Cardiology,Chennai,Sholinganallur,South Chennai
NPIIN0000009832,HCP_09832,Orthopedics,Chennai,T Nagar,Central Chennai
NPIIN0000009833,HCP_09833,Neurology,Chennai,Adyar,South Chennai
NPIIN0000009834,HCP_09834,Diabetology,Chennai,Adyar,South Chennai
NPIIN0000009835,HCP_09835,General Medicine,Chennai,Tambaram,South Chennai
NPIIN0000009836,HCP_09836,General Medicine,Chennai,Nungambakkam,Central Chennai
NPIIN0000009837,HCP_09837,Pulmonology,Chennai,Nungambakkam,Central Chennai
NPIIN0000009838,HCP_09838,Dermatology,Chennai,Madhavaram,North Chennai
NPIIN0000009839,HCP_09839,Pulmonology,Chennai,Velachery,South Chennai
NPIIN0000009840,HCP_09840,Orthopedics,Chennai,Guindy,South Chennai
NPIIN0000009841,HCP_09841,Gastroenterology,Chennai,Ambattur,North Chennai
NPIIN0000009842,HCP_09842,Orthopedics,Chennai,T Nagar,Central Chennai
NPIIN0000009843,HCP_09843,Pulmonology,Chennai,Egmore,Central Chennai
NPIIN0000009844,HCP_09844,Neurology,Chennai,Porur,South Chennai
NPIIN0000009845,HCP_09845,Gastroenterology,Chennai,Egmore,Central Chennai
NPIIN0000009846,HCP_09846,Gastroenterology,Chennai,Washermenpet,North Chennai
NPIIN0000009847,HCP_09847,Cardiology,Chennai,Sholinganallur,South Chennai
NPIIN0000009848,HCP_09848,Cardiology,Chennai,Ambattur,North Chennai
NPIIN0000009849,HCP_09849,Endocrinology,Chennai,Tondiarpet,North Chennai
NPIIN0000009850,HCP_09850,Diabetology,Chennai,Nungambakkam,Central Chennai
NPIIN0000009851,HCP_09851,Urology,Chennai,Egmore,Central Chennai
NPIIN0000009852,HCP_09852,Gastroenterology,Chennai,Porur,South Chennai
NPIIN0000009853,HCP_09853,Endocrinology,Chennai,Madhavaram,North Chennai
NPIIN0000009854,HCP_09854,General Medicine,Chennai,Nungambakkam,Central Chennai
NPIIN0000009855,HCP_09855,Diabetology,Chennai,Nungambakkam,Central Chennai
NPIIN0000009856,HCP_09856,Dermatology,Chennai,Kilpauk,Central Chennai
NPIIN0000009857,HCP_09857,Urology,Chennai,Guindy,South Chennai
NPIIN0000009858,HCP_09858,Endocrinology,Chennai,Washermenpet,North Chennai
NPIIN0000009859,HCP_09859,General Medicine,Chennai,Perambur,North Chennai
NPIIN0000009860,HCP_09860,Orthopedics,Chennai,Perambur,North Chennai
NPIIN0000009861,HCP_09861,Neurology,Chennai,Anna Nagar,Central Chennai
NPIIN0000009862,HCP_09862,Urology,Chennai,Perambur,North Chennai
NPIIN0000009863,HCP_09863,General Medicine,Chennai,Anna Nagar,Central Chennai
NPIIN0000009864,HCP_09864,Endocrinology,Chennai,Sholinganallur,South Chennai
NPIIN0000009865,HCP_09865,Neurology,Chennai,Kilpauk,Central Chennai
NPIIN0000009866,HCP_09866,Cardiology,Chennai,Madhavaram,North Chennai
NPIIN0000009867,HCP_09867,Dermatology,Chennai,Mylapore,Central Chennai
NPIIN0000009868,HCP_09868,Gastroenterology,Chennai,Guindy,South Chennai
NPIIN0000009869,HCP_09869,Diabetology,Chennai,Mylapore,Central Chennai
NPIIN0000009870,HCP_09870,General Medicine,Chennai,Sholinganallur,South Chennai
NPIIN0000009871,HCP_09871,Dermatology,Chennai,T Nagar,Central Chennai
NPIIN0000009872,HCP_09872,Orthopedics,Chennai,Guindy,South Chennai
NPIIN0000009873,HCP_09873,General Medicine,Chennai,Porur,South Chennai
NPIIN0000009874,HCP_09874,Gastroenterology,Chennai,T Nagar,Central Chennai
NPIIN0000009875,HCP_09875,Endocrinology,Chennai,Mylapore,Central Chennai
NPIIN0000009876,HCP_09876,Urology,Chennai,Madhavaram,North Chennai
NPIIN0000009877,HCP_09877,Neurology,Chennai,Guindy,South Chennai
NPIIN0000009878,HCP_09878,Endocrinology,Chennai,Adyar,South Chennai
NPIIN0000009879,HCP_09879,Gastroenterology,Chennai,T Nagar,Central Chennai
NPIIN0000009880,HCP_09880,Gastroenterology,Chennai,Tondiarpet,North Chennai
NPIIN0000009881,HCP_09881,Gastroenterology,Chennai,Anna Nagar,Central Chennai
NPIIN0000009882,HCP_09882,General Medicine,Chennai,Nungambakkam,Central Chennai
NPIIN0000009883,HCP_09883,Gastroenterology,Chennai,Adyar,South Chennai
NPIIN0000009884,HCP_09884,Dermatology,Chennai,T Nagar,Central Chennai
NPIIN0000009885,HCP_09885,General Medicine,Chennai,T Nagar,Central Chennai
NPIIN0000009886,HCP_09886,Endocrinology,Chennai,Adyar,South Chennai
NPIIN0000009887,HCP_09887,Urology,Chennai,Guindy,South Chennai
NPIIN0000009888,HCP_09888,Pulmonology,Chennai,Porur,South Chennai
NPIIN0000009889,HCP_09889,General Medicine,Chennai,Mylapore,Central Chennai
NPIIN0000009890,HCP_09890,Urology,Chennai,Guindy,South Chennai
NPIIN0000009891,HCP_09891,Cardiology,Chennai,Madhavaram,North Chennai
NPIIN0000009892,HCP_09892,Dermatology,Chennai,Ambattur,North Chennai
NPIIN0000009893,HCP_09893,General Medicine,Chennai,Anna Nagar,Central Chennai
NPIIN0000009894,HCP_09894,Cardiology,Chennai,Adyar,South Chennai
NPIIN0000009895,HCP_09895,Orthopedics,Chennai,Tondiarpet,North Chennai
NPIIN0000009896,HCP_09896,Gastroenterology,Chennai,Porur,South Chennai
NPIIN0000009897,HCP_09897,Endocrinology,Chennai,Adyar,South Chennai
NPIIN0000009898,HCP_09898,Urology,Chennai,Tambaram,South Chennai
NPIIN0000009899,HCP_09899,Orthopedics,Chennai,Velachery,South Chennai
NPIIN0000009900,HCP_09900,Dermatology,Chennai,Tambaram,South Chennai
NPIIN0000009901,HCP_09901,Cardiology,Chennai,Nungambakkam,Central Chennai
NPIIN0000009902,HCP_09902,Endocrinology,Chennai,Kilpauk,Central Chennai
NPIIN0000009903,HCP_09903,Gastroenterology,Chennai,Tambaram,South Chennai
NPIIN0000009904,HCP_09904,Urology,Chennai,Washermenpet,North Chennai
NPIIN0000009905,HCP_09905,Endocrinology,Chennai,Madhavaram,North Chennai
NPIIN0000009906,HCP_09906,General Medicine,Chennai,Porur,South Chennai
NPIIN0000009907,HCP_09907,Endocrinology,Chennai,Tondiarpet,North Chennai
NPIIN0000009908,HCP_09908,General Medicine,Chennai,Velachery,South Chennai
NPIIN0000009909,HCP_09909,Neurology,Chennai,Nungambakkam,Central Chennai
NPIIN0000009910,HCP_09910,Cardiology,Chennai,Adyar,South Chennai
NPIIN0000009911,HCP_09911,Neurology,Chennai,Nungambakkam,Central Chennai
NPIIN0000009912,HCP_09912,Neurology,Chennai,Adyar,South Chennai
NPIIN0000009913,HCP_09913,General Medicine,Chennai,Porur,South Chennai
NPIIN0000009914,HCP_09914,Urology,Chennai,Egmore,Central Chennai
NPIIN0000009915,HCP_09915,Cardiology,Chennai,Nungambakkam,Central Chennai
NPIIN0000009916,HCP_09916,Cardiology,Chennai,Nungambakkam,Central Chennai
NPIIN0000009917,HCP_09917,General Medicine,Chennai,Royapuram,North Chennai
NPIIN0000009918,HCP_09918,Pulmonology,Chennai,Perambur,North Chennai
NPIIN0000009919,HCP_09919,Diabetology,Chennai,Kilpauk,Central Chennai
NPIIN0000009920,HCP_09920,Orthopedics,Chennai,Guindy,South Chennai
NPIIN0000009921,HCP_09921,Diabetology,Chennai,Nungambakkam,Central Chennai
NPIIN0000009922,HCP_09922,Diabetology,Chennai,Ambattur,North Chennai
NPIIN0000009923,HCP_09923,Dermatology,Chennai,Tondiarpet,North Chennai
NPIIN0000009924,HCP_09924,Urology,Chennai,Nungambakkam,Central Chennai
NPIIN0000009925,HCP_09925,Pulmonology,Chennai,Nungambakkam,Central Chennai
NPIIN0000009926,HCP_09926,Cardiology,Chennai,Tambaram,South Chennai
NPIIN0000009927,HCP_09927,General Medicine,Chennai,Porur,South Chennai
NPIIN0000009928,HCP_09928,Endocrinology,Chennai,Kilpauk,Central Chennai
NPIIN0000009929,HCP_09929,General Medicine,Chennai,Velachery,South Chennai
NPIIN0000009930,HCP_09930,Neurology,Chennai,Madhavaram,North Chennai
NPIIN0000009931,HCP_09931,General Medicine,Chennai,Anna Nagar,Central Chennai
NPIIN0000009932,HCP_09932,Pulmonology,Chennai,Sholinganallur,South Chennai
NPIIN0000009933,HCP_09933,Gastroenterology,Chennai,Washermenpet,North Chennai
NPIIN0000009934,HCP_09934,Diabetology,Chennai,Mylapore,Central Chennai
NPIIN0000009935,HCP_09935,Endocrinology,Chennai,Porur,South Chennai
NPIIN0000009936,HCP_09936,Dermatology,Chennai,Anna Nagar,Central Chennai
NPIIN0000009937,HCP_09937,Cardiology,Chennai,Nungambakkam,Central Chennai
NPIIN0000009938,HCP_09938,Endocrinology,Chennai,Egmore,Central Chennai
NPIIN0000009939,HCP_09939,Cardiology,Chennai,Adyar,South Chennai
NPIIN0000009940,HCP_09940,Pulmonology,Chennai,Velachery,South Chennai
NPIIN0000009941,HCP_09941,Pulmonology,Chennai,Sholinganallur,South Chennai
NPIIN0000009942,HCP_09942,Pulmonology,Chennai,Kilpauk,Central Chennai
NPIIN0000009943,HCP_09943,General Medicine,Chennai,Adyar,South Chennai
NPIIN0000009944,HCP_09944,General Medicine,Chennai,Royapuram,North Chennai
NPIIN0000009945,HCP_09945,Endocrinology,Chennai,Nungambakkam,Central Chennai
NPIIN0000009946,HCP_09946,Dermatology,Chennai,Anna Nagar,Central Chennai
NPIIN0000009947,HCP_09947,Orthopedics,Chennai,Adyar,South Chennai
NPIIN0000009948,HCP_09948,Pulmonology,Chennai,T Nagar,Central Chennai
NPIIN0000009949,HCP_09949,General Medicine,Chennai,Tambaram,South Chennai
NPIIN0000009950,HCP_09950,Dermatology,Chennai,Ambattur,North Chennai
NPIIN0000009951,HCP_09951,Endocrinology,Chennai,T Nagar,Central Chennai
NPIIN0000009952,HCP_09952,Diabetology,Chennai,Tambaram,South Chennai
NPIIN0000009953,HCP_09953,Orthopedics,Chennai,Velachery,South Chennai
NPIIN0000009954,HCP_09954,Endocrinology,Chennai,Royapuram,North Chennai
NPIIN0000009955,HCP_09955,Cardiology,Chennai,Velachery,South Chennai
NPIIN0000009956,HCP_09956,Pulmonology,Chennai,Perambur,North Chennai
NPIIN0000009957,HCP_09957,Pulmonology,Chennai,Porur,South Chennai
NPIIN0000009958,HCP_09958,Pulmonology,Chennai,Mylapore,Central Chennai
NPIIN0000009959,HCP_09959,Endocrinology,Chennai,Tondiarpet,North Chennai
NPIIN0000009960,HCP_09960,Gastroenterology,Chennai,Mylapore,Central Chennai
NPIIN0000009961,HCP_09961,Diabetology,Chennai,Royapuram,North Chennai
NPIIN0000009962,HCP_09962,Orthopedics,Chennai,Washermenpet,North Chennai
NPIIN0000009963,HCP_09963,Endocrinology,Chennai,Kilpauk,Central Chennai
NPIIN0000009964,HCP_09964,Cardiology,Chennai,Tambaram,South Chennai
NPIIN0000009965,HCP_09965,Pulmonology,Chennai,Egmore,Central Chennai
NPIIN0000009966,HCP_09966,Endocrinology,Chennai,Anna Nagar,Central Chennai
NPIIN0000009967,HCP_09967,Pulmonology,Chennai,Ambattur,North Chennai
NPIIN0000009968,HCP_09968,Endocrinology,Chennai,Guindy,South Chennai
NPIIN0000009969,HCP_09969,General Medicine,Chennai,Nungambakkam,Central Chennai
NPIIN0000009970,HCP_09970,Endocrinology,Chennai,Tondiarpet,North Chennai
NPIIN0000009971,HCP_09971,General Medicine,Chennai,Velachery,South Chennai
NPIIN0000009972,HCP_09972,Cardiology,Chennai,Anna Nagar,Central Chennai
NPIIN0000009973,HCP_09973,General Medicine,Chennai,Sholinganallur,South Chennai
NPIIN0000009974,HCP_09974,Endocrinology,Chennai,Kilpauk,Central Chennai
NPIIN0000009975,HCP_09975,Dermatology,Chennai,Sholinganallur,South Chennai
NPIIN0000009976,HCP_09976,Gastroenterology,Chennai,T Nagar,Central Chennai
NPIIN0000009977,HCP_09977,Endocrinology,Chennai,Guindy,South Chennai
NPIIN0000009978,HCP_09978,Cardiology,Chennai,Adyar,South Chennai
NPIIN0000009979,HCP_09979,Cardiology,Chennai,Mylapore,Central Chennai
NPIIN0000009980,HCP_09980,Endocrinology,Chennai,Kilpauk,Central Chennai
NPIIN0000009981,HCP_09981,General Medicine,Chennai,T Nagar,Central Chennai
NPIIN0000009982,HCP_09982,General Medicine,Chennai,Nungambakkam,Central Chennai
NPIIN0000009983,HCP_09983,Orthopedics,Chennai,Adyar,South Chennai
NPIIN0000009984,HCP_09984,Dermatology,Chennai,Ambattur,North Chennai
NPIIN0000009985,HCP_09985,Cardiology,Chennai,Perambur,North Chennai
NPIIN0000009986,HCP_09986,Endocrinology,Chennai,Porur,South Chennai
NPIIN0000009987,HCP_09987,Cardiology,Chennai,Guindy,South Chennai
NPIIN0000009988,HCP_09988,Cardiology,Chennai,Guindy,South Chennai
NPIIN0000009989,HCP_09989,General Medicine,Chennai,Egmore,Central Chennai
NPIIN0000009990,HCP_09990,Cardiology,Chennai,T Nagar,Central Chennai
NPIIN0000009991,HCP_09991,Cardiology,Chennai,Nungambakkam,Central Chennai
NPIIN0000009992,HCP_09992,Cardiology,Chennai,Anna Nagar,Central Chennai
NPIIN0000009993,HCP_09993,Neurology,Chennai,Perambur,North Chennai
NPIIN0000009994,HCP_09994,Cardiology,Chennai,T Nagar,Central Chennai
NPIIN0000009995,HCP_09995,Orthopedics,Chennai,Ambattur,North Chennai
NPIIN0000009996,HCP_09996,General Medicine,Chennai,Royapuram,North Chennai
NPIIN0000009997,HCP_09997,General Medicine,Chennai,Anna Nagar,Central Chennai
NPIIN0000009998,HCP_09998,General Medicine,Chennai,Anna Nagar,Central Chennai
NPIIN0000009999,HCP_09999,General Medicine,Chennai,Tondiarpet,North Chennai
NPIIN0000010000,HCP_10000,General Medicine,Chennai,Madhavaram,North Chennai
NPIIN0000010001,HCP_10001,General Medicine,Chennai,Guindy,South Chennai
NPIIN0000010002,HCP_10002,General Medicine,Chennai,Tambaram,South Chennai
NPIIN0000010003,HCP_10003,Diabetology,Chennai,Mylapore,Central Chennai
NPIIN0000010004,HCP_10004,Cardiology,Chennai,Kilpauk,Central Chennai
NPIIN0000010005,HCP_10005,Neurology,Chennai,T Nagar,Central Chennai
NPIIN0000010006,HCP_10006,Pulmonology,Chennai,Nungambakkam,Central Chennai
NPIIN0000010007,HCP_10007,Neurology,Chennai,Ambattur,North Chennai
NPIIN0000010008,HCP_10008,Orthopedics,Chennai,Adyar,South Chennai
NPIIN0000010009,HCP_10009,General Medicine,Chennai,Anna Nagar,Central Chennai
NPIIN0000010010,HCP_10010,Urology,Chennai,Egmore,Central Chennai
NPIIN0000010011,HCP_10011,General Medicine,Chennai,Adyar,South Chennai
NPIIN0000010012,HCP_10012,General Medicine,Chennai,Royapuram,North Chennai
NPIIN0000010013,HCP_10013,Neurology,Chennai,Egmore,Central Chennai
NPIIN0000010014,HCP_10014,Endocrinology,Chennai,Egmore,Central Chennai
NPIIN0000010015,HCP_10015,Endocrinology,Chennai,Adyar,South Chennai
NPIIN0000010016,HCP_10016,General Medicine,Chennai,Egmore,Central Chennai
NPIIN0000010017,HCP_10017,Cardiology,Chennai,Porur,South Chennai
NPIIN0000010018,HCP_10018,Endocrinology,Chennai,Guindy,South Chennai
NPIIN0000010019,HCP_10019,Dermatology,Chennai,Mylapore,Central Chennai
NPIIN0000010020,HCP_10020,General Medicine,Chennai,Guindy,South Chennai
NPIIN0000010021,HCP_10021,Cardiology,Chennai,Anna Nagar,Central Chennai
NPIIN0000010022,HCP_10022,Cardiology,Chennai,Kilpauk,Central Chennai
NPIIN0000010023,HCP_10023,Urology,Chennai,Nungambakkam,Central Chennai
NPIIN0000010024,HCP_10024,Orthopedics,Chennai,Adyar,South Chennai
NPIIN0000010025,HCP_10025,Neurology,Chennai,Anna Nagar,Central Chennai
NPIIN0000010026,HCP_10026,Endocrinology,Chennai,Kilpauk,Central Chennai
NPIIN0000010027,HCP_10027,General Medicine,Chennai,Adyar,South Chennai
NPIIN0000010028,HCP_10028,Diabetology,Chennai,Kilpauk,Central Chennai
NPIIN0000010029,HCP_10029,Gastroenterology,Chennai,Tambaram,South Chennai
NPIIN0000010030,HCP_10030,Pulmonology,Chennai,Guindy,South Chennai
NPIIN0000010031,HCP_10031,Gastroenterology,Chennai,Royapuram,North Chennai
NPIIN0000010032,HCP_10032,General Medicine,Chennai,Porur,South Chennai
NPIIN0000010033,HCP_10033,Urology,Chennai,Adyar,South Chennai
NPIIN0000010034,HCP_10034,General Medicine,Chennai,Anna Nagar,Central Chennai
NPIIN0000010035,HCP_10035,General Medicine,Chennai,Guindy,South Chennai
NPIIN0000010036,HCP_10036,General Medicine,Chennai,Sholinganallur,South Chennai
NPIIN0000010037,HCP_10037,Pulmonology,Chennai,Velachery,South Chennai
NPIIN0000010038,HCP_10038,Urology,Chennai,Adyar,South Chennai
NPIIN0000010039,HCP_10039,General Medicine,Chennai,Madhavaram,North Chennai
NPIIN0000010040,HCP_10040,Orthopedics,Chennai,Ambattur,North Chennai
NPIIN0000010041,HCP_10041,General Medicine,Chennai,Mylapore,Central Chennai
NPIIN0000010042,HCP_10042,Diabetology,Chennai,Madhavaram,North Chennai
NPIIN0000010043,HCP_10043,Diabetology,Chennai,Velachery,South Chennai
NPIIN0000010044,HCP_10044,Cardiology,Chennai,Tambaram,South Chennai
NPIIN0000010045,HCP_10045,Dermatology,Chennai,Mylapore,Central Chennai
NPIIN0000010046,HCP_10046,Cardiology,Chennai,Tondiarpet,North Chennai
NPIIN0000010047,HCP_10047,General Medicine,Chennai,Guindy,South Chennai
NPIIN0000010048,HCP_10048,Diabetology,Chennai,Tondiarpet,North Chennai
NPIIN0000010049,HCP_10049,Gastroenterology,Chennai,Velachery,South Chennai
NPIIN0000010050,HCP_10050,Orthopedics,Chennai,Adyar,South Chennai
NPIIN0000010051,HCP_10051,Dermatology,Chennai,Anna Nagar,Central Chennai
NPIIN0000010052,HCP_10052,Diabetology,Chennai,Nungambakkam,Central Chennai
NPIIN0000010053,HCP_10053,General Medicine,Chennai,Sholinganallur,South Chennai
NPIIN0000010054,HCP_10054,Diabetology,Chennai,Royapuram,North Chennai
NPIIN0000010055,HCP_10055,Urology,Chennai,Adyar,South Chennai
NPIIN0000010056,HCP_10056,Cardiology,Chennai,Nungambakkam,Central Chennai
NPIIN0000010057,HCP_10057,Orthopedics,Chennai,Nungambakkam,Central Chennai
NPIIN0000010058,HCP_10058,Dermatology,Chennai,Washermenpet,North Chennai
NPIIN0000010059,HCP_10059,Gastroenterology,Chennai,Tambaram,South Chennai
NPIIN0000010060,HCP_10060,Gastroenterology,Chennai,Porur,South Chennai
NPIIN0000010061,HCP_10061,General Medicine,Chennai,Adyar,South Chennai
NPIIN0000010062,HCP_10062,Diabetology,Chennai,Washermenpet,North Chennai
NPIIN0000010063,HCP_10063,General Medicine,Chennai,Tambaram,South Chennai
NPIIN0000010064,HCP_10064,Endocrinology,Chennai,Nungambakkam,Central Chennai
NPIIN0000010065,HCP_10065,Gastroenterology,Chennai,Ambattur,North Chennai
NPIIN0000010066,HCP_10066,General Medicine,Chennai,Tambaram,South Chennai
NPIIN0000010067,HCP_10067,Urology,Chennai,Perambur,North Chennai
NPIIN0000010068,HCP_10068,Urology,Chennai,Porur,South Chennai
NPIIN0000010069,HCP_10069,Endocrinology,Chennai,T Nagar,Central Chennai
NPIIN0000010070,HCP_10070,Endocrinology,Chennai,Anna Nagar,Central Chennai
NPIIN0000010071,HCP_10071,General Medicine,Chennai,Royapuram,North Chennai
NPIIN0000010072,HCP_10072,Cardiology,Chennai,Porur,South Chennai
NPIIN0000010073,HCP_10073,Neurology,Chennai,Egmore,Central Chennai
NPIIN0000010074,HCP_10074,Gastroenterology,Chennai,Sholinganallur,South Chennai
NPIIN0000010075,HCP_10075,Gastroenterology,Chennai,Kilpauk,Central Chennai
NPIIN0000010076,HCP_10076,General Medicine,Chennai,Velachery,South Chennai
NPIIN0000010077,HCP_10077,Dermatology,Chennai,Perambur,North Chennai
NPIIN0000010078,HCP_10078,Pulmonology,Chennai,T Nagar,Central Chennai
NPIIN0000010079,HCP_10079,Orthopedics,Chennai,Porur,South Chennai
NPIIN0000010080,HCP_10080,Dermatology,Chennai,Porur,South Chennai
NPIIN0000010081,HCP_10081,Gastroenterology,Chennai,Ambattur,North Chennai
NPIIN0000010082,HCP_10082,Cardiology,Chennai,Egmore,Central Chennai
NPIIN0000010083,HCP_10083,Dermatology,Chennai,Kilpauk,Central Chennai
NPIIN0000010084,HCP_10084,Diabetology,Chennai,Tambaram,South Chennai
NPIIN0000010085,HCP_10085,General Medicine,Chennai,Guindy,South Chennai
NPIIN0000010086,HCP_10086,General Medicine,Chennai,Guindy,South Chennai
NPIIN0000010087,HCP_10087,General Medicine,Chennai,Sholinganallur,South Chennai
NPIIN0000010088,HCP_10088,Cardiology,Chennai,Porur,South Chennai
NPIIN0000010089,HCP_10089,Endocrinology,Chennai,T Nagar,Central Chennai
NPIIN0000010090,HCP_10090,Dermatology,Chennai,Ambattur,North Chennai
NPIIN0000010091,HCP_10091,Neurology,Chennai,Velachery,South Chennai
NPIIN0000010092,HCP_10092,Orthopedics,Chennai,Egmore,Central Chennai
NPIIN0000010093,HCP_10093,Dermatology,Chennai,Anna Nagar,Central Chennai
NPIIN0000010094,HCP_10094,General Medicine,Chennai,Porur,South Chennai
NPIIN0000010095,HCP_10095,Gastroenterology,Chennai,Adyar,South Chennai
NPIIN0000010096,HCP_10096,Pulmonology,Chennai,Tambaram,South Chennai
NPIIN0000010097,HCP_10097,Diabetology,Chennai,Anna Nagar,Central Chennai
NPIIN0000010098,HCP_10098,Orthopedics,Chennai,Tambaram,South Chennai
NPIIN0000010099,HCP_10099,Urology,Chennai,T Nagar,Central Chennai
NPIIN0000010100,HCP_10100,Cardiology,Chennai,Anna Nagar,Central Chennai
NPIIN0000010101,HCP_10101,Dermatology,Chennai,Porur,South Chennai
NPIIN0000010102,HCP_10102,Cardiology,Chennai,Velachery,South Chennai
NPIIN0000010103,HCP_10103,Urology,Chennai,Velachery,South Chennai
NPIIN0000010104,HCP_10104,Pulmonology,Chennai,Velachery,South Chennai
NPIIN0000010105,HCP_10105,Endocrinology,Chennai,Tambaram,South Chennai
NPIIN0000010106,HCP_10106,Dermatology,Chennai,T Nagar,Central Chennai
NPIIN0000010107,HCP_10107,General Medicine,Chennai,Egmore,Central Chennai
NPIIN0000010108,HCP_10108,Cardiology,Chennai,Sholinganallur,South Chennai
NPIIN0000010109,HCP_10109,Dermatology,Chennai,Sholinganallur,South Chennai
NPIIN0000010110,HCP_10110,Gastroenterology,Chennai,Royapuram,North Chennai
NPIIN0000010111,HCP_10111,General Medicine,Chennai,Ambattur,North Chennai
NPIIN0000010112,HCP_10112,Gastroenterology,Chennai,Nungambakkam,Central Chennai
NPIIN0000010113,HCP_10113,Cardiology,Chennai,T Nagar,Central Chennai
NPIIN0000010114,HCP_10114,Diabetology,Chennai,Sholinganallur,South Chennai
NPIIN0000010115,HCP_10115,Neurology,Chennai,Kilpauk,Central Chennai
NPIIN0000010116,HCP_10116,Endocrinology,Chennai,Perambur,North Chennai
NPIIN0000010117,HCP_10117,General Medicine,Chennai,Sholinganallur,South Chennai
NPIIN0000010118,HCP_10118,Orthopedics,Chennai,Perambur,North Chennai
NPIIN0000010119,HCP_10119,Dermatology,Chennai,Madhavaram,North Chennai
NPIIN0000010120,HCP_10120,Pulmonology,Chennai,T Nagar,Central Chennai
NPIIN0000010121,HCP_10121,Pulmonology,Chennai,Kilpauk,Central Chennai
NPIIN0000010122,HCP_10122,Urology,Chennai,Egmore,Central Chennai
NPIIN0000010123,HCP_10123,Urology,Chennai,Egmore,Central Chennai
NPIIN0000010124,HCP_10124,Cardiology,Chennai,T Nagar,Central Chennai
NPIIN0000010125,HCP_10125,General Medicine,Chennai,T Nagar,Central Chennai
NPIIN0000010126,HCP_10126,Endocrinology,Chennai,T Nagar,Central Chennai
NPIIN0000010127,HCP_10127,Cardiology,Chennai,Kilpauk,Central Chennai
NPIIN0000010128,HCP_10128,Diabetology,Chennai,Velachery,South Chennai
NPIIN0000010129,HCP_10129,Pulmonology,Chennai,Nungambakkam,Central Chennai
NPIIN0000010130,HCP_10130,Dermatology,Chennai,Washermenpet,North Chennai
NPIIN0000010131,HCP_10131,Urology,Chennai,Porur,South Chennai
NPIIN0000010132,HCP_10132,General Medicine,Chennai,Nungambakkam,Central Chennai
NPIIN0000010133,HCP_10133,General Medicine,Chennai,Washermenpet,North Chennai
NPIIN0000010134,HCP_10134,Endocrinology,Chennai,Velachery,South Chennai
NPIIN0000010135,HCP_10135,Endocrinology,Chennai,Washermenpet,North Chennai
NPIIN0000010136,HCP_10136,Cardiology,Chennai,Kilpauk,Central Chennai
NPIIN0000010137,HCP_10137,Orthopedics,Chennai,Adyar,South Chennai
NPIIN0000010138,HCP_10138,Cardiology,Chennai,Sholinganallur,South Chennai
NPIIN0000010139,HCP_10139,Gastroenterology,Chennai,Washermenpet,North Chennai
NPIIN0000010140,HCP_10140,Diabetology,Chennai,Mylapore,Central Chennai
NPIIN0000010141,HCP_10141,Pulmonology,Chennai,Nungambakkam,Central Chennai
NPIIN0000010142,HCP_10142,Urology,Chennai,Sholinganallur,South Chennai
NPIIN0000010143,HCP_10143,Orthopedics,Chennai,Kilpauk,Central Chennai
NPIIN0000010144,HCP_10144,Diabetology,Chennai,Kilpauk,Central Chennai
NPIIN0000010145,HCP_10145,Urology,Chennai,Ambattur,North Chennai
NPIIN0000010146,HCP_10146,Diabetology,Chennai,Sholinganallur,South Chennai
NPIIN0000010147,HCP_10147,Dermatology,Chennai,Kilpauk,Central Chennai
NPIIN0000010148,HCP_10148,Cardiology,Chennai,T Nagar,Central Chennai
NPIIN0000010149,HCP_10149,Pulmonology,Chennai,Washermenpet,North Chennai
NPIIN0000010150,HCP_10150,Gastroenterology,Chennai,Sholinganallur,South Chennai
NPIIN0000010151,HCP_10151,Dermatology,Chennai,Tondiarpet,North Chennai
NPIIN0000010152,HCP_10152,Dermatology,Chennai,Guindy,South Chennai
NPIIN0000010153,HCP_10153,Diabetology,Chennai,Nungambakkam,Central Chennai
NPIIN0000010154,HCP_10154,Dermatology,Chennai,T Nagar,Central Chennai
NPIIN0000010155,HCP_10155,Diabetology,Chennai,Royapuram,North Chennai
NPIIN0000010156,HCP_10156,Endocrinology,Chennai,Kilpauk,Central Chennai
NPIIN0000010157,HCP_10157,Cardiology,Chennai,Ambattur,North Chennai
NPIIN0000010158,HCP_10158,Endocrinology,Chennai,Velachery,South Chennai
NPIIN0000010159,HCP_10159,Cardiology,Chennai,Anna Nagar,Central Chennai
NPIIN0000010160,HCP_10160,Neurology,Chennai,Tambaram,South Chennai
NPIIN0000010161,HCP_10161,Endocrinology,Chennai,T Nagar,Central Chennai
NPIIN0000010162,HCP_10162,Pulmonology,Chennai,Tondiarpet,North Chennai
NPIIN0000010163,HCP_10163,Cardiology,Chennai,Royapuram,North Chennai
NPIIN0000010164,HCP_10164,Neurology,Chennai,Washermenpet,North Chennai
NPIIN0000010165,HCP_10165,Diabetology,Chennai,T Nagar,Central Chennai
NPIIN0000010166,HCP_10166,Diabetology,Chennai,Adyar,South Chennai
NPIIN0000010167,HCP_10167,Neurology,Chennai,Adyar,South Chennai
NPIIN0000010168,HCP_10168,Orthopedics,Chennai,Sholinganallur,South Chennai
NPIIN0000010169,HCP_10169,Orthopedics,Chennai,Porur,South Chennai
NPIIN0000010170,HCP_10170,General Medicine,Chennai,T Nagar,Central Chennai
NPIIN0000010171,HCP_10171,Orthopedics,Chennai,Royapuram,North Chennai
NPIIN0000010172,HCP_10172,Pulmonology,Chennai,Kilpauk,Central Chennai
NPIIN0000010173,HCP_10173,Urology,Chennai,Adyar,South Chennai
NPIIN0000010174,HCP_10174,Cardiology,Chennai,Kilpauk,Central Chennai
NPIIN0000010175,HCP_10175,Cardiology,Chennai,Mylapore,Central Chennai
NPIIN0000010176,HCP_10176,Cardiology,Chennai,Adyar,South Chennai
NPIIN0000010177,HCP_10177,Dermatology,Chennai,T Nagar,Central Chennai
NPIIN0000010178,HCP_10178,Cardiology,Chennai,Guindy,South Chennai
NPIIN0000010179,HCP_10179,Endocrinology,Chennai,Egmore,Central Chennai
NPIIN0000010180,HCP_10180,Pulmonology,Chennai,Sholinganallur,South Chennai
NPIIN0000010181,HCP_10181,Orthopedics,Chennai,Tambaram,South Chennai
NPIIN0000010182,HCP_10182,Pulmonology,Chennai,Royapuram,North Chennai
NPIIN0000010183,HCP_10183,Gastroenterology,Chennai,Mylapore,Central Chennai
NPIIN0000010184,HCP_10184,Endocrinology,Chennai,T Nagar,Central Chennai
NPIIN0000010185,HCP_10185,Urology,Chennai,T Nagar,Central Chennai
NPIIN0000010186,HCP_10186,Cardiology,Chennai,Mylapore,Central Chennai
NPIIN0000010187,HCP_10187,Diabetology,Chennai,Madhavaram,North Chennai
NPIIN0000010188,HCP_10188,General Medicine,Chennai,T Nagar,Central Chennai
NPIIN0000010189,HCP_10189,Endocrinology,Chennai,Nungambakkam,Central Chennai
NPIIN0000010190,HCP_10190,Neurology,Chennai,Kilpauk,Central Chennai
NPIIN0000010191,HCP_10191,Neurology,Chennai,Sholinganallur,South Chennai
NPIIN0000010192,HCP_10192,Endocrinology,Chennai,T Nagar,Central Chennai
NPIIN0000010193,HCP_10193,Cardiology,Chennai,Mylapore,Central Chennai
NPIIN0000010194,HCP_10194,Cardiology,Chennai,Perambur,North Chennai
NPIIN0000010195,HCP_10195,Cardiology,Chennai,T Nagar,Central Chennai
NPIIN0000010196,HCP_10196,Urology,Chennai,Porur,South Chennai
NPIIN0000010197,HCP_10197,Pulmonology,Chennai,Mylapore,Central Chennai
NPIIN0000010198,HCP_10198,Cardiology,Chennai,Sholinganallur,South Chennai
NPIIN0000010199,HCP_10199,Cardiology,Chennai,Porur,South Chennai
NPIIN0000010200,HCP_10200,Dermatology,Chennai,Velachery,South Chennai
NPIIN0000010201,HCP_10201,Dermatology,Chennai,Porur,South Chennai
NPIIN0000010202,HCP_10202,Urology,Chennai,Tambaram,South Chennai
NPIIN0000010203,HCP_10203,Endocrinology,Chennai,Washermenpet,North Chennai
NPIIN0000010204,HCP_10204,General Medicine,Chennai,Perambur,North Chennai
NPIIN0000010205,HCP_10205,Cardiology,Chennai,Porur,South Chennai
NPIIN0000010206,HCP_10206,Dermatology,Chennai,Tondiarpet,North Chennai
NPIIN0000010207,HCP_10207,General Medicine,Chennai,Ambattur,North Chennai
NPIIN0000010208,HCP_10208,Neurology,Chennai,Anna Nagar,Central Chennai
NPIIN0000010209,HCP_10209,Cardiology,Chennai,Mylapore,Central Chennai
NPIIN0000010210,HCP_10210,Gastroenterology,Chennai,Royapuram,North Chennai
NPIIN0000010211,HCP_10211,Endocrinology,Chennai,Egmore,Central Chennai
NPIIN0000010212,HCP_10212,Dermatology,Chennai,Madhavaram,North Chennai
NPIIN0000010213,HCP_10213,Endocrinology,Chennai,Egmore,Central Chennai
NPIIN0000010214,HCP_10214,Dermatology,Chennai,Perambur,North Chennai
NPIIN0000010215,HCP_10215,Cardiology,Chennai,Guindy,South Chennai
NPIIN0000010216,HCP_10216,Neurology,Chennai,Washermenpet,North Chennai
NPIIN0000010217,HCP_10217,Gastroenterology,Chennai,Tambaram,South Chennai
NPIIN0000010218,HCP_10218,General Medicine,Chennai,T Nagar,Central Chennai
NPIIN0000010219,HCP_10219,Diabetology,Chennai,Mylapore,Central Chennai
NPIIN0000010220,HCP_10220,General Medicine,Chennai,Velachery,South Chennai
NPIIN0000010221,HCP_10221,Diabetology,Chennai,Guindy,South Chennai
NPIIN0000010222,HCP_10222,Neurology,Chennai,Sholinganallur,South Chennai
NPIIN0000010223,HCP_10223,Cardiology,Chennai,Sholinganallur,South Chennai
NPIIN0000010224,HCP_10224,Cardiology,Chennai,Porur,South Chennai
NPIIN0000010225,HCP_10225,Diabetology,Chennai,Adyar,South Chennai
NPIIN0000010226,HCP_10226,Diabetology,Chennai,Sholinganallur,South Chennai
NPIIN0000010227,HCP_10227,Endocrinology,Chennai,Guindy,South Chennai
NPIIN0000010228,HCP_10228,Gastroenterology,Chennai,T Nagar,Central Chennai
NPIIN0000010229,HCP_10229,Cardiology,Chennai,Anna Nagar,Central Chennai
NPIIN0000010230,HCP_10230,Urology,Chennai,Royapuram,North Chennai
NPIIN0000010231,HCP_10231,Gastroenterology,Chennai,Royapuram,North Chennai
NPIIN0000010232,HCP_10232,General Medicine,Chennai,Sholinganallur,South Chennai
NPIIN0000010233,HCP_10233,Dermatology,Chennai,Egmore,Central Chennai
NPIIN0000010234,HCP_10234,Pulmonology,Chennai,Anna Nagar,Central Chennai
NPIIN0000010235,HCP_10235,Pulmonology,Chennai,Guindy,South Chennai
NPIIN0000010236,HCP_10236,Diabetology,Chennai,T Nagar,Central Chennai
NPIIN0000010237,HCP_10237,Neurology,Chennai,Guindy,South Chennai
NPIIN0000010238,HCP_10238,Cardiology,Chennai,Egmore,Central Chennai
NPIIN0000010239,HCP_10239,General Medicine,Chennai,Madhavaram,North Chennai
NPIIN0000010240,HCP_10240,Cardiology,Chennai,Royapuram,North Chennai
NPIIN0000010241,HCP_10241,General Medicine,Chennai,Mylapore,Central Chennai
NPIIN0000010242,HCP_10242,Pulmonology,Chennai,Mylapore,Central Chennai
NPIIN0000010243,HCP_10243,Endocrinology,Chennai,Egmore,Central Chennai
NPIIN0000010244,HCP_10244,Endocrinology,Chennai,Egmore,Central Chennai
NPIIN0000010245,HCP_10245,Dermatology,Chennai,Anna Nagar,Central Chennai
NPIIN0000010246,HCP_10246,Diabetology,Chennai,Sholinganallur,South Chennai
NPIIN0000010247,HCP_10247,Cardiology,Chennai,Kilpauk,Central Chennai
NPIIN0000010248,HCP_10248,General Medicine,Chennai,Ambattur,North Chennai
NPIIN0000010249,HCP_10249,Orthopedics,Chennai,Anna Nagar,Central Chennai
NPIIN0000010250,HCP_10250,Neurology,Chennai,Porur,South Chennai
NPIIN0000010251,HCP_10251,Pulmonology,Chennai,Tambaram,South Chennai
NPIIN0000010252,HCP_10252,Dermatology,Chennai,Porur,South Chennai
NPIIN0000010253,HCP_10253,Neurology,Chennai,Velachery,South Chennai
NPIIN0000010254,HCP_10254,Dermatology,Chennai,Nungambakkam,Central Chennai
NPIIN0000010255,HCP_10255,Neurology,Chennai,Porur,South Chennai
NPIIN0000010256,HCP_10256,Urology,Chennai,Egmore,Central Chennai
NPIIN0000010257,HCP_10257,Pulmonology,Chennai,Adyar,South Chennai
NPIIN0000010258,HCP_10258,Diabetology,Chennai,Royapuram,North Chennai
NPIIN0000010259,HCP_10259,Cardiology,Chennai,Ambattur,North Chennai
NPIIN0000010260,HCP_10260,Cardiology,Chennai,Velachery,South Chennai
NPIIN0000010261,HCP_10261,General Medicine,Chennai,Porur,South Chennai
NPIIN0000010262,HCP_10262,Orthopedics,Chennai,Guindy,South Chennai
NPIIN0000010263,HCP_10263,Gastroenterology,Chennai,Egmore,Central Chennai
NPIIN0000010264,HCP_10264,Gastroenterology,Chennai,Anna Nagar,Central Chennai
NPIIN0000010265,HCP_10265,Neurology,Chennai,T Nagar,Central Chennai
NPIIN0000010266,HCP_10266,Urology,Chennai,Washermenpet,North Chennai
NPIIN0000010267,HCP_10267,Gastroenterology,Chennai,Royapuram,North Chennai
NPIIN0000010268,HCP_10268,Diabetology,Chennai,Kilpauk,Central Chennai
NPIIN0000010269,HCP_10269,General Medicine,Chennai,Velachery,South Chennai
NPIIN0000010270,HCP_10270,General Medicine,Chennai,Anna Nagar,Central Chennai
NPIIN0000010271,HCP_10271,Endocrinology,Chennai,Tambaram,South Chennai
NPIIN0000010272,HCP_10272,Endocrinology,Chennai,Velachery,South Chennai
NPIIN0000010273,HCP_10273,Diabetology,Chennai,Tondiarpet,North Chennai
NPIIN0000010274,HCP_10274,Endocrinology,Chennai,Washermenpet,North Chennai
NPIIN0000010275,HCP_10275,Endocrinology,Chennai,Mylapore,Central Chennai
NPIIN0000010276,HCP_10276,Urology,Chennai,Egmore,Central Chennai
NPIIN0000010277,HCP_10277,General Medicine,Chennai,Velachery,South Chennai
NPIIN0000010278,HCP_10278,Dermatology,Chennai,Ambattur,North Chennai
NPIIN0000010279,HCP_10279,Cardiology,Chennai,T Nagar,Central Chennai
NPIIN0000010280,HCP_10280,Orthopedics,Chennai,Porur,South Chennai
NPIIN0000010281,HCP_10281,Gastroenterology,Chennai,Guindy,South Chennai
NPIIN0000010282,HCP_10282,Urology,Chennai,Sholinganallur,South Chennai
NPIIN0000010283,HCP_10283,General Medicine,Chennai,Madhavaram,North Chennai
NPIIN0000010284,HCP_10284,Neurology,Chennai,Sholinganallur,South Chennai
NPIIN0000010285,HCP_10285,General Medicine,Chennai,Egmore,Central Chennai
NPIIN0000010286,HCP_10286,General Medicine,Chennai,Kilpauk,Central Chennai
NPIIN0000010287,HCP_10287,Gastroenterology,Chennai,Sholinganallur,South Chennai
NPIIN0000010288,HCP_10288,Cardiology,Chennai,Velachery,South Chennai
NPIIN0000010289,HCP_10289,Cardiology,Chennai,Madhavaram,North Chennai
NPIIN0000010290,HCP_10290,Urology,Chennai,Anna Nagar,Central Chennai
NPIIN0000010291,HCP_10291,Cardiology,Chennai,Nungambakkam,Central Chennai
NPIIN0000010292,HCP_10292,Gastroenterology,Chennai,Guindy,South Chennai
NPIIN0000010293,HCP_10293,Endocrinology,Chennai,Tambaram,South Chennai
NPIIN0000010294,HCP_10294,General Medicine,Chennai,Nungambakkam,Central Chennai
NPIIN0000010295,HCP_10295,Diabetology,Chennai,Egmore,Central Chennai
NPIIN0000010296,HCP_10296,General Medicine,Chennai,Adyar,South Chennai
NPIIN0000010297,HCP_10297,Dermatology,Chennai,Velachery,South Chennai
NPIIN0000010298,HCP_10298,Urology,Chennai,Washermenpet,North Chennai
NPIIN0000010299,HCP_10299,Endocrinology,Chennai,Madhavaram,North Chennai
NPIIN0000010300,HCP_10300,General Medicine,Chennai,Guindy,South Chennai
NPIIN0000010301,HCP_10301,Dermatology,Chennai,Egmore,Central Chennai
NPIIN0000010302,HCP_10302,Cardiology,Chennai,Royapuram,North Chennai
NPIIN0000010303,HCP_10303,Cardiology,Chennai,Washermenpet,North Chennai
NPIIN0000010304,HCP_10304,General Medicine,Chennai,Madhavaram,North Chennai
NPIIN0000010305,HCP_10305,Dermatology,Chennai,Velachery,South Chennai
NPIIN0000010306,HCP_10306,General Medicine,Chennai,Perambur,North Chennai
NPIIN0000010307,HCP_10307,Cardiology,Chennai,Washermenpet,North Chennai
NPIIN0000010308,HCP_10308,Orthopedics,Chennai,Mylapore,Central Chennai
NPIIN0000010309,HCP_10309,Orthopedics,Chennai,Tambaram,South Chennai
NPIIN0000010310,HCP_10310,Neurology,Chennai,Anna Nagar,Central Chennai
NPIIN0000010311,HCP_10311,Neurology,Chennai,T Nagar,Central Chennai
NPIIN0000010312,HCP_10312,Orthopedics,Chennai,Washermenpet,North Chennai
NPIIN0000010313,HCP_10313,Neurology,Chennai,Washermenpet,North Chennai
NPIIN0000010314,HCP_10314,Gastroenterology,Chennai,Adyar,South Chennai
NPIIN0000010315,HCP_10315,General Medicine,Chennai,Guindy,South Chennai
NPIIN0000010316,HCP_10316,Endocrinology,Chennai,Sholinganallur,South Chennai
NPIIN0000010317,HCP_10317,Dermatology,Chennai,Egmore,Central Chennai
NPIIN0000010318,HCP_10318,Neurology,Chennai,Royapuram,North Chennai
NPIIN0000010319,HCP_10319,Diabetology,Chennai,Sholinganallur,South Chennai
NPIIN0000010320,HCP_10320,Pulmonology,Chennai,Royapuram,North Chennai
NPIIN0000010321,HCP_10321,Dermatology,Chennai,Adyar,South Chennai
NPIIN0000010322,HCP_10322,Diabetology,Chennai,Washermenpet,North Chennai
NPIIN0000010323,HCP_10323,Gastroenterology,Chennai,Anna Nagar,Central Chennai
NPIIN0000010324,HCP_10324,Cardiology,Chennai,Royapuram,North Chennai
NPIIN0000010325,HCP_10325,Pulmonology,Chennai,Nungambakkam,Central Chennai
NPIIN0000010326,HCP_10326,Orthopedics,Chennai,Kilpauk,Central Chennai
NPIIN0000010327,HCP_10327,Urology,Chennai,Kilpauk,Central Chennai
NPIIN0000010328,HCP_10328,Urology,Chennai,Anna Nagar,Central Chennai
NPIIN0000010329,HCP_10329,Neurology,Chennai,Ambattur,North Chennai
NPIIN0000010330,HCP_10330,General Medicine,Chennai,Adyar,South Chennai
NPIIN0000010331,HCP_10331,Neurology,Chennai,Washermenpet,North Chennai
NPIIN0000010332,HCP_10332,Diabetology,Chennai,Velachery,South Chennai
NPIIN0000010333,HCP_10333,Pulmonology,Chennai,Tondiarpet,North Chennai
NPIIN0000010334,HCP_10334,Pulmonology,Chennai,Mylapore,Central Chennai
NPIIN0000010335,HCP_10335,Pulmonology,Chennai,Egmore,Central Chennai
NPIIN0000010336,HCP_10336,General Medicine,Chennai,Sholinganallur,South Chennai
NPIIN0000010337,HCP_10337,General Medicine,Chennai,Royapuram,North Chennai
NPIIN0000010338,HCP_10338,General Medicine,Chennai,Guindy,South Chennai
NPIIN0000010339,HCP_10339,Endocrinology,Chennai,T Nagar,Central Chennai
NPIIN0000010340,HCP_10340,General Medicine,Chennai,Sholinganallur,South Chennai
NPIIN0000010341,HCP_10341,Cardiology,Chennai,Adyar,South Chennai
NPIIN0000010342,HCP_10342,Urology,Chennai,Guindy,South Chennai
NPIIN0000010343,HCP_10343,Cardiology,Chennai,Kilpauk,Central Chennai
NPIIN0000010344,HCP_10344,Dermatology,Chennai,Adyar,South Chennai
NPIIN0000010345,HCP_10345,Diabetology,Chennai,Washermenpet,North Chennai
NPIIN0000010346,HCP_10346,Dermatology,Chennai,Porur,South Chennai
NPIIN0000010347,HCP_10347,Gastroenterology,Chennai,Ambattur,North Chennai
NPIIN0000010348,HCP_10348,Urology,Chennai,Perambur,North Chennai
NPIIN0000010349,HCP_10349,Urology,Chennai,Royapuram,North Chennai
NPIIN0000010350,HCP_10350,Neurology,Chennai,Sholinganallur,South Chennai
NPIIN0000010351,HCP_10351,Endocrinology,Chennai,T Nagar,Central Chennai
NPIIN0000010352,HCP_10352,Pulmonology,Chennai,Ambattur,North Chennai
NPIIN0000010353,HCP_10353,General Medicine,Chennai,Washermenpet,North Chennai
NPIIN0000010354,HCP_10354,Urology,Chennai,Velachery,South Chennai
NPIIN0000010355,HCP_10355,Urology,Chennai,Perambur,North Chennai
NPIIN0000010356,HCP_10356,Diabetology,Chennai,Guindy,South Chennai
NPIIN0000010357,HCP_10357,Neurology,Chennai,Washermenpet,North Chennai
NPIIN0000010358,HCP_10358,General Medicine,Chennai,Tambaram,South Chennai
NPIIN0000010359,HCP_10359,Neurology,Chennai,Velachery,South Chennai
NPIIN0000010360,HCP_10360,Pulmonology,Chennai,Guindy,South Chennai
NPIIN0000010361,HCP_10361,General Medicine,Chennai,Velachery,South Chennai
NPIIN0000010362,HCP_10362,Urology,Chennai,Perambur,North Chennai
NPIIN0000010363,HCP_10363,Diabetology,Chennai,Kilpauk,Central Chennai
NPIIN0000010364,HCP_10364,Dermatology,Chennai,Tambaram,South Chennai
NPIIN0000010365,HCP_10365,Neurology,Chennai,Anna Nagar,Central Chennai
NPIIN0000010366,HCP_10366,Diabetology,Chennai,T Nagar,Central Chennai
NPIIN0000010367,HCP_10367,General Medicine,Chennai,Tambaram,South Chennai
NPIIN0000010368,HCP_10368,Cardiology,Chennai,Tondiarpet,North Chennai
NPIIN0000010369,HCP_10369,Pulmonology,Chennai,Washermenpet,North Chennai
NPIIN0000010370,HCP_10370,Urology,Chennai,Guindy,South Chennai
NPIIN0000010371,HCP_10371,Cardiology,Chennai,T Nagar,Central Chennai
NPIIN0000010372,HCP_10372,Cardiology,Chennai,Mylapore,Central Chennai
NPIIN0000010373,HCP_10373,General Medicine,Chennai,T Nagar,Central Chennai
NPIIN0000010374,HCP_10374,Diabetology,Chennai,Nungambakkam,Central Chennai
NPIIN0000010375,HCP_10375,Diabetology,Chennai,Sholinganallur,South Chennai
NPIIN0000010376,HCP_10376,Neurology,Chennai,Adyar,South Chennai
NPIIN0000010377,HCP_10377,General Medicine,Chennai,Washermenpet,North Chennai
NPIIN0000010378,HCP_10378,Dermatology,Chennai,Mylapore,Central Chennai
NPIIN0000010379,HCP_10379,General Medicine,Chennai,Royapuram,North Chennai
NPIIN0000010380,HCP_10380,Pulmonology,Chennai,Anna Nagar,Central Chennai
NPIIN0000010381,HCP_10381,General Medicine,Chennai,Velachery,South Chennai
NPIIN0000010382,HCP_10382,Diabetology,Chennai,Ambattur,North Chennai
NPIIN0000010383,HCP_10383,General Medicine,Chennai,Anna Nagar,Central Chennai
NPIIN0000010384,HCP_10384,Gastroenterology,Chennai,Adyar,South Chennai
NPIIN0000010385,HCP_10385,Orthopedics,Chennai,Adyar,South Chennai
NPIIN0000010386,HCP_10386,Cardiology,Chennai,Kilpauk,Central Chennai
NPIIN0000010387,HCP_10387,Pulmonology,Chennai,Tambaram,South Chennai
NPIIN0000010388,HCP_10388,Neurology,Chennai,Madhavaram,North Chennai
NPIIN0000010389,HCP_10389,Cardiology,Chennai,Mylapore,Central Chennai
NPIIN0000010390,HCP_10390,Dermatology,Chennai,Egmore,Central Chennai
NPIIN0000010391,HCP_10391,Diabetology,Chennai,Velachery,South Chennai
NPIIN0000010392,HCP_10392,Urology,Chennai,Sholinganallur,South Chennai
NPIIN0000010393,HCP_10393,Pulmonology,Chennai,Ambattur,North Chennai
NPIIN0000010394,HCP_10394,Endocrinology,Chennai,Washermenpet,North Chennai
NPIIN0000010395,HCP_10395,Gastroenterology,Chennai,Sholinganallur,South Chennai
NPIIN0000010396,HCP_10396,Endocrinology,Chennai,Washermenpet,North Chennai
NPIIN0000010397,HCP_10397,Gastroenterology,Chennai,Kilpauk,Central Chennai
NPIIN0000010398,HCP_10398,Dermatology,Chennai,Tondiarpet,North Chennai
NPIIN0000010399,HCP_10399,Pulmonology,Chennai,Adyar,South Chennai
NPIIN0000010400,HCP_10400,Diabetology,Chennai,Tambaram,South Chennai
NPIIN0000010401,HCP_10401,General Medicine,Chennai,Porur,South Chennai
NPIIN0000010402,HCP_10402,General Medicine,Chennai,Nungambakkam,Central Chennai
NPIIN0000010403,HCP_10403,Neurology,Chennai,Ambattur,North Chennai
NPIIN0000010404,HCP_10404,Neurology,Chennai,Royapuram,North Chennai
NPIIN0000010405,HCP_10405,General Medicine,Chennai,Anna Nagar,Central Chennai
NPIIN0000010406,HCP_10406,Gastroenterology,Chennai,Anna Nagar,Central Chennai
NPIIN0000010407,HCP_10407,Gastroenterology,Chennai,Guindy,South Chennai
NPIIN0000010408,HCP_10408,Neurology,Chennai,Velachery,South Chennai
NPIIN0000010409,HCP_10409,Diabetology,Chennai,Guindy,South Chennai
NPIIN0000010410,HCP_10410,General Medicine,Chennai,Kilpauk,Central Chennai
NPIIN0000010411,HCP_10411,General Medicine,Chennai,Perambur,North Chennai
NPIIN0000010412,HCP_10412,Dermatology,Chennai,T Nagar,Central Chennai
NPIIN0000010413,HCP_10413,Dermatology,Chennai,T Nagar,Central Chennai
NPIIN0000010414,HCP_10414,Urology,Chennai,Royapuram,North Chennai
NPIIN0000010415,HCP_10415,Endocrinology,Chennai,Anna Nagar,Central Chennai
NPIIN0000010416,HCP_10416,Gastroenterology,Chennai,Porur,South Chennai
NPIIN0000010417,HCP_10417,Urology,Chennai,Ambattur,North Chennai
NPIIN0000010418,HCP_10418,Endocrinology,Chennai,Kilpauk,Central Chennai
NPIIN0000010419,HCP_10419,Cardiology,Chennai,Anna Nagar,Central Chennai
NPIIN0000010420,HCP_10420,Cardiology,Chennai,Guindy,South Chennai
NPIIN0000010421,HCP_10421,Pulmonology,Chennai,Kilpauk,Central Chennai
NPIIN0000010422,HCP_10422,General Medicine,Chennai,T Nagar,Central Chennai
NPIIN0000010423,HCP_10423,Endocrinology,Chennai,Madhavaram,North Chennai
NPIIN0000010424,HCP_10424,General Medicine,Chennai,Kilpauk,Central Chennai
NPIIN0000010425,HCP_10425,Gastroenterology,Chennai,Ambattur,North Chennai
NPIIN0000010426,HCP_10426,Dermatology,Chennai,Ambattur,North Chennai
NPIIN0000010427,HCP_10427,Gastroenterology,Chennai,Anna Nagar,Central Chennai
NPIIN0000010428,HCP_10428,Urology,Chennai,Porur,South Chennai
NPIIN0000010429,HCP_10429,Pulmonology,Chennai,Royapuram,North Chennai
NPIIN0000010430,HCP_10430,Dermatology,Chennai,Perambur,North Chennai
NPIIN0000010431,HCP_10431,General Medicine,Chennai,Mylapore,Central Chennai
NPIIN0000010432,HCP_10432,Dermatology,Chennai,Tambaram,South Chennai
NPIIN0000010433,HCP_10433,Urology,Chennai,Kilpauk,Central Chennai
NPIIN0000010434,HCP_10434,Neurology,Chennai,Royapuram,North Chennai
NPIIN0000010435,HCP_10435,General Medicine,Chennai,T Nagar,Central Chennai
NPIIN0000010436,HCP_10436,Diabetology,Chennai,Adyar,South Chennai
NPIIN0000010437,HCP_10437,Diabetology,Chennai,Egmore,Central Chennai
NPIIN0000010438,HCP_10438,Cardiology,Chennai,Tambaram,South Chennai
NPIIN0000010439,HCP_10439,Cardiology,Chennai,Tambaram,South Chennai
NPIIN0000010440,HCP_10440,General Medicine,Chennai,Royapuram,North Chennai
NPIIN0000010441,HCP_10441,Cardiology,Chennai,Mylapore,Central Chennai
NPIIN0000010442,HCP_10442,Urology,Chennai,Perambur,North Chennai
NPIIN0000010443,HCP_10443,Neurology,Chennai,Velachery,South Chennai
NPIIN0000010444,HCP_10444,Dermatology,Chennai,Royapuram,North Chennai
NPIIN0000010445,HCP_10445,General Medicine,Chennai,Tondiarpet,North Chennai
NPIIN0000010446,HCP_10446,Endocrinology,Chennai,T Nagar,Central Chennai
NPIIN0000010447,HCP_10447,Diabetology,Chennai,Tambaram,South Chennai
NPIIN0000010448,HCP_10448,Dermatology,Chennai,Egmore,Central Chennai
NPIIN0000010449,HCP_10449,Cardiology,Chennai,T Nagar,Central Chennai
NPIIN0000010450,HCP_10450,Neurology,Chennai,Anna Nagar,Central Chennai
NPIIN0000010451,HCP_10451,Endocrinology,Chennai,Madhavaram,North Chennai
NPIIN0000010452,HCP_10452,General Medicine,Chennai,Sholinganallur,South Chennai
NPIIN0000010453,HCP_10453,Cardiology,Chennai,Guindy,South Chennai
NPIIN0000010454,HCP_10454,General Medicine,Chennai,Nungambakkam,Central Chennai
NPIIN0000010455,HCP_10455,Cardiology,Chennai,Royapuram,North Chennai
NPIIN0000010456,HCP_10456,Dermatology,Chennai,Porur,South Chennai
NPIIN0000010457,HCP_10457,Cardiology,Chennai,Tondiarpet,North Chennai
NPIIN0000010458,HCP_10458,Diabetology,Chennai,Egmore,Central Chennai
NPIIN0000010459,HCP_10459,Cardiology,Chennai,Tondiarpet,North Chennai
NPIIN0000010460,HCP_10460,Orthopedics,Chennai,Tambaram,South Chennai
NPIIN0000010461,HCP_10461,Neurology,Chennai,Sholinganallur,South Chennai
NPIIN0000010462,HCP_10462,Neurology,Chennai,Guindy,South Chennai
NPIIN0000010463,HCP_10463,General Medicine,Chennai,Nungambakkam,Central Chennai
NPIIN0000010464,HCP_10464,Urology,Chennai,Guindy,South Chennai
NPIIN0000010465,HCP_10465,Endocrinology,Chennai,Nungambakkam,Central Chennai
NPIIN0000010466,HCP_10466,Dermatology,Chennai,Tambaram,South Chennai
NPIIN0000010467,HCP_10467,Dermatology,Chennai,Perambur,North Chennai
NPIIN0000010468,HCP_10468,Cardiology,Chennai,T Nagar,Central Chennai
NPIIN0000010469,HCP_10469,Cardiology,Chennai,Washermenpet,North Chennai
NPIIN0000010470,HCP_10470,Pulmonology,Chennai,T Nagar,Central Chennai
NPIIN0000010471,HCP_10471,Cardiology,Chennai,Kilpauk,Central Chennai
NPIIN0000010472,HCP_10472,Diabetology,Chennai,Ambattur,North Chennai
NPIIN0000010473,HCP_10473,General Medicine,Chennai,Porur,South Chennai
NPIIN0000010474,HCP_10474,Endocrinology,Chennai,Velachery,South Chennai
NPIIN0000010475,HCP_10475,Neurology,Chennai,Royapuram,North Chennai
NPIIN0000010476,HCP_10476,General Medicine,Chennai,Egmore,Central Chennai
NPIIN0000010477,HCP_10477,Neurology,Chennai,Perambur,North Chennai
NPIIN0000010478,HCP_10478,General Medicine,Chennai,Washermenpet,North Chennai
NPIIN0000010479,HCP_10479,General Medicine,Chennai,Egmore,Central Chennai
NPIIN0000010480,HCP_10480,General Medicine,Chennai,Porur,South Chennai
NPIIN0000010481,HCP_10481,Urology,Chennai,Sholinganallur,South Chennai
NPIIN0000010482,HCP_10482,General Medicine,Chennai,T Nagar,Central Chennai
NPIIN0000010483,HCP_10483,Neurology,Chennai,Porur,South Chennai
NPIIN0000010484,HCP_10484,Dermatology,Chennai,Sholinganallur,South Chennai
NPIIN0000010485,HCP_10485,Pulmonology,Chennai,Mylapore,Central Chennai
NPIIN0000010486,HCP_10486,Endocrinology,Chennai,Adyar,South Chennai
NPIIN0000010487,HCP_10487,Cardiology,Chennai,Kilpauk,Central Chennai
NPIIN0000010488,HCP_10488,Pulmonology,Chennai,T Nagar,Central Chennai
NPIIN0000010489,HCP_10489,Gastroenterology,Chennai,Velachery,South Chennai
NPIIN0000010490,HCP_10490,Gastroenterology,Chennai,Tambaram,South Chennai
NPIIN0000010491,HCP_10491,Neurology,Chennai,Egmore,Central Chennai
NPIIN0000010492,HCP_10492,Cardiology,Chennai,Perambur,North Chennai
NPIIN0000010493,HCP_10493,Gastroenterology,Chennai,Porur,South Chennai
NPIIN0000010494,HCP_10494,Pulmonology,Chennai,Madhavaram,North Chennai
NPIIN0000010495,HCP_10495,Orthopedics,Chennai,Porur,South Chennai
NPIIN0000010496,HCP_10496,Gastroenterology,Chennai,Porur,South Chennai
NPIIN0000010497,HCP_10497,General Medicine,Chennai,Anna Nagar,Central Chennai
NPIIN0000010498,HCP_10498,Neurology,Chennai,Tambaram,South Chennai
NPIIN0000010499,HCP_10499,Pulmonology,Chennai,Adyar,South Chennai
NPIIN0000010500,HCP_10500,General Medicine,Chennai,Adyar,South Chennai
NPIIN0000010501,HCP_10501,Pulmonology,Chennai,Perambur,North Chennai
NPIIN0000010502,HCP_10502,Endocrinology,Chennai,Nungambakkam,Central Chennai
NPIIN0000010503,HCP_10503,Cardiology,Chennai,Mylapore,Central Chennai
NPIIN0000010504,HCP_10504,Gastroenterology,Chennai,Washermenpet,North Chennai
NPIIN0000010505,HCP_10505,General Medicine,Chennai,Velachery,South Chennai
NPIIN0000010506,HCP_10506,Gastroenterology,Chennai,Guindy,South Chennai
NPIIN0000010507,HCP_10507,General Medicine,Chennai,Ambattur,North Chennai
NPIIN0000010508,HCP_10508,Dermatology,Chennai,Egmore,Central Chennai
NPIIN0000010509,HCP_10509,Gastroenterology,Chennai,Mylapore,Central Chennai
NPIIN0000010510,HCP_10510,Gastroenterology,Chennai,Velachery,South Chennai
NPIIN0000010511,HCP_10511,General Medicine,Chennai,Royapuram,North Chennai
NPIIN0000010512,HCP_10512,Orthopedics,Chennai,Guindy,South Chennai
NPIIN0000010513,HCP_10513,General Medicine,Chennai,T Nagar,Central Chennai
NPIIN0000010514,HCP_10514,Dermatology,Chennai,Perambur,North Chennai
NPIIN0000010515,HCP_10515,General Medicine,Chennai,Adyar,South Chennai
NPIIN0000010516,HCP_10516,Endocrinology,Chennai,Kilpauk,Central Chennai
NPIIN0000010517,HCP_10517,Pulmonology,Chennai,Anna Nagar,Central Chennai
NPIIN0000010518,HCP_10518,General Medicine,Chennai,Sholinganallur,South Chennai
NPIIN0000010519,HCP_10519,Diabetology,Chennai,Ambattur,North Chennai
NPIIN0000010520,HCP_10520,General Medicine,Chennai,Adyar,South Chennai
NPIIN0000010521,HCP_10521,Endocrinology,Chennai,Porur,South Chennai
NPIIN0000010522,HCP_10522,Orthopedics,Chennai,Adyar,South Chennai
NPIIN0000010523,HCP_10523,Neurology,Chennai,T Nagar,Central Chennai
NPIIN0000010524,HCP_10524,Endocrinology,Chennai,Madhavaram,North Chennai
NPIIN0000010525,HCP_10525,Gastroenterology,Chennai,Porur,South Chennai
NPIIN0000010526,HCP_10526,Pulmonology,Chennai,Royapuram,North Chennai
NPIIN0000010527,HCP_10527,Gastroenterology,Chennai,Guindy,South Chennai
NPIIN0000010528,HCP_10528,Pulmonology,Chennai,Guindy,South Chennai
NPIIN0000010529,HCP_10529,Cardiology,Chennai,Egmore,Central Chennai
NPIIN0000010530,HCP_10530,Endocrinology,Chennai,Washermenpet,North Chennai
NPIIN0000010531,HCP_10531,Gastroenterology,Chennai,Velachery,South Chennai
NPIIN0000010532,HCP_10532,Gastroenterology,Chennai,Kilpauk,Central Chennai
NPIIN0000010533,HCP_10533,Gastroenterology,Chennai,Kilpauk,Central Chennai
NPIIN0000010534,HCP_10534,Cardiology,Chennai,Velachery,South Chennai
NPIIN0000010535,HCP_10535,Dermatology,Chennai,Kilpauk,Central Chennai
NPIIN0000010536,HCP_10536,General Medicine,Chennai,Egmore,Central Chennai
NPIIN0000010537,HCP_10537,Neurology,Chennai,Velachery,South Chennai
NPIIN0000010538,HCP_10538,Diabetology,Chennai,Sholinganallur,South Chennai
NPIIN0000010539,HCP_10539,Gastroenterology,Chennai,Perambur,North Chennai
NPIIN0000010540,HCP_10540,Orthopedics,Chennai,Sholinganallur,South Chennai
NPIIN0000010541,HCP_10541,Diabetology,Chennai,Sholinganallur,South Chennai
NPIIN0000010542,HCP_10542,Gastroenterology,Chennai,Royapuram,North Chennai
NPIIN0000010543,HCP_10543,Pulmonology,Chennai,Nungambakkam,Central Chennai
NPIIN0000010544,HCP_10544,Diabetology,Chennai,Sholinganallur,South Chennai
NPIIN0000010545,HCP_10545,Diabetology,Chennai,Anna Nagar,Central Chennai
NPIIN0000010546,HCP_10546,Gastroenterology,Chennai,Adyar,South Chennai
NPIIN0000010547,HCP_10547,Diabetology,Chennai,Royapuram,North Chennai
NPIIN0000010548,HCP_10548,Cardiology,Chennai,Royapuram,North Chennai
NPIIN0000010549,HCP_10549,Urology,Chennai,Ambattur,North Chennai
NPIIN0000010550,HCP_10550,Pulmonology,Chennai,Ambattur,North Chennai
NPIIN0000010551,HCP_10551,Gastroenterology,Chennai,Guindy,South Chennai
NPIIN0000010552,HCP_10552,Pulmonology,Chennai,Nungambakkam,Central Chennai
NPIIN0000010553,HCP_10553,General Medicine,Chennai,Guindy,South Chennai
NPIIN0000010554,HCP_10554,Gastroenterology,Chennai,Nungambakkam,Central Chennai
NPIIN0000010555,HCP_10555,Cardiology,Chennai,Velachery,South Chennai
NPIIN0000010556,HCP_10556,Diabetology,Chennai,Velachery,South Chennai
NPIIN0000010557,HCP_10557,Pulmonology,Chennai,Tondiarpet,North Chennai
NPIIN0000010558,HCP_10558,Orthopedics,Chennai,Nungambakkam,Central Chennai
NPIIN0000010559,HCP_10559,General Medicine,Chennai,Adyar,South Chennai
NPIIN0000010560,HCP_10560,Orthopedics,Chennai,Guindy,South Chennai
NPIIN0000010561,HCP_10561,Gastroenterology,Chennai,Kilpauk,Central Chennai
NPIIN0000010562,HCP_10562,General Medicine,Chennai,Perambur,North Chennai
NPIIN0000010563,HCP_10563,General Medicine,Chennai,Velachery,South Chennai
NPIIN0000010564,HCP_10564,Cardiology,Chennai,Nungambakkam,Central Chennai
NPIIN0000010565,HCP_10565,Pulmonology,Chennai,Sholinganallur,South Chennai
NPIIN0000010566,HCP_10566,Cardiology,Chennai,Washermenpet,North Chennai
NPIIN0000010567,HCP_10567,General Medicine,Chennai,Egmore,Central Chennai
NPIIN0000010568,HCP_10568,Endocrinology,Chennai,Tambaram,South Chennai
NPIIN0000010569,HCP_10569,Orthopedics,Chennai,Egmore,Central Chennai
NPIIN0000010570,HCP_10570,General Medicine,Chennai,Guindy,South Chennai
NPIIN0000010571,HCP_10571,General Medicine,Chennai,Ambattur,North Chennai
NPIIN0000010572,HCP_10572,General Medicine,Chennai,Madhavaram,North Chennai
NPIIN0000010573,HCP_10573,Cardiology,Chennai,Perambur,North Chennai
NPIIN0000010574,HCP_10574,General Medicine,Chennai,Madhavaram,North Chennai
NPIIN0000010575,HCP_10575,Gastroenterology,Chennai,Velachery,South Chennai
NPIIN0000010576,HCP_10576,Pulmonology,Chennai,Tambaram,South Chennai
NPIIN0000010577,HCP_10577,General Medicine,Chennai,Guindy,South Chennai
NPIIN0000010578,HCP_10578,Dermatology,Chennai,Ambattur,North Chennai
NPIIN0000010579,HCP_10579,Cardiology,Chennai,Nungambakkam,Central Chennai
NPIIN0000010580,HCP_10580,Dermatology,Chennai,Anna Nagar,Central Chennai
NPIIN0000010581,HCP_10581,Cardiology,Chennai,Tambaram,South Chennai
NPIIN0000010582,HCP_10582,Urology,Chennai,Washermenpet,North Chennai
NPIIN0000010583,HCP_10583,Orthopedics,Chennai,Perambur,North Chennai
NPIIN0000010584,HCP_10584,Dermatology,Chennai,Perambur,North Chennai
NPIIN0000010585,HCP_10585,Cardiology,Chennai,Tondiarpet,North Chennai
NPIIN0000010586,HCP_10586,General Medicine,Chennai,Sholinganallur,South Chennai
NPIIN0000010587,HCP_10587,Dermatology,Chennai,Washermenpet,North Chennai
NPIIN0000010588,HCP_10588,Pulmonology,Chennai,Adyar,South Chennai
NPIIN0000010589,HCP_10589,General Medicine,Chennai,Mylapore,Central Chennai
NPIIN0000010590,HCP_10590,General Medicine,Chennai,Royapuram,North Chennai
NPIIN0000010591,HCP_10591,Cardiology,Chennai,Kilpauk,Central Chennai
NPIIN0000010592,HCP_10592,General Medicine,Chennai,Adyar,South Chennai
NPIIN0000010593,HCP_10593,Cardiology,Chennai,Ambattur,North Chennai
NPIIN0000010594,HCP_10594,Neurology,Chennai,Madhavaram,North Chennai
NPIIN0000010595,HCP_10595,General Medicine,Chennai,Guindy,South Chennai
NPIIN0000010596,HCP_10596,Endocrinology,Chennai,Ambattur,North Chennai
NPIIN0000010597,HCP_10597,Cardiology,Chennai,Kilpauk,Central Chennai
NPIIN0000010598,HCP_10598,Urology,Chennai,Royapuram,North Chennai
NPIIN0000010599,HCP_10599,Pulmonology,Chennai,Egmore,Central Chennai
NPIIN0000010600,HCP_10600,Neurology,Chennai,Tambaram,South Chennai
NPIIN0000010601,HCP_10601,Gastroenterology,Chennai,Porur,South Chennai
NPIIN0000010602,HCP_10602,Pulmonology,Chennai,Adyar,South Chennai
NPIIN0000010603,HCP_10603,General Medicine,Chennai,Porur,South Chennai
NPIIN0000010604,HCP_10604,Pulmonology,Chennai,Adyar,South Chennai
NPIIN0000010605,HCP_10605,Diabetology,Chennai,Tondiarpet,North Chennai
NPIIN0000010606,HCP_10606,Pulmonology,Chennai,Anna Nagar,Central Chennai
NPIIN0000010607,HCP_10607,Endocrinology,Chennai,Washermenpet,North Chennai
NPIIN0000010608,HCP_10608,Urology,Chennai,Adyar,South Chennai
NPIIN0000010609,HCP_10609,General Medicine,Chennai,Guindy,South Chennai
NPIIN0000010610,HCP_10610,Endocrinology,Chennai,Adyar,South Chennai
NPIIN0000010611,HCP_10611,Neurology,Chennai,Mylapore,Central Chennai
NPIIN0000010612,HCP_10612,Cardiology,Chennai,Egmore,Central Chennai
NPIIN0000010613,HCP_10613,General Medicine,Chennai,Sholinganallur,South Chennai
NPIIN0000010614,HCP_10614,Urology,Chennai,Anna Nagar,Central Chennai
NPIIN0000010615,HCP_10615,Gastroenterology,Chennai,Washermenpet,North Chennai
NPIIN0000010616,HCP_10616,Neurology,Chennai,Perambur,North Chennai
NPIIN0000010617,HCP_10617,General Medicine,Chennai,Anna Nagar,Central Chennai
NPIIN0000010618,HCP_10618,General Medicine,Chennai,Porur,South Chennai
NPIIN0000010619,HCP_10619,Cardiology,Chennai,Tambaram,South Chennai
NPIIN0000010620,HCP_10620,Pulmonology,Chennai,Adyar,South Chennai
NPIIN0000010621,HCP_10621,Pulmonology,Chennai,Madhavaram,North Chennai
NPIIN0000010622,HCP_10622,Cardiology,Chennai,Madhavaram,North Chennai
NPIIN0000010623,HCP_10623,Cardiology,Chennai,Porur,South Chennai
NPIIN0000010624,HCP_10624,Cardiology,Chennai,Perambur,North Chennai
NPIIN0000010625,HCP_10625,Diabetology,Chennai,Washermenpet,North Chennai
NPIIN0000010626,HCP_10626,Cardiology,Chennai,Porur,South Chennai
NPIIN0000010627,HCP_10627,General Medicine,Chennai,Kilpauk,Central Chennai
NPIIN0000010628,HCP_10628,General Medicine,Chennai,Mylapore,Central Chennai
NPIIN0000010629,HCP_10629,General Medicine,Chennai,Adyar,South Chennai
NPIIN0000010630,HCP_10630,Endocrinology,Chennai,Royapuram,North Chennai
NPIIN0000010631,HCP_10631,General Medicine,Chennai,Mylapore,Central Chennai
NPIIN0000010632,HCP_10632,Dermatology,Chennai,T Nagar,Central Chennai
NPIIN0000010633,HCP_10633,Diabetology,Chennai,Sholinganallur,South Chennai
NPIIN0000010634,HCP_10634,Diabetology,Chennai,Tambaram,South Chennai
NPIIN0000010635,HCP_10635,Pulmonology,Chennai,Velachery,South Chennai
NPIIN0000010636,HCP_10636,Endocrinology,Chennai,Nungambakkam,Central Chennai
NPIIN0000010637,HCP_10637,General Medicine,Chennai,Tambaram,South Chennai
NPIIN0000010638,HCP_10638,General Medicine,Chennai,Tambaram,South Chennai
NPIIN0000010639,HCP_10639,General Medicine,Chennai,Washermenpet,North Chennai
NPIIN0000010640,HCP_10640,Dermatology,Chennai,Mylapore,Central Chennai
NPIIN0000010641,HCP_10641,Dermatology,Chennai,Adyar,South Chennai
NPIIN0000010642,HCP_10642,General Medicine,Chennai,Sholinganallur,South Chennai
NPIIN0000010643,HCP_10643,General Medicine,Chennai,Tambaram,South Chennai
NPIIN0000010644,HCP_10644,Orthopedics,Chennai,Sholinganallur,South Chennai
NPIIN0000010645,HCP_10645,General Medicine,Chennai,Tambaram,South Chennai
NPIIN0000010646,HCP_10646,Orthopedics,Chennai,Mylapore,Central Chennai
NPIIN0000010647,HCP_10647,Gastroenterology,Chennai,Ambattur,North Chennai
NPIIN0000010648,HCP_10648,Diabetology,Chennai,Velachery,South Chennai
NPIIN0000010649,HCP_10649,Endocrinology,Chennai,Nungambakkam,Central Chennai
NPIIN0000010650,HCP_10650,Endocrinology,Chennai,Egmore,Central Chennai
NPIIN0000010651,HCP_10651,Dermatology,Chennai,Tambaram,South Chennai
NPIIN0000010652,HCP_10652,Diabetology,Chennai,Washermenpet,North Chennai
NPIIN0000010653,HCP_10653,Neurology,Chennai,Tambaram,South Chennai
NPIIN0000010654,HCP_10654,Pulmonology,Chennai,Egmore,Central Chennai
NPIIN0000010655,HCP_10655,Dermatology,Chennai,Nungambakkam,Central Chennai
NPIIN0000010656,HCP_10656,Gastroenterology,Chennai,Egmore,Central Chennai
NPIIN0000010657,HCP_10657,Cardiology,Chennai,Adyar,South Chennai
NPIIN0000010658,HCP_10658,General Medicine,Chennai,Velachery,South Chennai
NPIIN0000010659,HCP_10659,General Medicine,Chennai,Ambattur,North Chennai
NPIIN0000010660,HCP_10660,Dermatology,Chennai,Ambattur,North Chennai
NPIIN0000010661,HCP_10661,Gastroenterology,Chennai,Mylapore,Central Chennai
NPIIN0000010662,HCP_10662,Pulmonology,Chennai,Porur,South Chennai
NPIIN0000010663,HCP_10663,Dermatology,Chennai,Tambaram,South Chennai
NPIIN0000010664,HCP_10664,General Medicine,Chennai,Guindy,South Chennai
NPIIN0000010665,HCP_10665,Cardiology,Chennai,Nungambakkam,Central Chennai
NPIIN0000010666,HCP_10666,Urology,Chennai,Porur,South Chennai
NPIIN0000010667,HCP_10667,General Medicine,Chennai,Mylapore,Central Chennai
NPIIN0000010668,HCP_10668,Dermatology,Chennai,Kilpauk,Central Chennai
NPIIN0000010669,HCP_10669,General Medicine,Chennai,Kilpauk,Central Chennai
NPIIN0000010670,HCP_10670,Pulmonology,Chennai,Anna Nagar,Central Chennai
NPIIN0000010671,HCP_10671,General Medicine,Chennai,Kilpauk,Central Chennai
NPIIN0000010672,HCP_10672,General Medicine,Chennai,Tambaram,South Chennai
NPIIN0000010673,HCP_10673,Endocrinology,Chennai,Kilpauk,Central Chennai
NPIIN0000010674,HCP_10674,Gastroenterology,Chennai,Adyar,South Chennai
NPIIN0000010675,HCP_10675,Diabetology,Chennai,Adyar,South Chennai
NPIIN0000010676,HCP_10676,Diabetology,Chennai,Washermenpet,North Chennai
NPIIN0000010677,HCP_10677,General Medicine,Chennai,Perambur,North Chennai
NPIIN0000010678,HCP_10678,General Medicine,Chennai,Adyar,South Chennai
NPIIN0000010679,HCP_10679,Pulmonology,Chennai,T Nagar,Central Chennai
NPIIN0000010680,HCP_10680,Neurology,Chennai,Perambur,North Chennai
NPIIN0000010681,HCP_10681,Neurology,Chennai,Ambattur,North Chennai
NPIIN0000010682,HCP_10682,General Medicine,Chennai,Velachery,South Chennai
NPIIN0000010683,HCP_10683,General Medicine,Chennai,Tambaram,South Chennai
NPIIN0000010684,HCP_10684,Endocrinology,Chennai,Sholinganallur,South Chennai
NPIIN0000010685,HCP_10685,General Medicine,Chennai,Velachery,South Chennai
NPIIN0000010686,HCP_10686,Urology,Chennai,Washermenpet,North Chennai
NPIIN0000010687,HCP_10687,General Medicine,Chennai,Guindy,South Chennai
NPIIN0000010688,HCP_10688,Orthopedics,Chennai,Velachery,South Chennai
NPIIN0000010689,HCP_10689,Endocrinology,Chennai,Ambattur,North Chennai
NPIIN0000010690,HCP_10690,Gastroenterology,Chennai,Tambaram,South Chennai
NPIIN0000010691,HCP_10691,Neurology,Chennai,Porur,South Chennai
NPIIN0000010692,HCP_10692,Neurology,Chennai,Madhavaram,North Chennai
NPIIN0000010693,HCP_10693,Neurology,Chennai,T Nagar,Central Chennai
NPIIN0000010694,HCP_10694,Cardiology,Chennai,Nungambakkam,Central Chennai
NPIIN0000010695,HCP_10695,Gastroenterology,Chennai,Velachery,South Chennai
NPIIN0000010696,HCP_10696,General Medicine,Chennai,Mylapore,Central Chennai
NPIIN0000010697,HCP_10697,General Medicine,Chennai,Washermenpet,North Chennai
NPIIN0000010698,HCP_10698,Cardiology,Chennai,Ambattur,North Chennai
NPIIN0000010699,HCP_10699,Endocrinology,Chennai,Tambaram,South Chennai
NPIIN0000010700,HCP_10700,Urology,Chennai,Velachery,South Chennai
NPIIN0000010701,HCP_10701,Diabetology,Chennai,Sholinganallur,South Chennai
NPIIN0000010702,HCP_10702,General Medicine,Chennai,Washermenpet,North Chennai
NPIIN0000010703,HCP_10703,Endocrinology,Chennai,Anna Nagar,Central Chennai
NPIIN0000010704,HCP_10704,Neurology,Chennai,Velachery,South Chennai
NPIIN0000010705,HCP_10705,Gastroenterology,Chennai,Egmore,Central Chennai
NPIIN0000010706,HCP_10706,Urology,Chennai,Tondiarpet,North Chennai
NPIIN0000010707,HCP_10707,Pulmonology,Chennai,Tambaram,South Chennai
NPIIN0000010708,HCP_10708,Diabetology,Chennai,Royapuram,North Chennai
NPIIN0000010709,HCP_10709,Cardiology,Chennai,Sholinganallur,South Chennai
NPIIN0000010710,HCP_10710,Diabetology,Chennai,Velachery,South Chennai
NPIIN0000010711,HCP_10711,Pulmonology,Chennai,Velachery,South Chennai
NPIIN0000010712,HCP_10712,Orthopedics,Chennai,Ambattur,North Chennai
NPIIN0000010713,HCP_10713,Cardiology,Chennai,Tondiarpet,North Chennai
NPIIN0000010714,HCP_10714,General Medicine,Chennai,Egmore,Central Chennai
NPIIN0000010715,HCP_10715,Neurology,Chennai,Madhavaram,North Chennai
NPIIN0000010716,HCP_10716,Pulmonology,Chennai,Anna Nagar,Central Chennai
NPIIN0000010717,HCP_10717,Neurology,Chennai,Washermenpet,North Chennai
NPIIN0000010718,HCP_10718,General Medicine,Chennai,Tambaram,South Chennai
NPIIN0000010719,HCP_10719,Diabetology,Chennai,Nungambakkam,Central Chennai
NPIIN0000010720,HCP_10720,General Medicine,Chennai,Royapuram,North Chennai
NPIIN0000010721,HCP_10721,General Medicine,Chennai,Anna Nagar,Central Chennai
NPIIN0000010722,HCP_10722,Neurology,Chennai,Anna Nagar,Central Chennai
NPIIN0000010723,HCP_10723,Endocrinology,Chennai,Kilpauk,Central Chennai
NPIIN0000010724,HCP_10724,General Medicine,Chennai,Kilpauk,Central Chennai
NPIIN0000010725,HCP_10725,Orthopedics,Chennai,Porur,South Chennai
NPIIN0000010726,HCP_10726,Pulmonology,Chennai,Porur,South Chennai
NPIIN0000010727,HCP_10727,Endocrinology,Chennai,Porur,South Chennai
NPIIN0000010728,HCP_10728,Orthopedics,Chennai,Royapuram,North Chennai
NPIIN0000010729,HCP_10729,Diabetology,Chennai,Adyar,South Chennai
NPIIN0000010730,HCP_10730,Gastroenterology,Chennai,Tambaram,South Chennai
NPIIN0000010731,HCP_10731,Cardiology,Chennai,Royapuram,North Chennai
NPIIN0000010732,HCP_10732,Dermatology,Chennai,T Nagar,Central Chennai
NPIIN0000010733,HCP_10733,Endocrinology,Chennai,Guindy,South Chennai
NPIIN0000010734,HCP_10734,General Medicine,Chennai,Guindy,South Chennai
NPIIN0000010735,HCP_10735,Orthopedics,Chennai,Nungambakkam,Central Chennai
NPIIN0000010736,HCP_10736,Pulmonology,Chennai,Perambur,North Chennai
NPIIN0000010737,HCP_10737,Diabetology,Chennai,Madhavaram,North Chennai
NPIIN0000010738,HCP_10738,Cardiology,Chennai,Tondiarpet,North Chennai
NPIIN0000010739,HCP_10739,Cardiology,Chennai,Tambaram,South Chennai
NPIIN0000010740,HCP_10740,Diabetology,Chennai,Perambur,North Chennai
NPIIN0000010741,HCP_10741,General Medicine,Chennai,Sholinganallur,South Chennai
NPIIN0000010742,HCP_10742,General Medicine,Chennai,Guindy,South Chennai
NPIIN0000010743,HCP_10743,Urology,Chennai,Nungambakkam,Central Chennai
NPIIN0000010744,HCP_10744,Gastroenterology,Chennai,Porur,South Chennai
NPIIN0000010745,HCP_10745,Urology,Chennai,Sholinganallur,South Chennai
NPIIN0000010746,HCP_10746,General Medicine,Chennai,Tondiarpet,North Chennai
NPIIN0000010747,HCP_10747,General Medicine,Chennai,Tondiarpet,North Chennai
NPIIN0000010748,HCP_10748,Pulmonology,Chennai,Guindy,South Chennai
NPIIN0000010749,HCP_10749,General Medicine,Chennai,Ambattur,North Chennai
NPIIN0000010750,HCP_10750,Endocrinology,Chennai,Mylapore,Central Chennai
NPIIN0000010751,HCP_10751,Dermatology,Chennai,Kilpauk,Central Chennai
NPIIN0000010752,HCP_10752,Neurology,Chennai,Mylapore,Central Chennai
NPIIN0000010753,HCP_10753,Diabetology,Chennai,Adyar,South Chennai
NPIIN0000010754,HCP_10754,General Medicine,Chennai,Nungambakkam,Central Chennai
NPIIN0000010755,HCP_10755,Endocrinology,Chennai,Adyar,South Chennai
NPIIN0000010756,HCP_10756,Pulmonology,Chennai,Tondiarpet,North Chennai
NPIIN0000010757,HCP_10757,General Medicine,Chennai,Guindy,South Chennai
NPIIN0000010758,HCP_10758,Urology,Chennai,Royapuram,North Chennai
NPIIN0000010759,HCP_10759,General Medicine,Chennai,Guindy,South Chennai
NPIIN0000010760,HCP_10760,General Medicine,Chennai,Porur,South Chennai
NPIIN0000010761,HCP_10761,Gastroenterology,Chennai,Anna Nagar,Central Chennai
NPIIN0000010762,HCP_10762,Urology,Chennai,Guindy,South Chennai
NPIIN0000010763,HCP_10763,Dermatology,Chennai,Kilpauk,Central Chennai
NPIIN0000010764,HCP_10764,General Medicine,Chennai,Sholinganallur,South Chennai
NPIIN0000010765,HCP_10765,General Medicine,Chennai,Adyar,South Chennai
NPIIN0000010766,HCP_10766,Neurology,Chennai,Kilpauk,Central Chennai
NPIIN0000010767,HCP_10767,Dermatology,Chennai,Kilpauk,Central Chennai
NPIIN0000010768,HCP_10768,Orthopedics,Chennai,Ambattur,North Chennai
NPIIN0000010769,HCP_10769,General Medicine,Chennai,Porur,South Chennai
NPIIN0000010770,HCP_10770,Neurology,Chennai,Porur,South Chennai
NPIIN0000010771,HCP_10771,Diabetology,Chennai,Nungambakkam,Central Chennai
NPIIN0000010772,HCP_10772,Cardiology,Chennai,Egmore,Central Chennai
NPIIN0000010773,HCP_10773,Diabetology,Chennai,Ambattur,North Chennai
NPIIN0000010774,HCP_10774,Cardiology,Chennai,Washermenpet,North Chennai
NPIIN0000010775,HCP_10775,General Medicine,Chennai,Anna Nagar,Central Chennai
NPIIN0000010776,HCP_10776,General Medicine,Chennai,Mylapore,Central Chennai
NPIIN0000010777,HCP_10777,Neurology,Chennai,Tambaram,South Chennai
NPIIN0000010778,HCP_10778,Pulmonology,Chennai,Tondiarpet,North Chennai
NPIIN0000010779,HCP_10779,Endocrinology,Chennai,Velachery,South Chennai
NPIIN0000010780,HCP_10780,Neurology,Chennai,Ambattur,North Chennai
NPIIN0000010781,HCP_10781,Endocrinology,Chennai,Perambur,North Chennai
NPIIN0000010782,HCP_10782,Cardiology,Chennai,Guindy,South Chennai
NPIIN0000010783,HCP_10783,Orthopedics,Chennai,Kilpauk,Central Chennai
NPIIN0000010784,HCP_10784,Cardiology,Chennai,Egmore,Central Chennai
NPIIN0000010785,HCP_10785,General Medicine,Chennai,Guindy,South Chennai
NPIIN0000010786,HCP_10786,Neurology,Chennai,Sholinganallur,South Chennai
NPIIN0000010787,HCP_10787,General Medicine,Chennai,Sholinganallur,South Chennai
NPIIN0000010788,HCP_10788,General Medicine,Chennai,Anna Nagar,Central Chennai
NPIIN0000010789,HCP_10789,Gastroenterology,Chennai,Nungambakkam,Central Chennai
NPIIN0000010790,HCP_10790,Pulmonology,Chennai,Egmore,Central Chennai
NPIIN0000010791,HCP_10791,General Medicine,Chennai,Guindy,South Chennai
NPIIN0000010792,HCP_10792,Urology,Chennai,Tambaram,South Chennai
NPIIN0000010793,HCP_10793,Cardiology,Chennai,Ambattur,North Chennai
NPIIN0000010794,HCP_10794,General Medicine,Chennai,Sholinganallur,South Chennai
NPIIN0000010795,HCP_10795,Endocrinology,Chennai,Nungambakkam,Central Chennai
NPIIN0000010796,HCP_10796,Cardiology,Chennai,Royapuram,North Chennai
NPIIN0000010797,HCP_10797,Orthopedics,Chennai,Nungambakkam,Central Chennai
NPIIN0000010798,HCP_10798,Gastroenterology,Chennai,Egmore,Central Chennai
NPIIN0000010799,HCP_10799,Endocrinology,Chennai,Tambaram,South Chennai
NPIIN0000010800,HCP_10800,General Medicine,Chennai,Velachery,South Chennai
NPIIN0000010801,HCP_10801,Endocrinology,Chennai,T Nagar,Central Chennai
NPIIN0000010802,HCP_10802,Neurology,Chennai,T Nagar,Central Chennai
NPIIN0000010803,HCP_10803,General Medicine,Chennai,Washermenpet,North Chennai
NPIIN0000010804,HCP_10804,Urology,Chennai,T Nagar,Central Chennai
NPIIN0000010805,HCP_10805,Endocrinology,Chennai,Tondiarpet,North Chennai
NPIIN0000010806,HCP_10806,General Medicine,Chennai,Tondiarpet,North Chennai
NPIIN0000010807,HCP_10807,Orthopedics,Chennai,Kilpauk,Central Chennai
NPIIN0000010808,HCP_10808,Urology,Chennai,Egmore,Central Chennai
NPIIN0000010809,HCP_10809,Diabetology,Chennai,Kilpauk,Central Chennai
NPIIN0000010810,HCP_10810,General Medicine,Chennai,Sholinganallur,South Chennai
NPIIN0000010811,HCP_10811,Urology,Chennai,Tondiarpet,North Chennai
NPIIN0000010812,HCP_10812,Neurology,Chennai,Royapuram,North Chennai
NPIIN0000010813,HCP_10813,Neurology,Chennai,Kilpauk,Central Chennai
NPIIN0000010814,HCP_10814,Neurology,Chennai,Tambaram,South Chennai
NPIIN0000010815,HCP_10815,Urology,Chennai,Nungambakkam,Central Chennai
NPIIN0000010816,HCP_10816,General Medicine,Chennai,Anna Nagar,Central Chennai
NPIIN0000010817,HCP_10817,Endocrinology,Chennai,Sholinganallur,South Chennai
NPIIN0000010818,HCP_10818,General Medicine,Chennai,Porur,South Chennai
NPIIN0000010819,HCP_10819,Gastroenterology,Chennai,Anna Nagar,Central Chennai
NPIIN0000010820,HCP_10820,General Medicine,Chennai,Tondiarpet,North Chennai
NPIIN0000010821,HCP_10821,Diabetology,Chennai,Velachery,South Chennai
NPIIN0000010822,HCP_10822,Neurology,Chennai,T Nagar,Central Chennai
NPIIN0000010823,HCP_10823,General Medicine,Chennai,Kilpauk,Central Chennai
NPIIN0000010824,HCP_10824,Orthopedics,Chennai,Madhavaram,North Chennai
NPIIN0000010825,HCP_10825,General Medicine,Chennai,Anna Nagar,Central Chennai
NPIIN0000010826,HCP_10826,Gastroenterology,Chennai,Guindy,South Chennai
NPIIN0000010827,HCP_10827,Pulmonology,Chennai,Adyar,South Chennai
NPIIN0000010828,HCP_10828,Cardiology,Chennai,Ambattur,North Chennai
NPIIN0000010829,HCP_10829,General Medicine,Chennai,Madhavaram,North Chennai
NPIIN0000010830,HCP_10830,Cardiology,Chennai,Tondiarpet,North Chennai
NPIIN0000010831,HCP_10831,Gastroenterology,Chennai,Velachery,South Chennai
NPIIN0000010832,HCP_10832,Gastroenterology,Chennai,Anna Nagar,Central Chennai
NPIIN0000010833,HCP_10833,Cardiology,Chennai,T Nagar,Central Chennai
NPIIN0000010834,HCP_10834,General Medicine,Chennai,Tambaram,South Chennai
NPIIN0000010835,HCP_10835,Orthopedics,Chennai,T Nagar,Central Chennai
NPIIN0000010836,HCP_10836,Diabetology,Chennai,Egmore,Central Chennai
NPIIN0000010837,HCP_10837,Urology,Chennai,Mylapore,Central Chennai
NPIIN0000010838,HCP_10838,Endocrinology,Chennai,Velachery,South Chennai
NPIIN0000010839,HCP_10839,Cardiology,Chennai,Egmore,Central Chennai
NPIIN0000010840,HCP_10840,Pulmonology,Chennai,Tambaram,South Chennai
NPIIN0000010841,HCP_10841,Endocrinology,Chennai,Porur,South Chennai
NPIIN0000010842,HCP_10842,Urology,Chennai,Velachery,South Chennai
NPIIN0000010843,HCP_10843,Neurology,Chennai,T Nagar,Central Chennai
NPIIN0000010844,HCP_10844,Neurology,Chennai,Porur,South Chennai
NPIIN0000010845,HCP_10845,Neurology,Chennai,Anna Nagar,Central Chennai
NPIIN0000010846,HCP_10846,Neurology,Chennai,Porur,South Chennai
NPIIN0000010847,HCP_10847,Gastroenterology,Chennai,Sholinganallur,South Chennai
NPIIN0000010848,HCP_10848,Neurology,Chennai,Kilpauk,Central Chennai
NPIIN0000010849,HCP_10849,Dermatology,Chennai,Velachery,South Chennai
NPIIN0000010850,HCP_10850,Pulmonology,Chennai,Royapuram,North Chennai
NPIIN0000010851,HCP_10851,General Medicine,Chennai,Washermenpet,North Chennai
NPIIN0000010852,HCP_10852,General Medicine,Chennai,Perambur,North Chennai
NPIIN0000010853,HCP_10853,General Medicine,Chennai,Royapuram,North Chennai
NPIIN0000010854,HCP_10854,General Medicine,Chennai,Tambaram,South Chennai
NPIIN0000010855,HCP_10855,General Medicine,Chennai,Porur,South Chennai
NPIIN0000010856,HCP_10856,General Medicine,Chennai,Egmore,Central Chennai
NPIIN0000010857,HCP_10857,Cardiology,Chennai,Sholinganallur,South Chennai
NPIIN0000010858,HCP_10858,Dermatology,Chennai,Sholinganallur,South Chennai
NPIIN0000010859,HCP_10859,Gastroenterology,Chennai,Sholinganallur,South Chennai
NPIIN0000010860,HCP_10860,General Medicine,Chennai,Ambattur,North Chennai
NPIIN0000010861,HCP_10861,Orthopedics,Chennai,Tondiarpet,North Chennai
NPIIN0000010862,HCP_10862,Orthopedics,Chennai,Velachery,South Chennai
NPIIN0000010863,HCP_10863,Dermatology,Chennai,Kilpauk,Central Chennai
NPIIN0000010864,HCP_10864,Cardiology,Chennai,Nungambakkam,Central Chennai
NPIIN0000010865,HCP_10865,General Medicine,Chennai,Royapuram,North Chennai
NPIIN0000010866,HCP_10866,General Medicine,Chennai,Egmore,Central Chennai
NPIIN0000010867,HCP_10867,Gastroenterology,Chennai,Mylapore,Central Chennai
NPIIN0000010868,HCP_10868,Neurology,Chennai,Mylapore,Central Chennai
NPIIN0000010869,HCP_10869,Neurology,Chennai,Adyar,South Chennai
NPIIN0000010870,HCP_10870,Gastroenterology,Chennai,Guindy,South Chennai
NPIIN0000010871,HCP_10871,Orthopedics,Chennai,Washermenpet,North Chennai
NPIIN0000010872,HCP_10872,Pulmonology,Chennai,Egmore,Central Chennai
NPIIN0000010873,HCP_10873,Urology,Chennai,Tambaram,South Chennai
NPIIN0000010874,HCP_10874,Dermatology,Chennai,Nungambakkam,Central Chennai
NPIIN0000010875,HCP_10875,General Medicine,Chennai,Guindy,South Chennai
NPIIN0000010876,HCP_10876,Dermatology,Chennai,Tondiarpet,North Chennai
NPIIN0000010877,HCP_10877,Cardiology,Chennai,Egmore,Central Chennai
NPIIN0000010878,HCP_10878,Endocrinology,Chennai,Royapuram,North Chennai
NPIIN0000010879,HCP_10879,Orthopedics,Chennai,Nungambakkam,Central Chennai
NPIIN0000010880,HCP_10880,General Medicine,Chennai,Porur,South Chennai
NPIIN0000010881,HCP_10881,General Medicine,Chennai,Kilpauk,Central Chennai
NPIIN0000010882,HCP_10882,Orthopedics,Chennai,Velachery,South Chennai
NPIIN0000010883,HCP_10883,General Medicine,Chennai,Adyar,South Chennai
NPIIN0000010884,HCP_10884,Endocrinology,Chennai,Velachery,South Chennai
NPIIN0000010885,HCP_10885,Cardiology,Chennai,Velachery,South Chennai
NPIIN0000010886,HCP_10886,General Medicine,Chennai,Anna Nagar,Central Chennai
NPIIN0000010887,HCP_10887,Endocrinology,Chennai,Madhavaram,North Chennai
NPIIN0000010888,HCP_10888,Cardiology,Chennai,Adyar,South Chennai
NPIIN0000010889,HCP_10889,Dermatology,Chennai,Perambur,North Chennai
NPIIN0000010890,HCP_10890,Diabetology,Chennai,T Nagar,Central Chennai
NPIIN0000010891,HCP_10891,Pulmonology,Chennai,Egmore,Central Chennai
NPIIN0000010892,HCP_10892,Cardiology,Chennai,Mylapore,Central Chennai
NPIIN0000010893,HCP_10893,General Medicine,Chennai,Guindy,South Chennai
NPIIN0000010894,HCP_10894,Neurology,Chennai,Tondiarpet,North Chennai
NPIIN0000010895,HCP_10895,General Medicine,Chennai,Velachery,South Chennai
NPIIN0000010896,HCP_10896,General Medicine,Chennai,Sholinganallur,South Chennai
NPIIN0000010897,HCP_10897,Diabetology,Chennai,T Nagar,Central Chennai
NPIIN0000010898,HCP_10898,Cardiology,Chennai,Guindy,South Chennai
NPIIN0000010899,HCP_10899,Cardiology,Chennai,Nungambakkam,Central Chennai
NPIIN0000010900,HCP_10900,General Medicine,Chennai,Kilpauk,Central Chennai
NPIIN0000010901,HCP_10901,Cardiology,Chennai,Mylapore,Central Chennai
NPIIN0000010902,HCP_10902,Endocrinology,Chennai,Egmore,Central Chennai
NPIIN0000010903,HCP_10903,Endocrinology,Chennai,Madhavaram,North Chennai
NPIIN0000010904,HCP_10904,Dermatology,Chennai,Madhavaram,North Chennai
NPIIN0000010905,HCP_10905,General Medicine,Chennai,Nungambakkam,Central Chennai
NPIIN0000010906,HCP_10906,Pulmonology,Chennai,Anna Nagar,Central Chennai
NPIIN0000010907,HCP_10907,Pulmonology,Chennai,Velachery,South Chennai
NPIIN0000010908,HCP_10908,General Medicine,Chennai,T Nagar,Central Chennai
NPIIN0000010909,HCP_10909,Diabetology,Chennai,Tambaram,South Chennai
NPIIN0000010910,HCP_10910,General Medicine,Chennai,Porur,South Chennai
NPIIN0000010911,HCP_10911,Pulmonology,Chennai,Porur,South Chennai
NPIIN0000010912,HCP_10912,General Medicine,Chennai,Ambattur,North Chennai
NPIIN0000010913,HCP_10913,Cardiology,Chennai,Guindy,South Chennai
NPIIN0000010914,HCP_10914,Urology,Chennai,Guindy,South Chennai
NPIIN0000010915,HCP_10915,Gastroenterology,Chennai,Tambaram,South Chennai
NPIIN0000010916,HCP_10916,Cardiology,Chennai,Sholinganallur,South Chennai
NPIIN0000010917,HCP_10917,Urology,Chennai,Royapuram,North Chennai
NPIIN0000010918,HCP_10918,Endocrinology,Chennai,Ambattur,North Chennai
NPIIN0000010919,HCP_10919,Cardiology,Chennai,Velachery,South Chennai
NPIIN0000010920,HCP_10920,Endocrinology,Chennai,T Nagar,Central Chennai
NPIIN0000010921,HCP_10921,Orthopedics,Chennai,Tondiarpet,North Chennai
NPIIN0000010922,HCP_10922,Endocrinology,Chennai,Tambaram,South Chennai
NPIIN0000010923,HCP_10923,Gastroenterology,Chennai,Velachery,South Chennai
NPIIN0000010924,HCP_10924,Neurology,Chennai,Royapuram,North Chennai
NPIIN0000010925,HCP_10925,General Medicine,Chennai,Nungambakkam,Central Chennai
NPIIN0000010926,HCP_10926,General Medicine,Chennai,Kilpauk,Central Chennai
NPIIN0000010927,HCP_10927,Cardiology,Chennai,Ambattur,North Chennai
NPIIN0000010928,HCP_10928,Gastroenterology,Chennai,Adyar,South Chennai
NPIIN0000010929,HCP_10929,General Medicine,Chennai,Guindy,South Chennai
NPIIN0000010930,HCP_10930,Pulmonology,Chennai,Tondiarpet,North Chennai
NPIIN0000010931,HCP_10931,Cardiology,Chennai,Nungambakkam,Central Chennai
NPIIN0000010932,HCP_10932,Gastroenterology,Chennai,Porur,South Chennai
NPIIN0000010933,HCP_10933,Neurology,Chennai,Guindy,South Chennai
NPIIN0000010934,HCP_10934,General Medicine,Chennai,Tondiarpet,North Chennai
NPIIN0000010935,HCP_10935,General Medicine,Chennai,Perambur,North Chennai
NPIIN0000010936,HCP_10936,General Medicine,Chennai,Kilpauk,Central Chennai
NPIIN0000010937,HCP_10937,General Medicine,Chennai,Velachery,South Chennai
NPIIN0000010938,HCP_10938,Cardiology,Chennai,Madhavaram,North Chennai
NPIIN0000010939,HCP_10939,Neurology,Chennai,Washermenpet,North Chennai
NPIIN0000010940,HCP_10940,Cardiology,Chennai,Velachery,South Chennai
NPIIN0000010941,HCP_10941,Cardiology,Chennai,Velachery,South Chennai
NPIIN0000010942,HCP_10942,Cardiology,Chennai,Sholinganallur,South Chennai
NPIIN0000010943,HCP_10943,Endocrinology,Chennai,Madhavaram,North Chennai
NPIIN0000010944,HCP_10944,Pulmonology,Chennai,Ambattur,North Chennai
NPIIN0000010945,HCP_10945,Neurology,Chennai,Guindy,South Chennai
NPIIN0000010946,HCP_10946,General Medicine,Chennai,Adyar,South Chennai
NPIIN0000010947,HCP_10947,General Medicine,Chennai,Sholinganallur,South Chennai
NPIIN0000010948,HCP_10948,Pulmonology,Chennai,Tambaram,South Chennai
NPIIN0000010949,HCP_10949,Pulmonology,Chennai,Madhavaram,North Chennai
NPIIN0000010950,HCP_10950,Dermatology,Chennai,Nungambakkam,Central Chennai
NPIIN0000010951,HCP_10951,Dermatology,Chennai,Perambur,North Chennai
NPIIN0000010952,HCP_10952,Dermatology,Chennai,Porur,South Chennai
NPIIN0000010953,HCP_10953,Dermatology,Chennai,Tondiarpet,North Chennai
NPIIN0000010954,HCP_10954,Urology,Chennai,Velachery,South Chennai
NPIIN0000010955,HCP_10955,Pulmonology,Chennai,Porur,South Chennai
NPIIN0000010956,HCP_10956,Pulmonology,Chennai,Adyar,South Chennai
NPIIN0000010957,HCP_10957,Gastroenterology,Chennai,Guindy,South Chennai
NPIIN0000010958,HCP_10958,Endocrinology,Chennai,Ambattur,North Chennai
NPIIN0000010959,HCP_10959,General Medicine,Chennai,Royapuram,North Chennai
NPIIN0000010960,HCP_10960,Urology,Chennai,Tambaram,South Chennai
NPIIN0000010961,HCP_10961,General Medicine,Chennai,Anna Nagar,Central Chennai
NPIIN0000010962,HCP_10962,Cardiology,Chennai,Mylapore,Central Chennai
NPIIN0000010963,HCP_10963,General Medicine,Chennai,Tambaram,South Chennai
NPIIN0000010964,HCP_10964,Endocrinology,Chennai,Sholinganallur,South Chennai
NPIIN0000010965,HCP_10965,General Medicine,Chennai,Tondiarpet,North Chennai
NPIIN0000010966,HCP_10966,Pulmonology,Chennai,Kilpauk,Central Chennai
NPIIN0000010967,HCP_10967,General Medicine,Chennai,Royapuram,North Chennai
NPIIN0000010968,HCP_10968,General Medicine,Chennai,Sholinganallur,South Chennai
NPIIN0000010969,HCP_10969,Cardiology,Chennai,Perambur,North Chennai
NPIIN0000010970,HCP_10970,General Medicine,Chennai,Royapuram,North Chennai
NPIIN0000010971,HCP_10971,Cardiology,Chennai,Madhavaram,North Chennai
NPIIN0000010972,HCP_10972,General Medicine,Chennai,Tambaram,South Chennai
NPIIN0000010973,HCP_10973,Neurology,Chennai,Velachery,South Chennai
NPIIN0000010974,HCP_10974,Cardiology,Chennai,Washermenpet,North Chennai
NPIIN0000010975,HCP_10975,Urology,Chennai,Royapuram,North Chennai
NPIIN0000010976,HCP_10976,Neurology,Chennai,Egmore,Central Chennai
NPIIN0000010977,HCP_10977,Endocrinology,Chennai,Perambur,North Chennai
NPIIN0000010978,HCP_10978,General Medicine,Chennai,Nungambakkam,Central Chennai
NPIIN0000010979,HCP_10979,Cardiology,Chennai,Tondiarpet,North Chennai
NPIIN0000010980,HCP_10980,Cardiology,Chennai,Perambur,North Chennai
NPIIN0000010981,HCP_10981,Urology,Chennai,Mylapore,Central Chennai
NPIIN0000010982,HCP_10982,Neurology,Chennai,Anna Nagar,Central Chennai
NPIIN0000010983,HCP_10983,Gastroenterology,Chennai,Anna Nagar,Central Chennai
NPIIN0000010984,HCP_10984,Pulmonology,Chennai,T Nagar,Central Chennai
NPIIN0000010985,HCP_10985,Urology,Chennai,Porur,South Chennai
NPIIN0000010986,HCP_10986,Urology,Chennai,Anna Nagar,Central Chennai
NPIIN0000010987,HCP_10987,Cardiology,Chennai,Egmore,Central Chennai
NPIIN0000010988,HCP_10988,Endocrinology,Chennai,Sholinganallur,South Chennai
NPIIN0000010989,HCP_10989,General Medicine,Chennai,Mylapore,Central Chennai
NPIIN0000010990,HCP_10990,General Medicine,Chennai,Tambaram,South Chennai
NPIIN0000010991,HCP_10991,General Medicine,Chennai,Tondiarpet,North Chennai
NPIIN0000010992,HCP_10992,Diabetology,Chennai,Velachery,South Chennai
NPIIN0000010993,HCP_10993,Dermatology,Chennai,Tondiarpet,North Chennai
NPIIN0000010994,HCP_10994,Cardiology,Chennai,T Nagar,Central Chennai
NPIIN0000010995,HCP_10995,Dermatology,Chennai,Adyar,South Chennai
NPIIN0000010996,HCP_10996,General Medicine,Chennai,Porur,South Chennai
NPIIN0000010997,HCP_10997,Cardiology,Chennai,Mylapore,Central Chennai
NPIIN0000010998,HCP_10998,Dermatology,Chennai,Adyar,South Chennai
NPIIN0000010999,HCP_10999,General Medicine,Chennai,Perambur,North Chennai
NPIIN0000011000,HCP_11000,Gastroenterology,Chennai,Guindy,South Chennai
NPIIN0000011001,HCP_11001,Urology,Chennai,Adyar,South Chennai
NPIIN0000011002,HCP_11002,Cardiology,Chennai,Kilpauk,Central Chennai
NPIIN0000011003,HCP_11003,Diabetology,Chennai,Adyar,South Chennai
NPIIN0000011004,HCP_11004,Cardiology,Chennai,Guindy,South Chennai
NPIIN0000011005,HCP_11005,Cardiology,Chennai,Adyar,South Chennai
NPIIN0000011006,HCP_11006,Orthopedics,Chennai,Anna Nagar,Central Chennai
NPIIN0000011007,HCP_11007,Dermatology,Chennai,Adyar,South Chennai
NPIIN0000011008,HCP_11008,General Medicine,Chennai,Porur,South Chennai
NPIIN0000011009,HCP_11009,Neurology,Chennai,Anna Nagar,Central Chennai
NPIIN0000011010,HCP_11010,Urology,Chennai,Velachery,South Chennai
NPIIN0000011011,HCP_11011,Endocrinology,Chennai,Perambur,North Chennai
NPIIN0000011012,HCP_11012,Cardiology,Chennai,Guindy,South Chennai
NPIIN0000011013,HCP_11013,Dermatology,Chennai,Guindy,South Chennai
NPIIN0000011014,HCP_11014,Gastroenterology,Chennai,Nungambakkam,Central Chennai
NPIIN0000011015,HCP_11015,Endocrinology,Chennai,Adyar,South Chennai
NPIIN0000011016,HCP_11016,General Medicine,Chennai,Ambattur,North Chennai
NPIIN0000011017,HCP_11017,Endocrinology,Chennai,Ambattur,North Chennai
NPIIN0000011018,HCP_11018,Pulmonology,Chennai,Tondiarpet,North Chennai
NPIIN0000011019,HCP_11019,Neurology,Chennai,Mylapore,Central Chennai
NPIIN0000011020,HCP_11020,Diabetology,Chennai,Porur,South Chennai
NPIIN0000011021,HCP_11021,Gastroenterology,Chennai,Ambattur,North Chennai
NPIIN0000011022,HCP_11022,General Medicine,Chennai,Velachery,South Chennai
NPIIN0000011023,HCP_11023,Neurology,Chennai,Tambaram,South Chennai
NPIIN0000011024,HCP_11024,Neurology,Chennai,Porur,South Chennai
NPIIN0000011025,HCP_11025,General Medicine,Chennai,Anna Nagar,Central Chennai
NPIIN0000011026,HCP_11026,Diabetology,Chennai,Velachery,South Chennai
NPIIN0000011027,HCP_11027,Endocrinology,Chennai,T Nagar,Central Chennai
NPIIN0000011028,HCP_11028,Gastroenterology,Chennai,Tambaram,South Chennai
NPIIN0000011029,HCP_11029,Neurology,Chennai,Madhavaram,North Chennai
NPIIN0000011030,HCP_11030,Diabetology,Chennai,Adyar,South Chennai
NPIIN0000011031,HCP_11031,Orthopedics,Chennai,Royapuram,North Chennai
NPIIN0000011032,HCP_11032,Dermatology,Chennai,Egmore,Central Chennai
NPIIN0000011033,HCP_11033,Cardiology,Chennai,Sholinganallur,South Chennai
NPIIN0000011034,HCP_11034,Endocrinology,Chennai,Washermenpet,North Chennai
NPIIN0000011035,HCP_11035,Pulmonology,Chennai,Tambaram,South Chennai
NPIIN0000011036,HCP_11036,Cardiology,Chennai,Adyar,South Chennai
NPIIN0000011037,HCP_11037,Orthopedics,Chennai,Tondiarpet,North Chennai
NPIIN0000011038,HCP_11038,Neurology,Chennai,Perambur,North Chennai
NPIIN0000011039,HCP_11039,Cardiology,Chennai,Royapuram,North Chennai
NPIIN0000011040,HCP_11040,General Medicine,Chennai,Sholinganallur,South Chennai
NPIIN0000011041,HCP_11041,Endocrinology,Chennai,Adyar,South Chennai
NPIIN0000011042,HCP_11042,General Medicine,Chennai,Anna Nagar,Central Chennai
NPIIN0000011043,HCP_11043,Diabetology,Chennai,Guindy,South Chennai
NPIIN0000011044,HCP_11044,Dermatology,Chennai,Kilpauk,Central Chennai
NPIIN0000011045,HCP_11045,Gastroenterology,Chennai,Washermenpet,North Chennai
NPIIN0000011046,HCP_11046,Urology,Chennai,Sholinganallur,South Chennai
NPIIN0000011047,HCP_11047,Endocrinology,Chennai,Porur,South Chennai
NPIIN0000011048,HCP_11048,General Medicine,Chennai,Ambattur,North Chennai
NPIIN0000011049,HCP_11049,Dermatology,Chennai,Madhavaram,North Chennai
NPIIN0000011050,HCP_11050,General Medicine,Chennai,Anna Nagar,Central Chennai
NPIIN0000011051,HCP_11051,General Medicine,Chennai,T Nagar,Central Chennai
NPIIN0000011052,HCP_11052,Orthopedics,Chennai,Tondiarpet,North Chennai
NPIIN0000011053,HCP_11053,Gastroenterology,Chennai,Velachery,South Chennai
NPIIN0000011054,HCP_11054,Urology,Chennai,Royapuram,North Chennai
NPIIN0000011055,HCP_11055,General Medicine,Chennai,Egmore,Central Chennai
NPIIN0000011056,HCP_11056,Pulmonology,Chennai,Porur,South Chennai
NPIIN0000011057,HCP_11057,General Medicine,Chennai,Egmore,Central Chennai
NPIIN0000011058,HCP_11058,General Medicine,Chennai,Egmore,Central Chennai
NPIIN0000011059,HCP_11059,Cardiology,Chennai,Tambaram,South Chennai
NPIIN0000011060,HCP_11060,Dermatology,Chennai,Anna Nagar,Central Chennai
NPIIN0000011061,HCP_11061,General Medicine,Chennai,Royapuram,North Chennai
NPIIN0000011062,HCP_11062,Pulmonology,Chennai,Royapuram,North Chennai
NPIIN0000011063,HCP_11063,Dermatology,Chennai,Nungambakkam,Central Chennai
NPIIN0000011064,HCP_11064,Gastroenterology,Chennai,T Nagar,Central Chennai
NPIIN0000011065,HCP_11065,Endocrinology,Chennai,Anna Nagar,Central Chennai
NPIIN0000011066,HCP_11066,Pulmonology,Chennai,Nungambakkam,Central Chennai
NPIIN0000011067,HCP_11067,General Medicine,Chennai,Porur,South Chennai
NPIIN0000011068,HCP_11068,Diabetology,Chennai,Ambattur,North Chennai
NPIIN0000011069,HCP_11069,Cardiology,Chennai,Madhavaram,North Chennai
NPIIN0000011070,HCP_11070,Pulmonology,Chennai,Royapuram,North Chennai
NPIIN0000011071,HCP_11071,Gastroenterology,Chennai,Guindy,South Chennai
NPIIN0000011072,HCP_11072,Orthopedics,Chennai,Mylapore,Central Chennai
NPIIN0000011073,HCP_11073,General Medicine,Chennai,Adyar,South Chennai
NPIIN0000011074,HCP_11074,General Medicine,Chennai,Kilpauk,Central Chennai
NPIIN0000011075,HCP_11075,Endocrinology,Chennai,Adyar,South Chennai
NPIIN0000011076,HCP_11076,Orthopedics,Chennai,T Nagar,Central Chennai
NPIIN0000011077,HCP_11077,Dermatology,Chennai,Mylapore,Central Chennai
NPIIN0000011078,HCP_11078,Orthopedics,Chennai,Ambattur,North Chennai
NPIIN0000011079,HCP_11079,General Medicine,Chennai,Nungambakkam,Central Chennai
NPIIN0000011080,HCP_11080,Endocrinology,Chennai,Velachery,South Chennai
NPIIN0000011081,HCP_11081,Pulmonology,Chennai,Velachery,South Chennai
NPIIN0000011082,HCP_11082,General Medicine,Chennai,Tambaram,South Chennai
NPIIN0000011083,HCP_11083,General Medicine,Chennai,Kilpauk,Central Chennai
NPIIN0000011084,HCP_11084,Cardiology,Chennai,Velachery,South Chennai
NPIIN0000011085,HCP_11085,Cardiology,Chennai,Nungambakkam,Central Chennai
NPIIN0000011086,HCP_11086,General Medicine,Chennai,Tambaram,South Chennai
NPIIN0000011087,HCP_11087,Urology,Chennai,Sholinganallur,South Chennai
NPIIN0000011088,HCP_11088,Gastroenterology,Chennai,Madhavaram,North Chennai
NPIIN0000011089,HCP_11089,Gastroenterology,Chennai,Guindy,South Chennai
NPIIN0000011090,HCP_11090,Endocrinology,Chennai,Royapuram,North Chennai
NPIIN0000011091,HCP_11091,Gastroenterology,Chennai,Madhavaram,North Chennai
NPIIN0000011092,HCP_11092,General Medicine,Chennai,Kilpauk,Central Chennai
NPIIN0000011093,HCP_11093,Cardiology,Chennai,Adyar,South Chennai
NPIIN0000011094,HCP_11094,General Medicine,Chennai,Tondiarpet,North Chennai
NPIIN0000011095,HCP_11095,Cardiology,Chennai,Mylapore,Central Chennai
NPIIN0000011096,HCP_11096,Dermatology,Chennai,Guindy,South Chennai
NPIIN0000011097,HCP_11097,Dermatology,Chennai,Anna Nagar,Central Chennai
NPIIN0000011098,HCP_11098,Diabetology,Chennai,Adyar,South Chennai
NPIIN0000011099,HCP_11099,Pulmonology,Chennai,Nungambakkam,Central Chennai
NPIIN0000011100,HCP_11100,General Medicine,Chennai,Tondiarpet,North Chennai
NPIIN0000011101,HCP_11101,Endocrinology,Chennai,Adyar,South Chennai
NPIIN0000011102,HCP_11102,Neurology,Chennai,Egmore,Central Chennai
NPIIN0000011103,HCP_11103,Gastroenterology,Chennai,Sholinganallur,South Chennai
NPIIN0000011104,HCP_11104,Gastroenterology,Chennai,Perambur,North Chennai
NPIIN0000011105,HCP_11105,Endocrinology,Chennai,Adyar,South Chennai
NPIIN0000011106,HCP_11106,General Medicine,Chennai,T Nagar,Central Chennai
NPIIN0000011107,HCP_11107,Cardiology,Chennai,Porur,South Chennai
NPIIN0000011108,HCP_11108,Cardiology,Chennai,Tondiarpet,North Chennai
NPIIN0000011109,HCP_11109,Cardiology,Chennai,Ambattur,North Chennai
NPIIN0000011110,HCP_11110,Cardiology,Chennai,Royapuram,North Chennai
NPIIN0000011111,HCP_11111,General Medicine,Chennai,Ambattur,North Chennai
NPIIN0000011112,HCP_11112,General Medicine,Chennai,Ambattur,North Chennai
NPIIN0000011113,HCP_11113,Neurology,Chennai,Anna Nagar,Central Chennai
NPIIN0000011114,HCP_11114,Diabetology,Chennai,Royapuram,North Chennai
NPIIN0000011115,HCP_11115,Endocrinology,Chennai,Velachery,South Chennai
NPIIN0000011116,HCP_11116,Orthopedics,Chennai,Washermenpet,North Chennai
NPIIN0000011117,HCP_11117,Urology,Chennai,Nungambakkam,Central Chennai
NPIIN0000011118,HCP_11118,Cardiology,Chennai,Washermenpet,North Chennai
NPIIN0000011119,HCP_11119,General Medicine,Chennai,Washermenpet,North Chennai
NPIIN0000011120,HCP_11120,Endocrinology,Chennai,Sholinganallur,South Chennai
NPIIN0000011121,HCP_11121,Orthopedics,Chennai,Adyar,South Chennai
NPIIN0000011122,HCP_11122,General Medicine,Chennai,Washermenpet,North Chennai
NPIIN0000011123,HCP_11123,Cardiology,Chennai,Velachery,South Chennai
NPIIN0000011124,HCP_11124,Gastroenterology,Chennai,Anna Nagar,Central Chennai
NPIIN0000011125,HCP_11125,Gastroenterology,Chennai,Tambaram,South Chennai
NPIIN0000011126,HCP_11126,Diabetology,Chennai,Egmore,Central Chennai
NPIIN0000011127,HCP_11127,Diabetology,Chennai,Washermenpet,North Chennai
NPIIN0000011128,HCP_11128,General Medicine,Chennai,Mylapore,Central Chennai
NPIIN0000011129,HCP_11129,Diabetology,Chennai,Egmore,Central Chennai
NPIIN0000011130,HCP_11130,Diabetology,Chennai,Adyar,South Chennai
NPIIN0000011131,HCP_11131,Dermatology,Chennai,T Nagar,Central Chennai
NPIIN0000011132,HCP_11132,Gastroenterology,Chennai,Egmore,Central Chennai
NPIIN0000011133,HCP_11133,Neurology,Chennai,Egmore,Central Chennai
NPIIN0000011134,HCP_11134,Neurology,Chennai,Guindy,South Chennai
NPIIN0000011135,HCP_11135,General Medicine,Chennai,Velachery,South Chennai
NPIIN0000011136,HCP_11136,General Medicine,Chennai,Sholinganallur,South Chennai
NPIIN0000011137,HCP_11137,Gastroenterology,Chennai,Sholinganallur,South Chennai
NPIIN0000011138,HCP_11138,Cardiology,Chennai,Sholinganallur,South Chennai
NPIIN0000011139,HCP_11139,Endocrinology,Chennai,Madhavaram,North Chennai
NPIIN0000011140,HCP_11140,Cardiology,Chennai,Anna Nagar,Central Chennai
NPIIN0000011141,HCP_11141,Gastroenterology,Chennai,Nungambakkam,Central Chennai
NPIIN0000011142,HCP_11142,Pulmonology,Chennai,Nungambakkam,Central Chennai
NPIIN0000011143,HCP_11143,General Medicine,Chennai,Guindy,South Chennai
NPIIN0000011144,HCP_11144,General Medicine,Chennai,Nungambakkam,Central Chennai
NPIIN0000011145,HCP_11145,Dermatology,Chennai,Egmore,Central Chennai
NPIIN0000011146,HCP_11146,Cardiology,Chennai,Adyar,South Chennai
NPIIN0000011147,HCP_11147,General Medicine,Chennai,T Nagar,Central Chennai
NPIIN0000011148,HCP_11148,Gastroenterology,Chennai,Nungambakkam,Central Chennai
NPIIN0000011149,HCP_11149,Neurology,Chennai,Mylapore,Central Chennai
NPIIN0000011150,HCP_11150,General Medicine,Chennai,Tambaram,South Chennai
NPIIN0000011151,HCP_11151,Endocrinology,Chennai,Egmore,Central Chennai
NPIIN0000011152,HCP_11152,Orthopedics,Chennai,Egmore,Central Chennai
NPIIN0000011153,HCP_11153,General Medicine,Chennai,Nungambakkam,Central Chennai
NPIIN0000011154,HCP_11154,Urology,Chennai,Sholinganallur,South Chennai
NPIIN0000011155,HCP_11155,Gastroenterology,Chennai,T Nagar,Central Chennai
NPIIN0000011156,HCP_11156,Urology,Chennai,Egmore,Central Chennai
NPIIN0000011157,HCP_11157,Cardiology,Chennai,Velachery,South Chennai
NPIIN0000011158,HCP_11158,General Medicine,Chennai,Adyar,South Chennai
NPIIN0000011159,HCP_11159,Diabetology,Chennai,Kilpauk,Central Chennai
NPIIN0000011160,HCP_11160,Diabetology,Chennai,Anna Nagar,Central Chennai
NPIIN0000011161,HCP_11161,Diabetology,Chennai,Nungambakkam,Central Chennai
NPIIN0000011162,HCP_11162,General Medicine,Chennai,Velachery,South Chennai
NPIIN0000011163,HCP_11163,General Medicine,Chennai,Nungambakkam,Central Chennai
NPIIN0000011164,HCP_11164,Neurology,Chennai,Guindy,South Chennai
NPIIN0000011165,HCP_11165,Diabetology,Chennai,Adyar,South Chennai
NPIIN0000011166,HCP_11166,Diabetology,Chennai,Royapuram,North Chennai
NPIIN0000011167,HCP_11167,General Medicine,Chennai,Kilpauk,Central Chennai
NPIIN0000011168,HCP_11168,Neurology,Chennai,Sholinganallur,South Chennai
NPIIN0000011169,HCP_11169,Cardiology,Chennai,Adyar,South Chennai
NPIIN0000011170,HCP_11170,Gastroenterology,Chennai,Sholinganallur,South Chennai
NPIIN0000011171,HCP_11171,General Medicine,Chennai,Egmore,Central Chennai
NPIIN0000011172,HCP_11172,Pulmonology,Chennai,Porur,South Chennai
NPIIN0000011173,HCP_11173,Gastroenterology,Chennai,Guindy,South Chennai
NPIIN0000011174,HCP_11174,General Medicine,Chennai,Guindy,South Chennai
NPIIN0000011175,HCP_11175,Neurology,Chennai,Madhavaram,North Chennai
NPIIN0000011176,HCP_11176,Urology,Chennai,Ambattur,North Chennai
NPIIN0000011177,HCP_11177,Cardiology,Chennai,Royapuram,North Chennai
NPIIN0000011178,HCP_11178,General Medicine,Chennai,Guindy,South Chennai
NPIIN0000011179,HCP_11179,Urology,Chennai,Adyar,South Chennai
NPIIN0000011180,HCP_11180,Dermatology,Chennai,Ambattur,North Chennai
NPIIN0000011181,HCP_11181,Pulmonology,Chennai,T Nagar,Central Chennai
NPIIN0000011182,HCP_11182,Endocrinology,Chennai,Kilpauk,Central Chennai
NPIIN0000011183,HCP_11183,General Medicine,Chennai,Washermenpet,North Chennai
NPIIN0000011184,HCP_11184,Dermatology,Chennai,Porur,South Chennai
NPIIN0000011185,HCP_11185,Neurology,Chennai,Nungambakkam,Central Chennai
NPIIN0000011186,HCP_11186,Diabetology,Chennai,Madhavaram,North Chennai
NPIIN0000011187,HCP_11187,Cardiology,Chennai,Sholinganallur,South Chennai
NPIIN0000011188,HCP_11188,Gastroenterology,Chennai,Royapuram,North Chennai
NPIIN0000011189,HCP_11189,Pulmonology,Chennai,Egmore,Central Chennai
NPIIN0000011190,HCP_11190,Orthopedics,Chennai,Ambattur,North Chennai
NPIIN0000011191,HCP_11191,General Medicine,Chennai,Tondiarpet,North Chennai
NPIIN0000011192,HCP_11192,General Medicine,Chennai,Anna Nagar,Central Chennai
NPIIN0000011193,HCP_11193,Diabetology,Chennai,Velachery,South Chennai
NPIIN0000011194,HCP_11194,General Medicine,Chennai,Royapuram,North Chennai
NPIIN0000011195,HCP_11195,Diabetology,Chennai,Sholinganallur,South Chennai
NPIIN0000011196,HCP_11196,Cardiology,Chennai,Royapuram,North Chennai
NPIIN0000011197,HCP_11197,Diabetology,Chennai,Egmore,Central Chennai
NPIIN0000011198,HCP_11198,Endocrinology,Chennai,T Nagar,Central Chennai
NPIIN0000011199,HCP_11199,Dermatology,Chennai,T Nagar,Central Chennai
NPIIN0000011200,HCP_11200,Endocrinology,Chennai,Kilpauk,Central Chennai
NPIIN0000011201,HCP_11201,General Medicine,Chennai,Tambaram,South Chennai
NPIIN0000011202,HCP_11202,Neurology,Chennai,Nungambakkam,Central Chennai
NPIIN0000011203,HCP_11203,Endocrinology,Chennai,Adyar,South Chennai
NPIIN0000011204,HCP_11204,Pulmonology,Chennai,Mylapore,Central Chennai
NPIIN0000011205,HCP_11205,Dermatology,Chennai,T Nagar,Central Chennai
NPIIN0000011206,HCP_11206,Pulmonology,Chennai,T Nagar,Central Chennai
NPIIN0000011207,HCP_11207,General Medicine,Chennai,Ambattur,North Chennai
NPIIN0000011208,HCP_11208,Dermatology,Chennai,Guindy,South Chennai
NPIIN0000011209,HCP_11209,Orthopedics,Chennai,Guindy,South Chennai
NPIIN0000011210,HCP_11210,Dermatology,Chennai,Nungambakkam,Central Chennai
NPIIN0000011211,HCP_11211,General Medicine,Chennai,Tondiarpet,North Chennai
NPIIN0000011212,HCP_11212,Pulmonology,Chennai,Tambaram,South Chennai
NPIIN0000011213,HCP_11213,General Medicine,Chennai,T Nagar,Central Chennai
NPIIN0000011214,HCP_11214,Diabetology,Chennai,Mylapore,Central Chennai
NPIIN0000011215,HCP_11215,General Medicine,Chennai,Mylapore,Central Chennai
NPIIN0000011216,HCP_11216,Dermatology,Chennai,T Nagar,Central Chennai
NPIIN0000011217,HCP_11217,Diabetology,Chennai,Adyar,South Chennai
NPIIN0000011218,HCP_11218,Urology,Chennai,Madhavaram,North Chennai
NPIIN0000011219,HCP_11219,Orthopedics,Chennai,Royapuram,North Chennai
NPIIN0000011220,HCP_11220,Diabetology,Chennai,Adyar,South Chennai
NPIIN0000011221,HCP_11221,Cardiology,Chennai,Madhavaram,North Chennai
NPIIN0000011222,HCP_11222,Orthopedics,Chennai,Velachery,South Chennai
NPIIN0000011223,HCP_11223,Endocrinology,Chennai,T Nagar,Central Chennai
NPIIN0000011224,HCP_11224,Gastroenterology,Chennai,Ambattur,North Chennai
NPIIN0000011225,HCP_11225,Cardiology,Chennai,Egmore,Central Chennai
NPIIN0000011226,HCP_11226,Endocrinology,Chennai,Nungambakkam,Central Chennai
NPIIN0000011227,HCP_11227,Diabetology,Chennai,Kilpauk,Central Chennai
NPIIN0000011228,HCP_11228,Diabetology,Chennai,Porur,South Chennai
NPIIN0000011229,HCP_11229,Urology,Chennai,Porur,South Chennai
NPIIN0000011230,HCP_11230,Endocrinology,Chennai,Tambaram,South Chennai
NPIIN0000011231,HCP_11231,Endocrinology,Chennai,Egmore,Central Chennai
NPIIN0000011232,HCP_11232,Neurology,Chennai,Guindy,South Chennai
NPIIN0000011233,HCP_11233,Orthopedics,Chennai,Egmore,Central Chennai
NPIIN0000011234,HCP_11234,General Medicine,Chennai,Adyar,South Chennai
NPIIN0000011235,HCP_11235,Gastroenterology,Chennai,Sholinganallur,South Chennai
NPIIN0000011236,HCP_11236,Cardiology,Chennai,Ambattur,North Chennai
NPIIN0000011237,HCP_11237,Dermatology,Chennai,Ambattur,North Chennai
NPIIN0000011238,HCP_11238,Gastroenterology,Chennai,Sholinganallur,South Chennai
NPIIN0000011239,HCP_11239,Urology,Chennai,Porur,South Chennai
NPIIN0000011240,HCP_11240,Neurology,Chennai,Mylapore,Central Chennai
NPIIN0000011241,HCP_11241,Orthopedics,Chennai,Adyar,South Chennai
NPIIN0000011242,HCP_11242,General Medicine,Chennai,Mylapore,Central Chennai
NPIIN0000011243,HCP_11243,Gastroenterology,Chennai,Madhavaram,North Chennai
NPIIN0000011244,HCP_11244,Gastroenterology,Chennai,Adyar,South Chennai
NPIIN0000011245,HCP_11245,Diabetology,Chennai,Sholinganallur,South Chennai
NPIIN0000011246,HCP_11246,Urology,Chennai,Madhavaram,North Chennai
NPIIN0000011247,HCP_11247,Gastroenterology,Chennai,Mylapore,Central Chennai
NPIIN0000011248,HCP_11248,Urology,Chennai,Madhavaram,North Chennai
NPIIN0000011249,HCP_11249,General Medicine,Chennai,Anna Nagar,Central Chennai
NPIIN0000011250,HCP_11250,Dermatology,Chennai,Washermenpet,North Chennai
NPIIN0000011251,HCP_11251,Diabetology,Chennai,Tondiarpet,North Chennai
NPIIN0000011252,HCP_11252,Orthopedics,Chennai,Adyar,South Chennai
NPIIN0000011253,HCP_11253,Cardiology,Chennai,Egmore,Central Chennai
NPIIN0000011254,HCP_11254,Pulmonology,Chennai,Kilpauk,Central Chennai
NPIIN0000011255,HCP_11255,Cardiology,Chennai,Ambattur,North Chennai
NPIIN0000011256,HCP_11256,Gastroenterology,Chennai,T Nagar,Central Chennai
NPIIN0000011257,HCP_11257,General Medicine,Chennai,Nungambakkam,Central Chennai
NPIIN0000011258,HCP_11258,Urology,Chennai,Washermenpet,North Chennai
NPIIN0000011259,HCP_11259,Urology,Chennai,Madhavaram,North Chennai
NPIIN0000011260,HCP_11260,General Medicine,Chennai,Egmore,Central Chennai
NPIIN0000011261,HCP_11261,Dermatology,Chennai,Perambur,North Chennai
NPIIN0000011262,HCP_11262,Neurology,Chennai,Velachery,South Chennai
NPIIN0000011263,HCP_11263,General Medicine,Chennai,Tondiarpet,North Chennai
NPIIN0000011264,HCP_11264,General Medicine,Chennai,Nungambakkam,Central Chennai
NPIIN0000011265,HCP_11265,Endocrinology,Chennai,Egmore,Central Chennai
NPIIN0000011266,HCP_11266,Cardiology,Chennai,Anna Nagar,Central Chennai
NPIIN0000011267,HCP_11267,General Medicine,Chennai,Ambattur,North Chennai
NPIIN0000011268,HCP_11268,Pulmonology,Chennai,Tambaram,South Chennai
NPIIN0000011269,HCP_11269,General Medicine,Chennai,Nungambakkam,Central Chennai
NPIIN0000011270,HCP_11270,Orthopedics,Chennai,Nungambakkam,Central Chennai
NPIIN0000011271,HCP_11271,Cardiology,Chennai,Kilpauk,Central Chennai
NPIIN0000011272,HCP_11272,Dermatology,Chennai,Nungambakkam,Central Chennai
NPIIN0000011273,HCP_11273,Dermatology,Chennai,Tambaram,South Chennai
NPIIN0000011274,HCP_11274,Gastroenterology,Chennai,Nungambakkam,Central Chennai
NPIIN0000011275,HCP_11275,General Medicine,Chennai,Anna Nagar,Central Chennai
NPIIN0000011276,HCP_11276,Endocrinology,Chennai,Washermenpet,North Chennai
NPIIN0000011277,HCP_11277,Urology,Chennai,Anna Nagar,Central Chennai
NPIIN0000011278,HCP_11278,Gastroenterology,Chennai,Nungambakkam,Central Chennai
NPIIN0000011279,HCP_11279,Dermatology,Chennai,Perambur,North Chennai
NPIIN0000011280,HCP_11280,Endocrinology,Chennai,Mylapore,Central Chennai
NPIIN0000011281,HCP_11281,Pulmonology,Chennai,Nungambakkam,Central Chennai
NPIIN0000011282,HCP_11282,General Medicine,Chennai,Ambattur,North Chennai
NPIIN0000011283,HCP_11283,Neurology,Chennai,Washermenpet,North Chennai
NPIIN0000011284,HCP_11284,Gastroenterology,Chennai,Nungambakkam,Central Chennai
NPIIN0000011285,HCP_11285,Endocrinology,Chennai,Velachery,South Chennai
NPIIN0000011286,HCP_11286,Endocrinology,Chennai,Nungambakkam,Central Chennai
NPIIN0000011287,HCP_11287,Cardiology,Chennai,Velachery,South Chennai
NPIIN0000011288,HCP_11288,Endocrinology,Chennai,Guindy,South Chennai
NPIIN0000011289,HCP_11289,Diabetology,Chennai,Washermenpet,North Chennai
NPIIN0000011290,HCP_11290,Cardiology,Chennai,Anna Nagar,Central Chennai
NPIIN0000011291,HCP_11291,General Medicine,Chennai,Porur,South Chennai
NPIIN0000011292,HCP_11292,Neurology,Chennai,Royapuram,North Chennai
NPIIN0000011293,HCP_11293,Dermatology,Chennai,Nungambakkam,Central Chennai
NPIIN0000011294,HCP_11294,General Medicine,Chennai,Tondiarpet,North Chennai
NPIIN0000011295,HCP_11295,Cardiology,Chennai,Washermenpet,North Chennai
NPIIN0000011296,HCP_11296,Gastroenterology,Chennai,Tambaram,South Chennai
NPIIN0000011297,HCP_11297,General Medicine,Chennai,Guindy,South Chennai
NPIIN0000011298,HCP_11298,Diabetology,Chennai,Adyar,South Chennai
NPIIN0000011299,HCP_11299,General Medicine,Chennai,Tambaram,South Chennai
NPIIN0000011300,HCP_11300,Orthopedics,Chennai,Tambaram,South Chennai
NPIIN0000011301,HCP_11301,General Medicine,Chennai,Washermenpet,North Chennai
NPIIN0000011302,HCP_11302,Orthopedics,Chennai,Guindy,South Chennai
NPIIN0000011303,HCP_11303,Diabetology,Chennai,Adyar,South Chennai
NPIIN0000011304,HCP_11304,Cardiology,Chennai,Sholinganallur,South Chennai
NPIIN0000011305,HCP_11305,Endocrinology,Chennai,Tambaram,South Chennai
NPIIN0000011306,HCP_11306,Gastroenterology,Chennai,Royapuram,North Chennai
NPIIN0000011307,HCP_11307,Pulmonology,Chennai,Anna Nagar,Central Chennai
NPIIN0000011308,HCP_11308,Pulmonology,Chennai,Velachery,South Chennai
NPIIN0000011309,HCP_11309,Orthopedics,Chennai,Mylapore,Central Chennai
NPIIN0000011310,HCP_11310,General Medicine,Chennai,Egmore,Central Chennai
NPIIN0000011311,HCP_11311,Cardiology,Chennai,Perambur,North Chennai
NPIIN0000011312,HCP_11312,Gastroenterology,Chennai,Madhavaram,North Chennai
NPIIN0000011313,HCP_11313,Endocrinology,Chennai,Perambur,North Chennai
NPIIN0000011314,HCP_11314,Pulmonology,Chennai,Kilpauk,Central Chennai
NPIIN0000011315,HCP_11315,Dermatology,Chennai,Anna Nagar,Central Chennai
NPIIN0000011316,HCP_11316,General Medicine,Chennai,Nungambakkam,Central Chennai
NPIIN0000011317,HCP_11317,Diabetology,Chennai,Kilpauk,Central Chennai
NPIIN0000011318,HCP_11318,Pulmonology,Chennai,Nungambakkam,Central Chennai
NPIIN0000011319,HCP_11319,Cardiology,Chennai,Guindy,South Chennai
NPIIN0000011320,HCP_11320,Diabetology,Chennai,Kilpauk,Central Chennai
NPIIN0000011321,HCP_11321,General Medicine,Chennai,Washermenpet,North Chennai
NPIIN0000011322,HCP_11322,Diabetology,Chennai,T Nagar,Central Chennai
NPIIN0000011323,HCP_11323,Cardiology,Chennai,Royapuram,North Chennai
NPIIN0000011324,HCP_11324,Pulmonology,Chennai,Guindy,South Chennai
NPIIN0000011325,HCP_11325,General Medicine,Chennai,Nungambakkam,Central Chennai
NPIIN0000011326,HCP_11326,General Medicine,Chennai,T Nagar,Central Chennai
NPIIN0000011327,HCP_11327,Orthopedics,Chennai,Adyar,South Chennai
NPIIN0000011328,HCP_11328,Cardiology,Chennai,Mylapore,Central Chennai
NPIIN0000011329,HCP_11329,Endocrinology,Chennai,Sholinganallur,South Chennai
NPIIN0000011330,HCP_11330,Urology,Chennai,Tambaram,South Chennai
NPIIN0000011331,HCP_11331,Cardiology,Chennai,Washermenpet,North Chennai
NPIIN0000011332,HCP_11332,Urology,Chennai,Tambaram,South Chennai
NPIIN0000011333,HCP_11333,Neurology,Chennai,Washermenpet,North Chennai
NPIIN0000011334,HCP_11334,General Medicine,Chennai,Royapuram,North Chennai
NPIIN0000011335,HCP_11335,Diabetology,Chennai,Mylapore,Central Chennai
NPIIN0000011336,HCP_11336,General Medicine,Chennai,Kilpauk,Central Chennai
NPIIN0000011337,HCP_11337,Dermatology,Chennai,Nungambakkam,Central Chennai
NPIIN0000011338,HCP_11338,Cardiology,Chennai,Madhavaram,North Chennai
NPIIN0000011339,HCP_11339,Gastroenterology,Chennai,Ambattur,North Chennai
NPIIN0000011340,HCP_11340,Dermatology,Chennai,Egmore,Central Chennai
NPIIN0000011341,HCP_11341,Neurology,Chennai,Ambattur,North Chennai
NPIIN0000011342,HCP_11342,Cardiology,Chennai,Anna Nagar,Central Chennai
NPIIN0000011343,HCP_11343,Gastroenterology,Chennai,Kilpauk,Central Chennai
NPIIN0000011344,HCP_11344,Gastroenterology,Chennai,Anna Nagar,Central Chennai
NPIIN0000011345,HCP_11345,Cardiology,Chennai,Guindy,South Chennai
NPIIN0000011346,HCP_11346,Urology,Chennai,Royapuram,North Chennai
NPIIN0000011347,HCP_11347,Cardiology,Chennai,Sholinganallur,South Chennai
NPIIN0000011348,HCP_11348,Orthopedics,Chennai,Kilpauk,Central Chennai
NPIIN0000011349,HCP_11349,Cardiology,Chennai,Ambattur,North Chennai
NPIIN0000011350,HCP_11350,Endocrinology,Chennai,Tambaram,South Chennai
NPIIN0000011351,HCP_11351,Neurology,Chennai,Anna Nagar,Central Chennai
NPIIN0000011352,HCP_11352,Cardiology,Chennai,Tondiarpet,North Chennai
NPIIN0000011353,HCP_11353,Endocrinology,Chennai,Egmore,Central Chennai
NPIIN0000011354,HCP_11354,Cardiology,Chennai,Anna Nagar,Central Chennai
NPIIN0000011355,HCP_11355,Dermatology,Chennai,Royapuram,North Chennai
NPIIN0000011356,HCP_11356,Cardiology,Chennai,Anna Nagar,Central Chennai
NPIIN0000011357,HCP_11357,Neurology,Chennai,Perambur,North Chennai
NPIIN0000011358,HCP_11358,Pulmonology,Chennai,Tambaram,South Chennai
NPIIN0000011359,HCP_11359,General Medicine,Chennai,Nungambakkam,Central Chennai
NPIIN0000011360,HCP_11360,General Medicine,Chennai,Anna Nagar,Central Chennai
NPIIN0000011361,HCP_11361,Diabetology,Chennai,Velachery,South Chennai
NPIIN0000011362,HCP_11362,Orthopedics,Chennai,Ambattur,North Chennai
NPIIN0000011363,HCP_11363,Gastroenterology,Chennai,Tambaram,South Chennai
NPIIN0000011364,HCP_11364,Urology,Chennai,Mylapore,Central Chennai
NPIIN0000011365,HCP_11365,Gastroenterology,Chennai,Adyar,South Chennai
NPIIN0000011366,HCP_11366,Dermatology,Chennai,Porur,South Chennai
NPIIN0000011367,HCP_11367,Orthopedics,Chennai,Kilpauk,Central Chennai
NPIIN0000011368,HCP_11368,General Medicine,Chennai,Velachery,South Chennai
NPIIN0000011369,HCP_11369,Urology,Chennai,Porur,South Chennai
NPIIN0000011370,HCP_11370,Cardiology,Chennai,Porur,South Chennai
NPIIN0000011371,HCP_11371,Cardiology,Chennai,Egmore,Central Chennai
NPIIN0000011372,HCP_11372,General Medicine,Chennai,Perambur,North Chennai
NPIIN0000011373,HCP_11373,General Medicine,Chennai,Egmore,Central Chennai
NPIIN0000011374,HCP_11374,General Medicine,Chennai,Adyar,South Chennai
NPIIN0000011375,HCP_11375,Pulmonology,Chennai,Anna Nagar,Central Chennai
NPIIN0000011376,HCP_11376,Pulmonology,Chennai,Egmore,Central Chennai
NPIIN0000011377,HCP_11377,Urology,Chennai,Sholinganallur,South Chennai
NPIIN0000011378,HCP_11378,General Medicine,Chennai,Anna Nagar,Central Chennai
NPIIN0000011379,HCP_11379,Diabetology,Chennai,Washermenpet,North Chennai
NPIIN0000011380,HCP_11380,Neurology,Chennai,Kilpauk,Central Chennai
NPIIN0000011381,HCP_11381,Neurology,Chennai,Sholinganallur,South Chennai
NPIIN0000011382,HCP_11382,Dermatology,Chennai,T Nagar,Central Chennai
NPIIN0000011383,HCP_11383,Diabetology,Chennai,Ambattur,North Chennai
NPIIN0000011384,HCP_11384,Cardiology,Chennai,Ambattur,North Chennai
NPIIN0000011385,HCP_11385,Orthopedics,Chennai,Egmore,Central Chennai
NPIIN0000011386,HCP_11386,Cardiology,Chennai,T Nagar,Central Chennai
NPIIN0000011387,HCP_11387,Neurology,Chennai,T Nagar,Central Chennai
NPIIN0000011388,HCP_11388,Diabetology,Chennai,Adyar,South Chennai
NPIIN0000011389,HCP_11389,General Medicine,Chennai,Egmore,Central Chennai
NPIIN0000011390,HCP_11390,Dermatology,Chennai,T Nagar,Central Chennai
NPIIN0000011391,HCP_11391,General Medicine,Chennai,Mylapore,Central Chennai
NPIIN0000011392,HCP_11392,Endocrinology,Chennai,Tondiarpet,North Chennai
NPIIN0000011393,HCP_11393,Gastroenterology,Chennai,Porur,South Chennai
NPIIN0000011394,HCP_11394,Cardiology,Chennai,Perambur,North Chennai
NPIIN0000011395,HCP_11395,Diabetology,Chennai,Porur,South Chennai
NPIIN0000011396,HCP_11396,Pulmonology,Chennai,Tambaram,South Chennai
NPIIN0000011397,HCP_11397,General Medicine,Chennai,Velachery,South Chennai
NPIIN0000011398,HCP_11398,Pulmonology,Chennai,Guindy,South Chennai
NPIIN0000011399,HCP_11399,General Medicine,Chennai,Nungambakkam,Central Chennai
NPIIN0000011400,HCP_11400,General Medicine,Chennai,Velachery,South Chennai
NPIIN0000011401,HCP_11401,General Medicine,Chennai,Adyar,South Chennai
NPIIN0000011402,HCP_11402,Urology,Chennai,Royapuram,North Chennai
NPIIN0000011403,HCP_11403,Cardiology,Chennai,Egmore,Central Chennai
NPIIN0000011404,HCP_11404,Orthopedics,Chennai,Anna Nagar,Central Chennai
NPIIN0000011405,HCP_11405,General Medicine,Chennai,Madhavaram,North Chennai
NPIIN0000011406,HCP_11406,General Medicine,Chennai,Washermenpet,North Chennai
NPIIN0000011407,HCP_11407,Gastroenterology,Chennai,Sholinganallur,South Chennai
NPIIN0000011408,HCP_11408,General Medicine,Chennai,Tondiarpet,North Chennai
NPIIN0000011409,HCP_11409,Pulmonology,Chennai,Madhavaram,North Chennai
NPIIN0000011410,HCP_11410,Urology,Chennai,Kilpauk,Central Chennai
NPIIN0000011411,HCP_11411,Dermatology,Chennai,Egmore,Central Chennai
NPIIN0000011412,HCP_11412,General Medicine,Chennai,Anna Nagar,Central Chennai
NPIIN0000011413,HCP_11413,Gastroenterology,Chennai,Sholinganallur,South Chennai
NPIIN0000011414,HCP_11414,General Medicine,Chennai,Royapuram,North Chennai
NPIIN0000011415,HCP_11415,Gastroenterology,Chennai,Tambaram,South Chennai
NPIIN0000011416,HCP_11416,Endocrinology,Chennai,Porur,South Chennai
NPIIN0000011417,HCP_11417,Cardiology,Chennai,Adyar,South Chennai
NPIIN0000011418,HCP_11418,Pulmonology,Chennai,Washermenpet,North Chennai
NPIIN0000011419,HCP_11419,Endocrinology,Chennai,Tambaram,South Chennai
NPIIN0000011420,HCP_11420,Gastroenterology,Chennai,Sholinganallur,South Chennai
NPIIN0000011421,HCP_11421,Cardiology,Chennai,Tambaram,South Chennai
NPIIN0000011422,HCP_11422,Cardiology,Chennai,Anna Nagar,Central Chennai
NPIIN0000011423,HCP_11423,Neurology,Chennai,Guindy,South Chennai
NPIIN0000011424,HCP_11424,General Medicine,Chennai,Egmore,Central Chennai
NPIIN0000011425,HCP_11425,Orthopedics,Chennai,Mylapore,Central Chennai
NPIIN0000011426,HCP_11426,Diabetology,Chennai,Tambaram,South Chennai
NPIIN0000011427,HCP_11427,Cardiology,Chennai,Guindy,South Chennai
NPIIN0000011428,HCP_11428,Cardiology,Chennai,Anna Nagar,Central Chennai
NPIIN0000011429,HCP_11429,General Medicine,Chennai,Nungambakkam,Central Chennai
NPIIN0000011430,HCP_11430,Cardiology,Chennai,Guindy,South Chennai
NPIIN0000011431,HCP_11431,Gastroenterology,Chennai,Egmore,Central Chennai
NPIIN0000011432,HCP_11432,Cardiology,Chennai,Nungambakkam,Central Chennai
NPIIN0000011433,HCP_11433,Urology,Chennai,Adyar,South Chennai
NPIIN0000011434,HCP_11434,Pulmonology,Chennai,Adyar,South Chennai
NPIIN0000011435,HCP_11435,Neurology,Chennai,Ambattur,North Chennai
NPIIN0000011436,HCP_11436,Cardiology,Chennai,Washermenpet,North Chennai
NPIIN0000011437,HCP_11437,Cardiology,Chennai,T Nagar,Central Chennai
NPIIN0000011438,HCP_11438,General Medicine,Chennai,Mylapore,Central Chennai
NPIIN0000011439,HCP_11439,General Medicine,Chennai,Tambaram,South Chennai
NPIIN0000011440,HCP_11440,Pulmonology,Chennai,Tambaram,South Chennai
NPIIN0000011441,HCP_11441,Diabetology,Chennai,Kilpauk,Central Chennai
NPIIN0000011442,HCP_11442,Diabetology,Chennai,Kilpauk,Central Chennai
NPIIN0000011443,HCP_11443,Orthopedics,Chennai,T Nagar,Central Chennai
NPIIN0000011444,HCP_11444,Diabetology,Chennai,Egmore,Central Chennai
NPIIN0000011445,HCP_11445,Cardiology,Chennai,Mylapore,Central Chennai
NPIIN0000011446,HCP_11446,General Medicine,Chennai,T Nagar,Central Chennai
NPIIN0000011447,HCP_11447,Diabetology,Chennai,Tambaram,South Chennai
NPIIN0000011448,HCP_11448,General Medicine,Chennai,Nungambakkam,Central Chennai
NPIIN0000011449,HCP_11449,Pulmonology,Chennai,Porur,South Chennai
NPIIN0000011450,HCP_11450,Pulmonology,Chennai,Washermenpet,North Chennai
NPIIN0000011451,HCP_11451,Neurology,Chennai,Guindy,South Chennai
NPIIN0000011452,HCP_11452,Endocrinology,Chennai,Guindy,South Chennai
NPIIN0000011453,HCP_11453,Cardiology,Chennai,Perambur,North Chennai
NPIIN0000011454,HCP_11454,Dermatology,Chennai,T Nagar,Central Chennai
NPIIN0000011455,HCP_11455,Endocrinology,Chennai,Sholinganallur,South Chennai
NPIIN0000011456,HCP_11456,Diabetology,Chennai,Nungambakkam,Central Chennai
NPIIN0000011457,HCP_11457,General Medicine,Chennai,Egmore,Central Chennai
NPIIN0000011458,HCP_11458,Gastroenterology,Chennai,Anna Nagar,Central Chennai
NPIIN0000011459,HCP_11459,Endocrinology,Chennai,Tambaram,South Chennai
NPIIN0000011460,HCP_11460,Urology,Chennai,Mylapore,Central Chennai
NPIIN0000011461,HCP_11461,Diabetology,Chennai,Royapuram,North Chennai
NPIIN0000011462,HCP_11462,Orthopedics,Chennai,Tondiarpet,North Chennai
NPIIN0000011463,HCP_11463,Diabetology,Chennai,Tambaram,South Chennai
NPIIN0000011464,HCP_11464,Gastroenterology,Chennai,Mylapore,Central Chennai
NPIIN0000011465,HCP_11465,General Medicine,Chennai,Guindy,South Chennai
NPIIN0000011466,HCP_11466,Dermatology,Chennai,Porur,South Chennai
NPIIN0000011467,HCP_11467,General Medicine,Chennai,Royapuram,North Chennai
NPIIN0000011468,HCP_11468,Urology,Chennai,Royapuram,North Chennai
NPIIN0000011469,HCP_11469,Gastroenterology,Chennai,Porur,South Chennai
NPIIN0000011470,HCP_11470,Pulmonology,Chennai,Adyar,South Chennai
NPIIN0000011471,HCP_11471,Diabetology,Chennai,Ambattur,North Chennai
NPIIN0000011472,HCP_11472,Diabetology,Chennai,Mylapore,Central Chennai
NPIIN0000011473,HCP_11473,Orthopedics,Chennai,T Nagar,Central Chennai
NPIIN0000011474,HCP_11474,Urology,Chennai,Egmore,Central Chennai
NPIIN0000011475,HCP_11475,Cardiology,Chennai,Nungambakkam,Central Chennai
NPIIN0000011476,HCP_11476,Endocrinology,Chennai,T Nagar,Central Chennai
NPIIN0000011477,HCP_11477,Cardiology,Chennai,Anna Nagar,Central Chennai
NPIIN0000011478,HCP_11478,Endocrinology,Chennai,Porur,South Chennai
NPIIN0000011479,HCP_11479,Diabetology,Chennai,Velachery,South Chennai
NPIIN0000011480,HCP_11480,Dermatology,Chennai,Porur,South Chennai
NPIIN0000011481,HCP_11481,Cardiology,Chennai,Guindy,South Chennai
NPIIN0000011482,HCP_11482,Urology,Chennai,Guindy,South Chennai
NPIIN0000011483,HCP_11483,Orthopedics,Chennai,Mylapore,Central Chennai
NPIIN0000011484,HCP_11484,Diabetology,Chennai,Guindy,South Chennai
NPIIN0000011485,HCP_11485,General Medicine,Chennai,Kilpauk,Central Chennai
NPIIN0000011486,HCP_11486,General Medicine,Chennai,Tondiarpet,North Chennai
NPIIN0000011487,HCP_11487,Endocrinology,Chennai,Sholinganallur,South Chennai
NPIIN0000011488,HCP_11488,Gastroenterology,Chennai,Sholinganallur,South Chennai
NPIIN0000011489,HCP_11489,Pulmonology,Chennai,Nungambakkam,Central Chennai
NPIIN0000011490,HCP_11490,Cardiology,Chennai,Porur,South Chennai
NPIIN0000011491,HCP_11491,Urology,Chennai,Nungambakkam,Central Chennai
NPIIN0000011492,HCP_11492,Diabetology,Chennai,Nungambakkam,Central Chennai
NPIIN0000011493,HCP_11493,Endocrinology,Chennai,Mylapore,Central Chennai
NPIIN0000011494,HCP_11494,Orthopedics,Chennai,Egmore,Central Chennai
NPIIN0000011495,HCP_11495,Cardiology,Chennai,Guindy,South Chennai
NPIIN0000011496,HCP_11496,Cardiology,Chennai,Perambur,North Chennai
NPIIN0000011497,HCP_11497,Endocrinology,Chennai,Egmore,Central Chennai
NPIIN0000011498,HCP_11498,Diabetology,Chennai,Sholinganallur,South Chennai
NPIIN0000011499,HCP_11499,General Medicine,Chennai,Tondiarpet,North Chennai
NPIIN0000011500,HCP_11500,Neurology,Chennai,Royapuram,North Chennai
NPIIN0000011501,HCP_11501,General Medicine,Chennai,Royapuram,North Chennai
NPIIN0000011502,HCP_11502,Pulmonology,Chennai,Royapuram,North Chennai
NPIIN0000011503,HCP_11503,Cardiology,Chennai,Royapuram,North Chennai
NPIIN0000011504,HCP_11504,General Medicine,Chennai,Perambur,North Chennai
NPIIN0000011505,HCP_11505,Orthopedics,Chennai,Adyar,South Chennai
NPIIN0000011506,HCP_11506,Gastroenterology,Chennai,Anna Nagar,Central Chennai
NPIIN0000011507,HCP_11507,Gastroenterology,Chennai,Madhavaram,North Chennai
NPIIN0000011508,HCP_11508,Diabetology,Chennai,Egmore,Central Chennai
NPIIN0000011509,HCP_11509,General Medicine,Chennai,Guindy,South Chennai
NPIIN0000011510,HCP_11510,Dermatology,Chennai,Mylapore,Central Chennai
NPIIN0000011511,HCP_11511,Urology,Chennai,Egmore,Central Chennai
NPIIN0000011512,HCP_11512,Gastroenterology,Chennai,Guindy,South Chennai
NPIIN0000011513,HCP_11513,General Medicine,Chennai,Madhavaram,North Chennai
NPIIN0000011514,HCP_11514,Cardiology,Chennai,Mylapore,Central Chennai
NPIIN0000011515,HCP_11515,Cardiology,Chennai,Kilpauk,Central Chennai
NPIIN0000011516,HCP_11516,Cardiology,Chennai,Perambur,North Chennai
NPIIN0000011517,HCP_11517,General Medicine,Chennai,Sholinganallur,South Chennai
NPIIN0000011518,HCP_11518,Cardiology,Chennai,Royapuram,North Chennai
NPIIN0000011519,HCP_11519,General Medicine,Chennai,Kilpauk,Central Chennai
NPIIN0000011520,HCP_11520,Pulmonology,Chennai,Royapuram,North Chennai
NPIIN0000011521,HCP_11521,Pulmonology,Chennai,Royapuram,North Chennai
NPIIN0000011522,HCP_11522,Pulmonology,Chennai,T Nagar,Central Chennai
NPIIN0000011523,HCP_11523,Endocrinology,Chennai,Velachery,South Chennai
NPIIN0000011524,HCP_11524,General Medicine,Chennai,T Nagar,Central Chennai
NPIIN0000011525,HCP_11525,Orthopedics,Chennai,Velachery,South Chennai
NPIIN0000011526,HCP_11526,General Medicine,Chennai,Guindy,South Chennai
NPIIN0000011527,HCP_11527,Urology,Chennai,T Nagar,Central Chennai
NPIIN0000011528,HCP_11528,General Medicine,Chennai,Adyar,South Chennai
NPIIN0000011529,HCP_11529,Pulmonology,Chennai,Guindy,South Chennai
NPIIN0000011530,HCP_11530,General Medicine,Chennai,Tondiarpet,North Chennai
NPIIN0000011531,HCP_11531,Neurology,Chennai,Washermenpet,North Chennai
NPIIN0000011532,HCP_11532,Urology,Chennai,Kilpauk,Central Chennai
NPIIN0000011533,HCP_11533,General Medicine,Chennai,Anna Nagar,Central Chennai
NPIIN0000011534,HCP_11534,Gastroenterology,Chennai,Porur,South Chennai
NPIIN0000011535,HCP_11535,Urology,Chennai,T Nagar,Central Chennai
NPIIN0000011536,HCP_11536,Gastroenterology,Chennai,Kilpauk,Central Chennai
NPIIN0000011537,HCP_11537,Cardiology,Chennai,Tondiarpet,North Chennai
NPIIN0000011538,HCP_11538,Cardiology,Chennai,T Nagar,Central Chennai
NPIIN0000011539,HCP_11539,Urology,Chennai,Velachery,South Chennai
NPIIN0000011540,HCP_11540,Gastroenterology,Chennai,Velachery,South Chennai
NPIIN0000011541,HCP_11541,Orthopedics,Chennai,Velachery,South Chennai
NPIIN0000011542,HCP_11542,Diabetology,Chennai,Kilpauk,Central Chennai
NPIIN0000011543,HCP_11543,Gastroenterology,Chennai,Royapuram,North Chennai
NPIIN0000011544,HCP_11544,Dermatology,Chennai,Adyar,South Chennai
NPIIN0000011545,HCP_11545,Dermatology,Chennai,Ambattur,North Chennai
NPIIN0000011546,HCP_11546,Neurology,Chennai,Velachery,South Chennai
NPIIN0000011547,HCP_11547,Cardiology,Chennai,Royapuram,North Chennai
NPIIN0000011548,HCP_11548,Neurology,Chennai,Anna Nagar,Central Chennai
NPIIN0000011549,HCP_11549,Pulmonology,Chennai,Egmore,Central Chennai
NPIIN0000011550,HCP_11550,General Medicine,Chennai,Velachery,South Chennai
NPIIN0000011551,HCP_11551,Endocrinology,Chennai,T Nagar,Central Chennai
NPIIN0000011552,HCP_11552,Urology,Chennai,Porur,South Chennai
NPIIN0000011553,HCP_11553,Endocrinology,Chennai,Madhavaram,North Chennai
NPIIN0000011554,HCP_11554,General Medicine,Chennai,Egmore,Central Chennai
NPIIN0000011555,HCP_11555,Pulmonology,Chennai,Porur,South Chennai
NPIIN0000011556,HCP_11556,Orthopedics,Chennai,Ambattur,North Chennai
NPIIN0000011557,HCP_11557,Neurology,Chennai,T Nagar,Central Chennai
NPIIN0000011558,HCP_11558,Diabetology,Chennai,Porur,South Chennai
NPIIN0000011559,HCP_11559,Cardiology,Chennai,Guindy,South Chennai
NPIIN0000011560,HCP_11560,Diabetology,Chennai,Perambur,North Chennai
NPIIN0000011561,HCP_11561,Diabetology,Chennai,Sholinganallur,South Chennai
NPIIN0000011562,HCP_11562,Dermatology,Chennai,Madhavaram,North Chennai
NPIIN0000011563,HCP_11563,General Medicine,Chennai,Ambattur,North Chennai
NPIIN0000011564,HCP_11564,Cardiology,Chennai,Nungambakkam,Central Chennai
NPIIN0000011565,HCP_11565,Urology,Chennai,Nungambakkam,Central Chennai
NPIIN0000011566,HCP_11566,Cardiology,Chennai,Royapuram,North Chennai
NPIIN0000011567,HCP_11567,Cardiology,Chennai,Madhavaram,North Chennai
NPIIN0000011568,HCP_11568,General Medicine,Chennai,Adyar,South Chennai
NPIIN0000011569,HCP_11569,Cardiology,Chennai,Ambattur,North Chennai
NPIIN0000011570,HCP_11570,Endocrinology,Chennai,Madhavaram,North Chennai
NPIIN0000011571,HCP_11571,Orthopedics,Chennai,Porur,South Chennai
NPIIN0000011572,HCP_11572,Dermatology,Chennai,Tambaram,South Chennai
NPIIN0000011573,HCP_11573,Gastroenterology,Chennai,Anna Nagar,Central Chennai
NPIIN0000011574,HCP_11574,Neurology,Chennai,Tambaram,South Chennai
NPIIN0000011575,HCP_11575,Cardiology,Chennai,Guindy,South Chennai
NPIIN0000011576,HCP_11576,Dermatology,Chennai,Kilpauk,Central Chennai
NPIIN0000011577,HCP_11577,General Medicine,Chennai,Nungambakkam,Central Chennai
NPIIN0000011578,HCP_11578,Cardiology,Chennai,Mylapore,Central Chennai
NPIIN0000011579,HCP_11579,Diabetology,Chennai,Sholinganallur,South Chennai
NPIIN0000011580,HCP_11580,General Medicine,Chennai,Washermenpet,North Chennai
NPIIN0000011581,HCP_11581,Cardiology,Chennai,Perambur,North Chennai
NPIIN0000011582,HCP_11582,Diabetology,Chennai,Porur,South Chennai
NPIIN0000011583,HCP_11583,General Medicine,Chennai,Nungambakkam,Central Chennai
NPIIN0000011584,HCP_11584,General Medicine,Chennai,Ambattur,North Chennai
NPIIN0000011585,HCP_11585,Cardiology,Chennai,Sholinganallur,South Chennai
NPIIN0000011586,HCP_11586,Pulmonology,Chennai,Porur,South Chennai
NPIIN0000011587,HCP_11587,Endocrinology,Chennai,Porur,South Chennai
NPIIN0000011588,HCP_11588,Pulmonology,Chennai,Kilpauk,Central Chennai
NPIIN0000011589,HCP_11589,Endocrinology,Chennai,Anna Nagar,Central Chennai
NPIIN0000011590,HCP_11590,General Medicine,Chennai,Nungambakkam,Central Chennai
NPIIN0000011591,HCP_11591,Pulmonology,Chennai,Royapuram,North Chennai
NPIIN0000011592,HCP_11592,Neurology,Chennai,Egmore,Central Chennai
NPIIN0000011593,HCP_11593,Cardiology,Chennai,Porur,South Chennai
NPIIN0000011594,HCP_11594,Pulmonology,Chennai,Tambaram,South Chennai
NPIIN0000011595,HCP_11595,Dermatology,Chennai,Perambur,North Chennai
NPIIN0000011596,HCP_11596,Endocrinology,Chennai,Nungambakkam,Central Chennai
NPIIN0000011597,HCP_11597,Pulmonology,Chennai,Washermenpet,North Chennai
NPIIN0000011598,HCP_11598,General Medicine,Chennai,Washermenpet,North Chennai
NPIIN0000011599,HCP_11599,Dermatology,Chennai,Sholinganallur,South Chennai
NPIIN0000011600,HCP_11600,General Medicine,Chennai,Anna Nagar,Central Chennai
NPIIN0000011601,HCP_11601,Orthopedics,Chennai,Porur,South Chennai
NPIIN0000011602,HCP_11602,Neurology,Chennai,Nungambakkam,Central Chennai
NPIIN0000011603,HCP_11603,Pulmonology,Chennai,Anna Nagar,Central Chennai
NPIIN0000011604,HCP_11604,Diabetology,Chennai,Velachery,South Chennai
NPIIN0000011605,HCP_11605,Pulmonology,Chennai,Mylapore,Central Chennai
NPIIN0000011606,HCP_11606,Cardiology,Chennai,Anna Nagar,Central Chennai
NPIIN0000011607,HCP_11607,General Medicine,Chennai,Velachery,South Chennai
NPIIN0000011608,HCP_11608,Diabetology,Chennai,Madhavaram,North Chennai
NPIIN0000011609,HCP_11609,Neurology,Chennai,Egmore,Central Chennai
NPIIN0000011610,HCP_11610,Gastroenterology,Chennai,Nungambakkam,Central Chennai
NPIIN0000011611,HCP_11611,Urology,Chennai,Anna Nagar,Central Chennai
NPIIN0000011612,HCP_11612,Endocrinology,Chennai,Ambattur,North Chennai
NPIIN0000011613,HCP_11613,Urology,Chennai,Kilpauk,Central Chennai
NPIIN0000011614,HCP_11614,Dermatology,Chennai,Velachery,South Chennai
NPIIN0000011615,HCP_11615,Urology,Chennai,Guindy,South Chennai
NPIIN0000011616,HCP_11616,Gastroenterology,Chennai,Nungambakkam,Central Chennai
NPIIN0000011617,HCP_11617,Diabetology,Chennai,Kilpauk,Central Chennai
NPIIN0000011618,HCP_11618,Urology,Chennai,Mylapore,Central Chennai
NPIIN0000011619,HCP_11619,Pulmonology,Chennai,Mylapore,Central Chennai
NPIIN0000011620,HCP_11620,Gastroenterology,Chennai,Kilpauk,Central Chennai
NPIIN0000011621,HCP_11621,Endocrinology,Chennai,Guindy,South Chennai
NPIIN0000011622,HCP_11622,Endocrinology,Chennai,Anna Nagar,Central Chennai
NPIIN0000011623,HCP_11623,Diabetology,Chennai,Madhavaram,North Chennai
NPIIN0000011624,HCP_11624,General Medicine,Chennai,Velachery,South Chennai
NPIIN0000011625,HCP_11625,General Medicine,Chennai,Velachery,South Chennai
NPIIN0000011626,HCP_11626,Urology,Chennai,Egmore,Central Chennai
NPIIN0000011627,HCP_11627,Cardiology,Chennai,T Nagar,Central Chennai
NPIIN0000011628,HCP_11628,Cardiology,Chennai,Guindy,South Chennai
NPIIN0000011629,HCP_11629,Diabetology,Chennai,Nungambakkam,Central Chennai
NPIIN0000011630,HCP_11630,Endocrinology,Chennai,Adyar,South Chennai
NPIIN0000011631,HCP_11631,General Medicine,Chennai,Sholinganallur,South Chennai
NPIIN0000011632,HCP_11632,Gastroenterology,Chennai,Madhavaram,North Chennai
NPIIN0000011633,HCP_11633,Orthopedics,Chennai,Mylapore,Central Chennai
NPIIN0000011634,HCP_11634,Endocrinology,Chennai,Kilpauk,Central Chennai
NPIIN0000011635,HCP_11635,Diabetology,Chennai,Madhavaram,North Chennai
NPIIN0000011636,HCP_11636,Gastroenterology,Chennai,Tondiarpet,North Chennai
NPIIN0000011637,HCP_11637,Diabetology,Chennai,Sholinganallur,South Chennai
NPIIN0000011638,HCP_11638,Neurology,Chennai,Velachery,South Chennai
NPIIN0000011639,HCP_11639,Pulmonology,Chennai,Adyar,South Chennai
NPIIN0000011640,HCP_11640,Dermatology,Chennai,Tambaram,South Chennai
NPIIN0000011641,HCP_11641,Cardiology,Chennai,Porur,South Chennai
NPIIN0000011642,HCP_11642,Orthopedics,Chennai,T Nagar,Central Chennai
NPIIN0000011643,HCP_11643,Orthopedics,Chennai,Royapuram,North Chennai
NPIIN0000011644,HCP_11644,Cardiology,Chennai,Washermenpet,North Chennai
NPIIN0000011645,HCP_11645,General Medicine,Chennai,Royapuram,North Chennai
NPIIN0000011646,HCP_11646,General Medicine,Chennai,Kilpauk,Central Chennai
NPIIN0000011647,HCP_11647,Diabetology,Chennai,Ambattur,North Chennai
NPIIN0000011648,HCP_11648,Orthopedics,Chennai,Kilpauk,Central Chennai
NPIIN0000011649,HCP_11649,Endocrinology,Chennai,Nungambakkam,Central Chennai
NPIIN0000011650,HCP_11650,Diabetology,Chennai,Guindy,South Chennai
NPIIN0000011651,HCP_11651,Cardiology,Chennai,Ambattur,North Chennai
NPIIN0000011652,HCP_11652,Pulmonology,Chennai,Perambur,North Chennai
NPIIN0000011653,HCP_11653,Urology,Chennai,Ambattur,North Chennai
NPIIN0000011654,HCP_11654,Pulmonology,Chennai,Ambattur,North Chennai
NPIIN0000011655,HCP_11655,Neurology,Chennai,Anna Nagar,Central Chennai
NPIIN0000011656,HCP_11656,Cardiology,Chennai,Royapuram,North Chennai
NPIIN0000011657,HCP_11657,Gastroenterology,Chennai,Mylapore,Central Chennai
NPIIN0000011658,HCP_11658,General Medicine,Chennai,Tambaram,South Chennai
NPIIN0000011659,HCP_11659,General Medicine,Chennai,Kilpauk,Central Chennai
NPIIN0000011660,HCP_11660,Pulmonology,Chennai,Tambaram,South Chennai
NPIIN0000011661,HCP_11661,Orthopedics,Chennai,Tambaram,South Chennai
NPIIN0000011662,HCP_11662,Gastroenterology,Chennai,Perambur,North Chennai
NPIIN0000011663,HCP_11663,Neurology,Chennai,Mylapore,Central Chennai
NPIIN0000011664,HCP_11664,General Medicine,Chennai,Royapuram,North Chennai
NPIIN0000011665,HCP_11665,Cardiology,Chennai,Guindy,South Chennai
NPIIN0000011666,HCP_11666,Pulmonology,Chennai,Velachery,South Chennai
NPIIN0000011667,HCP_11667,Neurology,Chennai,Sholinganallur,South Chennai
NPIIN0000011668,HCP_11668,Neurology,Chennai,Velachery,South Chennai
NPIIN0000011669,HCP_11669,Pulmonology,Chennai,Ambattur,North Chennai
NPIIN0000011670,HCP_11670,Diabetology,Chennai,Sholinganallur,South Chennai
NPIIN0000011671,HCP_11671,Endocrinology,Chennai,Royapuram,North Chennai
NPIIN0000011672,HCP_11672,Cardiology,Chennai,Porur,South Chennai
NPIIN0000011673,HCP_11673,Neurology,Chennai,Tondiarpet,North Chennai
NPIIN0000011674,HCP_11674,Orthopedics,Chennai,Guindy,South Chennai
NPIIN0000011675,HCP_11675,General Medicine,Chennai,Mylapore,Central Chennai
NPIIN0000011676,HCP_11676,Neurology,Chennai,Anna Nagar,Central Chennai
NPIIN0000011677,HCP_11677,Neurology,Chennai,T Nagar,Central Chennai
NPIIN0000011678,HCP_11678,Endocrinology,Chennai,Sholinganallur,South Chennai
NPIIN0000011679,HCP_11679,Endocrinology,Chennai,Madhavaram,North Chennai
NPIIN0000011680,HCP_11680,Endocrinology,Chennai,Perambur,North Chennai
NPIIN0000011681,HCP_11681,Orthopedics,Chennai,Tondiarpet,North Chennai
NPIIN0000011682,HCP_11682,Cardiology,Chennai,Perambur,North Chennai
NPIIN0000011683,HCP_11683,Pulmonology,Chennai,Adyar,South Chennai
NPIIN0000011684,HCP_11684,General Medicine,Chennai,Guindy,South Chennai
NPIIN0000011685,HCP_11685,Neurology,Chennai,Tambaram,South Chennai
NPIIN0000011686,HCP_11686,Endocrinology,Chennai,Sholinganallur,South Chennai
NPIIN0000011687,HCP_11687,Orthopedics,Chennai,Mylapore,Central Chennai
NPIIN0000011688,HCP_11688,General Medicine,Chennai,Egmore,Central Chennai
NPIIN0000011689,HCP_11689,Urology,Chennai,Tondiarpet,North Chennai
NPIIN0000011690,HCP_11690,Pulmonology,Chennai,Porur,South Chennai
NPIIN0000011691,HCP_11691,General Medicine,Chennai,Nungambakkam,Central Chennai
NPIIN0000011692,HCP_11692,Gastroenterology,Chennai,Tambaram,South Chennai
NPIIN0000011693,HCP_11693,Pulmonology,Chennai,Nungambakkam,Central Chennai
NPIIN0000011694,HCP_11694,Cardiology,Chennai,Nungambakkam,Central Chennai
NPIIN0000011695,HCP_11695,Neurology,Chennai,Nungambakkam,Central Chennai
NPIIN0000011696,HCP_11696,Pulmonology,Chennai,Velachery,South Chennai
NPIIN0000011697,HCP_11697,Pulmonology,Chennai,Porur,South Chennai
NPIIN0000011698,HCP_11698,Gastroenterology,Chennai,Perambur,North Chennai
NPIIN0000011699,HCP_11699,Neurology,Chennai,Sholinganallur,South Chennai
NPIIN0000011700,HCP_11700,General Medicine,Chennai,Velachery,South Chennai
NPIIN0000011701,HCP_11701,Diabetology,Chennai,Washermenpet,North Chennai
NPIIN0000011702,HCP_11702,Diabetology,Chennai,Velachery,South Chennai
NPIIN0000011703,HCP_11703,Pulmonology,Chennai,Anna Nagar,Central Chennai
NPIIN0000011704,HCP_11704,Diabetology,Chennai,Ambattur,North Chennai
NPIIN0000011705,HCP_11705,Cardiology,Chennai,Mylapore,Central Chennai
NPIIN0000011706,HCP_11706,Gastroenterology,Chennai,Ambattur,North Chennai
NPIIN0000011707,HCP_11707,Endocrinology,Chennai,Royapuram,North Chennai
NPIIN0000011708,HCP_11708,Endocrinology,Chennai,Egmore,Central Chennai
NPIIN0000011709,HCP_11709,Dermatology,Chennai,Madhavaram,North Chennai
NPIIN0000011710,HCP_11710,Neurology,Chennai,Velachery,South Chennai
NPIIN0000011711,HCP_11711,Gastroenterology,Chennai,Tondiarpet,North Chennai
NPIIN0000011712,HCP_11712,General Medicine,Chennai,Kilpauk,Central Chennai
NPIIN0000011713,HCP_11713,Pulmonology,Chennai,Anna Nagar,Central Chennai
NPIIN0000011714,HCP_11714,Orthopedics,Chennai,Royapuram,North Chennai
NPIIN0000011715,HCP_11715,Diabetology,Chennai,Velachery,South Chennai
NPIIN0000011716,HCP_11716,Cardiology,Chennai,Porur,South Chennai
NPIIN0000011717,HCP_11717,Endocrinology,Chennai,Mylapore,Central Chennai
NPIIN0000011718,HCP_11718,Urology,Chennai,Tambaram,South Chennai
NPIIN0000011719,HCP_11719,Diabetology,Chennai,Perambur,North Chennai
NPIIN0000011720,HCP_11720,General Medicine,Chennai,Velachery,South Chennai
NPIIN0000011721,HCP_11721,Pulmonology,Chennai,Kilpauk,Central Chennai
NPIIN0000011722,HCP_11722,Orthopedics,Chennai,Perambur,North Chennai
NPIIN0000011723,HCP_11723,Diabetology,Chennai,Ambattur,North Chennai
NPIIN0000011724,HCP_11724,General Medicine,Chennai,Kilpauk,Central Chennai
NPIIN0000011725,HCP_11725,Orthopedics,Chennai,Mylapore,Central Chennai
NPIIN0000011726,HCP_11726,Endocrinology,Chennai,Anna Nagar,Central Chennai
NPIIN0000011727,HCP_11727,Pulmonology,Chennai,Washermenpet,North Chennai
NPIIN0000011728,HCP_11728,Cardiology,Chennai,Porur,South Chennai
NPIIN0000011729,HCP_11729,Diabetology,Chennai,Porur,South Chennai
NPIIN0000011730,HCP_11730,Cardiology,Chennai,Egmore,Central Chennai
NPIIN0000011731,HCP_11731,General Medicine,Chennai,Tambaram,South Chennai
NPIIN0000011732,HCP_11732,Endocrinology,Chennai,Madhavaram,North Chennai
NPIIN0000011733,HCP_11733,Dermatology,Chennai,Tambaram,South Chennai
NPIIN0000011734,HCP_11734,General Medicine,Chennai,Nungambakkam,Central Chennai
NPIIN0000011735,HCP_11735,General Medicine,Chennai,Adyar,South Chennai
NPIIN0000011736,HCP_11736,Neurology,Chennai,Adyar,South Chennai
NPIIN0000011737,HCP_11737,Orthopedics,Chennai,Porur,South Chennai
NPIIN0000011738,HCP_11738,Diabetology,Chennai,Sholinganallur,South Chennai
NPIIN0000011739,HCP_11739,Cardiology,Chennai,Washermenpet,North Chennai
NPIIN0000011740,HCP_11740,Cardiology,Chennai,Sholinganallur,South Chennai
NPIIN0000011741,HCP_11741,Dermatology,Chennai,Tondiarpet,North Chennai
NPIIN0000011742,HCP_11742,Dermatology,Chennai,Tondiarpet,North Chennai
NPIIN0000011743,HCP_11743,General Medicine,Chennai,Adyar,South Chennai
NPIIN0000011744,HCP_11744,Endocrinology,Chennai,Kilpauk,Central Chennai
NPIIN0000011745,HCP_11745,General Medicine,Chennai,Royapuram,North Chennai
NPIIN0000011746,HCP_11746,Neurology,Chennai,Guindy,South Chennai
NPIIN0000011747,HCP_11747,General Medicine,Chennai,Egmore,Central Chennai
NPIIN0000011748,HCP_11748,Cardiology,Chennai,Mylapore,Central Chennai
NPIIN0000011749,HCP_11749,Diabetology,Chennai,Nungambakkam,Central Chennai
NPIIN0000011750,HCP_11750,Neurology,Chennai,Sholinganallur,South Chennai
NPIIN0000011751,HCP_11751,Orthopedics,Chennai,Guindy,South Chennai
NPIIN0000011752,HCP_11752,Endocrinology,Chennai,Kilpauk,Central Chennai
NPIIN0000011753,HCP_11753,Urology,Chennai,Porur,South Chennai
NPIIN0000011754,HCP_11754,General Medicine,Chennai,Tondiarpet,North Chennai
NPIIN0000011755,HCP_11755,Neurology,Chennai,Porur,South Chennai
NPIIN0000011756,HCP_11756,Urology,Chennai,Tambaram,South Chennai
NPIIN0000011757,HCP_11757,Pulmonology,Chennai,Adyar,South Chennai
NPIIN0000011758,HCP_11758,Cardiology,Chennai,Anna Nagar,Central Chennai
NPIIN0000011759,HCP_11759,Diabetology,Chennai,Egmore,Central Chennai
NPIIN0000011760,HCP_11760,Dermatology,Chennai,Perambur,North Chennai
NPIIN0000011761,HCP_11761,Pulmonology,Chennai,Washermenpet,North Chennai
NPIIN0000011762,HCP_11762,Diabetology,Chennai,Tondiarpet,North Chennai
NPIIN0000011763,HCP_11763,Pulmonology,Chennai,T Nagar,Central Chennai
NPIIN0000011764,HCP_11764,Diabetology,Chennai,T Nagar,Central Chennai
NPIIN0000011765,HCP_11765,Diabetology,Chennai,Adyar,South Chennai
NPIIN0000011766,HCP_11766,Dermatology,Chennai,Mylapore,Central Chennai
NPIIN0000011767,HCP_11767,General Medicine,Chennai,Royapuram,North Chennai
NPIIN0000011768,HCP_11768,Diabetology,Chennai,Adyar,South Chennai
NPIIN0000011769,HCP_11769,General Medicine,Chennai,Anna Nagar,Central Chennai
NPIIN0000011770,HCP_11770,Urology,Chennai,Nungambakkam,Central Chennai
NPIIN0000011771,HCP_11771,Endocrinology,Chennai,Tondiarpet,North Chennai
NPIIN0000011772,HCP_11772,Endocrinology,Chennai,Royapuram,North Chennai
NPIIN0000011773,HCP_11773,General Medicine,Chennai,Egmore,Central Chennai
NPIIN0000011774,HCP_11774,Cardiology,Chennai,Adyar,South Chennai
NPIIN0000011775,HCP_11775,Cardiology,Chennai,T Nagar,Central Chennai
NPIIN0000011776,HCP_11776,Cardiology,Chennai,Nungambakkam,Central Chennai
NPIIN0000011777,HCP_11777,Endocrinology,Chennai,Kilpauk,Central Chennai
NPIIN0000011778,HCP_11778,Neurology,Chennai,Kilpauk,Central Chennai
NPIIN0000011779,HCP_11779,Endocrinology,Chennai,Tondiarpet,North Chennai
NPIIN0000011780,HCP_11780,General Medicine,Chennai,Sholinganallur,South Chennai
NPIIN0000011781,HCP_11781,Neurology,Chennai,Mylapore,Central Chennai
NPIIN0000011782,HCP_11782,Cardiology,Chennai,Madhavaram,North Chennai
NPIIN0000011783,HCP_11783,Endocrinology,Chennai,Royapuram,North Chennai
NPIIN0000011784,HCP_11784,Orthopedics,Chennai,Sholinganallur,South Chennai
NPIIN0000011785,HCP_11785,Pulmonology,Chennai,Tambaram,South Chennai
NPIIN0000011786,HCP_11786,Neurology,Chennai,Kilpauk,Central Chennai
NPIIN0000011787,HCP_11787,General Medicine,Chennai,Velachery,South Chennai
NPIIN0000011788,HCP_11788,Orthopedics,Chennai,Kilpauk,Central Chennai
NPIIN0000011789,HCP_11789,Endocrinology,Chennai,Velachery,South Chennai
NPIIN0000011790,HCP_11790,Cardiology,Chennai,Nungambakkam,Central Chennai
NPIIN0000011791,HCP_11791,Dermatology,Chennai,Adyar,South Chennai
NPIIN0000011792,HCP_11792,Cardiology,Chennai,Velachery,South Chennai
NPIIN0000011793,HCP_11793,Pulmonology,Chennai,Adyar,South Chennai
NPIIN0000011794,HCP_11794,Cardiology,Chennai,Nungambakkam,Central Chennai
NPIIN0000011795,HCP_11795,General Medicine,Chennai,Adyar,South Chennai
NPIIN0000011796,HCP_11796,Neurology,Chennai,Tambaram,South Chennai
NPIIN0000011797,HCP_11797,Pulmonology,Chennai,Tondiarpet,North Chennai
NPIIN0000011798,HCP_11798,Pulmonology,Chennai,Anna Nagar,Central Chennai
NPIIN0000011799,HCP_11799,Endocrinology,Chennai,Kilpauk,Central Chennai
NPIIN0000011800,HCP_11800,Diabetology,Chennai,Kilpauk,Central Chennai
NPIIN0000011801,HCP_11801,Gastroenterology,Chennai,Tambaram,South Chennai
NPIIN0000011802,HCP_11802,Cardiology,Chennai,Tondiarpet,North Chennai
NPIIN0000011803,HCP_11803,Pulmonology,Chennai,Velachery,South Chennai
NPIIN0000011804,HCP_11804,General Medicine,Chennai,Tambaram,South Chennai
NPIIN0000011805,HCP_11805,General Medicine,Chennai,Porur,South Chennai
NPIIN0000011806,HCP_11806,General Medicine,Chennai,Adyar,South Chennai
NPIIN0000011807,HCP_11807,Dermatology,Chennai,Washermenpet,North Chennai
NPIIN0000011808,HCP_11808,General Medicine,Chennai,Ambattur,North Chennai
NPIIN0000011809,HCP_11809,Cardiology,Chennai,Mylapore,Central Chennai
NPIIN0000011810,HCP_11810,Orthopedics,Chennai,Guindy,South Chennai
NPIIN0000011811,HCP_11811,Cardiology,Chennai,Sholinganallur,South Chennai
NPIIN0000011812,HCP_11812,Dermatology,Chennai,Perambur,North Chennai
NPIIN0000011813,HCP_11813,Cardiology,Chennai,Adyar,South Chennai
NPIIN0000011814,HCP_11814,General Medicine,Chennai,Sholinganallur,South Chennai
NPIIN0000011815,HCP_11815,General Medicine,Chennai,Madhavaram,North Chennai
NPIIN0000011816,HCP_11816,Cardiology,Chennai,Velachery,South Chennai
NPIIN0000011817,HCP_11817,Gastroenterology,Chennai,Porur,South Chennai
NPIIN0000011818,HCP_11818,Diabetology,Chennai,T Nagar,Central Chennai
NPIIN0000011819,HCP_11819,Pulmonology,Chennai,Egmore,Central Chennai
NPIIN0000011820,HCP_11820,Dermatology,Chennai,Tondiarpet,North Chennai
NPIIN0000011821,HCP_11821,Pulmonology,Chennai,Velachery,South Chennai
NPIIN0000011822,HCP_11822,General Medicine,Chennai,Mylapore,Central Chennai
NPIIN0000011823,HCP_11823,General Medicine,Chennai,Tambaram,South Chennai
NPIIN0000011824,HCP_11824,Cardiology,Chennai,Guindy,South Chennai
NPIIN0000011825,HCP_11825,Urology,Chennai,Tambaram,South Chennai
NPIIN0000011826,HCP_11826,Pulmonology,Chennai,Mylapore,Central Chennai
NPIIN0000011827,HCP_11827,Neurology,Chennai,Royapuram,North Chennai
NPIIN0000011828,HCP_11828,General Medicine,Chennai,T Nagar,Central Chennai
NPIIN0000011829,HCP_11829,General Medicine,Chennai,Mylapore,Central Chennai
NPIIN0000011830,HCP_11830,Cardiology,Chennai,Kilpauk,Central Chennai
NPIIN0000011831,HCP_11831,Endocrinology,Chennai,Anna Nagar,Central Chennai
NPIIN0000011832,HCP_11832,General Medicine,Chennai,Nungambakkam,Central Chennai
NPIIN0000011833,HCP_11833,Diabetology,Chennai,Madhavaram,North Chennai
NPIIN0000011834,HCP_11834,Cardiology,Chennai,Tondiarpet,North Chennai
NPIIN0000011835,HCP_11835,Pulmonology,Chennai,Nungambakkam,Central Chennai
NPIIN0000011836,HCP_11836,General Medicine,Chennai,Velachery,South Chennai
NPIIN0000011837,HCP_11837,General Medicine,Chennai,Madhavaram,North Chennai
NPIIN0000011838,HCP_11838,Gastroenterology,Chennai,Guindy,South Chennai
NPIIN0000011839,HCP_11839,Pulmonology,Chennai,Sholinganallur,South Chennai
NPIIN0000011840,HCP_11840,Cardiology,Chennai,Nungambakkam,Central Chennai
NPIIN0000011841,HCP_11841,Gastroenterology,Chennai,Velachery,South Chennai
NPIIN0000011842,HCP_11842,General Medicine,Chennai,Adyar,South Chennai
NPIIN0000011843,HCP_11843,General Medicine,Chennai,Velachery,South Chennai
NPIIN0000011844,HCP_11844,Urology,Chennai,Madhavaram,North Chennai
NPIIN0000011845,HCP_11845,Cardiology,Chennai,Ambattur,North Chennai
NPIIN0000011846,HCP_11846,Pulmonology,Chennai,Tondiarpet,North Chennai
NPIIN0000011847,HCP_11847,Diabetology,Chennai,Velachery,South Chennai
NPIIN0000011848,HCP_11848,Cardiology,Chennai,Royapuram,North Chennai
NPIIN0000011849,HCP_11849,General Medicine,Chennai,Egmore,Central Chennai
NPIIN0000011850,HCP_11850,Diabetology,Chennai,Kilpauk,Central Chennai
NPIIN0000011851,HCP_11851,Cardiology,Chennai,Kilpauk,Central Chennai
NPIIN0000011852,HCP_11852,General Medicine,Chennai,Anna Nagar,Central Chennai
NPIIN0000011853,HCP_11853,Diabetology,Chennai,Perambur,North Chennai
NPIIN0000011854,HCP_11854,General Medicine,Chennai,Adyar,South Chennai
NPIIN0000011855,HCP_11855,Cardiology,Chennai,Nungambakkam,Central Chennai
NPIIN0000011856,HCP_11856,General Medicine,Chennai,Kilpauk,Central Chennai
NPIIN0000011857,HCP_11857,General Medicine,Chennai,T Nagar,Central Chennai
NPIIN0000011858,HCP_11858,General Medicine,Chennai,Tondiarpet,North Chennai
NPIIN0000011859,HCP_11859,Gastroenterology,Chennai,Royapuram,North Chennai
NPIIN0000011860,HCP_11860,Orthopedics,Chennai,Royapuram,North Chennai
NPIIN0000011861,HCP_11861,Cardiology,Chennai,Guindy,South Chennai
NPIIN0000011862,HCP_11862,General Medicine,Chennai,Guindy,South Chennai
NPIIN0000011863,HCP_11863,Dermatology,Chennai,Adyar,South Chennai
NPIIN0000011864,HCP_11864,Pulmonology,Chennai,Adyar,South Chennai
NPIIN0000011865,HCP_11865,Orthopedics,Chennai,Ambattur,North Chennai
NPIIN0000011866,HCP_11866,Gastroenterology,Chennai,Madhavaram,North Chennai
NPIIN0000011867,HCP_11867,Gastroenterology,Chennai,Perambur,North Chennai
NPIIN0000011868,HCP_11868,Cardiology,Chennai,Tambaram,South Chennai
NPIIN0000011869,HCP_11869,Diabetology,Chennai,Mylapore,Central Chennai
NPIIN0000011870,HCP_11870,Pulmonology,Chennai,T Nagar,Central Chennai
NPIIN0000011871,HCP_11871,General Medicine,Chennai,T Nagar,Central Chennai
NPIIN0000011872,HCP_11872,Gastroenterology,Chennai,Madhavaram,North Chennai
NPIIN0000011873,HCP_11873,Orthopedics,Chennai,Adyar,South Chennai
NPIIN0000011874,HCP_11874,Endocrinology,Chennai,Anna Nagar,Central Chennai
NPIIN0000011875,HCP_11875,General Medicine,Chennai,Royapuram,North Chennai
NPIIN0000011876,HCP_11876,Urology,Chennai,Tondiarpet,North Chennai
NPIIN0000011877,HCP_11877,Dermatology,Chennai,Porur,South Chennai
NPIIN0000011878,HCP_11878,Dermatology,Chennai,Egmore,Central Chennai
NPIIN0000011879,HCP_11879,Pulmonology,Chennai,T Nagar,Central Chennai
NPIIN0000011880,HCP_11880,Orthopedics,Chennai,Velachery,South Chennai
NPIIN0000011881,HCP_11881,General Medicine,Chennai,Ambattur,North Chennai
NPIIN0000011882,HCP_11882,Cardiology,Chennai,Adyar,South Chennai
NPIIN0000011883,HCP_11883,Cardiology,Chennai,Royapuram,North Chennai
NPIIN0000011884,HCP_11884,General Medicine,Chennai,Velachery,South Chennai
NPIIN0000011885,HCP_11885,Dermatology,Chennai,T Nagar,Central Chennai
NPIIN0000011886,HCP_11886,General Medicine,Chennai,Royapuram,North Chennai
NPIIN0000011887,HCP_11887,Pulmonology,Chennai,Sholinganallur,South Chennai
NPIIN0000011888,HCP_11888,General Medicine,Chennai,Mylapore,Central Chennai
NPIIN0000011889,HCP_11889,Gastroenterology,Chennai,Porur,South Chennai
NPIIN0000011890,HCP_11890,Endocrinology,Chennai,Kilpauk,Central Chennai
NPIIN0000011891,HCP_11891,General Medicine,Chennai,Washermenpet,North Chennai
NPIIN0000011892,HCP_11892,Endocrinology,Chennai,Kilpauk,Central Chennai
NPIIN0000011893,HCP_11893,General Medicine,Chennai,Ambattur,North Chennai
NPIIN0000011894,HCP_11894,General Medicine,Chennai,Tambaram,South Chennai
NPIIN0000011895,HCP_11895,Pulmonology,Chennai,Anna Nagar,Central Chennai
NPIIN0000011896,HCP_11896,General Medicine,Chennai,T Nagar,Central Chennai
NPIIN0000011897,HCP_11897,Orthopedics,Chennai,Anna Nagar,Central Chennai
NPIIN0000011898,HCP_11898,Urology,Chennai,T Nagar,Central Chennai
NPIIN0000011899,HCP_11899,Diabetology,Chennai,Royapuram,North Chennai
NPIIN0000011900,HCP_11900,Cardiology,Chennai,Sholinganallur,South Chennai
NPIIN0000011901,HCP_11901,Cardiology,Chennai,T Nagar,Central Chennai
NPIIN0000011902,HCP_11902,Endocrinology,Chennai,Tondiarpet,North Chennai
NPIIN0000011903,HCP_11903,Endocrinology,Chennai,Washermenpet,North Chennai
NPIIN0000011904,HCP_11904,Urology,Chennai,T Nagar,Central Chennai
NPIIN0000011905,HCP_11905,Urology,Chennai,Kilpauk,Central Chennai
NPIIN0000011906,HCP_11906,Endocrinology,Chennai,Adyar,South Chennai
NPIIN0000011907,HCP_11907,Gastroenterology,Chennai,Perambur,North Chennai
NPIIN0000011908,HCP_11908,Dermatology,Chennai,Tambaram,South Chennai
NPIIN0000011909,HCP_11909,General Medicine,Chennai,Ambattur,North Chennai
NPIIN0000011910,HCP_11910,Urology,Chennai,Royapuram,North Chennai
NPIIN0000011911,HCP_11911,Orthopedics,Chennai,Guindy,South Chennai
NPIIN0000011912,HCP_11912,Orthopedics,Chennai,Guindy,South Chennai
NPIIN0000011913,HCP_11913,Gastroenterology,Chennai,Porur,South Chennai
NPIIN0000011914,HCP_11914,General Medicine,Chennai,Nungambakkam,Central Chennai
NPIIN0000011915,HCP_11915,Endocrinology,Chennai,Velachery,South Chennai
NPIIN0000011916,HCP_11916,Orthopedics,Chennai,Tambaram,South Chennai
NPIIN0000011917,HCP_11917,Diabetology,Chennai,Guindy,South Chennai
NPIIN0000011918,HCP_11918,General Medicine,Chennai,Adyar,South Chennai
NPIIN0000011919,HCP_11919,Diabetology,Chennai,Velachery,South Chennai
NPIIN0000011920,HCP_11920,General Medicine,Chennai,Royapuram,North Chennai
NPIIN0000011921,HCP_11921,Cardiology,Chennai,Porur,South Chennai
NPIIN0000011922,HCP_11922,Dermatology,Chennai,Velachery,South Chennai
NPIIN0000011923,HCP_11923,General Medicine,Chennai,Velachery,South Chennai
NPIIN0000011924,HCP_11924,General Medicine,Chennai,Velachery,South Chennai
NPIIN0000011925,HCP_11925,General Medicine,Chennai,Egmore,Central Chennai
NPIIN0000011926,HCP_11926,Pulmonology,Chennai,Mylapore,Central Chennai
NPIIN0000011927,HCP_11927,Gastroenterology,Chennai,Ambattur,North Chennai
NPIIN0000011928,HCP_11928,Urology,Chennai,Adyar,South Chennai
NPIIN0000011929,HCP_11929,Dermatology,Chennai,Sholinganallur,South Chennai
NPIIN0000011930,HCP_11930,General Medicine,Chennai,Porur,South Chennai
NPIIN0000011931,HCP_11931,Dermatology,Chennai,Tambaram,South Chennai
NPIIN0000011932,HCP_11932,General Medicine,Chennai,Madhavaram,North Chennai
NPIIN0000011933,HCP_11933,Neurology,Chennai,Nungambakkam,Central Chennai
NPIIN0000011934,HCP_11934,Neurology,Chennai,Porur,South Chennai
NPIIN0000011935,HCP_11935,General Medicine,Chennai,Adyar,South Chennai
NPIIN0000011936,HCP_11936,General Medicine,Chennai,Tambaram,South Chennai
NPIIN0000011937,HCP_11937,Neurology,Chennai,Tambaram,South Chennai
NPIIN0000011938,HCP_11938,Diabetology,Chennai,Velachery,South Chennai
NPIIN0000011939,HCP_11939,Gastroenterology,Chennai,Ambattur,North Chennai
NPIIN0000011940,HCP_11940,General Medicine,Chennai,Porur,South Chennai
NPIIN0000011941,HCP_11941,Pulmonology,Chennai,Madhavaram,North Chennai
NPIIN0000011942,HCP_11942,Dermatology,Chennai,Tondiarpet,North Chennai
NPIIN0000011943,HCP_11943,Cardiology,Chennai,T Nagar,Central Chennai
NPIIN0000011944,HCP_11944,Diabetology,Chennai,Anna Nagar,Central Chennai
NPIIN0000011945,HCP_11945,Pulmonology,Chennai,Kilpauk,Central Chennai
NPIIN0000011946,HCP_11946,Cardiology,Chennai,Velachery,South Chennai
NPIIN0000011947,HCP_11947,Endocrinology,Chennai,Nungambakkam,Central Chennai
NPIIN0000011948,HCP_11948,Gastroenterology,Chennai,Madhavaram,North Chennai
NPIIN0000011949,HCP_11949,Cardiology,Chennai,Ambattur,North Chennai
NPIIN0000011950,HCP_11950,Pulmonology,Chennai,Perambur,North Chennai
NPIIN0000011951,HCP_11951,Cardiology,Chennai,Sholinganallur,South Chennai
NPIIN0000011952,HCP_11952,Cardiology,Chennai,Perambur,North Chennai
NPIIN0000011953,HCP_11953,General Medicine,Chennai,T Nagar,Central Chennai
NPIIN0000011954,HCP_11954,Orthopedics,Chennai,Velachery,South Chennai
NPIIN0000011955,HCP_11955,Pulmonology,Chennai,Tambaram,South Chennai
NPIIN0000011956,HCP_11956,Diabetology,Chennai,Guindy,South Chennai
NPIIN0000011957,HCP_11957,General Medicine,Chennai,Velachery,South Chennai
NPIIN0000011958,HCP_11958,Pulmonology,Chennai,T Nagar,Central Chennai
NPIIN0000011959,HCP_11959,Pulmonology,Chennai,Sholinganallur,South Chennai
NPIIN0000011960,HCP_11960,Diabetology,Chennai,T Nagar,Central Chennai
NPIIN0000011961,HCP_11961,Endocrinology,Chennai,Royapuram,North Chennai
NPIIN0000011962,HCP_11962,General Medicine,Chennai,Nungambakkam,Central Chennai
NPIIN0000011963,HCP_11963,Neurology,Chennai,Velachery,South Chennai
NPIIN0000011964,HCP_11964,Dermatology,Chennai,Nungambakkam,Central Chennai
NPIIN0000011965,HCP_11965,Pulmonology,Chennai,Mylapore,Central Chennai
NPIIN0000011966,HCP_11966,Neurology,Chennai,T Nagar,Central Chennai
NPIIN0000011967,HCP_11967,General Medicine,Chennai,Porur,South Chennai
NPIIN0000011968,HCP_11968,Pulmonology,Chennai,Anna Nagar,Central Chennai
NPIIN0000011969,HCP_11969,Neurology,Chennai,Washermenpet,North Chennai
NPIIN0000011970,HCP_11970,Endocrinology,Chennai,Anna Nagar,Central Chennai
NPIIN0000011971,HCP_11971,Orthopedics,Chennai,Sholinganallur,South Chennai
NPIIN0000011972,HCP_11972,General Medicine,Chennai,T Nagar,Central Chennai
NPIIN0000011973,HCP_11973,Pulmonology,Chennai,Tambaram,South Chennai
NPIIN0000011974,HCP_11974,Pulmonology,Chennai,Mylapore,Central Chennai
NPIIN0000011975,HCP_11975,Dermatology,Chennai,T Nagar,Central Chennai
NPIIN0000011976,HCP_11976,Cardiology,Chennai,Nungambakkam,Central Chennai
NPIIN0000011977,HCP_11977,Urology,Chennai,Nungambakkam,Central Chennai
NPIIN0000011978,HCP_11978,Cardiology,Chennai,Royapuram,North Chennai
NPIIN0000011979,HCP_11979,Endocrinology,Chennai,Nungambakkam,Central Chennai
NPIIN0000011980,HCP_11980,Urology,Chennai,Tambaram,South Chennai
NPIIN0000011981,HCP_11981,Diabetology,Chennai,Royapuram,North Chennai
NPIIN0000011982,HCP_11982,Pulmonology,Chennai,Nungambakkam,Central Chennai
NPIIN0000011983,HCP_11983,General Medicine,Chennai,Ambattur,North Chennai
NPIIN0000011984,HCP_11984,Orthopedics,Chennai,Egmore,Central Chennai
NPIIN0000011985,HCP_11985,Gastroenterology,Chennai,Nungambakkam,Central Chennai
NPIIN0000011986,HCP_11986,General Medicine,Chennai,Nungambakkam,Central Chennai
NPIIN0000011987,HCP_11987,Dermatology,Chennai,Kilpauk,Central Chennai
NPIIN0000011988,HCP_11988,Endocrinology,Chennai,Nungambakkam,Central Chennai
NPIIN0000011989,HCP_11989,Pulmonology,Chennai,Guindy,South Chennai
NPIIN0000011990,HCP_11990,Gastroenterology,Chennai,Sholinganallur,South Chennai
NPIIN0000011991,HCP_11991,Neurology,Chennai,Adyar,South Chennai
NPIIN0000011992,HCP_11992,Neurology,Chennai,Kilpauk,Central Chennai
NPIIN0000011993,HCP_11993,Dermatology,Chennai,Porur,South Chennai
NPIIN0000011994,HCP_11994,Pulmonology,Chennai,Tondiarpet,North Chennai
NPIIN0000011995,HCP_11995,Urology,Chennai,Egmore,Central Chennai
NPIIN0000011996,HCP_11996,Endocrinology,Chennai,Guindy,South Chennai
NPIIN0000011997,HCP_11997,General Medicine,Chennai,Nungambakkam,Central Chennai
NPIIN0000011998,HCP_11998,Gastroenterology,Chennai,Royapuram,North Chennai
NPIIN0000011999,HCP_11999,Diabetology,Chennai,Guindy,South Chennai
NPIIN0000012000,HCP_12000,General Medicine,Chennai,Perambur,North Chennai
