Potential_Score_0_100,hcp_id,specialty,Potential_Category
0.0,NPIIN0000000001,General Medicine,Low
59.1,NPIIN0000000002,General Medicine,Low
0.0,NPIIN0000000003,Cardiology,Low
0.0,NPIIN0000000004,Orthopedics,Low
0.6,NPIIN0000000005,Endocrinology,Low
39.6,NPIIN0000000006,Diabetology,Low
0.0,NPIIN0000000007,Endocrinology,Low
86.5,NPIIN0000000008,Urology,Low
85.6,NPIIN0000000009,Gastroenterology,Low
72.5,NPIIN0000000010,General Medicine,Low
0.0,NPIIN0000000011,Orthopedics,Low
0.3,NPIIN0000000012,Cardiology,Low
1.4,NPIIN0000000013,Urology,Low
0.0,NPIIN0000000014,Cardiology,Low
0.0,NPIIN0000000015,General Medicine,Low
0.0,NPIIN0000000016,Cardiology,Low
0.0,NPIIN0000000017,Orthopedics,Low
0.0,NPIIN0000000018,Urology,Low
0.0,NPIIN0000000019,Pulmonology,Low
97.6,NPIIN0000000020,Endocrinology,Low
72.4,NPIIN0000000021,Diabetology,Low
0.0,NPIIN0000000022,General Medicine,Low
0.4,NPIIN0000000023,Diabetology,Low
1.4,NPIIN0000000024,Cardiology,Low
54.9,NPIIN0000000025,Neurology,Low
85.8,NPIIN0000000026,Pulmonology,Low
0.0,NPIIN0000000027,Urology,Low
38.0,NPIIN0000000028,General Medicine,Low
5.8,NPIIN0000000029,General Medicine,Low
48.5,NPIIN0000000030,General Medicine,Low
50.6,NPIIN0000000031,Endocrinology,Low
0.0,NPIIN0000000032,Pulmonology,Low
0.0,NPIIN0000000033,Gastroenterology,Low
67.3,NPIIN0000000034,Endocrinology,Low
0.0,NPIIN0000000035,Diabetology,Low
6.0,NPIIN0000000036,Urology,Low
47.2,NPIIN0000000037,General Medicine,Low
0.0,NPIIN0000000038,Pulmonology,Low
0.0,NPIIN0000000039,Gastroenterology,Low
5.4,NPIIN0000000040,Pulmonology,Low
0.0,NPIIN0000000041,Cardiology,Low
0.0,NPIIN0000000042,Dermatology,Low
0.0,NPIIN0000000043,Urology,Low
0.0,NPIIN0000000044,Cardiology,Low
0.0,NPIIN0000000045,Cardiology,Low
0.0,NPIIN0000000046,Neurology,Low
0.0,NPIIN0000000047,Pulmonology,Low
14.7,NPIIN0000000048,General Medicine,Low
0.0,NPIIN0000000049,Pulmonology,Low
0.3,NPIIN0000000050,Neurology,Low
0.8,NPIIN0000000051,General Medicine,Low
33.5,NPIIN0000000052,Endocrinology,Low
0.0,NPIIN0000000053,Cardiology,Low
0.0,NPIIN0000000054,General Medicine,Low
82.1,NPIIN0000000055,Urology,Low
0.0,NPIIN0000000056,Pulmonology,Low
0.0,NPIIN0000000057,General Medicine,Low
0.0,NPIIN0000000058,Urology,Low
7.1,NPIIN0000000059,General Medicine,Low
0.0,NPIIN0000000060,General Medicine,Low
0.0,NPIIN0000000061,Cardiology,Low
0.0,NPIIN0000000062,Gastroenterology,Low
5.8,NPIIN0000000063,Neurology,Low
0.0,NPIIN0000000064,Dermatology,Low
0.3,NPIIN0000000065,Diabetology,Low
0.0,NPIIN0000000066,General Medicine,Low
69.8,NPIIN0000000067,Endocrinology,Low
0.0,NPIIN0000000068,Orthopedics,Low
0.0,NPIIN0000000069,Cardiology,Low
0.0,NPIIN0000000070,Neurology,Low
0.0,NPIIN0000000071,Neurology,Low
0.0,NPIIN0000000072,Endocrinology,Low
82.8,NPIIN0000000073,General Medicine,Low
0.0,NPIIN0000000074,Cardiology,Low
55.7,NPIIN0000000075,Pulmonology,Low
0.0,NPIIN0000000076,Orthopedics,Low
13.7,NPIIN0000000077,General Medicine,Low
0.0,NPIIN0000000078,Orthopedics,Low
0.0,NPIIN0000000079,Cardiology,Low
0.0,NPIIN0000000080,General Medicine,Low
0.8,NPIIN0000000081,Urology,Low
0.0,NPIIN0000000082,Urology,Low
48.9,NPIIN0000000083,Diabetology,Low
0.0,NPIIN0000000084,Neurology,Low
0.0,NPIIN0000000085,Urology,Low
0.0,NPIIN0000000086,Gastroenterology,Low
6.8,NPIIN0000000087,Pulmonology,Low
0.0,NPIIN0000000088,Endocrinology,Low
0.0,NPIIN0000000089,Cardiology,Low
0.0,NPIIN0000000090,Pulmonology,Low
82.4,NPIIN0000000091,General Medicine,Low
85.6,NPIIN0000000092,Endocrinology,Low
82.2,NPIIN0000000093,Diabetology,Low
71.9,NPIIN0000000094,General Medicine,Low
0.0,NPIIN0000000095,General Medicine,Low
0.0,NPIIN0000000096,General Medicine,Low
0.0,NPIIN0000000097,General Medicine,Low
0.0,NPIIN0000000098,Cardiology,Low
0.0,NPIIN0000000099,Urology,Low
0.0,NPIIN0000000100,Pulmonology,Low
0.2,NPIIN0000000101,Endocrinology,Low
0.0,NPIIN0000000102,General Medicine,Low
0.0,NPIIN0000000103,General Medicine,Low
35.3,NPIIN0000000104,Pulmonology,Low
0.0,NPIIN0000000105,Pulmonology,Low
0.0,NPIIN0000000106,Neurology,Low
0.0,NPIIN0000000107,Neurology,Low
0.5,NPIIN0000000108,Cardiology,Low
49.8,NPIIN0000000109,Diabetology,Low
1.0,NPIIN0000000110,Cardiology,Low
0.0,NPIIN0000000111,General Medicine,Low
47.9,NPIIN0000000112,General Medicine,Low
0.0,NPIIN0000000113,Gastroenterology,Low
52.0,NPIIN0000000114,Endocrinology,Low
0.0,NPIIN0000000115,Neurology,Low
64.4,NPIIN0000000116,Diabetology,Low
0.0,NPIIN0000000117,General Medicine,Low
0.0,NPIIN0000000118,Gastroenterology,Low
1.4,NPIIN0000000119,Cardiology,Low
0.0,NPIIN0000000120,General Medicine,Low
49.3,NPIIN0000000121,General Medicine,Low
0.0,NPIIN0000000122,Gastroenterology,Low
73.0,NPIIN0000000123,Endocrinology,Low
0.0,NPIIN0000000124,Orthopedics,Low
0.0,NPIIN0000000125,Orthopedics,Low
0.0,NPIIN0000000126,Dermatology,Low
72.5,NPIIN0000000127,Diabetology,Low
68.8,NPIIN0000000128,Neurology,Low
0.0,NPIIN0000000129,Cardiology,Low
0.0,NPIIN0000000130,Urology,Low
0.0,NPIIN0000000131,General Medicine,Low
86.4,NPIIN0000000132,Endocrinology,Low
46.8,NPIIN0000000133,Diabetology,Low
0.0,NPIIN0000000134,Dermatology,Low
0.0,NPIIN0000000135,Urology,Low
5.8,NPIIN0000000136,General Medicine,Low
0.0,NPIIN0000000137,General Medicine,Low
0.0,NPIIN0000000138,Gastroenterology,Low
0.0,NPIIN0000000139,Dermatology,Low
0.0,NPIIN0000000140,Gastroenterology,Low
13.5,NPIIN0000000141,General Medicine,Low
0.0,NPIIN0000000142,Neurology,Low
0.0,NPIIN0000000143,Dermatology,Low
0.0,NPIIN0000000144,Endocrinology,Low
0.0,NPIIN0000000145,General Medicine,Low
0.0,NPIIN0000000146,Cardiology,Low
0.0,NPIIN0000000147,General Medicine,Low
0.0,NPIIN0000000148,Gastroenterology,Low
48.4,NPIIN0000000149,Endocrinology,Low
0.0,NPIIN0000000150,Pulmonology,Low
4.0,NPIIN0000000151,Cardiology,Low
0.0,NPIIN0000000152,Urology,Low
0.3,NPIIN0000000153,Dermatology,Low
0.3,NPIIN0000000154,General Medicine,Low
0.5,NPIIN0000000155,Neurology,Low
0.0,NPIIN0000000156,Cardiology,Low
0.0,NPIIN0000000157,Dermatology,Low
0.0,NPIIN0000000158,Gastroenterology,Low
0.0,NPIIN0000000159,Cardiology,Low
0.0,NPIIN0000000160,Orthopedics,Low
0.0,NPIIN0000000161,Cardiology,Low
0.4,NPIIN0000000162,Pulmonology,Low
0.0,NPIIN0000000163,Endocrinology,Low
0.0,NPIIN0000000164,Gastroenterology,Low
0.0,NPIIN0000000165,Cardiology,Low
0.0,NPIIN0000000166,Cardiology,Low
7.5,NPIIN0000000167,General Medicine,Low
0.0,NPIIN0000000168,Orthopedics,Low
0.3,NPIIN0000000169,Diabetology,Low
0.0,NPIIN0000000170,Pulmonology,Low
13.4,NPIIN0000000171,General Medicine,Low
0.0,NPIIN0000000172,Dermatology,Low
46.2,NPIIN0000000173,Diabetology,Low
0.0,NPIIN0000000174,Pulmonology,Low
0.0,NPIIN0000000175,Orthopedics,Low
88.0,NPIIN0000000176,General Medicine,Low
4.6,NPIIN0000000177,General Medicine,Low
0.0,NPIIN0000000178,Urology,Low
27.5,NPIIN0000000179,General Medicine,Low
0.0,NPIIN0000000180,General Medicine,Low
69.3,NPIIN0000000181,Diabetology,Low
0.0,NPIIN0000000182,Dermatology,Low
0.0,NPIIN0000000183,Orthopedics,Low
0.0,NPIIN0000000184,Neurology,Low
0.0,NPIIN0000000185,Pulmonology,Low
49.5,NPIIN0000000186,General Medicine,Low
0.0,NPIIN0000000187,Cardiology,Low
62.1,NPIIN0000000188,Endocrinology,Low
62.5,NPIIN0000000189,Endocrinology,Medium
0.0,NPIIN0000000190,Cardiology,Low
0.0,NPIIN0000000191,Neurology,Low
0.0,NPIIN0000000192,Cardiology,Low
0.0,NPIIN0000000193,Cardiology,Low
55.4,NPIIN0000000194,General Medicine,Low
0.5,NPIIN0000000195,Diabetology,Low
85.2,NPIIN0000000196,Endocrinology,Medium
0.8,NPIIN0000000197,Endocrinology,Low
90.5,NPIIN0000000198,Diabetology,Low
0.0,NPIIN0000000199,Pulmonology,Low
0.0,NPIIN0000000200,Gastroenterology,Low
0.0,NPIIN0000000201,Dermatology,Low
0.0,NPIIN0000000202,Gastroenterology,Low
0.0,NPIIN0000000203,Pulmonology,Low
0.0,NPIIN0000000204,Urology,Low
0.0,NPIIN0000000205,General Medicine,Low
0.0,NPIIN0000000206,Neurology,Low
0.0,NPIIN0000000207,General Medicine,Low
46.4,NPIIN0000000208,Diabetology,Low
0.0,NPIIN0000000209,General Medicine,Low
60.6,NPIIN0000000210,Endocrinology,Low
0.0,NPIIN0000000211,Dermatology,Low
0.0,NPIIN0000000212,Cardiology,Low
0.0,NPIIN0000000213,Neurology,Low
0.0,NPIIN0000000214,Urology,Low
13.3,NPIIN0000000215,General Medicine,Low
0.0,NPIIN0000000216,Cardiology,Low
0.8,NPIIN0000000217,General Medicine,Low
0.0,NPIIN0000000218,General Medicine,Low
0.1,NPIIN0000000219,Orthopedics,Low
0.0,NPIIN0000000220,Neurology,Low
0.0,NPIIN0000000221,Gastroenterology,Low
13.5,NPIIN0000000222,General Medicine,Low
0.0,NPIIN0000000223,Neurology,Low
0.0,NPIIN0000000224,Gastroenterology,Low
0.0,NPIIN0000000225,Cardiology,Low
77.6,NPIIN0000000226,Endocrinology,Low
0.0,NPIIN0000000227,Cardiology,Low
81.8,NPIIN0000000228,General Medicine,Low
0.0,NPIIN0000000229,Urology,Low
0.0,NPIIN0000000230,Pulmonology,Low
0.3,NPIIN0000000231,General Medicine,Low
0.0,NPIIN0000000232,Urology,Low
48.2,NPIIN0000000233,Endocrinology,Low
0.0,NPIIN0000000234,Cardiology,Low
1.0,NPIIN0000000235,Urology,Low
0.0,NPIIN0000000236,Urology,Low
27.1,NPIIN0000000237,Neurology,Low
0.0,NPIIN0000000238,Diabetology,Low
0.0,NPIIN0000000239,Orthopedics,Low
0.0,NPIIN0000000240,Gastroenterology,Low
0.4,NPIIN0000000241,Neurology,Low
83.4,NPIIN0000000242,Endocrinology,Low
82.1,NPIIN0000000243,General Medicine,Low
87.5,NPIIN0000000244,Dermatology,Low
55.7,NPIIN0000000245,Urology,Low
0.0,NPIIN0000000246,Pulmonology,Low
0.0,NPIIN0000000247,General Medicine,Low
0.0,NPIIN0000000248,Neurology,Low
0.6,NPIIN0000000249,General Medicine,Low
0.3,NPIIN0000000250,General Medicine,Low
0.0,NPIIN0000000251,Cardiology,Low
0.0,NPIIN0000000252,Cardiology,Low
1.4,NPIIN0000000253,Gastroenterology,Low
0.0,NPIIN0000000254,Cardiology,Low
0.0,NPIIN0000000255,Cardiology,Low
0.4,NPIIN0000000256,Urology,Low
0.0,NPIIN0000000257,Neurology,Low
0.0,NPIIN0000000258,Cardiology,Low
0.0,NPIIN0000000259,Diabetology,Low
0.0,NPIIN0000000260,Gastroenterology,Low
26.9,NPIIN0000000261,General Medicine,Low
85.2,NPIIN0000000262,General Medicine,Low
0.0,NPIIN0000000263,General Medicine,Low
71.9,NPIIN0000000264,Endocrinology,Low
0.0,NPIIN0000000265,Gastroenterology,Low
0.0,NPIIN0000000266,Cardiology,Low
0.2,NPIIN0000000267,General Medicine,Low
82.5,NPIIN0000000268,Endocrinology,Low
0.0,NPIIN0000000269,Cardiology,Low
48.5,NPIIN0000000270,Endocrinology,Low
85.4,NPIIN0000000271,Urology,Low
81.8,NPIIN0000000272,Endocrinology,Low
63.2,NPIIN0000000273,Diabetology,Low
0.0,NPIIN0000000274,Cardiology,Low
0.0,NPIIN0000000275,Gastroenterology,Low
0.0,NPIIN0000000276,General Medicine,Low
0.0,NPIIN0000000277,Orthopedics,Low
34.2,NPIIN0000000278,Neurology,Low
0.0,NPIIN0000000279,Pulmonology,Low
0.0,NPIIN0000000280,Neurology,Low
0.0,NPIIN0000000281,Cardiology,Low
0.0,NPIIN0000000282,Orthopedics,Low
0.4,NPIIN0000000283,Orthopedics,Low
2.4,NPIIN0000000284,Diabetology,Low
0.0,NPIIN0000000285,Pulmonology,Low
0.3,NPIIN0000000286,Endocrinology,Low
0.0,NPIIN0000000287,Pulmonology,Low
0.0,NPIIN0000000288,Gastroenterology,Low
0.0,NPIIN0000000289,Orthopedics,Low
5.5,NPIIN0000000290,General Medicine,Low
0.0,NPIIN0000000291,Neurology,Low
0.0,NPIIN0000000292,Gastroenterology,Low
0.0,NPIIN0000000293,Endocrinology,Low
0.0,NPIIN0000000294,Pulmonology,Low
0.0,NPIIN0000000295,Neurology,Low
72.4,NPIIN0000000296,Gastroenterology,Low
0.3,NPIIN0000000297,Orthopedics,Low
0.0,NPIIN0000000298,Cardiology,Low
34.1,NPIIN0000000299,Endocrinology,Low
55.3,NPIIN0000000300,Endocrinology,Low
58.4,NPIIN0000000301,Endocrinology,Low
0.0,NPIIN0000000302,General Medicine,Low
5.4,NPIIN0000000303,Urology,Low
52.2,NPIIN0000000304,General Medicine,Low
0.1,NPIIN0000000305,Neurology,Low
85.8,NPIIN0000000306,General Medicine,Low
74.0,NPIIN0000000307,Diabetology,Low
13.1,NPIIN0000000308,Dermatology,Low
0.0,NPIIN0000000309,Neurology,Low
44.3,NPIIN0000000310,General Medicine,Low
0.0,NPIIN0000000311,Urology,Low
0.0,NPIIN0000000312,General Medicine,Low
2.5,NPIIN0000000313,Endocrinology,Low
47.5,NPIIN0000000314,General Medicine,Low
0.0,NPIIN0000000315,Neurology,Low
0.0,NPIIN0000000316,General Medicine,Low
0.0,NPIIN0000000317,Dermatology,Low
0.0,NPIIN0000000318,Pulmonology,Low
0.0,NPIIN0000000319,General Medicine,Low
80.2,NPIIN0000000320,Dermatology,Low
0.0,NPIIN0000000321,General Medicine,Low
7.8,NPIIN0000000322,General Medicine,Low
87.6,NPIIN0000000323,Cardiology,Low
55.1,NPIIN0000000324,General Medicine,Low
38.9,NPIIN0000000325,General Medicine,Low
49.7,NPIIN0000000326,Endocrinology,Low
0.0,NPIIN0000000327,Pulmonology,Low
49.4,NPIIN0000000328,Endocrinology,Low
26.7,NPIIN0000000329,Endocrinology,Low
0.0,NPIIN0000000330,Pulmonology,Low
0.0,NPIIN0000000331,Diabetology,Low
0.0,NPIIN0000000332,Neurology,Low
0.0,NPIIN0000000333,Neurology,Low
78.0,NPIIN0000000334,Diabetology,Low
0.0,NPIIN0000000335,Cardiology,Low
24.8,NPIIN0000000336,General Medicine,Low
5.8,NPIIN0000000337,Cardiology,Low
80.1,NPIIN0000000338,General Medicine,Low
24.8,NPIIN0000000339,Gastroenterology,Low
52.2,NPIIN0000000340,Pulmonology,Low
38.2,NPIIN0000000341,General Medicine,Low
0.0,NPIIN0000000342,Orthopedics,Low
0.0,NPIIN0000000343,Cardiology,Low
0.0,NPIIN0000000344,Urology,Low
0.0,NPIIN0000000345,Dermatology,Low
87.5,NPIIN0000000346,General Medicine,Low
75.4,NPIIN0000000347,Endocrinology,Low
0.0,NPIIN0000000348,Endocrinology,Low
0.1,NPIIN0000000349,Urology,Low
93.9,NPIIN0000000350,Endocrinology,Low
0.0,NPIIN0000000351,Urology,Low
0.0,NPIIN0000000352,General Medicine,Low
35.6,NPIIN0000000353,General Medicine,Low
0.3,NPIIN0000000354,Pulmonology,Low
0.0,NPIIN0000000355,Endocrinology,Low
86.7,NPIIN0000000356,General Medicine,Low
0.0,NPIIN0000000357,Orthopedics,Low
48.3,NPIIN0000000358,Endocrinology,Low
0.0,NPIIN0000000359,Urology,Low
0.0,NPIIN0000000360,Orthopedics,Low
0.0,NPIIN0000000361,Cardiology,Low
15.0,NPIIN0000000362,Pulmonology,Low
37.8,NPIIN0000000363,Endocrinology,Low
0.0,NPIIN0000000364,Pulmonology,Low
0.0,NPIIN0000000365,Orthopedics,Low
0.0,NPIIN0000000366,Urology,Low
0.0,NPIIN0000000367,Urology,Low
62.8,NPIIN0000000368,Endocrinology,Low
0.0,NPIIN0000000369,Pulmonology,Low
0.0,NPIIN0000000370,Endocrinology,Low
0.0,NPIIN0000000371,Urology,Low
0.4,NPIIN0000000372,Endocrinology,Low
0.0,NPIIN0000000373,Endocrinology,Low
0.0,NPIIN0000000374,Cardiology,Low
60.4,NPIIN0000000375,Endocrinology,Low
40.2,NPIIN0000000376,Endocrinology,Low
0.0,NPIIN0000000377,Cardiology,Low
0.0,NPIIN0000000378,Urology,Low
0.0,NPIIN0000000379,Gastroenterology,Low
0.0,NPIIN0000000380,Diabetology,Low
72.4,NPIIN0000000381,Gastroenterology,Low
0.7,NPIIN0000000382,General Medicine,Low
0.0,NPIIN0000000383,Gastroenterology,Low
1.5,NPIIN0000000384,Diabetology,Medium
0.0,NPIIN0000000385,Pulmonology,Low
0.0,NPIIN0000000386,General Medicine,Low
76.3,NPIIN0000000387,Endocrinology,Low
0.0,NPIIN0000000388,Pulmonology,Low
0.0,NPIIN0000000389,Gastroenterology,Low
0.1,NPIIN0000000390,Gastroenterology,Low
0.0,NPIIN0000000391,General Medicine,Low
0.0,NPIIN0000000392,General Medicine,Low
0.0,NPIIN0000000393,Gastroenterology,Low
0.0,NPIIN0000000394,Cardiology,Low
0.0,NPIIN0000000395,Cardiology,Low
0.3,NPIIN0000000396,General Medicine,Low
75.0,NPIIN0000000397,Endocrinology,Low
0.0,NPIIN0000000398,General Medicine,Low
0.0,NPIIN0000000399,Cardiology,Low
0.0,NPIIN0000000400,Pulmonology,Low
0.0,NPIIN0000000401,Neurology,Low
0.0,NPIIN0000000402,Dermatology,Low
0.0,NPIIN0000000403,Neurology,Low
0.0,NPIIN0000000404,General Medicine,Low
0.0,NPIIN0000000405,Orthopedics,Low
0.0,NPIIN0000000406,Gastroenterology,Low
0.3,NPIIN0000000407,General Medicine,Low
48.5,NPIIN0000000408,Endocrinology,Low
0.0,NPIIN0000000409,Neurology,Low
0.0,NPIIN0000000410,Pulmonology,Low
0.0,NPIIN0000000411,Neurology,Low
0.0,NPIIN0000000412,Gastroenterology,Low
0.0,NPIIN0000000413,Urology,Low
0.0,NPIIN0000000414,Orthopedics,Low
82.2,NPIIN0000000415,Neurology,Low
0.0,NPIIN0000000416,Orthopedics,Low
0.0,NPIIN0000000417,Urology,Low
0.0,NPIIN0000000418,Cardiology,Low
0.0,NPIIN0000000419,Neurology,Low
72.2,NPIIN0000000420,Endocrinology,Low
46.6,NPIIN0000000421,Diabetology,Low
0.4,NPIIN0000000422,Diabetology,Low
80.3,NPIIN0000000423,General Medicine,Low
0.0,NPIIN0000000424,Cardiology,Low
46.0,NPIIN0000000425,Endocrinology,Low
0.0,NPIIN0000000426,Cardiology,Low
0.1,NPIIN0000000427,Neurology,Low
0.0,NPIIN0000000428,Urology,Low
51.4,NPIIN0000000429,Orthopedics,Low
0.0,NPIIN0000000430,General Medicine,Low
8.1,NPIIN0000000431,Diabetology,Low
0.0,NPIIN0000000432,Dermatology,Low
0.0,NPIIN0000000433,Cardiology,Low
0.0,NPIIN0000000434,Orthopedics,Low
0.0,NPIIN0000000435,Gastroenterology,Low
0.0,NPIIN0000000436,General Medicine,Low
0.0,NPIIN0000000437,Cardiology,Low
0.0,NPIIN0000000438,Cardiology,Low
80.9,NPIIN0000000439,Pulmonology,Low
0.0,NPIIN0000000440,General Medicine,Low
24.9,NPIIN0000000441,Dermatology,Low
0.2,NPIIN0000000442,Neurology,Low
25.8,NPIIN0000000443,General Medicine,Low
0.2,NPIIN0000000444,Endocrinology,Low
0.0,NPIIN0000000445,General Medicine,Low
2.8,NPIIN0000000446,Endocrinology,Low
26.9,NPIIN0000000447,Neurology,Low
0.0,NPIIN0000000448,Pulmonology,Low
0.0,NPIIN0000000449,Dermatology,Low
84.8,NPIIN0000000450,General Medicine,Low
50.2,NPIIN0000000451,Diabetology,Low
0.0,NPIIN0000000452,Dermatology,Low
0.0,NPIIN0000000453,Neurology,Low
0.0,NPIIN0000000454,Neurology,Low
79.1,NPIIN0000000455,General Medicine,Low
87.3,NPIIN0000000456,Urology,Low
96.0,NPIIN0000000457,Endocrinology,Medium
55.0,NPIIN0000000458,General Medicine,Low
0.0,NPIIN0000000459,Dermatology,Low
0.0,NPIIN0000000460,Cardiology,Low
0.0,NPIIN0000000461,Dermatology,Low
25.8,NPIIN0000000462,General Medicine,Low
0.0,NPIIN0000000463,Cardiology,Low
0.0,NPIIN0000000464,Cardiology,Low
0.0,NPIIN0000000465,Dermatology,Low
0.2,NPIIN0000000466,Gastroenterology,Low
95.1,NPIIN0000000467,Diabetology,Low
0.0,NPIIN0000000468,Cardiology,Low
54.3,NPIIN0000000469,Diabetology,Low
72.7,NPIIN0000000470,Endocrinology,Low
0.5,NPIIN0000000471,Gastroenterology,Low
49.2,NPIIN0000000472,Endocrinology,Low
0.0,NPIIN0000000473,Endocrinology,Low
0.0,NPIIN0000000474,Cardiology,Low
0.0,NPIIN0000000475,Pulmonology,Low
0.0,NPIIN0000000476,Neurology,Low
0.0,NPIIN0000000477,Neurology,Low
0.0,NPIIN0000000478,Pulmonology,Low
0.0,NPIIN0000000479,Orthopedics,Low
0.0,NPIIN0000000480,General Medicine,Low
0.0,NPIIN0000000481,Urology,Low
0.0,NPIIN0000000482,Neurology,Low
0.0,NPIIN0000000483,Cardiology,Low
0.0,NPIIN0000000484,Dermatology,Low
0.0,NPIIN0000000485,Pulmonology,Low
0.0,NPIIN0000000486,Neurology,Low
47.4,NPIIN0000000487,Endocrinology,Low
7.0,NPIIN0000000488,General Medicine,Low
71.6,NPIIN0000000489,Urology,Low
53.3,NPIIN0000000490,Endocrinology,Low
0.0,NPIIN0000000491,Cardiology,Low
0.0,NPIIN0000000492,Diabetology,Low
0.0,NPIIN0000000493,General Medicine,Low
0.0,NPIIN0000000494,Dermatology,Low
0.0,NPIIN0000000495,Neurology,Low
0.0,NPIIN0000000496,Urology,Low
0.5,NPIIN0000000497,General Medicine,Low
46.4,NPIIN0000000498,General Medicine,Low
66.4,NPIIN0000000499,Endocrinology,Low
7.9,NPIIN0000000500,Endocrinology,Low
0.3,NPIIN0000000501,Gastroenterology,Low
0.0,NPIIN0000000502,Cardiology,Low
77.8,NPIIN0000000503,Diabetology,Low
0.0,NPIIN0000000504,Urology,Low
13.0,NPIIN0000000505,Pulmonology,Low
0.0,NPIIN0000000506,Cardiology,Low
0.0,NPIIN0000000507,Neurology,Low
0.0,NPIIN0000000508,General Medicine,Low
0.0,NPIIN0000000509,Dermatology,Low
0.0,NPIIN0000000510,Neurology,Low
0.0,NPIIN0000000511,Cardiology,Low
5.8,NPIIN0000000512,Endocrinology,Low
91.7,NPIIN0000000513,Diabetology,Low
56.0,NPIIN0000000514,Neurology,Low
0.0,NPIIN0000000515,General Medicine,Low
0.0,NPIIN0000000516,Gastroenterology,Low
0.0,NPIIN0000000517,General Medicine,Low
0.1,NPIIN0000000518,Diabetology,Low
0.0,NPIIN0000000519,Cardiology,Low
0.8,NPIIN0000000520,Endocrinology,Low
0.0,NPIIN0000000521,General Medicine,Low
87.1,NPIIN0000000522,Pulmonology,Low
0.0,NPIIN0000000523,Orthopedics,Low
0.5,NPIIN0000000524,Endocrinology,Low
0.0,NPIIN0000000525,Neurology,Low
57.0,NPIIN0000000526,Endocrinology,Medium
0.0,NPIIN0000000527,Gastroenterology,Low
0.0,NPIIN0000000528,Cardiology,Low
0.0,NPIIN0000000529,Neurology,Low
69.1,NPIIN0000000530,Endocrinology,Low
68.8,NPIIN0000000531,Endocrinology,Low
0.0,NPIIN0000000532,Pulmonology,Low
0.5,NPIIN0000000533,General Medicine,Low
85.6,NPIIN0000000534,General Medicine,Low
65.2,NPIIN0000000535,Diabetology,Low
0.0,NPIIN0000000536,Orthopedics,Low
0.3,NPIIN0000000537,Diabetology,Low
0.0,NPIIN0000000538,Pulmonology,Low
0.0,NPIIN0000000539,Dermatology,Low
0.0,NPIIN0000000540,Neurology,Low
0.0,NPIIN0000000541,Diabetology,Low
0.0,NPIIN0000000542,Pulmonology,Low
0.0,NPIIN0000000543,Cardiology,Low
82.2,NPIIN0000000544,Pulmonology,Low
54.5,NPIIN0000000545,General Medicine,Low
72.4,NPIIN0000000546,Gastroenterology,Low
0.0,NPIIN0000000547,Dermatology,Low
37.7,NPIIN0000000548,Endocrinology,Low
0.0,NPIIN0000000549,Cardiology,Low
0.0,NPIIN0000000550,General Medicine,Low
0.0,NPIIN0000000551,Pulmonology,Low
87.0,NPIIN0000000552,General Medicine,Low
0.0,NPIIN0000000553,Pulmonology,Low
0.7,NPIIN0000000554,General Medicine,Low
0.0,NPIIN0000000555,Orthopedics,Low
2.6,NPIIN0000000556,General Medicine,Low
0.0,NPIIN0000000557,Cardiology,Low
47.2,NPIIN0000000558,Diabetology,Low
85.1,NPIIN0000000559,Pulmonology,Low
0.2,NPIIN0000000560,Diabetology,Low
0.1,NPIIN0000000561,Diabetology,Low
1.1,NPIIN0000000562,General Medicine,Low
0.0,NPIIN0000000563,Gastroenterology,Low
0.0,NPIIN0000000564,Orthopedics,Low
0.0,NPIIN0000000565,General Medicine,Low
48.3,NPIIN0000000566,Endocrinology,Low
0.4,NPIIN0000000567,General Medicine,Low
1.4,NPIIN0000000568,General Medicine,Low
0.0,NPIIN0000000569,Orthopedics,Low
0.0,NPIIN0000000570,General Medicine,Low
0.0,NPIIN0000000571,Neurology,Low
0.0,NPIIN0000000572,Urology,Low
0.0,NPIIN0000000573,Pulmonology,Low
7.6,NPIIN0000000574,Diabetology,Low
0.0,NPIIN0000000575,Pulmonology,Low
25.2,NPIIN0000000576,General Medicine,Low
72.7,NPIIN0000000577,General Medicine,Low
0.4,NPIIN0000000578,Orthopedics,Low
50.0,NPIIN0000000579,Diabetology,Low
0.0,NPIIN0000000580,General Medicine,Low
84.1,NPIIN0000000581,Endocrinology,Low
0.3,NPIIN0000000582,Endocrinology,Low
0.0,NPIIN0000000583,Pulmonology,Low
0.0,NPIIN0000000584,Gastroenterology,Low
0.1,NPIIN0000000585,Neurology,Low
83.3,NPIIN0000000586,Diabetology,Very High
0.0,NPIIN0000000587,Cardiology,Low
6.9,NPIIN0000000588,General Medicine,Low
7.6,NPIIN0000000589,General Medicine,Low
0.0,NPIIN0000000590,Gastroenterology,Low
0.1,NPIIN0000000591,Neurology,Low
0.3,NPIIN0000000592,Urology,Low
0.0,NPIIN0000000593,Gastroenterology,Low
0.0,NPIIN0000000594,General Medicine,Low
0.0,NPIIN0000000595,Neurology,Low
0.0,NPIIN0000000596,Gastroenterology,Low
15.1,NPIIN0000000597,Orthopedics,Low
46.7,NPIIN0000000598,General Medicine,Low
0.0,NPIIN0000000599,Neurology,Low
7.0,NPIIN0000000600,General Medicine,Low
0.0,NPIIN0000000601,Gastroenterology,Low
0.3,NPIIN0000000602,Urology,Low
0.0,NPIIN0000000603,Urology,Low
5.6,NPIIN0000000604,Endocrinology,Low
62.4,NPIIN0000000605,Endocrinology,Low
82.3,NPIIN0000000606,Gastroenterology,Low
0.0,NPIIN0000000607,Neurology,Low
0.0,NPIIN0000000608,Urology,Low
68.3,NPIIN0000000609,Diabetology,Low
0.0,NPIIN0000000610,Dermatology,Low
0.0,NPIIN0000000611,Neurology,Low
78.9,NPIIN0000000612,Endocrinology,Low
0.0,NPIIN0000000613,Cardiology,Low
0.0,NPIIN0000000614,Neurology,Low
81.5,NPIIN0000000615,Endocrinology,Low
0.0,NPIIN0000000616,Dermatology,Low
0.0,NPIIN0000000617,Pulmonology,Low
0.0,NPIIN0000000618,General Medicine,Low
82.5,NPIIN0000000619,Diabetology,Low
0.0,NPIIN0000000620,Orthopedics,Low
1.4,NPIIN0000000621,Gastroenterology,Low
46.9,NPIIN0000000622,Gastroenterology,Low
0.0,NPIIN0000000623,Gastroenterology,Low
0.0,NPIIN0000000624,Pulmonology,Low
0.0,NPIIN0000000625,Orthopedics,Low
0.0,NPIIN0000000626,Pulmonology,Low
0.0,NPIIN0000000627,General Medicine,Low
0.0,NPIIN0000000628,Diabetology,Low
5.5,NPIIN0000000629,Diabetology,Low
80.7,NPIIN0000000630,Gastroenterology,Low
0.1,NPIIN0000000631,General Medicine,Low
0.0,NPIIN0000000632,Gastroenterology,Low
0.0,NPIIN0000000633,Orthopedics,Low
0.0,NPIIN0000000634,General Medicine,Low
0.0,NPIIN0000000635,Cardiology,Low
0.0,NPIIN0000000636,Neurology,Low
0.0,NPIIN0000000637,Cardiology,Low
0.0,NPIIN0000000638,Gastroenterology,Low
0.3,NPIIN0000000639,General Medicine,Low
0.0,NPIIN0000000640,General Medicine,Low
0.0,NPIIN0000000641,Pulmonology,Low
0.0,NPIIN0000000642,General Medicine,Low
0.0,NPIIN0000000643,Diabetology,Low
6.9,NPIIN0000000644,Diabetology,Low
0.0,NPIIN0000000645,General Medicine,Low
0.0,NPIIN0000000646,Urology,Low
0.0,NPIIN0000000647,Cardiology,Low
7.6,NPIIN0000000648,Diabetology,Low
71.1,NPIIN0000000649,Endocrinology,Low
50.2,NPIIN0000000650,General Medicine,Low
0.0,NPIIN0000000651,Cardiology,Low
82.0,NPIIN0000000652,Gastroenterology,Low
1.4,NPIIN0000000653,Cardiology,Low
54.9,NPIIN0000000654,Neurology,Low
12.7,NPIIN0000000655,Diabetology,Low
51.3,NPIIN0000000656,General Medicine,Low
98.1,NPIIN0000000657,Endocrinology,Low
0.0,NPIIN0000000658,Gastroenterology,Low
0.0,NPIIN0000000659,Orthopedics,Low
0.1,NPIIN0000000660,Endocrinology,Low
0.0,NPIIN0000000661,Orthopedics,Low
56.5,NPIIN0000000662,Diabetology,Low
0.0,NPIIN0000000663,Pulmonology,Low
0.0,NPIIN0000000664,Neurology,Low
67.6,NPIIN0000000665,Endocrinology,Low
0.0,NPIIN0000000666,General Medicine,Low
0.0,NPIIN0000000667,Cardiology,Low
0.0,NPIIN0000000668,Neurology,Low
0.0,NPIIN0000000669,General Medicine,Low
0.0,NPIIN0000000670,Urology,Low
48.7,NPIIN0000000671,Diabetology,Low
25.7,NPIIN0000000672,Urology,Low
46.3,NPIIN0000000673,Endocrinology,Low
0.0,NPIIN0000000674,Pulmonology,Low
56.3,NPIIN0000000675,Diabetology,Low
65.5,NPIIN0000000676,Endocrinology,Low
0.0,NPIIN0000000677,Cardiology,Low
0.0,NPIIN0000000678,Neurology,Low
55.4,NPIIN0000000679,Endocrinology,Low
0.0,NPIIN0000000680,Pulmonology,Low
0.0,NPIIN0000000681,Orthopedics,Low
84.9,NPIIN0000000682,Diabetology,Low
0.0,NPIIN0000000683,Cardiology,Low
0.0,NPIIN0000000684,Endocrinology,Low
0.0,NPIIN0000000685,Cardiology,Low
55.2,NPIIN0000000686,General Medicine,Low
6.7,NPIIN0000000687,Gastroenterology,Low
0.3,NPIIN0000000688,Diabetology,Low
7.8,NPIIN0000000689,Endocrinology,Low
0.0,NPIIN0000000690,Neurology,Low
40.0,NPIIN0000000691,Diabetology,Low
0.0,NPIIN0000000692,Pulmonology,Low
0.0,NPIIN0000000693,Orthopedics,Low
0.0,NPIIN0000000694,Diabetology,Low
0.0,NPIIN0000000695,General Medicine,Low
72.6,NPIIN0000000696,Dermatology,Low
47.3,NPIIN0000000697,Neurology,Low
0.0,NPIIN0000000698,Gastroenterology,Low
0.0,NPIIN0000000699,Gastroenterology,Low
0.0,NPIIN0000000700,Pulmonology,Low
0.0,NPIIN0000000701,Pulmonology,Low
0.0,NPIIN0000000702,Gastroenterology,Low
0.0,NPIIN0000000703,Neurology,Low
0.0,NPIIN0000000704,Neurology,Low
55.7,NPIIN0000000705,General Medicine,Low
0.0,NPIIN0000000706,Dermatology,Low
6.1,NPIIN0000000707,Endocrinology,Low
0.0,NPIIN0000000708,Endocrinology,Low
7.7,NPIIN0000000709,General Medicine,Low
0.0,NPIIN0000000710,Diabetology,Low
0.0,NPIIN0000000711,Neurology,Low
3.4,NPIIN0000000712,Endocrinology,Low
0.0,NPIIN0000000713,Neurology,Low
0.0,NPIIN0000000714,General Medicine,Low
66.4,NPIIN0000000715,Endocrinology,Low
0.3,NPIIN0000000716,Diabetology,Low
7.7,NPIIN0000000717,General Medicine,Low
0.0,NPIIN0000000718,Gastroenterology,Low
0.0,NPIIN0000000719,General Medicine,Low
0.8,NPIIN0000000720,Endocrinology,Low
36.2,NPIIN0000000721,Diabetology,Low
0.0,NPIIN0000000722,Cardiology,Low
0.0,NPIIN0000000723,Cardiology,Low
0.0,NPIIN0000000724,Orthopedics,Low
0.0,NPIIN0000000725,Cardiology,Low
0.0,NPIIN0000000726,Cardiology,Low
0.0,NPIIN0000000727,Urology,Low
0.4,NPIIN0000000728,Neurology,Low
0.0,NPIIN0000000729,General Medicine,Low
0.0,NPIIN0000000730,Neurology,Low
0.0,NPIIN0000000731,Orthopedics,Low
0.0,NPIIN0000000732,Cardiology,Low
51.4,NPIIN0000000733,Diabetology,Low
0.0,NPIIN0000000734,Urology,Low
0.0,NPIIN0000000735,Gastroenterology,Low
0.8,NPIIN0000000736,Orthopedics,Low
0.0,NPIIN0000000737,Diabetology,Low
0.3,NPIIN0000000738,Orthopedics,Low
0.0,NPIIN0000000739,General Medicine,Low
0.0,NPIIN0000000740,Gastroenterology,Low
0.0,NPIIN0000000741,Urology,Low
46.7,NPIIN0000000742,Endocrinology,Low
48.1,NPIIN0000000743,Endocrinology,Low
0.0,NPIIN0000000744,Pulmonology,Low
0.3,NPIIN0000000745,Dermatology,Low
0.0,NPIIN0000000746,Cardiology,Low
0.1,NPIIN0000000747,Dermatology,Low
0.0,NPIIN0000000748,General Medicine,Low
0.0,NPIIN0000000749,General Medicine,Low
0.0,NPIIN0000000750,General Medicine,Low
0.3,NPIIN0000000751,Urology,Low
0.3,NPIIN0000000752,Cardiology,Low
0.0,NPIIN0000000753,Pulmonology,Low
0.4,NPIIN0000000754,Endocrinology,Low
0.1,NPIIN0000000755,Urology,Low
0.0,NPIIN0000000756,Dermatology,Low
47.7,NPIIN0000000757,Endocrinology,Low
2.5,NPIIN0000000758,Diabetology,Low
7.4,NPIIN0000000759,General Medicine,Low
0.1,NPIIN0000000760,General Medicine,Low
7.0,NPIIN0000000761,Dermatology,Low
0.0,NPIIN0000000762,Pulmonology,Low
0.0,NPIIN0000000763,General Medicine,Low
0.1,NPIIN0000000764,Gastroenterology,Low
0.0,NPIIN0000000765,General Medicine,Low
0.3,NPIIN0000000766,Cardiology,Low
0.0,NPIIN0000000767,Cardiology,Low
75.3,NPIIN0000000768,Diabetology,Low
0.0,NPIIN0000000769,Pulmonology,Low
0.0,NPIIN0000000770,Cardiology,Low
0.0,NPIIN0000000771,Pulmonology,Low
67.0,NPIIN0000000772,Diabetology,Low
0.0,NPIIN0000000773,Neurology,Low
0.4,NPIIN0000000774,Cardiology,Low
13.3,NPIIN0000000775,General Medicine,Low
0.0,NPIIN0000000776,Cardiology,Low
1.7,NPIIN0000000777,General Medicine,Medium
0.0,NPIIN0000000778,Cardiology,Low
0.0,NPIIN0000000779,General Medicine,Low
0.0,NPIIN0000000780,Gastroenterology,Low
0.0,NPIIN0000000781,Cardiology,Low
52.5,NPIIN0000000782,Gastroenterology,Low
0.0,NPIIN0000000783,Pulmonology,Low
0.0,NPIIN0000000784,General Medicine,Low
0.0,NPIIN0000000785,Pulmonology,Low
0.4,NPIIN0000000786,General Medicine,Low
0.0,NPIIN0000000787,Gastroenterology,Low
0.0,NPIIN0000000788,Gastroenterology,Low
0.6,NPIIN0000000789,Gastroenterology,Low
33.4,NPIIN0000000790,Diabetology,Low
0.0,NPIIN0000000791,Neurology,Low
75.3,NPIIN0000000792,Endocrinology,Medium
0.6,NPIIN0000000793,General Medicine,Low
0.0,NPIIN0000000794,Cardiology,Low
0.1,NPIIN0000000795,Endocrinology,Low
0.0,NPIIN0000000796,Neurology,Low
0.0,NPIIN0000000797,Urology,Low
0.0,NPIIN0000000798,Cardiology,Low
0.0,NPIIN0000000799,Pulmonology,Low
0.0,NPIIN0000000800,Neurology,Low
0.0,NPIIN0000000801,Orthopedics,Low
0.0,NPIIN0000000802,Neurology,Low
13.2,NPIIN0000000803,Cardiology,Low
0.0,NPIIN0000000804,Endocrinology,Low
0.0,NPIIN0000000805,Neurology,Low
6.9,NPIIN0000000806,Endocrinology,Low
0.0,NPIIN0000000807,Urology,Low
0.0,NPIIN0000000808,Urology,Low
0.0,NPIIN0000000809,Orthopedics,Low
71.0,NPIIN0000000810,Diabetology,Low
0.0,NPIIN0000000811,Gastroenterology,Low
0.0,NPIIN0000000812,Neurology,Low
0.0,NPIIN0000000813,Cardiology,Low
49.1,NPIIN0000000814,Diabetology,Low
44.7,NPIIN0000000815,Endocrinology,Low
0.0,NPIIN0000000816,General Medicine,Low
0.0,NPIIN0000000817,Orthopedics,Low
0.0,NPIIN0000000818,Dermatology,Low
51.0,NPIIN0000000819,Diabetology,Low
0.3,NPIIN0000000820,Pulmonology,Low
67.1,NPIIN0000000821,Endocrinology,Low
87.7,NPIIN0000000822,Diabetology,Low
0.0,NPIIN0000000823,Cardiology,Low
0.0,NPIIN0000000824,Neurology,Low
0.0,NPIIN0000000825,Neurology,Low
0.0,NPIIN0000000826,Dermatology,Low
0.0,NPIIN0000000827,Urology,Low
46.4,NPIIN0000000828,Endocrinology,Low
13.1,NPIIN0000000829,Gastroenterology,Low
0.0,NPIIN0000000830,Cardiology,Low
0.0,NPIIN0000000831,General Medicine,Low
0.0,NPIIN0000000832,General Medicine,Low
0.0,NPIIN0000000833,Cardiology,Low
0.3,NPIIN0000000834,Endocrinology,Low
70.7,NPIIN0000000835,Diabetology,Low
54.6,NPIIN0000000836,Cardiology,Low
0.0,NPIIN0000000837,Orthopedics,Low
0.0,NPIIN0000000838,Diabetology,Low
6.8,NPIIN0000000839,General Medicine,Low
0.0,NPIIN0000000840,Orthopedics,Low
0.0,NPIIN0000000841,Pulmonology,Low
1.0,NPIIN0000000842,General Medicine,Low
24.6,NPIIN0000000843,Urology,Low
7.7,NPIIN0000000844,Endocrinology,Low
34.3,NPIIN0000000845,Endocrinology,Low
0.0,NPIIN0000000846,Pulmonology,Low
0.1,NPIIN0000000847,General Medicine,Low
0.0,NPIIN0000000848,Dermatology,Low
0.0,NPIIN0000000849,Cardiology,Low
0.0,NPIIN0000000850,Pulmonology,Low
0.0,NPIIN0000000851,Gastroenterology,Low
0.0,NPIIN0000000852,Orthopedics,Low
24.3,NPIIN0000000853,Endocrinology,Low
52.5,NPIIN0000000854,Diabetology,Low
0.0,NPIIN0000000855,Orthopedics,Low
0.0,NPIIN0000000856,Neurology,Low
0.0,NPIIN0000000857,Cardiology,Low
0.0,NPIIN0000000858,Cardiology,Low
0.0,NPIIN0000000859,Gastroenterology,Low
80.0,NPIIN0000000860,Pulmonology,Low
0.0,NPIIN0000000861,Pulmonology,Low
0.0,NPIIN0000000862,Urology,Low
81.2,NPIIN0000000863,Diabetology,Low
76.1,NPIIN0000000864,Endocrinology,Low
0.0,NPIIN0000000865,Pulmonology,Low
0.0,NPIIN0000000866,Urology,Low
0.3,NPIIN0000000867,Diabetology,Low
0.0,NPIIN0000000868,Neurology,Low
51.3,NPIIN0000000869,Endocrinology,Low
75.4,NPIIN0000000870,Endocrinology,Low
0.0,NPIIN0000000871,Urology,Low
0.0,NPIIN0000000872,Cardiology,Low
0.0,NPIIN0000000873,Cardiology,Low
0.0,NPIIN0000000874,Gastroenterology,Low
0.0,NPIIN0000000875,General Medicine,Low
47.4,NPIIN0000000876,General Medicine,Low
0.0,NPIIN0000000877,Dermatology,Low
54.0,NPIIN0000000878,Endocrinology,Low
0.0,NPIIN0000000879,Neurology,Low
78.0,NPIIN0000000880,Diabetology,Medium
0.0,NPIIN0000000881,Cardiology,Low
0.0,NPIIN0000000882,Neurology,Low
0.8,NPIIN0000000883,Diabetology,Low
0.0,NPIIN0000000884,Urology,Low
0.0,NPIIN0000000885,Urology,Low
0.0,NPIIN0000000886,Dermatology,Low
67.9,NPIIN0000000887,Diabetology,Low
15.5,NPIIN0000000888,Endocrinology,Low
0.0,NPIIN0000000889,Urology,Low
0.0,NPIIN0000000890,General Medicine,Low
0.0,NPIIN0000000891,Neurology,Low
0.0,NPIIN0000000892,Dermatology,Low
91.8,NPIIN0000000893,Diabetology,Low
0.0,NPIIN0000000894,Cardiology,Low
2.5,NPIIN0000000895,Pulmonology,Low
0.0,NPIIN0000000896,Pulmonology,Low
0.0,NPIIN0000000897,Diabetology,Low
15.4,NPIIN0000000898,Pulmonology,Low
0.0,NPIIN0000000899,Dermatology,Low
90.4,NPIIN0000000900,General Medicine,Low
0.3,NPIIN0000000901,Diabetology,Low
0.0,NPIIN0000000902,Gastroenterology,Low
0.0,NPIIN0000000903,Gastroenterology,Low
0.0,NPIIN0000000904,Orthopedics,Low
90.5,NPIIN0000000905,Endocrinology,Medium
0.0,NPIIN0000000906,Urology,Low
0.0,NPIIN0000000907,Gastroenterology,Low
0.0,NPIIN0000000908,Neurology,Low
65.3,NPIIN0000000909,Diabetology,High
0.0,NPIIN0000000910,Cardiology,Low
0.0,NPIIN0000000911,General Medicine,Low
0.0,NPIIN0000000912,Diabetology,Low
53.6,NPIIN0000000913,Diabetology,Low
0.0,NPIIN0000000914,Urology,Low
0.3,NPIIN0000000915,Endocrinology,Low
27.0,NPIIN0000000916,Orthopedics,Low
0.0,NPIIN0000000917,General Medicine,Low
0.0,NPIIN0000000918,Dermatology,Low
83.7,NPIIN0000000919,Diabetology,Low
5.4,NPIIN0000000920,Neurology,Low
0.0,NPIIN0000000921,Pulmonology,Low
27.2,NPIIN0000000922,Urology,Low
78.4,NPIIN0000000923,Endocrinology,Low
44.7,NPIIN0000000924,Endocrinology,Low
0.0,NPIIN0000000925,Orthopedics,Low
0.0,NPIIN0000000926,Cardiology,Low
0.0,NPIIN0000000927,Neurology,Low
0.0,NPIIN0000000928,Cardiology,Low
0.0,NPIIN0000000929,Cardiology,Low
0.0,NPIIN0000000930,Pulmonology,Low
71.7,NPIIN0000000931,Pulmonology,Low
0.0,NPIIN0000000932,Pulmonology,Low
0.0,NPIIN0000000933,General Medicine,Low
0.0,NPIIN0000000934,Gastroenterology,Low
0.9,NPIIN0000000935,Orthopedics,Low
0.0,NPIIN0000000936,Diabetology,Low
51.6,NPIIN0000000937,Diabetology,Low
0.0,NPIIN0000000938,Diabetology,Low
0.0,NPIIN0000000939,Gastroenterology,Low
82.2,NPIIN0000000940,General Medicine,Low
0.0,NPIIN0000000941,Neurology,Low
0.5,NPIIN0000000942,General Medicine,Low
0.0,NPIIN0000000943,Pulmonology,Low
0.0,NPIIN0000000944,Dermatology,Low
0.0,NPIIN0000000945,General Medicine,Low
0.0,NPIIN0000000946,General Medicine,Low
82.3,NPIIN0000000947,Diabetology,Low
85.4,NPIIN0000000948,General Medicine,Medium
0.2,NPIIN0000000949,Diabetology,Low
0.0,NPIIN0000000950,Dermatology,Low
0.0,NPIIN0000000951,General Medicine,Low
0.0,NPIIN0000000952,Cardiology,Low
0.6,NPIIN0000000953,Endocrinology,Low
0.0,NPIIN0000000954,Pulmonology,Low
0.0,NPIIN0000000955,Urology,Low
50.6,NPIIN0000000956,Diabetology,Low
0.0,NPIIN0000000957,Diabetology,Low
0.0,NPIIN0000000958,General Medicine,Low
51.6,NPIIN0000000959,Orthopedics,Low
0.7,NPIIN0000000960,Dermatology,Low
62.5,NPIIN0000000961,Endocrinology,Low
0.0,NPIIN0000000962,Pulmonology,Low
0.0,NPIIN0000000963,Dermatology,Low
0.0,NPIIN0000000964,Gastroenterology,Low
13.0,NPIIN0000000965,General Medicine,Low
7.6,NPIIN0000000966,Gastroenterology,Low
0.3,NPIIN0000000967,Pulmonology,Low
0.3,NPIIN0000000968,Endocrinology,Low
0.0,NPIIN0000000969,Cardiology,Low
0.1,NPIIN0000000970,General Medicine,Low
4.1,NPIIN0000000971,Cardiology,Low
0.1,NPIIN0000000972,General Medicine,Low
0.0,NPIIN0000000973,Dermatology,Low
0.0,NPIIN0000000974,Dermatology,Low
0.0,NPIIN0000000975,Cardiology,Low
0.0,NPIIN0000000976,Cardiology,Low
0.0,NPIIN0000000977,Neurology,Low
0.8,NPIIN0000000978,General Medicine,Low
0.0,NPIIN0000000979,Endocrinology,Low
0.0,NPIIN0000000980,Dermatology,Low
0.0,NPIIN0000000981,Endocrinology,Low
0.3,NPIIN0000000982,Cardiology,Low
0.0,NPIIN0000000983,Gastroenterology,Low
0.3,NPIIN0000000984,Pulmonology,Low
13.1,NPIIN0000000985,General Medicine,Low
0.0,NPIIN0000000986,Neurology,Low
0.5,NPIIN0000000987,Urology,Low
0.0,NPIIN0000000988,Cardiology,Low
0.0,NPIIN0000000989,Pulmonology,Low
67.9,NPIIN0000000990,Endocrinology,Low
0.0,NPIIN0000000991,General Medicine,Low
94.7,NPIIN0000000992,General Medicine,Low
38.8,NPIIN0000000993,General Medicine,Low
71.6,NPIIN0000000994,Endocrinology,Low
86.6,NPIIN0000000995,Dermatology,Low
25.2,NPIIN0000000996,General Medicine,Low
0.0,NPIIN0000000997,Urology,Low
0.4,NPIIN0000000998,General Medicine,Low
0.0,NPIIN0000000999,Dermatology,Low
0.0,NPIIN0000001000,Pulmonology,Low
0.0,NPIIN0000001001,General Medicine,Low
0.0,NPIIN0000001002,Neurology,Low
0.0,NPIIN0000001003,Gastroenterology,Low
84.7,NPIIN0000001004,General Medicine,Low
82.6,NPIIN0000001005,General Medicine,Low
0.0,NPIIN0000001006,Pulmonology,Low
0.0,NPIIN0000001007,Pulmonology,Low
0.0,NPIIN0000001008,General Medicine,Low
0.0,NPIIN0000001009,Gastroenterology,Low
0.0,NPIIN0000001010,General Medicine,Low
86.9,NPIIN0000001011,General Medicine,Low
0.0,NPIIN0000001012,Pulmonology,Low
0.0,NPIIN0000001013,Orthopedics,Low
67.6,NPIIN0000001014,Diabetology,Low
83.6,NPIIN0000001015,Endocrinology,Low
46.4,NPIIN0000001016,Endocrinology,Low
7.6,NPIIN0000001017,Neurology,Low
0.1,NPIIN0000001018,General Medicine,Low
1.5,NPIIN0000001019,General Medicine,Low
53.7,NPIIN0000001020,Endocrinology,Low
0.0,NPIIN0000001021,Urology,Low
0.0,NPIIN0000001022,General Medicine,Low
15.1,NPIIN0000001023,Pulmonology,Low
0.0,NPIIN0000001024,Cardiology,Low
0.0,NPIIN0000001025,Cardiology,Low
0.0,NPIIN0000001026,Cardiology,Low
0.0,NPIIN0000001027,General Medicine,Low
0.3,NPIIN0000001028,General Medicine,Low
48.9,NPIIN0000001029,Diabetology,Low
0.0,NPIIN0000001030,General Medicine,Low
0.0,NPIIN0000001031,Cardiology,Low
4.1,NPIIN0000001032,General Medicine,Low
0.0,NPIIN0000001033,Cardiology,Low
0.0,NPIIN0000001034,Cardiology,Low
0.0,NPIIN0000001035,Cardiology,Low
0.0,NPIIN0000001036,Neurology,Low
0.0,NPIIN0000001037,Orthopedics,Low
0.0,NPIIN0000001038,Pulmonology,Low
0.0,NPIIN0000001039,Cardiology,Low
0.0,NPIIN0000001040,Orthopedics,Low
0.3,NPIIN0000001041,Orthopedics,Low
61.0,NPIIN0000001042,General Medicine,Low
86.8,NPIIN0000001043,Cardiology,Low
0.0,NPIIN0000001044,Gastroenterology,Low
0.0,NPIIN0000001045,Orthopedics,Low
0.0,NPIIN0000001046,Gastroenterology,Low
0.0,NPIIN0000001047,Pulmonology,Low
0.0,NPIIN0000001048,Pulmonology,Low
0.0,NPIIN0000001049,Orthopedics,Low
0.0,NPIIN0000001050,Cardiology,Low
78.0,NPIIN0000001051,Endocrinology,Low
0.0,NPIIN0000001052,Dermatology,Low
0.3,NPIIN0000001053,Endocrinology,Low
0.4,NPIIN0000001054,General Medicine,Low
61.6,NPIIN0000001055,Diabetology,Low
40.5,NPIIN0000001056,Diabetology,Low
0.0,NPIIN0000001057,Cardiology,Low
55.4,NPIIN0000001058,Pulmonology,Low
0.0,NPIIN0000001059,General Medicine,Low
13.1,NPIIN0000001060,Pulmonology,Low
0.0,NPIIN0000001061,Diabetology,Low
0.0,NPIIN0000001062,Orthopedics,Low
0.0,NPIIN0000001063,Pulmonology,Low
0.0,NPIIN0000001064,Orthopedics,Low
0.0,NPIIN0000001065,General Medicine,Low
0.0,NPIIN0000001066,Cardiology,Low
0.3,NPIIN0000001067,Gastroenterology,Low
0.0,NPIIN0000001068,Dermatology,Low
85.0,NPIIN0000001069,Cardiology,Low
0.0,NPIIN0000001070,Pulmonology,Low
7.8,NPIIN0000001071,Neurology,Low
78.6,NPIIN0000001072,Endocrinology,Low
0.0,NPIIN0000001073,Pulmonology,Low
88.4,NPIIN0000001074,Diabetology,Low
0.0,NPIIN0000001075,Cardiology,Low
0.5,NPIIN0000001076,Urology,Low
0.0,NPIIN0000001077,General Medicine,Low
0.0,NPIIN0000001078,Gastroenterology,Low
0.0,NPIIN0000001079,Gastroenterology,Low
47.0,NPIIN0000001080,Orthopedics,Low
25.1,NPIIN0000001081,General Medicine,Low
0.0,NPIIN0000001082,General Medicine,Low
27.3,NPIIN0000001083,Diabetology,Low
0.0,NPIIN0000001084,Pulmonology,Low
0.0,NPIIN0000001085,General Medicine,Low
0.0,NPIIN0000001086,Gastroenterology,Low
13.3,NPIIN0000001087,General Medicine,Low
0.0,NPIIN0000001088,Cardiology,Low
0.3,NPIIN0000001089,Urology,Low
0.0,NPIIN0000001090,Dermatology,Low
55.8,NPIIN0000001091,General Medicine,Low
0.0,NPIIN0000001092,Neurology,Low
0.0,NPIIN0000001093,General Medicine,Low
1.4,NPIIN0000001094,Gastroenterology,Low
0.0,NPIIN0000001095,General Medicine,Low
0.0,NPIIN0000001096,Pulmonology,Low
27.2,NPIIN0000001097,Cardiology,Low
81.4,NPIIN0000001098,Endocrinology,Low
5.9,NPIIN0000001099,Gastroenterology,Low
55.8,NPIIN0000001100,General Medicine,Low
0.0,NPIIN0000001101,Cardiology,Low
0.1,NPIIN0000001102,Endocrinology,Low
0.0,NPIIN0000001103,General Medicine,Low
0.0,NPIIN0000001104,Gastroenterology,Low
0.0,NPIIN0000001105,General Medicine,Low
0.0,NPIIN0000001106,Gastroenterology,Low
0.0,NPIIN0000001107,Dermatology,Low
85.6,NPIIN0000001108,General Medicine,Low
0.0,NPIIN0000001109,Dermatology,Low
0.0,NPIIN0000001110,Cardiology,Low
0.0,NPIIN0000001111,General Medicine,Low
0.0,NPIIN0000001112,Cardiology,Low
0.0,NPIIN0000001113,Cardiology,Low
0.0,NPIIN0000001114,Cardiology,Low
0.0,NPIIN0000001115,Cardiology,Low
0.0,NPIIN0000001116,Dermatology,Low
0.0,NPIIN0000001117,Pulmonology,Low
0.0,NPIIN0000001118,Orthopedics,Low
0.0,NPIIN0000001119,Pulmonology,Low
0.3,NPIIN0000001120,Pulmonology,Low
86.8,NPIIN0000001121,Endocrinology,Low
0.0,NPIIN0000001122,Pulmonology,Low
85.5,NPIIN0000001123,General Medicine,Low
52.1,NPIIN0000001124,Orthopedics,Low
0.0,NPIIN0000001125,Orthopedics,Low
0.4,NPIIN0000001126,Endocrinology,Low
0.0,NPIIN0000001127,Pulmonology,Low
5.8,NPIIN0000001128,Neurology,Low
80.3,NPIIN0000001129,Pulmonology,Low
0.0,NPIIN0000001130,Cardiology,Low
0.0,NPIIN0000001131,Neurology,Low
0.0,NPIIN0000001132,Dermatology,Low
0.0,NPIIN0000001133,General Medicine,Low
0.0,NPIIN0000001134,General Medicine,Low
0.0,NPIIN0000001135,Cardiology,Low
0.0,NPIIN0000001136,Orthopedics,Low
0.0,NPIIN0000001137,Cardiology,Low
66.0,NPIIN0000001138,Endocrinology,Low
53.2,NPIIN0000001139,Diabetology,Low
84.3,NPIIN0000001140,Dermatology,Low
0.0,NPIIN0000001141,Neurology,Low
0.0,NPIIN0000001142,Cardiology,Low
1.1,NPIIN0000001143,Endocrinology,Low
0.0,NPIIN0000001144,Gastroenterology,Low
0.0,NPIIN0000001145,General Medicine,Low
0.0,NPIIN0000001146,Cardiology,Low
0.0,NPIIN0000001147,Orthopedics,Low
67.6,NPIIN0000001148,Endocrinology,Low
0.0,NPIIN0000001149,General Medicine,Low
96.4,NPIIN0000001150,Diabetology,Low
0.0,NPIIN0000001151,Gastroenterology,Low
0.0,NPIIN0000001152,Gastroenterology,Low
0.0,NPIIN0000001153,General Medicine,Low
0.0,NPIIN0000001154,Neurology,Low
0.0,NPIIN0000001155,Urology,Low
0.8,NPIIN0000001156,Dermatology,Low
5.9,NPIIN0000001157,General Medicine,Low
0.0,NPIIN0000001158,General Medicine,Low
0.4,NPIIN0000001159,Urology,Low
13.2,NPIIN0000001160,Cardiology,Low
0.0,NPIIN0000001161,Cardiology,Low
0.0,NPIIN0000001162,Endocrinology,Low
0.0,NPIIN0000001163,Dermatology,Low
0.0,NPIIN0000001164,Endocrinology,Low
13.2,NPIIN0000001165,Diabetology,Low
86.7,NPIIN0000001166,Pulmonology,Low
82.1,NPIIN0000001167,Endocrinology,Low
52.6,NPIIN0000001168,Diabetology,Low
0.0,NPIIN0000001169,General Medicine,Low
77.9,NPIIN0000001170,Endocrinology,Low
72.2,NPIIN0000001171,Orthopedics,Low
0.0,NPIIN0000001172,Endocrinology,Low
0.0,NPIIN0000001173,Dermatology,Low
0.0,NPIIN0000001174,General Medicine,Low
0.0,NPIIN0000001175,Cardiology,Low
0.0,NPIIN0000001176,Cardiology,Low
83.5,NPIIN0000001177,General Medicine,Low
0.0,NPIIN0000001178,General Medicine,Low
7.6,NPIIN0000001179,Endocrinology,Low
15.0,NPIIN0000001180,Orthopedics,Low
55.5,NPIIN0000001181,General Medicine,Low
0.0,NPIIN0000001182,Urology,Low
94.6,NPIIN0000001183,Endocrinology,Low
48.3,NPIIN0000001184,Endocrinology,Low
7.4,NPIIN0000001185,Pulmonology,Low
0.0,NPIIN0000001186,Diabetology,Low
53.4,NPIIN0000001187,Endocrinology,Low
0.0,NPIIN0000001188,Cardiology,Low
0.0,NPIIN0000001189,Cardiology,Low
0.0,NPIIN0000001190,Gastroenterology,Low
0.0,NPIIN0000001191,Diabetology,Low
0.0,NPIIN0000001192,Orthopedics,Low
83.4,NPIIN0000001193,Endocrinology,Low
0.0,NPIIN0000001194,General Medicine,Low
4.9,NPIIN0000001195,General Medicine,Low
0.0,NPIIN0000001196,General Medicine,Low
0.0,NPIIN0000001197,Urology,Low
0.0,NPIIN0000001198,Dermatology,Low
0.0,NPIIN0000001199,Cardiology,Low
0.3,NPIIN0000001200,General Medicine,Low
0.0,NPIIN0000001201,Dermatology,Low
0.0,NPIIN0000001202,Cardiology,Low
0.0,NPIIN0000001203,Pulmonology,Low
0.0,NPIIN0000001204,Diabetology,Low
0.8,NPIIN0000001205,General Medicine,Low
0.0,NPIIN0000001206,General Medicine,Low
0.0,NPIIN0000001207,General Medicine,Low
0.0,NPIIN0000001208,Urology,Low
0.0,NPIIN0000001209,Pulmonology,Low
0.0,NPIIN0000001210,Urology,Low
0.0,NPIIN0000001211,Gastroenterology,Low
0.0,NPIIN0000001212,General Medicine,Low
0.0,NPIIN0000001213,General Medicine,Low
0.0,NPIIN0000001214,General Medicine,Low
0.0,NPIIN0000001215,Dermatology,Low
48.1,NPIIN0000001216,Endocrinology,Low
6.8,NPIIN0000001217,Orthopedics,Low
0.0,NPIIN0000001218,Pulmonology,Low
0.0,NPIIN0000001219,Pulmonology,Low
53.5,NPIIN0000001220,General Medicine,Low
0.0,NPIIN0000001221,Pulmonology,Low
0.0,NPIIN0000001222,Neurology,Low
0.0,NPIIN0000001223,Neurology,Low
85.9,NPIIN0000001224,Endocrinology,Low
0.0,NPIIN0000001225,Pulmonology,Low
0.3,NPIIN0000001226,General Medicine,Low
0.0,NPIIN0000001227,Neurology,Low
0.0,NPIIN0000001228,Pulmonology,Low
88.2,NPIIN0000001229,Endocrinology,Low
0.0,NPIIN0000001230,Gastroenterology,Low
0.3,NPIIN0000001231,General Medicine,Low
0.3,NPIIN0000001232,Pulmonology,Low
0.0,NPIIN0000001233,Neurology,Low
0.4,NPIIN0000001234,Neurology,Low
0.0,NPIIN0000001235,Gastroenterology,Low
38.2,NPIIN0000001236,Endocrinology,Low
1.4,NPIIN0000001237,Cardiology,Low
0.0,NPIIN0000001238,Neurology,Low
39.6,NPIIN0000001239,Endocrinology,Low
0.0,NPIIN0000001240,Cardiology,Low
0.0,NPIIN0000001241,Cardiology,Low
0.1,NPIIN0000001242,Diabetology,Low
0.0,NPIIN0000001243,Orthopedics,Low
72.5,NPIIN0000001244,Endocrinology,Low
79.4,NPIIN0000001245,Diabetology,Low
0.0,NPIIN0000001246,Urology,Low
0.0,NPIIN0000001247,Orthopedics,Low
7.1,NPIIN0000001248,Endocrinology,Low
0.0,NPIIN0000001249,Urology,Low
0.0,NPIIN0000001250,Cardiology,Low
0.0,NPIIN0000001251,Gastroenterology,Low
0.0,NPIIN0000001252,Cardiology,Low
12.9,NPIIN0000001253,General Medicine,Low
83.6,NPIIN0000001254,Diabetology,Low
0.0,NPIIN0000001255,Neurology,Low
0.0,NPIIN0000001256,Cardiology,Low
0.0,NPIIN0000001257,General Medicine,Low
0.0,NPIIN0000001258,Neurology,Low
0.0,NPIIN0000001259,Cardiology,Low
0.0,NPIIN0000001260,Urology,Low
0.7,NPIIN0000001261,General Medicine,Low
86.9,NPIIN0000001262,Endocrinology,Low
85.4,NPIIN0000001263,Endocrinology,Low
0.3,NPIIN0000001264,General Medicine,Low
0.8,NPIIN0000001265,Endocrinology,Low
0.0,NPIIN0000001266,General Medicine,Low
0.0,NPIIN0000001267,Neurology,Low
54.1,NPIIN0000001268,General Medicine,Low
0.0,NPIIN0000001269,General Medicine,Low
0.4,NPIIN0000001270,Gastroenterology,Low
38.0,NPIIN0000001271,Diabetology,Low
0.0,NPIIN0000001272,Pulmonology,Low
0.0,NPIIN0000001273,Urology,Low
51.9,NPIIN0000001274,Endocrinology,Low
0.0,NPIIN0000001275,Pulmonology,Low
0.0,NPIIN0000001276,Orthopedics,Low
80.0,NPIIN0000001277,General Medicine,Low
0.0,NPIIN0000001278,Orthopedics,Low
79.2,NPIIN0000001279,Diabetology,Low
0.0,NPIIN0000001280,Pulmonology,Low
91.6,NPIIN0000001281,Diabetology,Low
0.0,NPIIN0000001282,Cardiology,Low
0.0,NPIIN0000001283,Orthopedics,Low
0.3,NPIIN0000001284,Diabetology,Low
0.0,NPIIN0000001285,Orthopedics,Low
0.0,NPIIN0000001286,Neurology,Low
0.0,NPIIN0000001287,Urology,Low
0.0,NPIIN0000001288,Orthopedics,Low
0.0,NPIIN0000001289,Pulmonology,Low
0.0,NPIIN0000001290,Orthopedics,Low
0.8,NPIIN0000001291,Gastroenterology,Low
0.0,NPIIN0000001292,General Medicine,Low
0.0,NPIIN0000001293,Neurology,Low
7.0,NPIIN0000001294,Endocrinology,Low
0.6,NPIIN0000001295,Cardiology,Low
0.0,NPIIN0000001296,Diabetology,Low
1.6,NPIIN0000001297,General Medicine,Low
65.4,NPIIN0000001298,Endocrinology,Low
0.4,NPIIN0000001299,General Medicine,Low
14.9,NPIIN0000001300,Neurology,Low
0.0,NPIIN0000001301,Neurology,Low
0.0,NPIIN0000001302,Urology,Low
0.0,NPIIN0000001303,Orthopedics,Low
0.5,NPIIN0000001304,Urology,Low
0.0,NPIIN0000001305,Pulmonology,Low
84.3,NPIIN0000001306,Endocrinology,Low
0.0,NPIIN0000001307,Orthopedics,Low
75.9,NPIIN0000001308,Endocrinology,Low
55.5,NPIIN0000001309,Endocrinology,Low
83.3,NPIIN0000001310,Diabetology,Low
0.1,NPIIN0000001311,Pulmonology,Low
0.0,NPIIN0000001312,Neurology,Low
0.0,NPIIN0000001313,Cardiology,Low
0.0,NPIIN0000001314,Gastroenterology,Low
49.3,NPIIN0000001315,Endocrinology,Low
0.0,NPIIN0000001316,Diabetology,Low
83.8,NPIIN0000001317,Diabetology,Medium
85.9,NPIIN0000001318,General Medicine,Low
0.0,NPIIN0000001319,Gastroenterology,Low
0.0,NPIIN0000001320,Cardiology,Low
71.8,NPIIN0000001321,Endocrinology,Low
0.0,NPIIN0000001322,Cardiology,Low
0.0,NPIIN0000001323,Gastroenterology,Low
0.0,NPIIN0000001324,Orthopedics,Low
0.0,NPIIN0000001325,Neurology,Low
0.0,NPIIN0000001326,Pulmonology,Low
0.0,NPIIN0000001327,Urology,Low
0.0,NPIIN0000001328,Diabetology,Low
0.0,NPIIN0000001329,Cardiology,Low
0.0,NPIIN0000001330,General Medicine,Low
50.0,NPIIN0000001331,Diabetology,Low
51.1,NPIIN0000001332,General Medicine,Low
0.0,NPIIN0000001333,General Medicine,Low
78.6,NPIIN0000001334,Diabetology,Low
0.0,NPIIN0000001335,General Medicine,Low
0.5,NPIIN0000001336,General Medicine,Low
7.7,NPIIN0000001337,Cardiology,Low
0.0,NPIIN0000001338,Urology,Low
46.9,NPIIN0000001339,Neurology,Low
0.0,NPIIN0000001340,Cardiology,Low
0.0,NPIIN0000001341,Cardiology,Low
0.0,NPIIN0000001342,Cardiology,Low
0.0,NPIIN0000001343,Cardiology,Low
0.0,NPIIN0000001344,Cardiology,Low
1.4,NPIIN0000001345,Endocrinology,Low
0.0,NPIIN0000001346,Dermatology,Low
0.0,NPIIN0000001347,Dermatology,Low
0.0,NPIIN0000001348,Gastroenterology,Low
0.3,NPIIN0000001349,Pulmonology,Low
0.0,NPIIN0000001350,Gastroenterology,Low
0.0,NPIIN0000001351,Gastroenterology,Low
0.0,NPIIN0000001352,Urology,Low
0.3,NPIIN0000001353,Gastroenterology,Low
0.0,NPIIN0000001354,Gastroenterology,Low
15.2,NPIIN0000001355,Dermatology,Low
0.0,NPIIN0000001356,Pulmonology,Low
67.3,NPIIN0000001357,Endocrinology,Low
47.4,NPIIN0000001358,Cardiology,Low
0.0,NPIIN0000001359,General Medicine,Low
0.0,NPIIN0000001360,Cardiology,Low
0.3,NPIIN0000001361,Endocrinology,Low
0.0,NPIIN0000001362,Cardiology,Low
83.4,NPIIN0000001363,Diabetology,Low
0.0,NPIIN0000001364,Orthopedics,Low
0.1,NPIIN0000001365,General Medicine,Low
0.0,NPIIN0000001366,Diabetology,Low
0.0,NPIIN0000001367,General Medicine,Low
7.8,NPIIN0000001368,Diabetology,Low
0.0,NPIIN0000001369,Neurology,Low
0.0,NPIIN0000001370,Neurology,Low
0.0,NPIIN0000001371,Cardiology,Low
0.0,NPIIN0000001372,General Medicine,Low
0.0,NPIIN0000001373,Cardiology,Low
0.0,NPIIN0000001374,Neurology,Low
0.0,NPIIN0000001375,Orthopedics,Low
0.0,NPIIN0000001376,Urology,Low
0.0,NPIIN0000001377,Endocrinology,Low
0.1,NPIIN0000001378,Gastroenterology,Low
0.2,NPIIN0000001379,Dermatology,Low
0.0,NPIIN0000001380,Urology,Low
70.7,NPIIN0000001381,Diabetology,Low
0.0,NPIIN0000001382,General Medicine,Low
0.4,NPIIN0000001383,Endocrinology,Low
0.0,NPIIN0000001384,Cardiology,Low
0.0,NPIIN0000001385,Neurology,Low
64.5,NPIIN0000001386,General Medicine,Low
100.0,NPIIN0000001387,Diabetology,Low
0.0,NPIIN0000001388,Dermatology,Low
0.6,NPIIN0000001389,General Medicine,Low
0.0,NPIIN0000001390,Orthopedics,Low
0.0,NPIIN0000001391,Dermatology,Low
0.0,NPIIN0000001392,Urology,Low
0.0,NPIIN0000001393,Gastroenterology,Low
0.0,NPIIN0000001394,Cardiology,Low
0.0,NPIIN0000001395,Cardiology,Low
0.0,NPIIN0000001396,Urology,Low
0.0,NPIIN0000001397,Cardiology,Low
46.3,NPIIN0000001398,General Medicine,Medium
0.0,NPIIN0000001399,Pulmonology,Low
49.3,NPIIN0000001400,Endocrinology,Low
48.9,NPIIN0000001401,Endocrinology,Low
1.4,NPIIN0000001402,General Medicine,Low
88.3,NPIIN0000001403,General Medicine,Low
0.0,NPIIN0000001404,Neurology,Low
0.5,NPIIN0000001405,Cardiology,Low
0.0,NPIIN0000001406,General Medicine,Low
77.6,NPIIN0000001407,Endocrinology,Low
6.8,NPIIN0000001408,Pulmonology,Low
0.0,NPIIN0000001409,Cardiology,Low
67.4,NPIIN0000001410,Endocrinology,Low
0.0,NPIIN0000001411,Dermatology,Low
94.9,NPIIN0000001412,Endocrinology,Low
0.0,NPIIN0000001413,Gastroenterology,Low
47.1,NPIIN0000001414,Diabetology,Low
56.0,NPIIN0000001415,Endocrinology,Low
0.4,NPIIN0000001416,Diabetology,Low
0.0,NPIIN0000001417,Urology,Low
0.0,NPIIN0000001418,General Medicine,Low
54.4,NPIIN0000001419,Diabetology,Low
0.1,NPIIN0000001420,Pulmonology,Low
45.2,NPIIN0000001421,General Medicine,Low
0.0,NPIIN0000001422,Dermatology,Low
0.0,NPIIN0000001423,Orthopedics,Low
0.0,NPIIN0000001424,General Medicine,Low
69.4,NPIIN0000001425,General Medicine,Low
0.0,NPIIN0000001426,General Medicine,Low
0.0,NPIIN0000001427,Orthopedics,Low
0.0,NPIIN0000001428,General Medicine,Low
0.4,NPIIN0000001429,Endocrinology,Low
0.0,NPIIN0000001430,Orthopedics,Low
0.0,NPIIN0000001431,Orthopedics,Low
4.7,NPIIN0000001432,General Medicine,Low
30.8,NPIIN0000001433,General Medicine,Low
0.6,NPIIN0000001434,Neurology,Low
0.0,NPIIN0000001435,Dermatology,Low
1.1,NPIIN0000001436,General Medicine,Low
0.0,NPIIN0000001437,General Medicine,Low
49.4,NPIIN0000001438,Diabetology,Low
84.5,NPIIN0000001439,Diabetology,Low
0.0,NPIIN0000001440,Cardiology,Low
0.0,NPIIN0000001441,Gastroenterology,Low
0.0,NPIIN0000001442,Cardiology,Low
72.7,NPIIN0000001443,General Medicine,Low
0.0,NPIIN0000001444,Dermatology,Low
0.0,NPIIN0000001445,General Medicine,Low
55.8,NPIIN0000001446,Diabetology,Low
49.3,NPIIN0000001447,Orthopedics,Low
0.0,NPIIN0000001448,Cardiology,Low
49.5,NPIIN0000001449,Urology,Low
0.0,NPIIN0000001450,Cardiology,Low
62.0,NPIIN0000001451,General Medicine,Low
15.1,NPIIN0000001452,Neurology,Low
0.0,NPIIN0000001453,General Medicine,Low
0.0,NPIIN0000001454,Pulmonology,Low
62.7,NPIIN0000001455,Endocrinology,Low
0.0,NPIIN0000001456,Pulmonology,Low
0.6,NPIIN0000001457,Cardiology,Low
0.1,NPIIN0000001458,Dermatology,Low
72.7,NPIIN0000001459,Pulmonology,Low
13.1,NPIIN0000001460,General Medicine,Low
0.0,NPIIN0000001461,Cardiology,Low
82.9,NPIIN0000001462,General Medicine,Low
0.0,NPIIN0000001463,Pulmonology,Low
0.9,NPIIN0000001464,Diabetology,Low
0.0,NPIIN0000001465,Neurology,Low
0.0,NPIIN0000001466,Cardiology,Low
54.8,NPIIN0000001467,Endocrinology,Low
13.1,NPIIN0000001468,Gastroenterology,Low
72.2,NPIIN0000001469,Endocrinology,Low
7.8,NPIIN0000001470,Diabetology,Low
0.0,NPIIN0000001471,Neurology,Low
0.0,NPIIN0000001472,Gastroenterology,Low
0.0,NPIIN0000001473,Cardiology,Low
0.0,NPIIN0000001474,Cardiology,Low
0.7,NPIIN0000001475,General Medicine,Low
0.0,NPIIN0000001476,Pulmonology,Low
4.9,NPIIN0000001477,General Medicine,Low
0.6,NPIIN0000001478,Neurology,Low
0.0,NPIIN0000001479,Gastroenterology,Low
0.0,NPIIN0000001480,Orthopedics,Low
0.5,NPIIN0000001481,General Medicine,Low
72.1,NPIIN0000001482,Endocrinology,Low
38.8,NPIIN0000001483,Diabetology,Low
13.6,NPIIN0000001484,Endocrinology,Low
0.3,NPIIN0000001485,General Medicine,Low
0.0,NPIIN0000001486,Urology,Low
0.0,NPIIN0000001487,General Medicine,Low
47.3,NPIIN0000001488,Endocrinology,Low
0.4,NPIIN0000001489,General Medicine,Low
0.0,NPIIN0000001490,Orthopedics,Low
4.2,NPIIN0000001491,Endocrinology,Low
38.2,NPIIN0000001492,Gastroenterology,Low
0.0,NPIIN0000001493,Dermatology,Low
0.0,NPIIN0000001494,General Medicine,Low
0.4,NPIIN0000001495,Pulmonology,Low
57.9,NPIIN0000001496,General Medicine,Low
0.0,NPIIN0000001497,Diabetology,Low
0.0,NPIIN0000001498,General Medicine,Low
46.3,NPIIN0000001499,Cardiology,Low
0.0,NPIIN0000001500,Neurology,Low
0.0,NPIIN0000001501,Dermatology,Low
0.0,NPIIN0000001502,Diabetology,Low
0.0,NPIIN0000001503,Pulmonology,Low
0.0,NPIIN0000001504,Endocrinology,Low
0.0,NPIIN0000001505,Cardiology,Low
87.6,NPIIN0000001506,Neurology,Low
15.2,NPIIN0000001507,Cardiology,Low
0.0,NPIIN0000001508,Gastroenterology,Low
0.0,NPIIN0000001509,Diabetology,Low
0.0,NPIIN0000001510,Dermatology,Low
27.3,NPIIN0000001511,General Medicine,Low
0.0,NPIIN0000001512,General Medicine,Low
7.6,NPIIN0000001513,Gastroenterology,Low
0.0,NPIIN0000001514,General Medicine,Low
0.6,NPIIN0000001515,Endocrinology,Low
0.0,NPIIN0000001516,Dermatology,Low
82.9,NPIIN0000001517,General Medicine,Low
0.0,NPIIN0000001518,Cardiology,Low
52.5,NPIIN0000001519,General Medicine,Low
0.0,NPIIN0000001520,Pulmonology,Low
0.0,NPIIN0000001521,Pulmonology,Low
0.0,NPIIN0000001522,Dermatology,Low
0.0,NPIIN0000001523,Pulmonology,Low
81.4,NPIIN0000001524,Endocrinology,Low
67.7,NPIIN0000001525,Diabetology,Low
0.0,NPIIN0000001526,Cardiology,Low
27.4,NPIIN0000001527,Gastroenterology,Low
0.0,NPIIN0000001528,Cardiology,Low
6.0,NPIIN0000001529,Pulmonology,Low
7.9,NPIIN0000001530,Pulmonology,Low
0.0,NPIIN0000001531,Gastroenterology,Low
72.3,NPIIN0000001532,Cardiology,Low
92.0,NPIIN0000001533,Endocrinology,Low
0.0,NPIIN0000001534,Urology,Low
0.0,NPIIN0000001535,Pulmonology,Low
49.1,NPIIN0000001536,General Medicine,Low
0.0,NPIIN0000001537,Gastroenterology,Low
0.1,NPIIN0000001538,Urology,Low
0.0,NPIIN0000001539,Diabetology,Low
0.0,NPIIN0000001540,Urology,Low
0.0,NPIIN0000001541,Cardiology,Low
0.4,NPIIN0000001542,Orthopedics,Low
48.3,NPIIN0000001543,Endocrinology,Low
79.5,NPIIN0000001544,Diabetology,Low
0.6,NPIIN0000001545,Cardiology,Low
0.0,NPIIN0000001546,Dermatology,Low
0.0,NPIIN0000001547,Orthopedics,Low
71.3,NPIIN0000001548,Diabetology,Low
45.7,NPIIN0000001549,Diabetology,Low
66.9,NPIIN0000001550,Diabetology,Low
66.1,NPIIN0000001551,Endocrinology,Low
47.3,NPIIN0000001552,Gastroenterology,Low
0.0,NPIIN0000001553,Cardiology,Low
0.0,NPIIN0000001554,Orthopedics,Low
0.0,NPIIN0000001555,Urology,Low
0.0,NPIIN0000001556,Cardiology,Low
0.1,NPIIN0000001557,General Medicine,Low
0.0,NPIIN0000001558,Orthopedics,Low
0.3,NPIIN0000001559,Dermatology,Low
0.0,NPIIN0000001560,Gastroenterology,Low
0.0,NPIIN0000001561,Cardiology,Low
0.0,NPIIN0000001562,Cardiology,Low
0.0,NPIIN0000001563,Dermatology,Low
73.1,NPIIN0000001564,General Medicine,Low
0.1,NPIIN0000001565,Neurology,Low
0.0,NPIIN0000001566,Gastroenterology,Low
0.0,NPIIN0000001567,General Medicine,Low
0.0,NPIIN0000001568,Endocrinology,Low
0.0,NPIIN0000001569,General Medicine,Low
0.0,NPIIN0000001570,Urology,Low
0.0,NPIIN0000001571,General Medicine,Low
0.0,NPIIN0000001572,Cardiology,Low
0.0,NPIIN0000001573,Orthopedics,Low
0.0,NPIIN0000001574,Neurology,Low
0.1,NPIIN0000001575,Pulmonology,Low
38.6,NPIIN0000001576,Dermatology,Low
0.0,NPIIN0000001577,General Medicine,Low
0.0,NPIIN0000001578,Orthopedics,Low
0.0,NPIIN0000001579,Dermatology,Low
0.0,NPIIN0000001580,Diabetology,Low
49.6,NPIIN0000001581,General Medicine,Low
27.1,NPIIN0000001582,Diabetology,Low
55.8,NPIIN0000001583,Neurology,Low
0.0,NPIIN0000001584,Neurology,Low
7.0,NPIIN0000001585,General Medicine,Low
0.0,NPIIN0000001586,Orthopedics,Low
0.0,NPIIN0000001587,General Medicine,Low
0.3,NPIIN0000001588,Gastroenterology,Low
0.0,NPIIN0000001589,Neurology,Low
0.0,NPIIN0000001590,General Medicine,Low
0.0,NPIIN0000001591,Cardiology,Low
0.0,NPIIN0000001592,Neurology,Low
0.0,NPIIN0000001593,Neurology,Low
0.0,NPIIN0000001594,Cardiology,Low
0.0,NPIIN0000001595,Dermatology,Low
0.0,NPIIN0000001596,General Medicine,Low
85.2,NPIIN0000001597,Diabetology,Low
0.0,NPIIN0000001598,Dermatology,Low
0.0,NPIIN0000001599,General Medicine,Low
1.5,NPIIN0000001600,Pulmonology,Low
0.0,NPIIN0000001601,Pulmonology,Low
0.0,NPIIN0000001602,Cardiology,Low
49.8,NPIIN0000001603,General Medicine,Low
0.0,NPIIN0000001604,Endocrinology,Low
0.3,NPIIN0000001605,Endocrinology,Low
7.7,NPIIN0000001606,Neurology,Low
0.0,NPIIN0000001607,Cardiology,Low
0.0,NPIIN0000001608,Orthopedics,Low
71.3,NPIIN0000001609,General Medicine,Low
82.7,NPIIN0000001610,Diabetology,Low
0.0,NPIIN0000001611,Urology,Low
35.6,NPIIN0000001612,General Medicine,Low
47.1,NPIIN0000001613,Pulmonology,Low
0.0,NPIIN0000001614,Neurology,Low
0.0,NPIIN0000001615,Urology,Low
0.0,NPIIN0000001616,Cardiology,Low
0.0,NPIIN0000001617,Cardiology,Low
0.0,NPIIN0000001618,Orthopedics,Low
0.0,NPIIN0000001619,Cardiology,Low
0.0,NPIIN0000001620,Neurology,Low
0.0,NPIIN0000001621,Pulmonology,Low
0.0,NPIIN0000001622,Pulmonology,Low
85.4,NPIIN0000001623,Gastroenterology,Low
0.0,NPIIN0000001624,Orthopedics,Low
0.0,NPIIN0000001625,Cardiology,Low
0.0,NPIIN0000001626,Pulmonology,Low
72.2,NPIIN0000001627,Gastroenterology,Low
94.2,NPIIN0000001628,Diabetology,Low
0.0,NPIIN0000001629,Urology,Low
0.0,NPIIN0000001630,General Medicine,Low
0.0,NPIIN0000001631,Endocrinology,Low
0.0,NPIIN0000001632,Dermatology,Low
0.0,NPIIN0000001633,Orthopedics,Low
0.0,NPIIN0000001634,Cardiology,Low
0.0,NPIIN0000001635,Gastroenterology,Low
66.1,NPIIN0000001636,Endocrinology,Low
0.3,NPIIN0000001637,Cardiology,Low
0.8,NPIIN0000001638,Diabetology,Low
0.0,NPIIN0000001639,Dermatology,Low
53.3,NPIIN0000001640,Endocrinology,Low
0.0,NPIIN0000001641,Cardiology,Low
0.0,NPIIN0000001642,Gastroenterology,Low
0.0,NPIIN0000001643,General Medicine,Low
0.0,NPIIN0000001644,Endocrinology,Low
14.9,NPIIN0000001645,Endocrinology,Low
0.0,NPIIN0000001646,Dermatology,Low
0.0,NPIIN0000001647,Pulmonology,Low
0.0,NPIIN0000001648,Gastroenterology,Low
0.0,NPIIN0000001649,Cardiology,Low
84.4,NPIIN0000001650,General Medicine,Low
0.0,NPIIN0000001651,Dermatology,Low
83.9,NPIIN0000001652,Diabetology,Low
28.0,NPIIN0000001653,Endocrinology,Low
0.0,NPIIN0000001654,General Medicine,Low
0.0,NPIIN0000001655,General Medicine,Low
0.4,NPIIN0000001656,Endocrinology,Low
0.0,NPIIN0000001657,Orthopedics,Low
0.0,NPIIN0000001658,General Medicine,Low
0.0,NPIIN0000001659,Pulmonology,Low
0.0,NPIIN0000001660,Cardiology,Low
0.3,NPIIN0000001661,Pulmonology,Low
0.0,NPIIN0000001662,Pulmonology,Low
0.0,NPIIN0000001663,Orthopedics,Low
0.0,NPIIN0000001664,General Medicine,Low
0.0,NPIIN0000001665,Gastroenterology,Low
1.5,NPIIN0000001666,Diabetology,Low
0.0,NPIIN0000001667,Pulmonology,Low
0.0,NPIIN0000001668,Urology,Low
0.0,NPIIN0000001669,Pulmonology,Low
46.5,NPIIN0000001670,Gastroenterology,Low
0.0,NPIIN0000001671,Urology,Low
0.0,NPIIN0000001672,Urology,Low
70.9,NPIIN0000001673,Endocrinology,Low
0.1,NPIIN0000001674,Endocrinology,Low
0.0,NPIIN0000001675,Pulmonology,Low
0.0,NPIIN0000001676,Orthopedics,Low
0.0,NPIIN0000001677,General Medicine,Low
0.0,NPIIN0000001678,General Medicine,Low
0.0,NPIIN0000001679,Pulmonology,Low
46.9,NPIIN0000001680,Cardiology,Low
97.8,NPIIN0000001681,Endocrinology,Low
2.2,NPIIN0000001682,Endocrinology,Low
6.8,NPIIN0000001683,Cardiology,Low
0.0,NPIIN0000001684,Gastroenterology,Low
62.7,NPIIN0000001685,Diabetology,Low
80.3,NPIIN0000001686,Endocrinology,Low
85.2,NPIIN0000001687,General Medicine,Low
48.6,NPIIN0000001688,Diabetology,Low
54.6,NPIIN0000001689,General Medicine,Low
50.6,NPIIN0000001690,Diabetology,Low
0.0,NPIIN0000001691,Cardiology,Low
0.0,NPIIN0000001692,Neurology,Low
0.0,NPIIN0000001693,Cardiology,Low
51.4,NPIIN0000001694,Endocrinology,Low
38.6,NPIIN0000001695,Endocrinology,Low
0.0,NPIIN0000001696,General Medicine,Low
49.4,NPIIN0000001697,Endocrinology,Low
0.0,NPIIN0000001698,General Medicine,Low
50.4,NPIIN0000001699,Diabetology,Low
0.0,NPIIN0000001700,Cardiology,Low
0.0,NPIIN0000001701,Urology,Low
91.9,NPIIN0000001702,Diabetology,Low
0.0,NPIIN0000001703,Cardiology,Low
0.0,NPIIN0000001704,General Medicine,Low
0.0,NPIIN0000001705,Cardiology,Low
27.5,NPIIN0000001706,Gastroenterology,Low
85.1,NPIIN0000001707,Cardiology,Low
5.1,NPIIN0000001708,General Medicine,Low
0.0,NPIIN0000001709,Orthopedics,Low
81.5,NPIIN0000001710,Endocrinology,Low
48.6,NPIIN0000001711,Endocrinology,Low
0.0,NPIIN0000001712,Pulmonology,Low
0.0,NPIIN0000001713,Orthopedics,Low
0.1,NPIIN0000001714,General Medicine,Low
0.0,NPIIN0000001715,Neurology,Low
85.9,NPIIN0000001716,Endocrinology,Low
0.0,NPIIN0000001717,Neurology,Low
49.3,NPIIN0000001718,Diabetology,Low
0.0,NPIIN0000001719,Pulmonology,Low
0.0,NPIIN0000001720,Cardiology,Low
0.0,NPIIN0000001721,General Medicine,Low
0.0,NPIIN0000001722,Endocrinology,Low
0.0,NPIIN0000001723,Neurology,Low
0.0,NPIIN0000001724,Gastroenterology,Low
0.0,NPIIN0000001725,Dermatology,Low
0.0,NPIIN0000001726,Orthopedics,Low
56.2,NPIIN0000001727,General Medicine,Low
0.0,NPIIN0000001728,Neurology,Low
0.0,NPIIN0000001729,Cardiology,Low
0.0,NPIIN0000001730,Urology,Low
0.0,NPIIN0000001731,Pulmonology,Low
0.0,NPIIN0000001732,General Medicine,Low
0.0,NPIIN0000001733,General Medicine,Low
0.0,NPIIN0000001734,Gastroenterology,Low
0.0,NPIIN0000001735,Dermatology,Low
0.0,NPIIN0000001736,Dermatology,Low
0.3,NPIIN0000001737,General Medicine,Low
14.9,NPIIN0000001738,General Medicine,Low
0.0,NPIIN0000001739,Orthopedics,Low
0.0,NPIIN0000001740,Neurology,Low
0.0,NPIIN0000001741,Pulmonology,Low
0.0,NPIIN0000001742,Pulmonology,Low
0.0,NPIIN0000001743,Pulmonology,Low
0.0,NPIIN0000001744,Gastroenterology,Low
0.0,NPIIN0000001745,Pulmonology,Low
0.0,NPIIN0000001746,Urology,Low
0.0,NPIIN0000001747,Dermatology,Low
2.5,NPIIN0000001748,General Medicine,Low
54.3,NPIIN0000001749,Endocrinology,Low
0.0,NPIIN0000001750,Pulmonology,Low
24.9,NPIIN0000001751,Pulmonology,Low
27.3,NPIIN0000001752,General Medicine,Low
0.0,NPIIN0000001753,Urology,Low
0.0,NPIIN0000001754,Cardiology,Low
71.4,NPIIN0000001755,Diabetology,High
0.0,NPIIN0000001756,Urology,Low
0.0,NPIIN0000001757,Orthopedics,Low
1.0,NPIIN0000001758,General Medicine,Low
67.3,NPIIN0000001759,Endocrinology,Low
85.4,NPIIN0000001760,General Medicine,Low
0.0,NPIIN0000001761,General Medicine,Low
0.0,NPIIN0000001762,General Medicine,Low
49.7,NPIIN0000001763,Diabetology,Low
0.0,NPIIN0000001764,Diabetology,Low
0.0,NPIIN0000001765,Neurology,Low
0.0,NPIIN0000001766,Pulmonology,Low
0.0,NPIIN0000001767,Neurology,Low
0.3,NPIIN0000001768,General Medicine,Low
51.8,NPIIN0000001769,General Medicine,Low
0.0,NPIIN0000001770,General Medicine,Low
71.1,NPIIN0000001771,Orthopedics,Low
0.3,NPIIN0000001772,General Medicine,Low
0.0,NPIIN0000001773,Pulmonology,Low
1.6,NPIIN0000001774,General Medicine,Low
1.4,NPIIN0000001775,Urology,Low
0.0,NPIIN0000001776,General Medicine,Low
0.0,NPIIN0000001777,General Medicine,Low
0.0,NPIIN0000001778,Dermatology,Low
50.3,NPIIN0000001779,Endocrinology,Low
0.0,NPIIN0000001780,Pulmonology,Low
49.0,NPIIN0000001781,General Medicine,Low
0.0,NPIIN0000001782,Orthopedics,Low
82.0,NPIIN0000001783,Gastroenterology,Low
7.6,NPIIN0000001784,Cardiology,Low
0.0,NPIIN0000001785,Dermatology,Low
0.0,NPIIN0000001786,Neurology,Low
0.0,NPIIN0000001787,Pulmonology,Low
59.7,NPIIN0000001788,Endocrinology,Low
49.2,NPIIN0000001789,Endocrinology,Low
0.0,NPIIN0000001790,Pulmonology,Low
4.9,NPIIN0000001791,General Medicine,Low
0.0,NPIIN0000001792,Urology,Low
0.0,NPIIN0000001793,Diabetology,Low
0.0,NPIIN0000001794,Neurology,Low
83.2,NPIIN0000001795,Diabetology,Low
0.0,NPIIN0000001796,Neurology,Low
0.0,NPIIN0000001797,Cardiology,Low
85.4,NPIIN0000001798,General Medicine,Low
0.1,NPIIN0000001799,Endocrinology,Low
0.0,NPIIN0000001800,Pulmonology,Low
85.2,NPIIN0000001801,Diabetology,Low
0.0,NPIIN0000001802,Gastroenterology,Low
0.0,NPIIN0000001803,Cardiology,Low
0.0,NPIIN0000001804,Pulmonology,Low
5.9,NPIIN0000001805,Pulmonology,Low
0.0,NPIIN0000001806,Cardiology,Low
0.0,NPIIN0000001807,Cardiology,Low
55.5,NPIIN0000001808,Diabetology,Low
0.0,NPIIN0000001809,Pulmonology,Low
0.0,NPIIN0000001810,Orthopedics,Low
0.0,NPIIN0000001811,Cardiology,Low
0.0,NPIIN0000001812,Neurology,Low
0.9,NPIIN0000001813,Neurology,Low
0.0,NPIIN0000001814,Neurology,Low
0.0,NPIIN0000001815,General Medicine,Low
0.0,NPIIN0000001816,Orthopedics,Low
47.8,NPIIN0000001817,General Medicine,Low
0.8,NPIIN0000001818,Dermatology,Low
4.0,NPIIN0000001819,Diabetology,Low
0.0,NPIIN0000001820,Dermatology,Low
15.3,NPIIN0000001821,Orthopedics,Low
0.0,NPIIN0000001822,Urology,Low
0.5,NPIIN0000001823,Diabetology,Low
86.9,NPIIN0000001824,Dermatology,Low
73.0,NPIIN0000001825,Cardiology,Low
0.0,NPIIN0000001826,Neurology,Low
0.0,NPIIN0000001827,General Medicine,Low
0.0,NPIIN0000001828,Neurology,Low
54.4,NPIIN0000001829,General Medicine,Low
0.0,NPIIN0000001830,Cardiology,Low
86.3,NPIIN0000001831,Endocrinology,High
0.0,NPIIN0000001832,Cardiology,Low
0.3,NPIIN0000001833,General Medicine,Low
0.0,NPIIN0000001834,Dermatology,Low
0.0,NPIIN0000001835,Gastroenterology,Low
0.0,NPIIN0000001836,Gastroenterology,Low
0.0,NPIIN0000001837,Dermatology,Low
67.5,NPIIN0000001838,General Medicine,Low
0.3,NPIIN0000001839,General Medicine,Low
59.3,NPIIN0000001840,General Medicine,Low
0.0,NPIIN0000001841,Cardiology,Low
0.7,NPIIN0000001842,Pulmonology,Low
0.0,NPIIN0000001843,Gastroenterology,Low
0.0,NPIIN0000001844,Pulmonology,Low
0.0,NPIIN0000001845,Gastroenterology,Low
0.0,NPIIN0000001846,Cardiology,Low
0.0,NPIIN0000001847,Gastroenterology,Low
46.9,NPIIN0000001848,Endocrinology,Low
0.0,NPIIN0000001849,Urology,Low
39.1,NPIIN0000001850,Diabetology,Medium
0.3,NPIIN0000001851,General Medicine,Low
0.0,NPIIN0000001852,General Medicine,Low
71.4,NPIIN0000001853,Diabetology,Low
0.0,NPIIN0000001854,General Medicine,Low
0.5,NPIIN0000001855,Endocrinology,Low
0.0,NPIIN0000001856,Pulmonology,Low
0.0,NPIIN0000001857,Urology,Low
6.8,NPIIN0000001858,Diabetology,Low
7.5,NPIIN0000001859,General Medicine,Low
0.0,NPIIN0000001860,Urology,Low
0.0,NPIIN0000001861,General Medicine,Low
0.0,NPIIN0000001862,Dermatology,Low
0.0,NPIIN0000001863,General Medicine,Low
0.0,NPIIN0000001864,General Medicine,Low
65.2,NPIIN0000001865,Endocrinology,Low
0.0,NPIIN0000001866,Cardiology,Low
0.0,NPIIN0000001867,Pulmonology,Low
0.0,NPIIN0000001868,Dermatology,Low
0.1,NPIIN0000001869,Cardiology,Low
34.9,NPIIN0000001870,Urology,Low
0.0,NPIIN0000001871,General Medicine,Low
0.0,NPIIN0000001872,General Medicine,Low
0.0,NPIIN0000001873,Urology,Low
0.0,NPIIN0000001874,Urology,Low
0.0,NPIIN0000001875,General Medicine,Low
47.9,NPIIN0000001876,Diabetology,Low
82.0,NPIIN0000001877,Endocrinology,Low
86.3,NPIIN0000001878,Diabetology,Low
0.0,NPIIN0000001879,Gastroenterology,Low
51.1,NPIIN0000001880,Diabetology,Low
0.0,NPIIN0000001881,Neurology,Low
85.9,NPIIN0000001882,Endocrinology,Low
0.0,NPIIN0000001883,General Medicine,Low
6.9,NPIIN0000001884,General Medicine,Low
1.6,NPIIN0000001885,General Medicine,Low
0.0,NPIIN0000001886,Pulmonology,Low
0.0,NPIIN0000001887,Orthopedics,Low
0.0,NPIIN0000001888,Urology,Low
0.0,NPIIN0000001889,Neurology,Low
44.1,NPIIN0000001890,Endocrinology,Low
0.0,NPIIN0000001891,Urology,Low
0.0,NPIIN0000001892,Urology,Low
0.0,NPIIN0000001893,Urology,Low
0.3,NPIIN0000001894,General Medicine,Low
74.8,NPIIN0000001895,Endocrinology,Low
0.0,NPIIN0000001896,Gastroenterology,Low
1.0,NPIIN0000001897,General Medicine,Low
0.0,NPIIN0000001898,General Medicine,Low
0.0,NPIIN0000001899,General Medicine,Low
0.0,NPIIN0000001900,Pulmonology,Low
0.0,NPIIN0000001901,General Medicine,Low
0.0,NPIIN0000001902,Neurology,Low
0.3,NPIIN0000001903,Neurology,Low
0.0,NPIIN0000001904,General Medicine,Low
0.0,NPIIN0000001905,Cardiology,Low
86.5,NPIIN0000001906,Orthopedics,Low
0.4,NPIIN0000001907,General Medicine,Low
0.4,NPIIN0000001908,General Medicine,Low
0.0,NPIIN0000001909,General Medicine,Low
0.0,NPIIN0000001910,General Medicine,Low
0.0,NPIIN0000001911,Neurology,Low
0.0,NPIIN0000001912,Cardiology,Low
0.0,NPIIN0000001913,Urology,Low
0.0,NPIIN0000001914,Cardiology,Low
0.0,NPIIN0000001915,Orthopedics,Low
0.0,NPIIN0000001916,Pulmonology,Low
0.0,NPIIN0000001917,Cardiology,Low
0.0,NPIIN0000001918,Pulmonology,Low
46.6,NPIIN0000001919,General Medicine,Low
0.0,NPIIN0000001920,Orthopedics,Low
0.0,NPIIN0000001921,Gastroenterology,Low
0.2,NPIIN0000001922,General Medicine,Low
55.2,NPIIN0000001923,General Medicine,Low
0.0,NPIIN0000001924,Orthopedics,Low
0.0,NPIIN0000001925,Neurology,Low
50.6,NPIIN0000001926,General Medicine,Low
0.0,NPIIN0000001927,General Medicine,Low
13.2,NPIIN0000001928,Diabetology,Low
27.3,NPIIN0000001929,Neurology,Low
0.0,NPIIN0000001930,Pulmonology,Low
0.0,NPIIN0000001931,Dermatology,Low
0.0,NPIIN0000001932,Pulmonology,Low
0.0,NPIIN0000001933,Pulmonology,Low
0.0,NPIIN0000001934,General Medicine,Low
0.0,NPIIN0000001935,Gastroenterology,Low
72.0,NPIIN0000001936,General Medicine,Low
0.0,NPIIN0000001937,Dermatology,Low
38.7,NPIIN0000001938,Diabetology,Low
0.0,NPIIN0000001939,Neurology,Low
0.0,NPIIN0000001940,Urology,Low
0.0,NPIIN0000001941,Gastroenterology,Low
0.0,NPIIN0000001942,General Medicine,Low
0.0,NPIIN0000001943,Neurology,Low
95.2,NPIIN0000001944,Endocrinology,High
0.0,NPIIN0000001945,Cardiology,Low
0.0,NPIIN0000001946,Dermatology,Low
38.5,NPIIN0000001947,Dermatology,Low
0.0,NPIIN0000001948,Cardiology,Low
0.0,NPIIN0000001949,Orthopedics,Low
0.0,NPIIN0000001950,General Medicine,Low
72.2,NPIIN0000001951,Urology,Low
15.3,NPIIN0000001952,Gastroenterology,Low
7.4,NPIIN0000001953,Urology,Low
0.0,NPIIN0000001954,Dermatology,Low
0.0,NPIIN0000001955,Orthopedics,Low
0.0,NPIIN0000001956,Pulmonology,Low
81.0,NPIIN0000001957,Endocrinology,Low
0.0,NPIIN0000001958,General Medicine,Low
0.0,NPIIN0000001959,Gastroenterology,Low
20.1,NPIIN0000001960,Endocrinology,Low
0.0,NPIIN0000001961,Urology,Low
0.0,NPIIN0000001962,Endocrinology,Low
0.0,NPIIN0000001963,Urology,Low
6.9,NPIIN0000001964,General Medicine,Low
0.0,NPIIN0000001965,Dermatology,Low
79.9,NPIIN0000001966,Orthopedics,Low
0.2,NPIIN0000001967,General Medicine,Low
0.0,NPIIN0000001968,Neurology,Low
48.3,NPIIN0000001969,Endocrinology,Low
0.0,NPIIN0000001970,Dermatology,Low
0.0,NPIIN0000001971,Dermatology,Low
80.2,NPIIN0000001972,Diabetology,Low
0.0,NPIIN0000001973,Cardiology,Low
73.1,NPIIN0000001974,General Medicine,Low
34.9,NPIIN0000001975,Endocrinology,Low
0.0,NPIIN0000001976,Dermatology,Low
82.3,NPIIN0000001977,Diabetology,Low
0.0,NPIIN0000001978,Orthopedics,Low
0.0,NPIIN0000001979,Orthopedics,Low
0.0,NPIIN0000001980,Urology,Low
0.0,NPIIN0000001981,Pulmonology,Low
0.0,NPIIN0000001982,Diabetology,Low
0.0,NPIIN0000001983,Dermatology,Low
0.0,NPIIN0000001984,Neurology,Low
0.0,NPIIN0000001985,Orthopedics,Low
0.0,NPIIN0000001986,General Medicine,Low
0.0,NPIIN0000001987,Cardiology,Low
0.0,NPIIN0000001988,Orthopedics,Low
0.0,NPIIN0000001989,Dermatology,Low
71.1,NPIIN0000001990,Endocrinology,Low
0.0,NPIIN0000001991,Gastroenterology,Low
0.0,NPIIN0000001992,Cardiology,Low
0.0,NPIIN0000001993,Pulmonology,Low
72.4,NPIIN0000001994,General Medicine,Low
0.0,NPIIN0000001995,General Medicine,Low
0.0,NPIIN0000001996,Diabetology,Low
83.2,NPIIN0000001997,Diabetology,Low
1.5,NPIIN0000001998,General Medicine,Low
0.0,NPIIN0000001999,Diabetology,Low
0.0,NPIIN0000002000,General Medicine,Low
0.0,NPIIN0000002001,Pulmonology,Low
0.0,NPIIN0000002002,Gastroenterology,Low
0.0,NPIIN0000002003,Neurology,Low
24.3,NPIIN0000002004,Diabetology,Low
0.0,NPIIN0000002005,Cardiology,Low
0.0,NPIIN0000002006,Dermatology,Low
0.0,NPIIN0000002007,Urology,Low
0.0,NPIIN0000002008,Orthopedics,Low
0.3,NPIIN0000002009,Orthopedics,Low
0.0,NPIIN0000002010,Neurology,Low
0.0,NPIIN0000002011,Urology,Low
82.9,NPIIN0000002012,General Medicine,Low
84.9,NPIIN0000002013,Gastroenterology,Low
0.0,NPIIN0000002014,Orthopedics,Low
0.0,NPIIN0000002015,Dermatology,Low
49.4,NPIIN0000002016,General Medicine,Low
0.0,NPIIN0000002017,General Medicine,Low
0.3,NPIIN0000002018,Diabetology,Low
0.0,NPIIN0000002019,General Medicine,Low
0.7,NPIIN0000002020,Dermatology,Low
0.0,NPIIN0000002021,Neurology,Low
83.9,NPIIN0000002022,Diabetology,Low
0.0,NPIIN0000002023,Gastroenterology,Low
0.0,NPIIN0000002024,General Medicine,Low
0.0,NPIIN0000002025,Pulmonology,Low
5.4,NPIIN0000002026,General Medicine,Low
47.2,NPIIN0000002027,General Medicine,Low
0.0,NPIIN0000002028,Gastroenterology,Low
0.0,NPIIN0000002029,Gastroenterology,Low
0.0,NPIIN0000002030,Gastroenterology,Low
0.0,NPIIN0000002031,General Medicine,Low
0.0,NPIIN0000002032,Neurology,Low
1.7,NPIIN0000002033,Endocrinology,Low
0.0,NPIIN0000002034,General Medicine,Low
0.0,NPIIN0000002035,Pulmonology,Low
0.0,NPIIN0000002036,Neurology,Low
0.0,NPIIN0000002037,Urology,Low
48.5,NPIIN0000002038,Diabetology,Low
0.0,NPIIN0000002039,Dermatology,Low
0.0,NPIIN0000002040,Diabetology,Low
0.0,NPIIN0000002041,Pulmonology,Low
0.0,NPIIN0000002042,Dermatology,Low
0.0,NPIIN0000002043,Gastroenterology,Low
0.0,NPIIN0000002044,Urology,Low
0.0,NPIIN0000002045,Dermatology,Low
52.3,NPIIN0000002046,Diabetology,Low
0.0,NPIIN0000002047,Orthopedics,Low
5.9,NPIIN0000002048,Orthopedics,Low
0.0,NPIIN0000002049,General Medicine,Low
0.0,NPIIN0000002050,Cardiology,Low
55.2,NPIIN0000002051,Diabetology,Low
0.0,NPIIN0000002052,Dermatology,Low
0.0,NPIIN0000002053,Orthopedics,Low
0.0,NPIIN0000002054,Dermatology,Low
4.0,NPIIN0000002055,General Medicine,Low
0.0,NPIIN0000002056,Cardiology,Low
0.0,NPIIN0000002057,General Medicine,Low
0.0,NPIIN0000002058,General Medicine,Low
0.0,NPIIN0000002059,Cardiology,Low
0.0,NPIIN0000002060,Cardiology,Low
52.0,NPIIN0000002061,Endocrinology,Low
66.2,NPIIN0000002062,Endocrinology,Low
15.3,NPIIN0000002063,Gastroenterology,Low
0.0,NPIIN0000002064,General Medicine,Low
0.0,NPIIN0000002065,General Medicine,Low
0.3,NPIIN0000002066,Pulmonology,Low
0.0,NPIIN0000002067,Orthopedics,Low
0.0,NPIIN0000002068,Gastroenterology,Low
0.0,NPIIN0000002069,Neurology,Low
0.0,NPIIN0000002070,Gastroenterology,Low
0.0,NPIIN0000002071,Gastroenterology,Low
0.0,NPIIN0000002072,Neurology,Low
0.0,NPIIN0000002073,General Medicine,Low
0.0,NPIIN0000002074,Pulmonology,Low
67.4,NPIIN0000002075,General Medicine,Low
0.0,NPIIN0000002076,General Medicine,Low
0.0,NPIIN0000002077,Diabetology,Low
97.0,NPIIN0000002078,General Medicine,Low
0.0,NPIIN0000002079,General Medicine,Low
85.4,NPIIN0000002080,Pulmonology,Low
0.7,NPIIN0000002081,General Medicine,Low
0.0,NPIIN0000002082,Cardiology,Low
0.0,NPIIN0000002083,General Medicine,Low
0.6,NPIIN0000002084,General Medicine,Low
0.0,NPIIN0000002085,Neurology,Low
55.8,NPIIN0000002086,General Medicine,Low
0.0,NPIIN0000002087,Cardiology,Low
0.0,NPIIN0000002088,Cardiology,Low
0.3,NPIIN0000002089,General Medicine,Low
67.1,NPIIN0000002090,Endocrinology,Low
0.0,NPIIN0000002091,General Medicine,Low
0.0,NPIIN0000002092,Pulmonology,Low
0.0,NPIIN0000002093,Orthopedics,Low
7.1,NPIIN0000002094,Neurology,Low
0.0,NPIIN0000002095,Cardiology,Low
0.0,NPIIN0000002096,General Medicine,Low
0.0,NPIIN0000002097,Dermatology,Low
78.1,NPIIN0000002098,Diabetology,Low
0.0,NPIIN0000002099,Urology,Low
82.5,NPIIN0000002100,General Medicine,Low
0.0,NPIIN0000002101,Cardiology,Low
49.6,NPIIN0000002102,Diabetology,Low
0.0,NPIIN0000002103,Urology,Low
1.7,NPIIN0000002104,Orthopedics,Low
0.0,NPIIN0000002105,Urology,Low
7.4,NPIIN0000002106,Diabetology,Low
0.0,NPIIN0000002107,Gastroenterology,Low
90.6,NPIIN0000002108,Endocrinology,Low
0.0,NPIIN0000002109,General Medicine,Low
6.8,NPIIN0000002110,Neurology,Low
0.0,NPIIN0000002111,Orthopedics,Low
0.0,NPIIN0000002112,General Medicine,Low
0.0,NPIIN0000002113,General Medicine,Low
45.7,NPIIN0000002114,Endocrinology,Low
0.0,NPIIN0000002115,General Medicine,Low
0.0,NPIIN0000002116,Cardiology,Low
0.0,NPIIN0000002117,Dermatology,Low
0.0,NPIIN0000002118,Cardiology,Low
0.0,NPIIN0000002119,Neurology,Low
77.0,NPIIN0000002120,Diabetology,Low
0.0,NPIIN0000002121,General Medicine,Low
6.8,NPIIN0000002122,Diabetology,Low
0.0,NPIIN0000002123,General Medicine,Low
0.0,NPIIN0000002124,Pulmonology,Low
0.0,NPIIN0000002125,Neurology,Low
0.0,NPIIN0000002126,Orthopedics,Low
0.0,NPIIN0000002127,General Medicine,Low
7.5,NPIIN0000002128,Pulmonology,Low
0.0,NPIIN0000002129,Urology,Low
0.0,NPIIN0000002130,Diabetology,Low
0.0,NPIIN0000002131,Urology,Low
0.0,NPIIN0000002132,Orthopedics,Low
0.0,NPIIN0000002133,Dermatology,Low
0.0,NPIIN0000002134,Pulmonology,Low
0.0,NPIIN0000002135,Gastroenterology,Low
5.2,NPIIN0000002136,General Medicine,Low
0.3,NPIIN0000002137,Pulmonology,Low
7.0,NPIIN0000002138,Orthopedics,Low
46.0,NPIIN0000002139,Diabetology,Low
0.0,NPIIN0000002140,Dermatology,Low
0.0,NPIIN0000002141,General Medicine,Low
82.5,NPIIN0000002142,Endocrinology,Low
0.3,NPIIN0000002143,Neurology,Low
0.0,NPIIN0000002144,Dermatology,Low
0.0,NPIIN0000002145,Pulmonology,Low
0.0,NPIIN0000002146,Dermatology,Low
0.0,NPIIN0000002147,General Medicine,Low
0.0,NPIIN0000002148,Urology,Low
0.0,NPIIN0000002149,Neurology,Low
0.0,NPIIN0000002150,Dermatology,Low
0.0,NPIIN0000002151,Diabetology,Low
84.3,NPIIN0000002152,General Medicine,Low
0.0,NPIIN0000002153,Urology,Low
0.0,NPIIN0000002154,Cardiology,Low
0.6,NPIIN0000002155,General Medicine,Low
1.0,NPIIN0000002156,Gastroenterology,Low
7.6,NPIIN0000002157,Gastroenterology,Low
0.0,NPIIN0000002158,Dermatology,Low
0.0,NPIIN0000002159,Gastroenterology,Low
0.0,NPIIN0000002160,Orthopedics,Low
82.7,NPIIN0000002161,General Medicine,Low
0.0,NPIIN0000002162,Pulmonology,Low
0.0,NPIIN0000002163,Dermatology,Low
0.0,NPIIN0000002164,Neurology,Low
0.0,NPIIN0000002165,Cardiology,Low
0.0,NPIIN0000002166,General Medicine,Low
0.0,NPIIN0000002167,Pulmonology,Low
0.0,NPIIN0000002168,Gastroenterology,Low
0.0,NPIIN0000002169,Pulmonology,Low
0.0,NPIIN0000002170,Gastroenterology,Low
82.6,NPIIN0000002171,Dermatology,Low
83.1,NPIIN0000002172,Diabetology,Low
0.0,NPIIN0000002173,Pulmonology,Low
0.1,NPIIN0000002174,Pulmonology,Low
67.6,NPIIN0000002175,Endocrinology,Low
0.0,NPIIN0000002176,General Medicine,Low
0.0,NPIIN0000002177,Pulmonology,Low
0.0,NPIIN0000002178,Dermatology,Low
0.0,NPIIN0000002179,General Medicine,Low
0.0,NPIIN0000002180,Cardiology,Low
2.3,NPIIN0000002181,General Medicine,Low
0.0,NPIIN0000002182,Dermatology,Low
7.4,NPIIN0000002183,Pulmonology,Low
50.0,NPIIN0000002184,Diabetology,Low
0.0,NPIIN0000002185,Urology,Low
81.7,NPIIN0000002186,Endocrinology,Low
75.5,NPIIN0000002187,Diabetology,Low
6.9,NPIIN0000002188,General Medicine,Low
0.0,NPIIN0000002189,Gastroenterology,Low
0.0,NPIIN0000002190,Dermatology,Low
1.4,NPIIN0000002191,Cardiology,Low
72.7,NPIIN0000002192,Dermatology,Low
0.0,NPIIN0000002193,Gastroenterology,Low
0.0,NPIIN0000002194,Urology,Low
13.0,NPIIN0000002195,Urology,Low
0.0,NPIIN0000002196,Gastroenterology,Low
2.6,NPIIN0000002197,Endocrinology,Low
63.0,NPIIN0000002198,Diabetology,Low
0.0,NPIIN0000002199,Orthopedics,Low
0.8,NPIIN0000002200,Pulmonology,Low
0.0,NPIIN0000002201,Pulmonology,Low
0.0,NPIIN0000002202,Urology,Low
0.0,NPIIN0000002203,Urology,Low
0.0,NPIIN0000002204,Gastroenterology,Low
0.0,NPIIN0000002205,Urology,Low
0.0,NPIIN0000002206,Cardiology,Low
0.0,NPIIN0000002207,Gastroenterology,Low
0.0,NPIIN0000002208,Orthopedics,Low
0.0,NPIIN0000002209,Cardiology,Low
0.0,NPIIN0000002210,Endocrinology,Low
0.0,NPIIN0000002211,Dermatology,Low
86.5,NPIIN0000002212,General Medicine,Low
0.0,NPIIN0000002213,Cardiology,Low
75.9,NPIIN0000002214,Diabetology,Low
1.5,NPIIN0000002215,Diabetology,Low
0.0,NPIIN0000002216,Diabetology,Low
0.3,NPIIN0000002217,Urology,Low
0.0,NPIIN0000002218,Neurology,Low
0.0,NPIIN0000002219,Gastroenterology,Low
0.0,NPIIN0000002220,Cardiology,Low
66.6,NPIIN0000002221,General Medicine,Low
56.5,NPIIN0000002222,Diabetology,Low
0.0,NPIIN0000002223,Dermatology,Low
0.0,NPIIN0000002224,Orthopedics,Low
88.3,NPIIN0000002225,General Medicine,Low
0.0,NPIIN0000002226,Orthopedics,Low
0.0,NPIIN0000002227,Cardiology,Low
87.0,NPIIN0000002228,Diabetology,Low
0.0,NPIIN0000002229,Gastroenterology,Low
0.0,NPIIN0000002230,General Medicine,Low
4.7,NPIIN0000002231,Urology,Low
61.5,NPIIN0000002232,Endocrinology,Low
0.0,NPIIN0000002233,Dermatology,Low
78.0,NPIIN0000002234,Endocrinology,Low
62.2,NPIIN0000002235,Endocrinology,Low
0.0,NPIIN0000002236,General Medicine,Low
0.0,NPIIN0000002237,Orthopedics,Low
0.0,NPIIN0000002238,Pulmonology,Low
0.0,NPIIN0000002239,Neurology,Low
0.0,NPIIN0000002240,Cardiology,Low
0.0,NPIIN0000002241,Cardiology,Low
0.0,NPIIN0000002242,Cardiology,Low
0.0,NPIIN0000002243,Dermatology,Low
50.0,NPIIN0000002244,Endocrinology,Low
0.0,NPIIN0000002245,Diabetology,Low
1.6,NPIIN0000002246,Pulmonology,Low
0.0,NPIIN0000002247,Pulmonology,Low
2.7,NPIIN0000002248,General Medicine,Low
0.0,NPIIN0000002249,Cardiology,Low
0.0,NPIIN0000002250,General Medicine,Low
26.9,NPIIN0000002251,Gastroenterology,Low
0.5,NPIIN0000002252,Endocrinology,Low
0.0,NPIIN0000002253,Neurology,Low
80.9,NPIIN0000002254,Cardiology,Low
0.0,NPIIN0000002255,Urology,Low
0.0,NPIIN0000002256,Orthopedics,Low
0.0,NPIIN0000002257,Cardiology,Low
0.0,NPIIN0000002258,General Medicine,Low
0.0,NPIIN0000002259,General Medicine,Low
0.0,NPIIN0000002260,Dermatology,Low
72.3,NPIIN0000002261,Pulmonology,Low
0.0,NPIIN0000002262,Pulmonology,Low
1.0,NPIIN0000002263,Endocrinology,Low
0.0,NPIIN0000002264,Cardiology,Low
0.0,NPIIN0000002265,Neurology,Low
0.0,NPIIN0000002266,Pulmonology,Low
0.0,NPIIN0000002267,Dermatology,Low
0.0,NPIIN0000002268,Dermatology,Low
0.0,NPIIN0000002269,Neurology,Low
0.0,NPIIN0000002270,Pulmonology,Low
67.0,NPIIN0000002271,Urology,Low
0.0,NPIIN0000002272,Dermatology,Low
0.0,NPIIN0000002273,Urology,Low
0.0,NPIIN0000002274,Orthopedics,Low
0.0,NPIIN0000002275,General Medicine,Low
0.0,NPIIN0000002276,Gastroenterology,Low
0.0,NPIIN0000002277,Neurology,Low
0.5,NPIIN0000002278,Endocrinology,Low
0.0,NPIIN0000002279,Neurology,Low
0.7,NPIIN0000002280,General Medicine,Low
0.0,NPIIN0000002281,General Medicine,Low
0.0,NPIIN0000002282,Endocrinology,Low
0.0,NPIIN0000002283,Gastroenterology,Low
0.0,NPIIN0000002284,Neurology,Low
0.0,NPIIN0000002285,Pulmonology,Low
67.0,NPIIN0000002286,Endocrinology,Low
0.0,NPIIN0000002287,Pulmonology,Low
0.0,NPIIN0000002288,Cardiology,Low
0.0,NPIIN0000002289,General Medicine,Low
0.0,NPIIN0000002290,General Medicine,Low
0.0,NPIIN0000002291,Urology,Low
0.0,NPIIN0000002292,General Medicine,Low
0.0,NPIIN0000002293,Pulmonology,Low
0.0,NPIIN0000002294,Urology,Low
72.7,NPIIN0000002295,General Medicine,Low
0.0,NPIIN0000002296,Urology,Low
0.1,NPIIN0000002297,Cardiology,Low
0.0,NPIIN0000002298,General Medicine,Low
0.0,NPIIN0000002299,Cardiology,Low
0.0,NPIIN0000002300,Pulmonology,Low
0.0,NPIIN0000002301,Orthopedics,Low
0.0,NPIIN0000002302,Neurology,Low
55.3,NPIIN0000002303,Pulmonology,Low
4.8,NPIIN0000002304,Diabetology,Low
0.0,NPIIN0000002305,Orthopedics,Low
0.3,NPIIN0000002306,General Medicine,Low
0.0,NPIIN0000002307,Diabetology,Low
0.0,NPIIN0000002308,Orthopedics,Low
58.9,NPIIN0000002309,General Medicine,Low
0.0,NPIIN0000002310,General Medicine,Low
0.0,NPIIN0000002311,Cardiology,Low
0.0,NPIIN0000002312,Endocrinology,Low
0.0,NPIIN0000002313,Dermatology,Low
80.2,NPIIN0000002314,General Medicine,Low
0.0,NPIIN0000002315,Orthopedics,Low
0.0,NPIIN0000002316,Cardiology,Low
0.0,NPIIN0000002317,Pulmonology,Low
0.0,NPIIN0000002318,Gastroenterology,Low
0.0,NPIIN0000002319,Pulmonology,Low
0.0,NPIIN0000002320,General Medicine,Low
0.0,NPIIN0000002321,Pulmonology,Low
0.0,NPIIN0000002322,Neurology,Low
27.2,NPIIN0000002323,Urology,Low
0.3,NPIIN0000002324,General Medicine,Low
53.8,NPIIN0000002325,General Medicine,Low
0.0,NPIIN0000002326,Neurology,Low
0.0,NPIIN0000002327,Diabetology,Low
0.1,NPIIN0000002328,Endocrinology,Low
0.0,NPIIN0000002329,Orthopedics,Low
32.3,NPIIN0000002330,Endocrinology,Low
7.0,NPIIN0000002331,Endocrinology,Low
24.7,NPIIN0000002332,Pulmonology,Low
0.0,NPIIN0000002333,Cardiology,Low
0.0,NPIIN0000002334,Cardiology,Low
0.0,NPIIN0000002335,Cardiology,Low
0.1,NPIIN0000002336,Cardiology,Low
0.0,NPIIN0000002337,General Medicine,Low
0.0,NPIIN0000002338,Dermatology,Low
0.0,NPIIN0000002339,General Medicine,Low
0.0,NPIIN0000002340,General Medicine,Low
0.0,NPIIN0000002341,Pulmonology,Low
94.0,NPIIN0000002342,Diabetology,Low
0.0,NPIIN0000002343,General Medicine,Low
1.6,NPIIN0000002344,General Medicine,Low
6.0,NPIIN0000002345,General Medicine,Low
4.7,NPIIN0000002346,General Medicine,Low
0.0,NPIIN0000002347,Cardiology,Low
0.0,NPIIN0000002348,Urology,Low
0.0,NPIIN0000002349,Orthopedics,Low
0.0,NPIIN0000002350,Urology,Low
1.0,NPIIN0000002351,Cardiology,Low
0.0,NPIIN0000002352,Gastroenterology,Low
0.0,NPIIN0000002353,Pulmonology,Low
0.0,NPIIN0000002354,Cardiology,Low
0.0,NPIIN0000002355,Orthopedics,Low
0.0,NPIIN0000002356,Gastroenterology,Low
0.2,NPIIN0000002357,Endocrinology,Low
0.0,NPIIN0000002358,Orthopedics,Low
0.0,NPIIN0000002359,Cardiology,Low
0.0,NPIIN0000002360,General Medicine,Low
78.9,NPIIN0000002361,Endocrinology,Medium
91.5,NPIIN0000002362,Endocrinology,High
0.0,NPIIN0000002363,Orthopedics,Low
0.0,NPIIN0000002364,Pulmonology,Low
0.0,NPIIN0000002365,Diabetology,Low
0.0,NPIIN0000002366,Gastroenterology,Low
0.0,NPIIN0000002367,Urology,Low
0.0,NPIIN0000002368,Urology,Low
0.0,NPIIN0000002369,Orthopedics,Low
0.0,NPIIN0000002370,Urology,Low
0.0,NPIIN0000002371,Neurology,Low
0.0,NPIIN0000002372,General Medicine,Low
0.0,NPIIN0000002373,Urology,Low
0.0,NPIIN0000002374,Cardiology,Low
71.4,NPIIN0000002375,Endocrinology,Low
0.4,NPIIN0000002376,General Medicine,Low
2.9,NPIIN0000002377,Diabetology,Low
0.0,NPIIN0000002378,Pulmonology,Low
48.9,NPIIN0000002379,Urology,Low
0.0,NPIIN0000002380,General Medicine,Low
0.0,NPIIN0000002381,Pulmonology,Low
0.4,NPIIN0000002382,General Medicine,Low
0.0,NPIIN0000002383,Neurology,Low
0.0,NPIIN0000002384,Cardiology,Low
0.0,NPIIN0000002385,Cardiology,Low
0.0,NPIIN0000002386,Neurology,Low
0.0,NPIIN0000002387,Pulmonology,Low
15.1,NPIIN0000002388,General Medicine,Low
0.2,NPIIN0000002389,General Medicine,Low
0.0,NPIIN0000002390,Cardiology,Low
0.0,NPIIN0000002391,Neurology,Low
7.5,NPIIN0000002392,General Medicine,Low
0.0,NPIIN0000002393,General Medicine,Low
0.0,NPIIN0000002394,Urology,Low
0.6,NPIIN0000002395,Gastroenterology,Low
7.8,NPIIN0000002396,Endocrinology,Low
0.0,NPIIN0000002397,Neurology,Low
13.1,NPIIN0000002398,Cardiology,Low
74.4,NPIIN0000002399,Endocrinology,Medium
0.0,NPIIN0000002400,Gastroenterology,Low
0.0,NPIIN0000002401,Cardiology,Low
0.0,NPIIN0000002402,Diabetology,Low
0.0,NPIIN0000002403,Urology,Low
0.0,NPIIN0000002404,Gastroenterology,Low
0.4,NPIIN0000002405,Urology,Low
0.0,NPIIN0000002406,Urology,Low
47.5,NPIIN0000002407,Diabetology,Low
0.0,NPIIN0000002408,Neurology,Low
0.0,NPIIN0000002409,General Medicine,Low
0.0,NPIIN0000002410,Neurology,Low
0.0,NPIIN0000002411,General Medicine,Low
7.4,NPIIN0000002412,Cardiology,Low
82.6,NPIIN0000002413,Cardiology,Low
0.0,NPIIN0000002414,Gastroenterology,Low
55.3,NPIIN0000002415,Cardiology,Low
0.0,NPIIN0000002416,Pulmonology,Low
0.0,NPIIN0000002417,Dermatology,Low
0.0,NPIIN0000002418,Gastroenterology,Low
80.2,NPIIN0000002419,General Medicine,Low
29.7,NPIIN0000002420,Endocrinology,Low
0.0,NPIIN0000002421,Urology,Low
0.0,NPIIN0000002422,Pulmonology,Low
0.0,NPIIN0000002423,General Medicine,Low
0.0,NPIIN0000002424,Orthopedics,Low
75.3,NPIIN0000002425,Endocrinology,Low
0.0,NPIIN0000002426,General Medicine,Low
0.0,NPIIN0000002427,Cardiology,Low
0.0,NPIIN0000002428,Cardiology,Low
82.4,NPIIN0000002429,General Medicine,Low
0.0,NPIIN0000002430,Neurology,Low
72.5,NPIIN0000002431,General Medicine,Low
0.0,NPIIN0000002432,Neurology,Low
0.5,NPIIN0000002433,Dermatology,Low
0.0,NPIIN0000002434,Urology,Low
0.0,NPIIN0000002435,Cardiology,Low
0.0,NPIIN0000002436,Gastroenterology,Low
0.3,NPIIN0000002437,Endocrinology,Low
0.0,NPIIN0000002438,Neurology,Low
0.0,NPIIN0000002439,General Medicine,Low
24.8,NPIIN0000002440,Neurology,Low
0.9,NPIIN0000002441,Endocrinology,Low
0.0,NPIIN0000002442,Neurology,Low
0.0,NPIIN0000002443,Cardiology,Low
1.8,NPIIN0000002444,Endocrinology,Low
0.0,NPIIN0000002445,Pulmonology,Low
83.3,NPIIN0000002446,General Medicine,Low
0.0,NPIIN0000002447,Neurology,Low
0.0,NPIIN0000002448,Neurology,Low
0.0,NPIIN0000002449,Pulmonology,Low
0.0,NPIIN0000002450,Gastroenterology,Low
0.0,NPIIN0000002451,Dermatology,Low
0.0,NPIIN0000002452,Urology,Low
0.0,NPIIN0000002453,Cardiology,Low
0.0,NPIIN0000002454,Pulmonology,Low
0.0,NPIIN0000002455,Gastroenterology,Low
0.0,NPIIN0000002456,Endocrinology,Low
1.0,NPIIN0000002457,Diabetology,Low
60.5,NPIIN0000002458,Diabetology,Low
72.5,NPIIN0000002459,Pulmonology,Low
72.1,NPIIN0000002460,General Medicine,Low
0.0,NPIIN0000002461,Neurology,Low
0.0,NPIIN0000002462,Pulmonology,Low
0.0,NPIIN0000002463,Neurology,Low
0.8,NPIIN0000002464,Diabetology,Low
0.0,NPIIN0000002465,Gastroenterology,Low
0.0,NPIIN0000002466,Neurology,Low
0.0,NPIIN0000002467,Cardiology,Low
13.0,NPIIN0000002468,Endocrinology,Low
86.0,NPIIN0000002469,Diabetology,Low
0.0,NPIIN0000002470,Orthopedics,Low
84.2,NPIIN0000002471,Diabetology,Low
0.0,NPIIN0000002472,Cardiology,Low
38.3,NPIIN0000002473,Endocrinology,Low
0.0,NPIIN0000002474,Cardiology,Low
0.3,NPIIN0000002475,General Medicine,Low
0.0,NPIIN0000002476,Dermatology,Low
0.0,NPIIN0000002477,General Medicine,Low
0.0,NPIIN0000002478,Dermatology,Low
0.0,NPIIN0000002479,Cardiology,Low
80.3,NPIIN0000002480,General Medicine,Low
0.0,NPIIN0000002481,Gastroenterology,Low
0.0,NPIIN0000002482,Neurology,Low
0.0,NPIIN0000002483,Dermatology,Low
54.2,NPIIN0000002484,Diabetology,Low
1.4,NPIIN0000002485,General Medicine,Low
0.0,NPIIN0000002486,Neurology,Low
0.0,NPIIN0000002487,Endocrinology,Low
0.1,NPIIN0000002488,Dermatology,Low
50.6,NPIIN0000002489,Diabetology,Low
0.0,NPIIN0000002490,Cardiology,Low
0.0,NPIIN0000002491,Gastroenterology,Low
0.3,NPIIN0000002492,Neurology,Low
0.0,NPIIN0000002493,Urology,Low
0.0,NPIIN0000002494,Urology,Low
65.3,NPIIN0000002495,Diabetology,Low
0.1,NPIIN0000002496,Neurology,Low
0.0,NPIIN0000002497,Orthopedics,Low
1.5,NPIIN0000002498,Diabetology,Low
50.9,NPIIN0000002499,General Medicine,Low
0.0,NPIIN0000002500,Urology,Low
0.0,NPIIN0000002501,Cardiology,Low
0.0,NPIIN0000002502,Urology,Low
0.0,NPIIN0000002503,General Medicine,Low
0.0,NPIIN0000002504,Urology,Low
25.0,NPIIN0000002505,Pulmonology,Low
15.0,NPIIN0000002506,Neurology,Low
0.0,NPIIN0000002507,Gastroenterology,Low
0.0,NPIIN0000002508,Cardiology,Low
2.8,NPIIN0000002509,Pulmonology,Low
0.0,NPIIN0000002510,Urology,Low
0.0,NPIIN0000002511,Orthopedics,Low
0.0,NPIIN0000002512,Orthopedics,Low
0.0,NPIIN0000002513,Neurology,Low
0.0,NPIIN0000002514,Neurology,Low
0.0,NPIIN0000002515,Pulmonology,Low
87.6,NPIIN0000002516,Pulmonology,Low
0.0,NPIIN0000002517,Pulmonology,Low
0.0,NPIIN0000002518,Cardiology,Low
0.0,NPIIN0000002519,Cardiology,Low
0.0,NPIIN0000002520,Pulmonology,Low
96.0,NPIIN0000002521,Diabetology,Low
0.3,NPIIN0000002522,Diabetology,Low
0.3,NPIIN0000002523,Endocrinology,Low
0.0,NPIIN0000002524,Dermatology,Low
1.5,NPIIN0000002525,Orthopedics,Low
0.0,NPIIN0000002526,Pulmonology,Low
0.0,NPIIN0000002527,Orthopedics,Low
0.0,NPIIN0000002528,Urology,Low
48.0,NPIIN0000002529,Endocrinology,Low
0.2,NPIIN0000002530,Endocrinology,Low
0.0,NPIIN0000002531,Endocrinology,Low
0.0,NPIIN0000002532,Cardiology,Low
0.0,NPIIN0000002533,Pulmonology,Low
38.1,NPIIN0000002534,Diabetology,Low
0.0,NPIIN0000002535,Urology,Low
7.6,NPIIN0000002536,Pulmonology,Low
27.7,NPIIN0000002537,General Medicine,Low
0.0,NPIIN0000002538,Orthopedics,Low
0.0,NPIIN0000002539,Orthopedics,Low
0.0,NPIIN0000002540,Gastroenterology,Low
0.0,NPIIN0000002541,Dermatology,Low
0.0,NPIIN0000002542,Orthopedics,Low
0.1,NPIIN0000002543,Pulmonology,Low
85.5,NPIIN0000002544,Urology,Low
82.0,NPIIN0000002545,Cardiology,Low
53.2,NPIIN0000002546,Pulmonology,Low
0.0,NPIIN0000002547,General Medicine,Low
0.0,NPIIN0000002548,Cardiology,Low
0.0,NPIIN0000002549,Cardiology,Low
0.0,NPIIN0000002550,Cardiology,Low
0.0,NPIIN0000002551,Diabetology,Low
0.0,NPIIN0000002552,Cardiology,Low
81.1,NPIIN0000002553,General Medicine,Low
0.0,NPIIN0000002554,Dermatology,Low
0.4,NPIIN0000002555,Pulmonology,Low
0.0,NPIIN0000002556,Neurology,Low
0.0,NPIIN0000002557,Cardiology,Low
0.0,NPIIN0000002558,Dermatology,Low
65.6,NPIIN0000002559,Endocrinology,Low
46.1,NPIIN0000002560,Diabetology,Medium
0.0,NPIIN0000002561,General Medicine,Low
0.0,NPIIN0000002562,Urology,Low
0.0,NPIIN0000002563,Orthopedics,Low
0.0,NPIIN0000002564,Gastroenterology,Low
0.5,NPIIN0000002565,Gastroenterology,Low
24.6,NPIIN0000002566,General Medicine,Low
0.0,NPIIN0000002567,Neurology,Low
0.0,NPIIN0000002568,Endocrinology,Low
87.0,NPIIN0000002569,Diabetology,Medium
13.2,NPIIN0000002570,Orthopedics,Low
0.0,NPIIN0000002571,Orthopedics,Low
0.8,NPIIN0000002572,Diabetology,Low
80.9,NPIIN0000002573,Diabetology,Low
66.8,NPIIN0000002574,Endocrinology,Low
0.7,NPIIN0000002575,General Medicine,Low
68.8,NPIIN0000002576,Endocrinology,Low
0.5,NPIIN0000002577,Neurology,Low
0.0,NPIIN0000002578,Cardiology,Low
0.0,NPIIN0000002579,Cardiology,Low
68.8,NPIIN0000002580,Diabetology,Low
6.8,NPIIN0000002581,Gastroenterology,Low
67.1,NPIIN0000002582,Diabetology,Low
50.2,NPIIN0000002583,General Medicine,Low
0.0,NPIIN0000002584,Neurology,Low
0.0,NPIIN0000002585,Gastroenterology,Low
78.6,NPIIN0000002586,Diabetology,Low
0.0,NPIIN0000002587,Gastroenterology,Low
0.0,NPIIN0000002588,Diabetology,Low
0.5,NPIIN0000002589,Neurology,Low
82.6,NPIIN0000002590,General Medicine,Low
0.0,NPIIN0000002591,Urology,Low
0.0,NPIIN0000002592,Orthopedics,Low
0.0,NPIIN0000002593,Gastroenterology,Low
0.0,NPIIN0000002594,Urology,Low
0.0,NPIIN0000002595,Cardiology,Low
15.0,NPIIN0000002596,Neurology,Low
4.9,NPIIN0000002597,Endocrinology,Low
76.1,NPIIN0000002598,Diabetology,Low
6.9,NPIIN0000002599,General Medicine,Low
0.0,NPIIN0000002600,Gastroenterology,Low
0.0,NPIIN0000002601,Gastroenterology,Low
0.1,NPIIN0000002602,Urology,Low
0.0,NPIIN0000002603,Pulmonology,Low
0.0,NPIIN0000002604,Urology,Low
0.0,NPIIN0000002605,Urology,Low
0.5,NPIIN0000002606,Dermatology,Low
2.6,NPIIN0000002607,Endocrinology,Low
0.0,NPIIN0000002608,Pulmonology,Low
0.0,NPIIN0000002609,Gastroenterology,Low
0.0,NPIIN0000002610,Orthopedics,Low
0.0,NPIIN0000002611,Cardiology,Low
67.1,NPIIN0000002612,Diabetology,Low
49.1,NPIIN0000002613,General Medicine,Low
38.3,NPIIN0000002614,Diabetology,Low
0.0,NPIIN0000002615,Dermatology,Low
0.0,NPIIN0000002616,Cardiology,Low
0.0,NPIIN0000002617,General Medicine,Low
0.0,NPIIN0000002618,Gastroenterology,Low
0.9,NPIIN0000002619,General Medicine,Low
2.4,NPIIN0000002620,Endocrinology,Low
0.0,NPIIN0000002621,Pulmonology,Low
0.6,NPIIN0000002622,General Medicine,Low
0.0,NPIIN0000002623,Orthopedics,Low
0.0,NPIIN0000002624,Gastroenterology,Low
0.0,NPIIN0000002625,Orthopedics,Low
71.8,NPIIN0000002626,Endocrinology,Low
0.0,NPIIN0000002627,Gastroenterology,Low
0.0,NPIIN0000002628,Pulmonology,Low
0.0,NPIIN0000002629,Gastroenterology,Low
31.1,NPIIN0000002630,General Medicine,Low
0.0,NPIIN0000002631,Endocrinology,Low
0.0,NPIIN0000002632,Cardiology,Low
0.0,NPIIN0000002633,Dermatology,Low
0.1,NPIIN0000002634,Dermatology,Low
46.8,NPIIN0000002635,Endocrinology,Low
0.0,NPIIN0000002636,Neurology,Low
0.0,NPIIN0000002637,Gastroenterology,Low
0.0,NPIIN0000002638,Pulmonology,Low
49.0,NPIIN0000002639,Diabetology,Low
0.0,NPIIN0000002640,Urology,Low
0.0,NPIIN0000002641,Neurology,Low
0.0,NPIIN0000002642,Gastroenterology,Low
0.0,NPIIN0000002643,Neurology,Low
0.0,NPIIN0000002644,Gastroenterology,Low
72.3,NPIIN0000002645,Endocrinology,Low
0.0,NPIIN0000002646,Urology,Low
67.1,NPIIN0000002647,Diabetology,Low
0.0,NPIIN0000002648,Dermatology,Low
0.0,NPIIN0000002649,Urology,Low
5.9,NPIIN0000002650,Neurology,Low
0.1,NPIIN0000002651,Pulmonology,Low
86.8,NPIIN0000002652,Cardiology,Low
0.1,NPIIN0000002653,General Medicine,Low
0.0,NPIIN0000002654,Pulmonology,Low
0.0,NPIIN0000002655,Cardiology,Low
0.0,NPIIN0000002656,Cardiology,Low
0.0,NPIIN0000002657,Orthopedics,Low
0.0,NPIIN0000002658,General Medicine,Low
71.6,NPIIN0000002659,General Medicine,Low
96.1,NPIIN0000002660,Diabetology,Low
0.0,NPIIN0000002661,Neurology,Low
52.0,NPIIN0000002662,General Medicine,Low
0.0,NPIIN0000002663,Dermatology,Low
0.0,NPIIN0000002664,General Medicine,Low
0.0,NPIIN0000002665,Cardiology,Low
0.0,NPIIN0000002666,General Medicine,Low
0.0,NPIIN0000002667,Cardiology,Low
0.4,NPIIN0000002668,Dermatology,Low
0.0,NPIIN0000002669,Cardiology,Low
84.8,NPIIN0000002670,Endocrinology,Medium
0.0,NPIIN0000002671,General Medicine,Low
7.9,NPIIN0000002672,Endocrinology,Low
0.0,NPIIN0000002673,Pulmonology,Low
0.0,NPIIN0000002674,General Medicine,Low
0.0,NPIIN0000002675,Orthopedics,Low
0.0,NPIIN0000002676,Cardiology,Low
0.0,NPIIN0000002677,Pulmonology,Low
0.0,NPIIN0000002678,Gastroenterology,Low
0.0,NPIIN0000002679,Cardiology,Low
0.0,NPIIN0000002680,Neurology,Low
0.0,NPIIN0000002681,Urology,Low
0.0,NPIIN0000002682,Gastroenterology,Low
0.0,NPIIN0000002683,Orthopedics,Low
0.0,NPIIN0000002684,Gastroenterology,Low
0.0,NPIIN0000002685,General Medicine,Low
0.3,NPIIN0000002686,Urology,Low
0.3,NPIIN0000002687,Endocrinology,Low
0.0,NPIIN0000002688,Pulmonology,Low
0.0,NPIIN0000002689,Gastroenterology,Low
0.0,NPIIN0000002690,Urology,Low
0.0,NPIIN0000002691,Urology,Low
0.0,NPIIN0000002692,Cardiology,Low
60.0,NPIIN0000002693,Gastroenterology,Low
1.0,NPIIN0000002694,Endocrinology,Low
0.0,NPIIN0000002695,Gastroenterology,Low
0.0,NPIIN0000002696,Neurology,Low
84.2,NPIIN0000002697,Endocrinology,Low
0.0,NPIIN0000002698,Dermatology,Low
1.4,NPIIN0000002699,General Medicine,Low
0.0,NPIIN0000002700,Pulmonology,Low
0.0,NPIIN0000002701,Orthopedics,Low
0.0,NPIIN0000002702,Neurology,Low
0.0,NPIIN0000002703,Pulmonology,Low
0.0,NPIIN0000002704,Cardiology,Low
61.3,NPIIN0000002705,Endocrinology,Medium
0.0,NPIIN0000002706,Cardiology,Low
0.0,NPIIN0000002707,General Medicine,Low
2.9,NPIIN0000002708,General Medicine,Low
0.0,NPIIN0000002709,Pulmonology,Low
0.0,NPIIN0000002710,Neurology,Low
38.7,NPIIN0000002711,Endocrinology,Low
81.9,NPIIN0000002712,Pulmonology,Low
2.0,NPIIN0000002713,Urology,Low
0.3,NPIIN0000002714,Endocrinology,Low
0.0,NPIIN0000002715,Neurology,Low
0.0,NPIIN0000002716,Cardiology,Low
0.0,NPIIN0000002717,Pulmonology,Low
0.0,NPIIN0000002718,Gastroenterology,Low
0.0,NPIIN0000002719,Cardiology,Low
39.0,NPIIN0000002720,General Medicine,Low
0.0,NPIIN0000002721,Urology,Low
77.3,NPIIN0000002722,Endocrinology,Low
0.0,NPIIN0000002723,Gastroenterology,Low
0.0,NPIIN0000002724,Pulmonology,Low
0.0,NPIIN0000002725,Endocrinology,Low
0.0,NPIIN0000002726,Gastroenterology,Low
0.0,NPIIN0000002727,Pulmonology,Low
0.5,NPIIN0000002728,Cardiology,Low
0.0,NPIIN0000002729,Orthopedics,Low
0.0,NPIIN0000002730,General Medicine,Low
0.0,NPIIN0000002731,Gastroenterology,Low
76.1,NPIIN0000002732,Endocrinology,Low
0.0,NPIIN0000002733,Cardiology,Low
7.4,NPIIN0000002734,Gastroenterology,Low
0.0,NPIIN0000002735,Neurology,Low
47.4,NPIIN0000002736,Diabetology,Low
0.0,NPIIN0000002737,Gastroenterology,Low
84.8,NPIIN0000002738,General Medicine,Low
0.0,NPIIN0000002739,General Medicine,Low
5.4,NPIIN0000002740,Gastroenterology,Low
0.0,NPIIN0000002741,Pulmonology,Low
0.0,NPIIN0000002742,General Medicine,Low
0.0,NPIIN0000002743,Gastroenterology,Low
0.0,NPIIN0000002744,Pulmonology,Low
0.0,NPIIN0000002745,Orthopedics,Low
72.5,NPIIN0000002746,Dermatology,Low
82.1,NPIIN0000002747,General Medicine,Low
4.6,NPIIN0000002748,General Medicine,Low
0.0,NPIIN0000002749,Orthopedics,Low
0.0,NPIIN0000002750,Urology,Low
0.3,NPIIN0000002751,Endocrinology,Low
60.2,NPIIN0000002752,Diabetology,Low
0.0,NPIIN0000002753,General Medicine,Low
1.4,NPIIN0000002754,Urology,Low
0.0,NPIIN0000002755,Urology,Low
0.0,NPIIN0000002756,Dermatology,Low
0.3,NPIIN0000002757,Diabetology,Low
0.0,NPIIN0000002758,Urology,Low
0.0,NPIIN0000002759,Cardiology,Low
0.0,NPIIN0000002760,General Medicine,Low
0.4,NPIIN0000002761,General Medicine,Low
0.1,NPIIN0000002762,Pulmonology,Low
0.3,NPIIN0000002763,Pulmonology,Low
52.4,NPIIN0000002764,Endocrinology,Low
66.5,NPIIN0000002765,Endocrinology,Low
0.0,NPIIN0000002766,Dermatology,Low
0.0,NPIIN0000002767,Cardiology,Low
69.4,NPIIN0000002768,General Medicine,Low
90.3,NPIIN0000002769,Endocrinology,Low
5.8,NPIIN0000002770,Diabetology,Low
46.8,NPIIN0000002771,Diabetology,Low
0.0,NPIIN0000002772,Neurology,Low
7.1,NPIIN0000002773,General Medicine,Low
24.5,NPIIN0000002774,Diabetology,Low
0.0,NPIIN0000002775,Dermatology,Low
82.2,NPIIN0000002776,Cardiology,Low
0.0,NPIIN0000002777,Gastroenterology,Low
47.7,NPIIN0000002778,Diabetology,Low
0.0,NPIIN0000002779,Urology,Low
0.0,NPIIN0000002780,Cardiology,Low
0.0,NPIIN0000002781,Pulmonology,Low
0.0,NPIIN0000002782,Pulmonology,Low
0.0,NPIIN0000002783,Pulmonology,Low
0.0,NPIIN0000002784,Dermatology,Low
0.0,NPIIN0000002785,Cardiology,Low
1.5,NPIIN0000002786,General Medicine,Low
27.7,NPIIN0000002787,Urology,Low
0.0,NPIIN0000002788,Urology,Low
0.0,NPIIN0000002789,General Medicine,Low
0.0,NPIIN0000002790,Pulmonology,Low
0.0,NPIIN0000002791,Gastroenterology,Low
0.0,NPIIN0000002792,Gastroenterology,Low
0.0,NPIIN0000002793,Urology,Low
0.0,NPIIN0000002794,Dermatology,Low
0.0,NPIIN0000002795,General Medicine,Low
84.6,NPIIN0000002796,Neurology,Low
0.0,NPIIN0000002797,General Medicine,Low
0.5,NPIIN0000002798,Cardiology,Low
0.0,NPIIN0000002799,Dermatology,Low
0.0,NPIIN0000002800,Pulmonology,Low
0.0,NPIIN0000002801,Cardiology,Low
0.0,NPIIN0000002802,Neurology,Low
0.0,NPIIN0000002803,Diabetology,Low
0.0,NPIIN0000002804,Cardiology,Low
0.0,NPIIN0000002805,Pulmonology,Low
0.0,NPIIN0000002806,Gastroenterology,Low
0.0,NPIIN0000002807,General Medicine,Low
0.0,NPIIN0000002808,Cardiology,Low
0.0,NPIIN0000002809,Pulmonology,Low
0.0,NPIIN0000002810,Cardiology,Low
46.0,NPIIN0000002811,Urology,Low
39.3,NPIIN0000002812,Diabetology,Low
0.0,NPIIN0000002813,Urology,Low
0.0,NPIIN0000002814,Cardiology,Low
0.0,NPIIN0000002815,Cardiology,Low
7.8,NPIIN0000002816,General Medicine,Low
0.0,NPIIN0000002817,Gastroenterology,Low
0.0,NPIIN0000002818,Orthopedics,Low
0.0,NPIIN0000002819,General Medicine,Low
0.0,NPIIN0000002820,General Medicine,Low
0.0,NPIIN0000002821,Cardiology,Low
0.0,NPIIN0000002822,Pulmonology,Low
0.0,NPIIN0000002823,General Medicine,Low
0.0,NPIIN0000002824,Urology,Low
0.0,NPIIN0000002825,General Medicine,Low
85.4,NPIIN0000002826,Gastroenterology,Low
0.0,NPIIN0000002827,Dermatology,Low
0.0,NPIIN0000002828,Cardiology,Low
0.0,NPIIN0000002829,General Medicine,Low
0.0,NPIIN0000002830,Urology,Low
0.0,NPIIN0000002831,General Medicine,Low
0.0,NPIIN0000002832,Pulmonology,Low
0.0,NPIIN0000002833,Urology,Low
0.3,NPIIN0000002834,Endocrinology,Low
0.0,NPIIN0000002835,Urology,Low
0.3,NPIIN0000002836,General Medicine,Low
0.0,NPIIN0000002837,Pulmonology,Low
86.6,NPIIN0000002838,Diabetology,Low
75.0,NPIIN0000002839,General Medicine,Low
0.9,NPIIN0000002840,Cardiology,Low
0.0,NPIIN0000002841,Cardiology,Low
6.9,NPIIN0000002842,General Medicine,Low
0.3,NPIIN0000002843,General Medicine,Low
0.0,NPIIN0000002844,Pulmonology,Low
0.0,NPIIN0000002845,Cardiology,Low
0.0,NPIIN0000002846,Endocrinology,Low
38.9,NPIIN0000002847,Endocrinology,Low
0.0,NPIIN0000002848,General Medicine,Low
0.0,NPIIN0000002849,Diabetology,Low
0.0,NPIIN0000002850,Cardiology,Low
0.0,NPIIN0000002851,Pulmonology,Low
0.0,NPIIN0000002852,Gastroenterology,Low
0.0,NPIIN0000002853,Neurology,Low
66.6,NPIIN0000002854,Diabetology,Low
0.0,NPIIN0000002855,Dermatology,Low
0.0,NPIIN0000002856,Pulmonology,Low
0.0,NPIIN0000002857,Pulmonology,Low
83.1,NPIIN0000002858,Endocrinology,Low
78.0,NPIIN0000002859,Diabetology,Low
0.3,NPIIN0000002860,General Medicine,Low
1.1,NPIIN0000002861,Endocrinology,Low
0.0,NPIIN0000002862,Neurology,Low
67.7,NPIIN0000002863,Diabetology,Low
95.8,NPIIN0000002864,Endocrinology,Low
54.3,NPIIN0000002865,Endocrinology,Low
0.0,NPIIN0000002866,Cardiology,Low
0.0,NPIIN0000002867,General Medicine,Low
80.2,NPIIN0000002868,Cardiology,Low
0.0,NPIIN0000002869,Pulmonology,Low
0.7,NPIIN0000002870,Diabetology,Medium
0.1,NPIIN0000002871,Pulmonology,Low
0.0,NPIIN0000002872,Orthopedics,Low
0.0,NPIIN0000002873,Urology,Low
0.0,NPIIN0000002874,Pulmonology,Low
0.4,NPIIN0000002875,General Medicine,Low
0.0,NPIIN0000002876,Neurology,Low
66.1,NPIIN0000002877,Urology,Low
0.0,NPIIN0000002878,General Medicine,Low
0.0,NPIIN0000002879,Cardiology,Low
0.0,NPIIN0000002880,Gastroenterology,Low
13.3,NPIIN0000002881,Cardiology,Low
0.0,NPIIN0000002882,Gastroenterology,Low
0.0,NPIIN0000002883,Cardiology,Low
0.0,NPIIN0000002884,Cardiology,Low
0.3,NPIIN0000002885,Gastroenterology,Low
32.9,NPIIN0000002886,Neurology,Low
0.0,NPIIN0000002887,Pulmonology,Low
0.8,NPIIN0000002888,Dermatology,Low
48.0,NPIIN0000002889,Dermatology,Low
67.8,NPIIN0000002890,General Medicine,Low
0.0,NPIIN0000002891,Orthopedics,Low
0.4,NPIIN0000002892,General Medicine,Low
0.0,NPIIN0000002893,Endocrinology,Low
82.4,NPIIN0000002894,Dermatology,Low
0.0,NPIIN0000002895,General Medicine,Low
0.0,NPIIN0000002896,Urology,Low
0.3,NPIIN0000002897,Cardiology,Low
0.0,NPIIN0000002898,Cardiology,Low
0.0,NPIIN0000002899,Cardiology,Low
0.0,NPIIN0000002900,Pulmonology,Low
0.0,NPIIN0000002901,Dermatology,Low
0.1,NPIIN0000002902,General Medicine,Low
0.0,NPIIN0000002903,Cardiology,Low
0.0,NPIIN0000002904,General Medicine,Low
71.8,NPIIN0000002905,General Medicine,Low
0.5,NPIIN0000002906,Neurology,Low
7.5,NPIIN0000002907,Neurology,Low
0.0,NPIIN0000002908,Cardiology,Low
0.0,NPIIN0000002909,General Medicine,Low
4.0,NPIIN0000002910,Neurology,Low
50.8,NPIIN0000002911,Diabetology,Low
0.0,NPIIN0000002912,General Medicine,Low
0.0,NPIIN0000002913,Pulmonology,Low
0.0,NPIIN0000002914,General Medicine,Low
0.0,NPIIN0000002915,Cardiology,Low
48.1,NPIIN0000002916,Endocrinology,Low
0.0,NPIIN0000002917,Gastroenterology,Low
4.8,NPIIN0000002918,Diabetology,Low
0.0,NPIIN0000002919,Dermatology,Low
0.0,NPIIN0000002920,General Medicine,Low
53.2,NPIIN0000002921,General Medicine,Low
0.0,NPIIN0000002922,Gastroenterology,Low
80.2,NPIIN0000002923,General Medicine,Low
49.4,NPIIN0000002924,Endocrinology,Low
0.0,NPIIN0000002925,Cardiology,Low
0.0,NPIIN0000002926,Neurology,Low
0.0,NPIIN0000002927,General Medicine,Low
38.2,NPIIN0000002928,Dermatology,Low
0.0,NPIIN0000002929,General Medicine,Low
0.0,NPIIN0000002930,General Medicine,Low
0.3,NPIIN0000002931,Diabetology,Low
51.6,NPIIN0000002932,Endocrinology,Low
0.0,NPIIN0000002933,Dermatology,Low
0.0,NPIIN0000002934,Cardiology,Low
0.0,NPIIN0000002935,Urology,Low
0.0,NPIIN0000002936,Cardiology,Low
34.6,NPIIN0000002937,General Medicine,Low
0.0,NPIIN0000002938,Cardiology,Low
0.3,NPIIN0000002939,Gastroenterology,Low
49.0,NPIIN0000002940,Endocrinology,Low
0.0,NPIIN0000002941,Pulmonology,Low
0.3,NPIIN0000002942,Urology,Low
0.0,NPIIN0000002943,Neurology,Low
73.1,NPIIN0000002944,Endocrinology,Low
0.0,NPIIN0000002945,Dermatology,Low
0.0,NPIIN0000002946,General Medicine,Low
0.0,NPIIN0000002947,Cardiology,Low
0.0,NPIIN0000002948,General Medicine,Low
0.0,NPIIN0000002949,Dermatology,Low
53.7,NPIIN0000002950,General Medicine,Low
0.0,NPIIN0000002951,Gastroenterology,Low
86.4,NPIIN0000002952,Neurology,Low
38.0,NPIIN0000002953,General Medicine,Low
1.7,NPIIN0000002954,Diabetology,Low
0.0,NPIIN0000002955,Gastroenterology,Low
1.4,NPIIN0000002956,General Medicine,Low
56.9,NPIIN0000002957,Endocrinology,Low
63.5,NPIIN0000002958,Diabetology,Low
0.0,NPIIN0000002959,Urology,Low
80.7,NPIIN0000002960,Diabetology,Low
86.5,NPIIN0000002961,Endocrinology,Low
0.0,NPIIN0000002962,Cardiology,Low
0.0,NPIIN0000002963,Cardiology,Low
0.0,NPIIN0000002964,Orthopedics,Low
72.6,NPIIN0000002965,Pulmonology,Low
0.0,NPIIN0000002966,Gastroenterology,Low
0.5,NPIIN0000002967,Gastroenterology,Low
0.0,NPIIN0000002968,General Medicine,Low
14.9,NPIIN0000002969,Dermatology,Low
46.8,NPIIN0000002970,Orthopedics,Low
0.0,NPIIN0000002971,Gastroenterology,Low
0.0,NPIIN0000002972,Gastroenterology,Low
0.0,NPIIN0000002973,General Medicine,Low
0.0,NPIIN0000002974,Dermatology,Low
0.0,NPIIN0000002975,Cardiology,Low
0.4,NPIIN0000002976,Gastroenterology,Low
6.9,NPIIN0000002977,General Medicine,Low
0.0,NPIIN0000002978,Pulmonology,Low
0.0,NPIIN0000002979,Urology,Low
0.0,NPIIN0000002980,Pulmonology,Low
0.0,NPIIN0000002981,Cardiology,Low
0.0,NPIIN0000002982,Gastroenterology,Low
0.0,NPIIN0000002983,Urology,Low
0.0,NPIIN0000002984,Neurology,Low
0.0,NPIIN0000002985,Urology,Low
0.0,NPIIN0000002986,Dermatology,Low
0.0,NPIIN0000002987,Urology,Low
0.0,NPIIN0000002988,General Medicine,Low
7.7,NPIIN0000002989,General Medicine,Low
0.0,NPIIN0000002990,Dermatology,Low
0.0,NPIIN0000002991,Urology,Low
0.0,NPIIN0000002992,Endocrinology,Low
70.4,NPIIN0000002993,Endocrinology,Low
0.0,NPIIN0000002994,General Medicine,Low
0.0,NPIIN0000002995,Gastroenterology,Low
0.0,NPIIN0000002996,Urology,Low
0.0,NPIIN0000002997,Pulmonology,Low
0.0,NPIIN0000002998,Cardiology,Low
33.4,NPIIN0000002999,Diabetology,Low
0.0,NPIIN0000003000,Dermatology,Low
38.0,NPIIN0000003001,General Medicine,Low
0.1,NPIIN0000003002,Cardiology,Low
71.0,NPIIN0000003003,Diabetology,Low
0.0,NPIIN0000003004,Dermatology,Low
2.6,NPIIN0000003005,General Medicine,Low
0.0,NPIIN0000003006,Endocrinology,Low
0.0,NPIIN0000003007,Diabetology,Low
0.0,NPIIN0000003008,Orthopedics,Low
0.0,NPIIN0000003009,General Medicine,Low
0.0,NPIIN0000003010,General Medicine,Low
5.9,NPIIN0000003011,Endocrinology,Low
50.1,NPIIN0000003012,Diabetology,Low
0.0,NPIIN0000003013,Dermatology,Low
0.0,NPIIN0000003014,Gastroenterology,Low
1.1,NPIIN0000003015,General Medicine,Low
0.0,NPIIN0000003016,Urology,Low
0.0,NPIIN0000003017,General Medicine,Low
0.0,NPIIN0000003018,Urology,Low
0.0,NPIIN0000003019,Cardiology,Low
56.6,NPIIN0000003020,General Medicine,Low
0.0,NPIIN0000003021,Dermatology,Low
0.0,NPIIN0000003022,Urology,Low
0.0,NPIIN0000003023,Gastroenterology,Low
0.0,NPIIN0000003024,Neurology,Low
0.0,NPIIN0000003025,Dermatology,Low
0.0,NPIIN0000003026,Neurology,Low
0.0,NPIIN0000003027,Diabetology,Low
82.7,NPIIN0000003028,General Medicine,Low
0.0,NPIIN0000003029,Neurology,Low
0.0,NPIIN0000003030,Pulmonology,Low
0.0,NPIIN0000003031,Urology,Low
0.0,NPIIN0000003032,General Medicine,Low
72.7,NPIIN0000003033,Endocrinology,Low
0.5,NPIIN0000003034,Endocrinology,Low
0.0,NPIIN0000003035,Dermatology,Low
0.0,NPIIN0000003036,Cardiology,Low
0.0,NPIIN0000003037,Urology,Low
0.0,NPIIN0000003038,Cardiology,Low
32.9,NPIIN0000003039,General Medicine,Low
0.0,NPIIN0000003040,Dermatology,Low
0.0,NPIIN0000003041,General Medicine,Low
0.0,NPIIN0000003042,Dermatology,Low
0.0,NPIIN0000003043,Cardiology,Low
0.0,NPIIN0000003044,General Medicine,Low
0.0,NPIIN0000003045,Pulmonology,Low
0.0,NPIIN0000003046,Urology,Low
0.0,NPIIN0000003047,Cardiology,Low
0.0,NPIIN0000003048,General Medicine,Low
0.5,NPIIN0000003049,Neurology,Low
0.0,NPIIN0000003050,Orthopedics,Low
0.0,NPIIN0000003051,Dermatology,Low
0.0,NPIIN0000003052,Dermatology,Low
0.8,NPIIN0000003053,General Medicine,Low
0.0,NPIIN0000003054,Pulmonology,Low
0.3,NPIIN0000003055,Dermatology,Low
0.0,NPIIN0000003056,Urology,Low
0.0,NPIIN0000003057,Dermatology,Low
0.0,NPIIN0000003058,Dermatology,Low
0.0,NPIIN0000003059,Urology,Low
0.0,NPIIN0000003060,Cardiology,Low
71.6,NPIIN0000003061,Diabetology,Low
0.3,NPIIN0000003062,Orthopedics,Low
0.0,NPIIN0000003063,Pulmonology,Low
6.1,NPIIN0000003064,Endocrinology,Low
12.7,NPIIN0000003065,General Medicine,Low
0.0,NPIIN0000003066,Neurology,Low
0.0,NPIIN0000003067,Dermatology,Low
0.0,NPIIN0000003068,Dermatology,Low
0.0,NPIIN0000003069,Cardiology,Low
0.4,NPIIN0000003070,General Medicine,Low
0.0,NPIIN0000003071,Cardiology,Low
0.0,NPIIN0000003072,Urology,Low
27.5,NPIIN0000003073,Endocrinology,Low
0.0,NPIIN0000003074,Pulmonology,Low
0.0,NPIIN0000003075,Pulmonology,Low
24.8,NPIIN0000003076,Pulmonology,Low
56.9,NPIIN0000003077,Pulmonology,Low
0.5,NPIIN0000003078,Gastroenterology,Low
71.9,NPIIN0000003079,Pulmonology,Low
0.0,NPIIN0000003080,Cardiology,Low
74.6,NPIIN0000003081,General Medicine,Low
45.9,NPIIN0000003082,Pulmonology,Low
59.5,NPIIN0000003083,Diabetology,Low
0.0,NPIIN0000003084,Gastroenterology,Low
82.1,NPIIN0000003085,Diabetology,Low
0.3,NPIIN0000003086,Dermatology,Low
72.5,NPIIN0000003087,Endocrinology,Low
0.0,NPIIN0000003088,Gastroenterology,Low
0.3,NPIIN0000003089,Endocrinology,Low
0.0,NPIIN0000003090,General Medicine,Low
49.7,NPIIN0000003091,Diabetology,Low
0.0,NPIIN0000003092,Neurology,Low
1.1,NPIIN0000003093,Endocrinology,Low
0.0,NPIIN0000003094,Dermatology,Low
7.8,NPIIN0000003095,Pulmonology,Low
0.0,NPIIN0000003096,Orthopedics,Low
0.0,NPIIN0000003097,Gastroenterology,Low
49.7,NPIIN0000003098,Pulmonology,Low
0.0,NPIIN0000003099,Dermatology,Low
1.6,NPIIN0000003100,Endocrinology,Low
0.0,NPIIN0000003101,Neurology,Low
0.0,NPIIN0000003102,General Medicine,Low
0.1,NPIIN0000003103,Gastroenterology,Low
0.0,NPIIN0000003104,Cardiology,Low
0.7,NPIIN0000003105,General Medicine,Low
0.0,NPIIN0000003106,Neurology,Low
0.0,NPIIN0000003107,General Medicine,Low
74.6,NPIIN0000003108,Endocrinology,Low
7.5,NPIIN0000003109,General Medicine,Low
7.4,NPIIN0000003110,Dermatology,Low
87.8,NPIIN0000003111,Endocrinology,Medium
75.5,NPIIN0000003112,General Medicine,Low
0.0,NPIIN0000003113,Orthopedics,Low
5.9,NPIIN0000003114,Urology,Low
0.0,NPIIN0000003115,Cardiology,Low
0.0,NPIIN0000003116,Pulmonology,Low
13.1,NPIIN0000003117,Cardiology,Low
0.0,NPIIN0000003118,Urology,Low
72.4,NPIIN0000003119,General Medicine,Low
0.0,NPIIN0000003120,General Medicine,Low
0.2,NPIIN0000003121,Diabetology,Low
24.8,NPIIN0000003122,Pulmonology,Low
0.6,NPIIN0000003123,Endocrinology,Low
0.0,NPIIN0000003124,Dermatology,Low
0.0,NPIIN0000003125,General Medicine,Low
46.9,NPIIN0000003126,Pulmonology,Low
0.0,NPIIN0000003127,Dermatology,Low
2.1,NPIIN0000003128,Endocrinology,Low
67.2,NPIIN0000003129,Endocrinology,Low
0.0,NPIIN0000003130,General Medicine,Low
0.0,NPIIN0000003131,Gastroenterology,Low
0.0,NPIIN0000003132,Cardiology,Low
0.0,NPIIN0000003133,Dermatology,Low
0.0,NPIIN0000003134,General Medicine,Low
0.0,NPIIN0000003135,Pulmonology,Low
6.9,NPIIN0000003136,Pulmonology,Low
13.0,NPIIN0000003137,Cardiology,Low
65.7,NPIIN0000003138,Diabetology,Low
0.0,NPIIN0000003139,Gastroenterology,Low
7.0,NPIIN0000003140,General Medicine,Low
0.0,NPIIN0000003141,Pulmonology,Low
0.0,NPIIN0000003142,Orthopedics,Low
0.0,NPIIN0000003143,Cardiology,Low
0.0,NPIIN0000003144,General Medicine,Low
0.0,NPIIN0000003145,General Medicine,Low
0.0,NPIIN0000003146,Cardiology,Low
87.2,NPIIN0000003147,Orthopedics,Low
0.0,NPIIN0000003148,Orthopedics,Low
0.2,NPIIN0000003149,Diabetology,Low
0.0,NPIIN0000003150,Orthopedics,Low
0.0,NPIIN0000003151,Cardiology,Low
0.0,NPIIN0000003152,Orthopedics,Low
14.9,NPIIN0000003153,Dermatology,Low
51.2,NPIIN0000003154,Endocrinology,Low
7.9,NPIIN0000003155,Pulmonology,Low
0.0,NPIIN0000003156,Dermatology,Low
65.9,NPIIN0000003157,Diabetology,Low
0.0,NPIIN0000003158,General Medicine,Low
0.0,NPIIN0000003159,Pulmonology,Low
1.4,NPIIN0000003160,Endocrinology,Low
0.0,NPIIN0000003161,Cardiology,Low
0.0,NPIIN0000003162,Diabetology,Low
0.0,NPIIN0000003163,Gastroenterology,Low
0.0,NPIIN0000003164,General Medicine,Low
0.0,NPIIN0000003165,General Medicine,Low
94.8,NPIIN0000003166,Endocrinology,Low
49.9,NPIIN0000003167,Endocrinology,Low
0.0,NPIIN0000003168,Neurology,Low
0.0,NPIIN0000003169,Cardiology,Low
0.0,NPIIN0000003170,Neurology,Low
94.3,NPIIN0000003171,General Medicine,Low
0.8,NPIIN0000003172,Neurology,Low
62.8,NPIIN0000003173,General Medicine,Low
0.0,NPIIN0000003174,Dermatology,Low
0.0,NPIIN0000003175,Cardiology,Low
0.0,NPIIN0000003176,Urology,Low
59.3,NPIIN0000003177,Diabetology,Low
86.7,NPIIN0000003178,Cardiology,Low
0.0,NPIIN0000003179,Pulmonology,Low
51.9,NPIIN0000003180,Endocrinology,Medium
27.5,NPIIN0000003181,General Medicine,Low
0.0,NPIIN0000003182,Dermatology,Low
0.0,NPIIN0000003183,Dermatology,Low
0.0,NPIIN0000003184,Pulmonology,Low
0.0,NPIIN0000003185,Orthopedics,Low
0.0,NPIIN0000003186,General Medicine,Low
0.0,NPIIN0000003187,Cardiology,Low
0.0,NPIIN0000003188,Dermatology,Low
66.9,NPIIN0000003189,Endocrinology,Low
49.8,NPIIN0000003190,Endocrinology,Low
0.0,NPIIN0000003191,Cardiology,Low
24.3,NPIIN0000003192,Diabetology,Low
77.9,NPIIN0000003193,Diabetology,Medium
72.1,NPIIN0000003194,Diabetology,Low
0.6,NPIIN0000003195,Pulmonology,Low
0.0,NPIIN0000003196,Gastroenterology,Low
1.0,NPIIN0000003197,Orthopedics,Low
6.9,NPIIN0000003198,Cardiology,Low
50.6,NPIIN0000003199,Endocrinology,Low
0.0,NPIIN0000003200,Pulmonology,Low
0.0,NPIIN0000003201,Cardiology,Low
60.2,NPIIN0000003202,General Medicine,Low
0.5,NPIIN0000003203,Pulmonology,Low
0.0,NPIIN0000003204,Gastroenterology,Low
57.2,NPIIN0000003205,Endocrinology,Low
4.2,NPIIN0000003206,Neurology,Low
0.1,NPIIN0000003207,Neurology,Low
0.0,NPIIN0000003208,Dermatology,Low
82.2,NPIIN0000003209,Diabetology,Low
0.0,NPIIN0000003210,Gastroenterology,Low
0.0,NPIIN0000003211,Gastroenterology,Low
62.0,NPIIN0000003212,Endocrinology,Low
0.0,NPIIN0000003213,Pulmonology,Low
0.0,NPIIN0000003214,Neurology,Low
53.8,NPIIN0000003215,Diabetology,Low
0.0,NPIIN0000003216,General Medicine,Low
0.0,NPIIN0000003217,General Medicine,Low
0.0,NPIIN0000003218,Gastroenterology,Low
0.0,NPIIN0000003219,Cardiology,Low
26.9,NPIIN0000003220,General Medicine,Low
47.0,NPIIN0000003221,Endocrinology,Low
0.3,NPIIN0000003222,Neurology,Low
0.0,NPIIN0000003223,Neurology,Low
47.7,NPIIN0000003224,General Medicine,Low
1.5,NPIIN0000003225,Pulmonology,Low
50.3,NPIIN0000003226,Diabetology,Low
0.8,NPIIN0000003227,Diabetology,Low
0.3,NPIIN0000003228,Gastroenterology,Low
72.7,NPIIN0000003229,Cardiology,Low
0.0,NPIIN0000003230,Gastroenterology,Low
0.0,NPIIN0000003231,Neurology,Low
0.3,NPIIN0000003232,Urology,Low
67.3,NPIIN0000003233,Diabetology,Low
49.6,NPIIN0000003234,General Medicine,Low
0.0,NPIIN0000003235,Cardiology,Low
0.0,NPIIN0000003236,Urology,Low
0.0,NPIIN0000003237,Neurology,Low
0.0,NPIIN0000003238,Pulmonology,Low
0.1,NPIIN0000003239,Gastroenterology,Low
67.9,NPIIN0000003240,Diabetology,Low
0.0,NPIIN0000003241,Pulmonology,Low
62.4,NPIIN0000003242,Dermatology,Low
0.0,NPIIN0000003243,Cardiology,Low
0.0,NPIIN0000003244,Orthopedics,Low
0.0,NPIIN0000003245,Urology,Low
0.3,NPIIN0000003246,Orthopedics,Low
0.0,NPIIN0000003247,Dermatology,Low
50.6,NPIIN0000003248,Diabetology,Low
71.6,NPIIN0000003249,Pulmonology,Low
0.0,NPIIN0000003250,Cardiology,Low
0.0,NPIIN0000003251,Gastroenterology,Low
49.2,NPIIN0000003252,Endocrinology,Low
0.0,NPIIN0000003253,Urology,Low
83.0,NPIIN0000003254,Diabetology,Low
0.0,NPIIN0000003255,Endocrinology,Low
0.0,NPIIN0000003256,Cardiology,Low
46.4,NPIIN0000003257,Gastroenterology,Low
2.3,NPIIN0000003258,Endocrinology,Low
49.1,NPIIN0000003259,Endocrinology,Low
71.6,NPIIN0000003260,Endocrinology,Low
86.0,NPIIN0000003261,Diabetology,Low
0.0,NPIIN0000003262,Orthopedics,Low
0.0,NPIIN0000003263,General Medicine,Low
0.3,NPIIN0000003264,Diabetology,Low
0.5,NPIIN0000003265,Endocrinology,Low
0.0,NPIIN0000003266,Cardiology,Low
0.0,NPIIN0000003267,General Medicine,Low
0.0,NPIIN0000003268,Cardiology,Low
0.0,NPIIN0000003269,Cardiology,Low
0.0,NPIIN0000003270,Cardiology,Low
0.4,NPIIN0000003271,Diabetology,Low
0.0,NPIIN0000003272,Gastroenterology,Low
25.0,NPIIN0000003273,Cardiology,Low
0.0,NPIIN0000003274,Neurology,Low
80.5,NPIIN0000003275,Pulmonology,Low
0.7,NPIIN0000003276,Urology,Low
0.0,NPIIN0000003277,Endocrinology,Low
79.3,NPIIN0000003278,Dermatology,Low
0.0,NPIIN0000003279,Urology,Low
6.8,NPIIN0000003280,Orthopedics,Low
0.0,NPIIN0000003281,Dermatology,Low
0.0,NPIIN0000003282,Cardiology,Low
27.0,NPIIN0000003283,Orthopedics,Low
6.8,NPIIN0000003284,Dermatology,Low
47.8,NPIIN0000003285,Endocrinology,Low
81.4,NPIIN0000003286,Endocrinology,Low
0.0,NPIIN0000003287,Orthopedics,Low
68.8,NPIIN0000003288,Endocrinology,Low
0.0,NPIIN0000003289,Gastroenterology,Low
1.0,NPIIN0000003290,General Medicine,Low
0.0,NPIIN0000003291,Gastroenterology,Low
0.0,NPIIN0000003292,Cardiology,Low
0.0,NPIIN0000003293,Gastroenterology,Low
0.0,NPIIN0000003294,General Medicine,Low
0.0,NPIIN0000003295,Urology,Low
7.6,NPIIN0000003296,Endocrinology,Low
0.0,NPIIN0000003297,Cardiology,Low
55.0,NPIIN0000003298,Endocrinology,Low
0.0,NPIIN0000003299,Cardiology,Low
0.0,NPIIN0000003300,Orthopedics,Low
0.0,NPIIN0000003301,Cardiology,Low
1.4,NPIIN0000003302,Endocrinology,Low
0.0,NPIIN0000003303,Dermatology,Low
0.3,NPIIN0000003304,Diabetology,Low
34.8,NPIIN0000003305,Endocrinology,Low
0.0,NPIIN0000003306,Neurology,Low
0.0,NPIIN0000003307,General Medicine,Low
0.0,NPIIN0000003308,Dermatology,Low
0.0,NPIIN0000003309,Neurology,Low
62.1,NPIIN0000003310,Diabetology,Low
7.5,NPIIN0000003311,Pulmonology,Low
0.0,NPIIN0000003312,Urology,Low
24.8,NPIIN0000003313,General Medicine,Low
47.1,NPIIN0000003314,Gastroenterology,Low
0.0,NPIIN0000003315,General Medicine,Low
0.0,NPIIN0000003316,Pulmonology,Low
0.0,NPIIN0000003317,Gastroenterology,Low
0.0,NPIIN0000003318,Cardiology,Low
55.0,NPIIN0000003319,General Medicine,Low
0.0,NPIIN0000003320,Cardiology,Low
0.0,NPIIN0000003321,Gastroenterology,Low
52.3,NPIIN0000003322,Pulmonology,Low
13.1,NPIIN0000003323,Diabetology,Low
0.0,NPIIN0000003324,Cardiology,Low
0.0,NPIIN0000003325,Urology,Low
95.1,NPIIN0000003326,Diabetology,High
8.1,NPIIN0000003327,Diabetology,Low
14.8,NPIIN0000003328,Cardiology,Low
0.0,NPIIN0000003329,Pulmonology,Low
69.2,NPIIN0000003330,Diabetology,Low
0.0,NPIIN0000003331,Dermatology,Low
0.0,NPIIN0000003332,Neurology,Low
0.0,NPIIN0000003333,Cardiology,Low
0.0,NPIIN0000003334,Pulmonology,Low
0.0,NPIIN0000003335,Endocrinology,Low
0.0,NPIIN0000003336,Cardiology,Low
0.0,NPIIN0000003337,Pulmonology,Low
49.8,NPIIN0000003338,Endocrinology,Low
0.3,NPIIN0000003339,Urology,Low
81.0,NPIIN0000003340,Pulmonology,Low
90.9,NPIIN0000003341,Endocrinology,Low
0.0,NPIIN0000003342,Orthopedics,Low
0.0,NPIIN0000003343,Pulmonology,Low
38.2,NPIIN0000003344,Endocrinology,Low
71.3,NPIIN0000003345,General Medicine,Low
0.0,NPIIN0000003346,Orthopedics,Low
0.0,NPIIN0000003347,General Medicine,Low
0.0,NPIIN0000003348,General Medicine,Low
66.5,NPIIN0000003349,General Medicine,Low
72.1,NPIIN0000003350,Diabetology,Low
66.8,NPIIN0000003351,Endocrinology,Low
0.0,NPIIN0000003352,Pulmonology,Low
0.0,NPIIN0000003353,Urology,Low
5.9,NPIIN0000003354,Gastroenterology,Low
0.0,NPIIN0000003355,Cardiology,Low
55.7,NPIIN0000003356,General Medicine,Low
0.0,NPIIN0000003357,Cardiology,Low
0.8,NPIIN0000003358,Diabetology,Low
0.0,NPIIN0000003359,Neurology,Low
40.3,NPIIN0000003360,Diabetology,Low
0.0,NPIIN0000003361,Dermatology,Low
2.5,NPIIN0000003362,General Medicine,Low
0.0,NPIIN0000003363,Neurology,Low
0.0,NPIIN0000003364,Urology,Low
0.0,NPIIN0000003365,Neurology,Low
0.0,NPIIN0000003366,Urology,Low
86.5,NPIIN0000003367,Dermatology,Low
0.0,NPIIN0000003368,Pulmonology,Low
72.6,NPIIN0000003369,Diabetology,Low
0.0,NPIIN0000003370,Diabetology,Low
0.0,NPIIN0000003371,Urology,Low
0.0,NPIIN0000003372,Cardiology,Low
0.0,NPIIN0000003373,Orthopedics,Low
56.5,NPIIN0000003374,Diabetology,Low
0.0,NPIIN0000003375,Gastroenterology,Low
56.2,NPIIN0000003376,General Medicine,Low
3.3,NPIIN0000003377,Orthopedics,Low
0.0,NPIIN0000003378,Cardiology,Low
0.0,NPIIN0000003379,General Medicine,Low
0.0,NPIIN0000003380,Urology,Low
92.2,NPIIN0000003381,Diabetology,Low
70.9,NPIIN0000003382,Diabetology,Low
0.0,NPIIN0000003383,Urology,Low
5.8,NPIIN0000003384,Dermatology,Low
82.6,NPIIN0000003385,Cardiology,Low
0.0,NPIIN0000003386,Pulmonology,Low
0.0,NPIIN0000003387,Endocrinology,Low
38.7,NPIIN0000003388,Endocrinology,Low
0.0,NPIIN0000003389,Pulmonology,Low
0.0,NPIIN0000003390,Cardiology,Low
0.0,NPIIN0000003391,General Medicine,Low
72.5,NPIIN0000003392,Diabetology,Low
0.0,NPIIN0000003393,Dermatology,Low
0.0,NPIIN0000003394,Pulmonology,Low
0.3,NPIIN0000003395,Endocrinology,Low
7.4,NPIIN0000003396,Urology,Low
0.0,NPIIN0000003397,Dermatology,Low
0.0,NPIIN0000003398,Diabetology,Low
0.0,NPIIN0000003399,Orthopedics,Low
55.8,NPIIN0000003400,Diabetology,Low
97.9,NPIIN0000003401,Diabetology,High
47.1,NPIIN0000003402,General Medicine,Low
72.0,NPIIN0000003403,Endocrinology,Low
0.0,NPIIN0000003404,Neurology,Low
0.0,NPIIN0000003405,Pulmonology,Low
0.0,NPIIN0000003406,Urology,Low
72.9,NPIIN0000003407,Diabetology,Low
64.6,NPIIN0000003408,Endocrinology,Low
0.0,NPIIN0000003409,General Medicine,Low
0.7,NPIIN0000003410,Endocrinology,Low
0.7,NPIIN0000003411,Orthopedics,Low
0.7,NPIIN0000003412,Gastroenterology,Low
0.6,NPIIN0000003413,Dermatology,Low
0.0,NPIIN0000003414,Gastroenterology,Low
85.7,NPIIN0000003415,Diabetology,Low
98.5,NPIIN0000003416,Endocrinology,Low
6.9,NPIIN0000003417,General Medicine,Low
0.0,NPIIN0000003418,Dermatology,Low
0.1,NPIIN0000003419,General Medicine,Low
0.0,NPIIN0000003420,Cardiology,Low
0.0,NPIIN0000003421,Neurology,Low
0.0,NPIIN0000003422,Endocrinology,Low
86.2,NPIIN0000003423,Pulmonology,Low
0.0,NPIIN0000003424,Cardiology,Low
0.4,NPIIN0000003425,General Medicine,Low
49.1,NPIIN0000003426,General Medicine,Low
0.0,NPIIN0000003427,Urology,Low
0.0,NPIIN0000003428,Gastroenterology,Low
0.0,NPIIN0000003429,Cardiology,Low
0.0,NPIIN0000003430,Gastroenterology,Low
0.0,NPIIN0000003431,Dermatology,Low
0.0,NPIIN0000003432,Neurology,Low
0.0,NPIIN0000003433,Urology,Low
0.0,NPIIN0000003434,Dermatology,Low
82.0,NPIIN0000003435,Endocrinology,Low
0.1,NPIIN0000003436,General Medicine,Low
47.2,NPIIN0000003437,General Medicine,Low
0.0,NPIIN0000003438,General Medicine,Low
34.8,NPIIN0000003439,Orthopedics,Low
0.0,NPIIN0000003440,Pulmonology,Low
6.7,NPIIN0000003441,Diabetology,Low
0.0,NPIIN0000003442,Orthopedics,Low
7.1,NPIIN0000003443,Neurology,Low
47.1,NPIIN0000003444,Diabetology,Low
0.0,NPIIN0000003445,Urology,Low
0.0,NPIIN0000003446,General Medicine,Low
0.0,NPIIN0000003447,General Medicine,Low
0.0,NPIIN0000003448,General Medicine,Low
0.0,NPIIN0000003449,Urology,Low
12.7,NPIIN0000003450,Diabetology,Low
70.2,NPIIN0000003451,General Medicine,Low
0.0,NPIIN0000003452,Neurology,Low
0.7,NPIIN0000003453,Urology,Low
0.0,NPIIN0000003454,Cardiology,Low
0.0,NPIIN0000003455,Endocrinology,Low
0.0,NPIIN0000003456,Orthopedics,Low
81.0,NPIIN0000003457,Gastroenterology,Low
0.0,NPIIN0000003458,General Medicine,Low
84.9,NPIIN0000003459,General Medicine,Low
0.0,NPIIN0000003460,General Medicine,Low
0.0,NPIIN0000003461,Neurology,Low
5.8,NPIIN0000003462,Pulmonology,Low
0.0,NPIIN0000003463,Gastroenterology,Low
0.0,NPIIN0000003464,Cardiology,Low
0.0,NPIIN0000003465,Dermatology,Low
0.0,NPIIN0000003466,Cardiology,Low
71.7,NPIIN0000003467,Urology,Low
0.0,NPIIN0000003468,Cardiology,Low
0.0,NPIIN0000003469,Cardiology,Low
92.1,NPIIN0000003470,Endocrinology,Low
78.6,NPIIN0000003471,Endocrinology,Low
0.0,NPIIN0000003472,General Medicine,Low
0.0,NPIIN0000003473,Neurology,Low
0.0,NPIIN0000003474,Urology,Low
0.0,NPIIN0000003475,General Medicine,Low
0.0,NPIIN0000003476,Pulmonology,Low
0.0,NPIIN0000003477,Diabetology,Low
6.9,NPIIN0000003478,Dermatology,Low
0.0,NPIIN0000003479,Cardiology,Low
0.2,NPIIN0000003480,Diabetology,Low
0.0,NPIIN0000003481,Cardiology,Low
6.1,NPIIN0000003482,Endocrinology,Low
0.0,NPIIN0000003483,Pulmonology,Low
0.0,NPIIN0000003484,Cardiology,Low
0.0,NPIIN0000003485,Cardiology,Low
0.0,NPIIN0000003486,Dermatology,Low
0.0,NPIIN0000003487,Cardiology,Low
0.0,NPIIN0000003488,Pulmonology,Low
0.4,NPIIN0000003489,General Medicine,Low
0.0,NPIIN0000003490,Urology,Low
27.3,NPIIN0000003491,Neurology,Low
0.0,NPIIN0000003492,Cardiology,Low
7.5,NPIIN0000003493,Urology,Low
0.0,NPIIN0000003494,General Medicine,Low
82.8,NPIIN0000003495,Diabetology,Low
0.0,NPIIN0000003496,Neurology,Low
0.0,NPIIN0000003497,Gastroenterology,Low
0.0,NPIIN0000003498,Diabetology,Low
0.0,NPIIN0000003499,General Medicine,Low
0.0,NPIIN0000003500,Endocrinology,Low
0.2,NPIIN0000003501,Pulmonology,Low
0.0,NPIIN0000003502,Orthopedics,Low
0.0,NPIIN0000003503,General Medicine,Low
0.0,NPIIN0000003504,Orthopedics,Low
0.0,NPIIN0000003505,Endocrinology,Low
0.0,NPIIN0000003506,Dermatology,Low
0.0,NPIIN0000003507,Urology,Low
0.0,NPIIN0000003508,Neurology,Low
0.0,NPIIN0000003509,Cardiology,Low
76.5,NPIIN0000003510,Diabetology,Low
0.0,NPIIN0000003511,Cardiology,Low
0.0,NPIIN0000003512,Pulmonology,Low
0.0,NPIIN0000003513,Orthopedics,Low
7.1,NPIIN0000003514,General Medicine,Low
2.8,NPIIN0000003515,Endocrinology,Low
71.8,NPIIN0000003516,Diabetology,Low
0.0,NPIIN0000003517,Pulmonology,Low
0.0,NPIIN0000003518,Pulmonology,Low
68.1,NPIIN0000003519,Endocrinology,Low
0.0,NPIIN0000003520,Gastroenterology,Low
0.0,NPIIN0000003521,Cardiology,Low
0.9,NPIIN0000003522,Pulmonology,Low
0.0,NPIIN0000003523,General Medicine,Low
0.0,NPIIN0000003524,Cardiology,Low
0.0,NPIIN0000003525,Neurology,Low
0.0,NPIIN0000003526,Neurology,Low
46.5,NPIIN0000003527,General Medicine,Low
6.8,NPIIN0000003528,Dermatology,Low
0.0,NPIIN0000003529,General Medicine,Low
42.9,NPIIN0000003530,Diabetology,Low
0.0,NPIIN0000003531,Orthopedics,Low
0.0,NPIIN0000003532,Orthopedics,Low
0.0,NPIIN0000003533,Cardiology,Low
0.0,NPIIN0000003534,Orthopedics,Low
0.0,NPIIN0000003535,Gastroenterology,Low
27.1,NPIIN0000003536,Cardiology,Low
0.0,NPIIN0000003537,General Medicine,Low
0.0,NPIIN0000003538,Cardiology,Low
0.0,NPIIN0000003539,Pulmonology,Low
0.0,NPIIN0000003540,Orthopedics,Low
0.0,NPIIN0000003541,General Medicine,Low
6.9,NPIIN0000003542,General Medicine,Low
50.5,NPIIN0000003543,Endocrinology,Low
0.0,NPIIN0000003544,Pulmonology,Low
0.0,NPIIN0000003545,Dermatology,Low
25.0,NPIIN0000003546,Endocrinology,Low
0.0,NPIIN0000003547,Pulmonology,Low
71.8,NPIIN0000003548,General Medicine,Low
0.0,NPIIN0000003549,Gastroenterology,Low
0.0,NPIIN0000003550,Neurology,Low
0.0,NPIIN0000003551,Neurology,Low
0.0,NPIIN0000003552,General Medicine,Low
0.0,NPIIN0000003553,Pulmonology,Low
0.0,NPIIN0000003554,Neurology,Low
0.0,NPIIN0000003555,Neurology,Low
0.0,NPIIN0000003556,Pulmonology,Low
0.0,NPIIN0000003557,Urology,Low
79.5,NPIIN0000003558,Diabetology,Low
0.0,NPIIN0000003559,Cardiology,Low
0.0,NPIIN0000003560,Orthopedics,Low
0.0,NPIIN0000003561,Cardiology,Low
0.0,NPIIN0000003562,Urology,Low
0.0,NPIIN0000003563,Pulmonology,Low
0.0,NPIIN0000003564,Urology,Low
0.0,NPIIN0000003565,Pulmonology,Low
0.0,NPIIN0000003566,Dermatology,Low
0.0,NPIIN0000003567,Gastroenterology,Low
0.0,NPIIN0000003568,General Medicine,Low
1.0,NPIIN0000003569,General Medicine,Low
0.0,NPIIN0000003570,Cardiology,Low
82.1,NPIIN0000003571,Diabetology,Low
0.0,NPIIN0000003572,Orthopedics,Low
66.6,NPIIN0000003573,Diabetology,Low
0.0,NPIIN0000003574,Gastroenterology,Low
0.0,NPIIN0000003575,General Medicine,Low
46.7,NPIIN0000003576,Diabetology,Low
0.0,NPIIN0000003577,Orthopedics,Low
55.1,NPIIN0000003578,Cardiology,Low
0.0,NPIIN0000003579,Pulmonology,Low
0.0,NPIIN0000003580,General Medicine,Low
0.0,NPIIN0000003581,Cardiology,Low
13.1,NPIIN0000003582,Endocrinology,Low
0.0,NPIIN0000003583,Neurology,Low
0.0,NPIIN0000003584,Cardiology,Low
0.0,NPIIN0000003585,Dermatology,Low
0.0,NPIIN0000003586,Pulmonology,Low
0.0,NPIIN0000003587,Cardiology,Low
47.2,NPIIN0000003588,Diabetology,Low
0.0,NPIIN0000003589,Cardiology,Low
0.0,NPIIN0000003590,Dermatology,Low
6.7,NPIIN0000003591,Pulmonology,Low
0.0,NPIIN0000003592,Cardiology,Low
0.0,NPIIN0000003593,Pulmonology,Low
0.0,NPIIN0000003594,General Medicine,Low
0.1,NPIIN0000003595,Neurology,Low
0.0,NPIIN0000003596,Cardiology,Low
0.0,NPIIN0000003597,Cardiology,Low
0.0,NPIIN0000003598,General Medicine,Low
0.0,NPIIN0000003599,Neurology,Low
0.0,NPIIN0000003600,Neurology,Low
32.6,NPIIN0000003601,Diabetology,Low
0.4,NPIIN0000003602,Endocrinology,Low
72.2,NPIIN0000003603,Neurology,Low
0.0,NPIIN0000003604,Cardiology,Low
50.2,NPIIN0000003605,Pulmonology,Low
6.9,NPIIN0000003606,General Medicine,Low
7.0,NPIIN0000003607,Endocrinology,Low
0.0,NPIIN0000003608,General Medicine,Low
8.1,NPIIN0000003609,Endocrinology,Low
0.4,NPIIN0000003610,Pulmonology,Low
3.0,NPIIN0000003611,Endocrinology,Low
0.7,NPIIN0000003612,General Medicine,Low
0.3,NPIIN0000003613,General Medicine,Low
0.0,NPIIN0000003614,Cardiology,Low
0.0,NPIIN0000003615,Pulmonology,Low
0.0,NPIIN0000003616,Gastroenterology,Low
0.0,NPIIN0000003617,Orthopedics,Low
68.4,NPIIN0000003618,Endocrinology,Low
47.8,NPIIN0000003619,Endocrinology,Low
53.9,NPIIN0000003620,Diabetology,Low
0.0,NPIIN0000003621,Urology,Low
47.3,NPIIN0000003622,General Medicine,Low
87.8,NPIIN0000003623,Diabetology,Low
0.0,NPIIN0000003624,Gastroenterology,Low
0.0,NPIIN0000003625,Cardiology,Low
0.0,NPIIN0000003626,Pulmonology,Low
0.0,NPIIN0000003627,General Medicine,Low
0.0,NPIIN0000003628,Pulmonology,Low
0.0,NPIIN0000003629,Gastroenterology,Low
0.3,NPIIN0000003630,Diabetology,Low
0.0,NPIIN0000003631,Neurology,Low
0.0,NPIIN0000003632,General Medicine,Low
0.0,NPIIN0000003633,Cardiology,Low
0.0,NPIIN0000003634,Urology,Low
0.0,NPIIN0000003635,Gastroenterology,Low
6.8,NPIIN0000003636,Urology,Low
0.0,NPIIN0000003637,Gastroenterology,Low
1.4,NPIIN0000003638,Diabetology,Low
4.3,NPIIN0000003639,General Medicine,Low
0.0,NPIIN0000003640,General Medicine,Low
0.0,NPIIN0000003641,Cardiology,Low
2.6,NPIIN0000003642,General Medicine,Low
0.0,NPIIN0000003643,General Medicine,Low
0.0,NPIIN0000003644,Cardiology,Low
0.0,NPIIN0000003645,Dermatology,Low
0.4,NPIIN0000003646,Endocrinology,Low
0.0,NPIIN0000003647,General Medicine,Low
0.0,NPIIN0000003648,Gastroenterology,Low
0.0,NPIIN0000003649,Pulmonology,Low
2.7,NPIIN0000003650,Endocrinology,Low
0.0,NPIIN0000003651,Pulmonology,Low
15.1,NPIIN0000003652,Gastroenterology,Low
0.5,NPIIN0000003653,Dermatology,Low
5.7,NPIIN0000003654,Diabetology,Low
0.0,NPIIN0000003655,Cardiology,Low
0.0,NPIIN0000003656,Pulmonology,Low
59.7,NPIIN0000003657,Endocrinology,Low
0.0,NPIIN0000003658,Gastroenterology,Low
0.0,NPIIN0000003659,Neurology,Low
0.0,NPIIN0000003660,Gastroenterology,Low
0.0,NPIIN0000003661,Orthopedics,Low
85.2,NPIIN0000003662,Pulmonology,Low
0.0,NPIIN0000003663,Urology,Low
27.4,NPIIN0000003664,Neurology,Low
75.9,NPIIN0000003665,Endocrinology,Low
45.2,NPIIN0000003666,Dermatology,Low
0.0,NPIIN0000003667,Neurology,Low
0.0,NPIIN0000003668,Orthopedics,Low
0.0,NPIIN0000003669,Diabetology,Low
2.7,NPIIN0000003670,General Medicine,Low
0.0,NPIIN0000003671,Dermatology,Low
0.0,NPIIN0000003672,Cardiology,Low
0.1,NPIIN0000003673,Neurology,Low
0.0,NPIIN0000003674,Pulmonology,Low
0.0,NPIIN0000003675,Endocrinology,Low
1.4,NPIIN0000003676,Endocrinology,Low
0.0,NPIIN0000003677,Dermatology,Low
0.1,NPIIN0000003678,Cardiology,Low
0.0,NPIIN0000003679,Gastroenterology,Low
0.0,NPIIN0000003680,Gastroenterology,Low
7.6,NPIIN0000003681,Neurology,Low
84.8,NPIIN0000003682,General Medicine,Low
0.0,NPIIN0000003683,Cardiology,Low
0.0,NPIIN0000003684,Dermatology,Low
0.1,NPIIN0000003685,Cardiology,Low
76.9,NPIIN0000003686,Diabetology,Low
0.0,NPIIN0000003687,Orthopedics,Low
0.5,NPIIN0000003688,Diabetology,Low
7.7,NPIIN0000003689,Diabetology,Low
0.3,NPIIN0000003690,Orthopedics,Low
0.0,NPIIN0000003691,Cardiology,Low
66.9,NPIIN0000003692,Endocrinology,Low
0.5,NPIIN0000003693,General Medicine,Low
5.9,NPIIN0000003694,Gastroenterology,Low
0.0,NPIIN0000003695,Urology,Low
0.0,NPIIN0000003696,Gastroenterology,Low
0.0,NPIIN0000003697,Orthopedics,Low
72.7,NPIIN0000003698,Cardiology,Low
0.0,NPIIN0000003699,Pulmonology,Low
0.0,NPIIN0000003700,Cardiology,Low
0.0,NPIIN0000003701,Urology,Low
0.0,NPIIN0000003702,Orthopedics,Low
0.0,NPIIN0000003703,Diabetology,Low
0.0,NPIIN0000003704,Dermatology,Low
6.8,NPIIN0000003705,Neurology,Low
0.0,NPIIN0000003706,Cardiology,Low
0.0,NPIIN0000003707,Pulmonology,Low
0.0,NPIIN0000003708,Orthopedics,Low
87.4,NPIIN0000003709,Diabetology,Low
0.0,NPIIN0000003710,Cardiology,Low
0.0,NPIIN0000003711,Orthopedics,Low
0.0,NPIIN0000003712,General Medicine,Low
0.0,NPIIN0000003713,General Medicine,Low
0.0,NPIIN0000003714,Gastroenterology,Low
7.5,NPIIN0000003715,Pulmonology,Low
49.1,NPIIN0000003716,Diabetology,Low
0.0,NPIIN0000003717,Cardiology,Low
0.8,NPIIN0000003718,Dermatology,Low
0.0,NPIIN0000003719,General Medicine,Low
0.2,NPIIN0000003720,Neurology,Low
0.0,NPIIN0000003721,Urology,Low
0.0,NPIIN0000003722,Cardiology,Low
0.0,NPIIN0000003723,Dermatology,Low
0.0,NPIIN0000003724,Gastroenterology,Low
0.0,NPIIN0000003725,Orthopedics,Low
49.1,NPIIN0000003726,Endocrinology,Low
84.8,NPIIN0000003727,Diabetology,Medium
0.0,NPIIN0000003728,Neurology,Low
0.0,NPIIN0000003729,Urology,Low
6.8,NPIIN0000003730,Orthopedics,Low
0.0,NPIIN0000003731,General Medicine,Low
0.0,NPIIN0000003732,Pulmonology,Low
0.0,NPIIN0000003733,Endocrinology,Low
6.9,NPIIN0000003734,Neurology,Low
0.3,NPIIN0000003735,Dermatology,Low
0.0,NPIIN0000003736,Dermatology,Low
0.0,NPIIN0000003737,General Medicine,Low
0.2,NPIIN0000003738,Orthopedics,Low
0.0,NPIIN0000003739,Cardiology,Low
47.1,NPIIN0000003740,General Medicine,Low
0.0,NPIIN0000003741,Pulmonology,Low
0.9,NPIIN0000003742,Pulmonology,Low
0.0,NPIIN0000003743,Gastroenterology,Low
0.0,NPIIN0000003744,Pulmonology,Low
0.0,NPIIN0000003745,Cardiology,Low
47.5,NPIIN0000003746,Endocrinology,Low
0.0,NPIIN0000003747,Pulmonology,Low
0.0,NPIIN0000003748,Neurology,Low
51.7,NPIIN0000003749,General Medicine,Low
7.1,NPIIN0000003750,General Medicine,Low
0.3,NPIIN0000003751,Cardiology,Low
0.0,NPIIN0000003752,Gastroenterology,Low
82.4,NPIIN0000003753,General Medicine,Low
0.0,NPIIN0000003754,Pulmonology,Low
0.5,NPIIN0000003755,General Medicine,Low
78.6,NPIIN0000003756,Diabetology,Low
61.9,NPIIN0000003757,Diabetology,Low
0.0,NPIIN0000003758,Cardiology,Low
0.0,NPIIN0000003759,Neurology,Low
86.5,NPIIN0000003760,Diabetology,Low
46.6,NPIIN0000003761,Diabetology,Low
0.0,NPIIN0000003762,Orthopedics,Low
1.0,NPIIN0000003763,General Medicine,Low
0.0,NPIIN0000003764,General Medicine,Low
72.3,NPIIN0000003765,General Medicine,Low
85.0,NPIIN0000003766,Diabetology,Low
0.0,NPIIN0000003767,Cardiology,Low
24.8,NPIIN0000003768,Dermatology,Low
86.5,NPIIN0000003769,General Medicine,Low
0.0,NPIIN0000003770,Gastroenterology,Low
0.1,NPIIN0000003771,Orthopedics,Low
0.0,NPIIN0000003772,Cardiology,Low
0.4,NPIIN0000003773,Neurology,Low
0.0,NPIIN0000003774,Cardiology,Low
0.0,NPIIN0000003775,General Medicine,Low
0.0,NPIIN0000003776,Dermatology,Low
0.0,NPIIN0000003777,Cardiology,Low
0.0,NPIIN0000003778,Orthopedics,Low
1.0,NPIIN0000003779,Pulmonology,Low
0.3,NPIIN0000003780,General Medicine,Low
0.0,NPIIN0000003781,Cardiology,Low
0.0,NPIIN0000003782,Pulmonology,Low
80.5,NPIIN0000003783,General Medicine,Low
0.0,NPIIN0000003784,Endocrinology,Low
25.0,NPIIN0000003785,General Medicine,Low
0.0,NPIIN0000003786,Cardiology,Low
33.5,NPIIN0000003787,Orthopedics,Low
0.0,NPIIN0000003788,General Medicine,Low
0.0,NPIIN0000003789,General Medicine,Low
0.0,NPIIN0000003790,Gastroenterology,Low
0.0,NPIIN0000003791,Gastroenterology,Low
0.0,NPIIN0000003792,Urology,Low
0.0,NPIIN0000003793,Orthopedics,Low
55.5,NPIIN0000003794,Endocrinology,Low
0.0,NPIIN0000003795,General Medicine,Low
0.0,NPIIN0000003796,Neurology,Low
0.0,NPIIN0000003797,Cardiology,Low
0.0,NPIIN0000003798,Gastroenterology,Low
0.0,NPIIN0000003799,Cardiology,Low
0.0,NPIIN0000003800,Urology,Low
0.0,NPIIN0000003801,Gastroenterology,Low
48.1,NPIIN0000003802,Pulmonology,Low
0.0,NPIIN0000003803,General Medicine,Low
0.0,NPIIN0000003804,Orthopedics,Low
0.0,NPIIN0000003805,Gastroenterology,Low
4.0,NPIIN0000003806,Dermatology,Low
0.0,NPIIN0000003807,Dermatology,Low
0.0,NPIIN0000003808,Cardiology,Low
0.0,NPIIN0000003809,Cardiology,Low
36.0,NPIIN0000003810,Endocrinology,Low
0.0,NPIIN0000003811,Neurology,Low
0.0,NPIIN0000003812,Pulmonology,Low
52.9,NPIIN0000003813,Diabetology,Low
0.1,NPIIN0000003814,Orthopedics,Low
0.0,NPIIN0000003815,Cardiology,Low
0.3,NPIIN0000003816,Gastroenterology,Low
0.0,NPIIN0000003817,General Medicine,Low
0.0,NPIIN0000003818,General Medicine,Low
0.0,NPIIN0000003819,Cardiology,Low
0.0,NPIIN0000003820,Gastroenterology,Low
0.0,NPIIN0000003821,Gastroenterology,Low
33.3,NPIIN0000003822,Diabetology,Low
0.0,NPIIN0000003823,General Medicine,Low
0.0,NPIIN0000003824,Pulmonology,Low
48.0,NPIIN0000003825,General Medicine,Low
0.0,NPIIN0000003826,Pulmonology,Low
56.5,NPIIN0000003827,General Medicine,Low
0.0,NPIIN0000003828,Urology,Low
0.0,NPIIN0000003829,Gastroenterology,Low
0.0,NPIIN0000003830,Cardiology,Low
13.2,NPIIN0000003831,Dermatology,Low
0.0,NPIIN0000003832,General Medicine,Low
0.0,NPIIN0000003833,Orthopedics,Low
0.0,NPIIN0000003834,Pulmonology,Low
0.0,NPIIN0000003835,Cardiology,Low
0.0,NPIIN0000003836,Gastroenterology,Low
0.0,NPIIN0000003837,Cardiology,Low
0.0,NPIIN0000003838,Urology,Low
0.0,NPIIN0000003839,Orthopedics,Low
0.0,NPIIN0000003840,Neurology,Low
0.0,NPIIN0000003841,Pulmonology,Low
0.0,NPIIN0000003842,Pulmonology,Low
0.0,NPIIN0000003843,General Medicine,Low
0.0,NPIIN0000003844,Cardiology,Low
0.0,NPIIN0000003845,Urology,Low
71.1,NPIIN0000003846,Diabetology,Low
33.2,NPIIN0000003847,Diabetology,Low
14.8,NPIIN0000003848,Endocrinology,Low
0.0,NPIIN0000003849,Orthopedics,Low
0.0,NPIIN0000003850,Orthopedics,Low
47.7,NPIIN0000003851,General Medicine,Low
0.0,NPIIN0000003852,Diabetology,Low
0.0,NPIIN0000003853,Dermatology,Low
0.0,NPIIN0000003854,General Medicine,Low
0.0,NPIIN0000003855,Orthopedics,Low
0.0,NPIIN0000003856,Urology,Low
0.0,NPIIN0000003857,Gastroenterology,Low
0.0,NPIIN0000003858,Cardiology,Low
0.0,NPIIN0000003859,Neurology,Low
0.0,NPIIN0000003860,Orthopedics,Low
7.6,NPIIN0000003861,General Medicine,Low
0.0,NPIIN0000003862,Urology,Low
0.0,NPIIN0000003863,General Medicine,Low
0.0,NPIIN0000003864,Orthopedics,Low
0.0,NPIIN0000003865,Neurology,Low
0.0,NPIIN0000003866,Cardiology,Low
0.0,NPIIN0000003867,General Medicine,Low
0.0,NPIIN0000003868,Cardiology,Low
0.0,NPIIN0000003869,General Medicine,Low
0.0,NPIIN0000003870,Urology,Low
0.0,NPIIN0000003871,Endocrinology,Low
0.0,NPIIN0000003872,Orthopedics,Low
0.0,NPIIN0000003873,Cardiology,Low
80.2,NPIIN0000003874,Neurology,Low
0.0,NPIIN0000003875,Orthopedics,Low
0.0,NPIIN0000003876,Neurology,Low
0.0,NPIIN0000003877,Urology,Low
0.0,NPIIN0000003878,Orthopedics,Low
0.0,NPIIN0000003879,Neurology,Low
0.0,NPIIN0000003880,Gastroenterology,Low
0.0,NPIIN0000003881,Cardiology,Low
6.9,NPIIN0000003882,General Medicine,Low
0.0,NPIIN0000003883,Diabetology,Low
0.0,NPIIN0000003884,Dermatology,Low
0.0,NPIIN0000003885,Neurology,Low
7.5,NPIIN0000003886,Pulmonology,Low
0.0,NPIIN0000003887,Orthopedics,Low
0.0,NPIIN0000003888,Cardiology,Low
0.0,NPIIN0000003889,Orthopedics,Low
0.0,NPIIN0000003890,Cardiology,Low
83.6,NPIIN0000003891,General Medicine,Low
0.0,NPIIN0000003892,Neurology,Low
0.1,NPIIN0000003893,General Medicine,Low
0.0,NPIIN0000003894,Neurology,Low
0.6,NPIIN0000003895,Gastroenterology,Low
0.0,NPIIN0000003896,Dermatology,Low
0.3,NPIIN0000003897,Endocrinology,Low
5.8,NPIIN0000003898,Endocrinology,Low
0.0,NPIIN0000003899,Cardiology,Low
47.1,NPIIN0000003900,General Medicine,Low
0.0,NPIIN0000003901,Cardiology,Low
81.4,NPIIN0000003902,Diabetology,Low
0.0,NPIIN0000003903,Dermatology,Low
0.0,NPIIN0000003904,Orthopedics,Low
0.0,NPIIN0000003905,Dermatology,Low
0.0,NPIIN0000003906,Cardiology,Low
0.0,NPIIN0000003907,Pulmonology,Low
54.2,NPIIN0000003908,Endocrinology,Low
72.2,NPIIN0000003909,General Medicine,Low
0.0,NPIIN0000003910,General Medicine,Low
0.0,NPIIN0000003911,Orthopedics,Low
0.0,NPIIN0000003912,Neurology,Low
66.2,NPIIN0000003913,Diabetology,Low
0.0,NPIIN0000003914,Neurology,Low
0.0,NPIIN0000003915,Orthopedics,Low
0.4,NPIIN0000003916,Cardiology,Low
0.0,NPIIN0000003917,Dermatology,Low
68.1,NPIIN0000003918,Endocrinology,Low
62.0,NPIIN0000003919,Endocrinology,Low
0.0,NPIIN0000003920,Urology,Low
0.0,NPIIN0000003921,Cardiology,Low
0.0,NPIIN0000003922,Gastroenterology,Low
0.0,NPIIN0000003923,Cardiology,Low
0.0,NPIIN0000003924,Pulmonology,Low
0.0,NPIIN0000003925,Pulmonology,Low
0.0,NPIIN0000003926,Urology,Low
0.0,NPIIN0000003927,Dermatology,Low
0.0,NPIIN0000003928,Neurology,Low
72.4,NPIIN0000003929,General Medicine,Low
0.1,NPIIN0000003930,Endocrinology,Low
84.9,NPIIN0000003931,Neurology,Low
0.0,NPIIN0000003932,General Medicine,Low
0.1,NPIIN0000003933,Cardiology,Low
0.0,NPIIN0000003934,Orthopedics,Low
68.8,NPIIN0000003935,Diabetology,Low
0.0,NPIIN0000003936,Cardiology,Low
80.5,NPIIN0000003937,Urology,Low
0.0,NPIIN0000003938,Pulmonology,Low
0.0,NPIIN0000003939,Gastroenterology,Low
96.6,NPIIN0000003940,Endocrinology,Medium
0.9,NPIIN0000003941,General Medicine,Low
0.0,NPIIN0000003942,Neurology,Low
0.0,NPIIN0000003943,Diabetology,Low
0.0,NPIIN0000003944,Neurology,Low
0.3,NPIIN0000003945,Endocrinology,Low
26.8,NPIIN0000003946,Endocrinology,Low
0.0,NPIIN0000003947,Cardiology,Low
6.0,NPIIN0000003948,Diabetology,Low
85.1,NPIIN0000003949,Diabetology,Low
0.0,NPIIN0000003950,Gastroenterology,Low
0.0,NPIIN0000003951,Pulmonology,Low
79.6,NPIIN0000003952,Endocrinology,Low
0.0,NPIIN0000003953,Pulmonology,Low
52.8,NPIIN0000003954,Endocrinology,Low
0.0,NPIIN0000003955,General Medicine,Low
0.0,NPIIN0000003956,Urology,Low
0.0,NPIIN0000003957,Gastroenterology,Low
0.0,NPIIN0000003958,Neurology,Low
35.6,NPIIN0000003959,Diabetology,Medium
0.0,NPIIN0000003960,Cardiology,Low
0.0,NPIIN0000003961,Gastroenterology,Low
47.0,NPIIN0000003962,Pulmonology,Low
0.0,NPIIN0000003963,Pulmonology,Low
72.2,NPIIN0000003964,Orthopedics,Low
12.6,NPIIN0000003965,General Medicine,Low
0.0,NPIIN0000003966,Dermatology,Low
0.1,NPIIN0000003967,Pulmonology,Low
53.8,NPIIN0000003968,Endocrinology,Low
0.0,NPIIN0000003969,Cardiology,Low
0.0,NPIIN0000003970,Pulmonology,Low
71.8,NPIIN0000003971,Diabetology,Low
0.0,NPIIN0000003972,Neurology,Low
0.0,NPIIN0000003973,Neurology,Low
0.0,NPIIN0000003974,General Medicine,Low
24.8,NPIIN0000003975,Pulmonology,Low
0.0,NPIIN0000003976,Pulmonology,Low
0.0,NPIIN0000003977,General Medicine,Low
0.0,NPIIN0000003978,Urology,Low
0.0,NPIIN0000003979,Cardiology,Low
0.0,NPIIN0000003980,Orthopedics,Low
0.0,NPIIN0000003981,Cardiology,Low
53.1,NPIIN0000003982,Endocrinology,Low
0.0,NPIIN0000003983,Neurology,Low
0.0,NPIIN0000003984,Cardiology,Low
46.6,NPIIN0000003985,Diabetology,Low
38.4,NPIIN0000003986,Endocrinology,Low
0.0,NPIIN0000003987,Gastroenterology,Low
0.0,NPIIN0000003988,Pulmonology,Low
0.3,NPIIN0000003989,Cardiology,Low
0.0,NPIIN0000003990,General Medicine,Low
91.7,NPIIN0000003991,Endocrinology,Low
0.1,NPIIN0000003992,Orthopedics,Low
0.0,NPIIN0000003993,Cardiology,Low
0.0,NPIIN0000003994,Pulmonology,Low
0.0,NPIIN0000003995,General Medicine,Low
0.5,NPIIN0000003996,Pulmonology,Low
0.1,NPIIN0000003997,Orthopedics,Low
0.0,NPIIN0000003998,General Medicine,Low
72.0,NPIIN0000003999,Gastroenterology,Low
86.7,NPIIN0000004000,General Medicine,Low
0.0,NPIIN0000004001,Neurology,Low
0.0,NPIIN0000004002,General Medicine,Low
0.4,NPIIN0000004003,Endocrinology,Low
0.0,NPIIN0000004004,Cardiology,Low
0.0,NPIIN0000004005,Cardiology,Low
0.8,NPIIN0000004006,Orthopedics,Low
0.0,NPIIN0000004007,Gastroenterology,Low
60.6,NPIIN0000004008,Diabetology,Low
0.1,NPIIN0000004009,General Medicine,Low
0.0,NPIIN0000004010,Gastroenterology,Low
0.0,NPIIN0000004011,General Medicine,Low
0.0,NPIIN0000004012,General Medicine,Low
0.0,NPIIN0000004013,Gastroenterology,Low
79.6,NPIIN0000004014,Endocrinology,Low
33.1,NPIIN0000004015,General Medicine,Low
71.6,NPIIN0000004016,Endocrinology,Low
48.3,NPIIN0000004017,Cardiology,Low
6.9,NPIIN0000004018,Neurology,Low
86.5,NPIIN0000004019,Neurology,Low
0.0,NPIIN0000004020,Orthopedics,Low
0.0,NPIIN0000004021,Endocrinology,Low
4.0,NPIIN0000004022,Gastroenterology,Low
0.0,NPIIN0000004023,Orthopedics,Low
0.0,NPIIN0000004024,Neurology,Low
0.0,NPIIN0000004025,Orthopedics,Low
0.0,NPIIN0000004026,Orthopedics,Low
0.7,NPIIN0000004027,Dermatology,Low
15.3,NPIIN0000004028,Orthopedics,Low
50.1,NPIIN0000004029,Pulmonology,Low
34.7,NPIIN0000004030,General Medicine,Low
0.0,NPIIN0000004031,Urology,Low
4.7,NPIIN0000004032,Dermatology,Low
0.0,NPIIN0000004033,Cardiology,Low
0.0,NPIIN0000004034,Diabetology,Low
62.2,NPIIN0000004035,Diabetology,Low
0.0,NPIIN0000004036,Dermatology,Low
86.6,NPIIN0000004037,Endocrinology,Low
14.8,NPIIN0000004038,Diabetology,Low
0.0,NPIIN0000004039,General Medicine,Low
0.0,NPIIN0000004040,Cardiology,Low
0.0,NPIIN0000004041,Orthopedics,Low
0.0,NPIIN0000004042,General Medicine,Low
32.9,NPIIN0000004043,Endocrinology,Low
0.0,NPIIN0000004044,Diabetology,Low
0.0,NPIIN0000004045,Dermatology,Low
0.0,NPIIN0000004046,Neurology,Low
0.0,NPIIN0000004047,General Medicine,Low
0.0,NPIIN0000004048,General Medicine,Low
0.0,NPIIN0000004049,Urology,Low
0.0,NPIIN0000004050,Gastroenterology,Low
86.5,NPIIN0000004051,Gastroenterology,Low
0.0,NPIIN0000004052,General Medicine,Low
0.0,NPIIN0000004053,Orthopedics,Low
0.0,NPIIN0000004054,Gastroenterology,Low
86.7,NPIIN0000004055,General Medicine,Low
0.0,NPIIN0000004056,Orthopedics,Low
0.0,NPIIN0000004057,Urology,Low
0.3,NPIIN0000004058,Gastroenterology,Low
80.0,NPIIN0000004059,Gastroenterology,Low
0.0,NPIIN0000004060,General Medicine,Low
0.0,NPIIN0000004061,General Medicine,Low
0.0,NPIIN0000004062,Endocrinology,Low
0.0,NPIIN0000004063,Pulmonology,Low
0.0,NPIIN0000004064,General Medicine,Low
0.0,NPIIN0000004065,General Medicine,Low
0.0,NPIIN0000004066,Orthopedics,Low
31.7,NPIIN0000004067,Endocrinology,Medium
0.0,NPIIN0000004068,Dermatology,Low
0.1,NPIIN0000004069,Diabetology,Low
0.0,NPIIN0000004070,Cardiology,Low
0.0,NPIIN0000004071,Cardiology,Low
73.2,NPIIN0000004072,General Medicine,Low
83.0,NPIIN0000004073,General Medicine,Low
31.0,NPIIN0000004074,Diabetology,Low
0.0,NPIIN0000004075,Neurology,Low
1.0,NPIIN0000004076,General Medicine,Low
0.4,NPIIN0000004077,Cardiology,Low
0.0,NPIIN0000004078,General Medicine,Low
0.0,NPIIN0000004079,Cardiology,Low
7.5,NPIIN0000004080,Cardiology,Low
78.4,NPIIN0000004081,Endocrinology,Low
0.0,NPIIN0000004082,Neurology,Low
0.0,NPIIN0000004083,Neurology,Low
0.0,NPIIN0000004084,Urology,Low
0.0,NPIIN0000004085,Gastroenterology,Low
0.0,NPIIN0000004086,Pulmonology,Low
54.3,NPIIN0000004087,Diabetology,Low
0.3,NPIIN0000004088,Cardiology,Low
0.0,NPIIN0000004089,Neurology,Low
0.3,NPIIN0000004090,Diabetology,Low
98.4,NPIIN0000004091,Diabetology,Low
0.0,NPIIN0000004092,Orthopedics,Low
33.9,NPIIN0000004093,Endocrinology,Low
0.4,NPIIN0000004094,Cardiology,Low
0.0,NPIIN0000004095,Orthopedics,Low
81.9,NPIIN0000004096,Diabetology,Low
0.0,NPIIN0000004097,General Medicine,Low
56.1,NPIIN0000004098,Cardiology,Low
0.0,NPIIN0000004099,General Medicine,Low
0.0,NPIIN0000004100,Orthopedics,Low
0.0,NPIIN0000004101,Neurology,Low
51.9,NPIIN0000004102,General Medicine,Low
0.0,NPIIN0000004103,Diabetology,Low
0.0,NPIIN0000004104,General Medicine,Low
0.0,NPIIN0000004105,Pulmonology,Low
55.8,NPIIN0000004106,Diabetology,Low
0.0,NPIIN0000004107,Endocrinology,Low
0.0,NPIIN0000004108,Neurology,Low
0.0,NPIIN0000004109,Urology,Low
0.0,NPIIN0000004110,Urology,Low
0.0,NPIIN0000004111,Dermatology,Low
6.7,NPIIN0000004112,Pulmonology,Low
0.0,NPIIN0000004113,Gastroenterology,Low
0.0,NPIIN0000004114,Urology,Low
0.0,NPIIN0000004115,Cardiology,Low
70.3,NPIIN0000004116,General Medicine,Low
76.9,NPIIN0000004117,Endocrinology,Low
0.0,NPIIN0000004118,Orthopedics,Low
0.0,NPIIN0000004119,Urology,Low
0.0,NPIIN0000004120,Dermatology,Low
0.0,NPIIN0000004121,Diabetology,Low
0.4,NPIIN0000004122,Orthopedics,Low
0.0,NPIIN0000004123,Cardiology,Low
15.1,NPIIN0000004124,Endocrinology,Low
86.7,NPIIN0000004125,Pulmonology,Low
0.0,NPIIN0000004126,Dermatology,Low
0.0,NPIIN0000004127,Urology,Low
24.9,NPIIN0000004128,Diabetology,Low
82.5,NPIIN0000004129,General Medicine,Low
0.0,NPIIN0000004130,General Medicine,Low
0.0,NPIIN0000004131,Cardiology,Low
0.0,NPIIN0000004132,Urology,Low
0.3,NPIIN0000004133,General Medicine,Low
0.4,NPIIN0000004134,Endocrinology,Low
35.5,NPIIN0000004135,General Medicine,Low
0.0,NPIIN0000004136,Gastroenterology,Low
0.0,NPIIN0000004137,Urology,Low
91.4,NPIIN0000004138,Endocrinology,Low
65.6,NPIIN0000004139,Endocrinology,Low
0.3,NPIIN0000004140,Orthopedics,Low
7.5,NPIIN0000004141,Pulmonology,Low
80.0,NPIIN0000004142,General Medicine,Low
0.0,NPIIN0000004143,Endocrinology,Low
0.0,NPIIN0000004144,Orthopedics,Low
54.9,NPIIN0000004145,Gastroenterology,Low
80.2,NPIIN0000004146,Endocrinology,Low
0.0,NPIIN0000004147,Cardiology,Low
94.0,NPIIN0000004148,Endocrinology,Low
0.3,NPIIN0000004149,Diabetology,Low
0.0,NPIIN0000004150,Cardiology,Low
0.9,NPIIN0000004151,Endocrinology,Low
0.0,NPIIN0000004152,Cardiology,Low
7.5,NPIIN0000004153,General Medicine,Low
0.0,NPIIN0000004154,General Medicine,Low
0.0,NPIIN0000004155,General Medicine,Low
86.8,NPIIN0000004156,Dermatology,Low
0.0,NPIIN0000004157,Diabetology,Low
0.0,NPIIN0000004158,Urology,Low
0.0,NPIIN0000004159,Urology,Low
0.0,NPIIN0000004160,Orthopedics,Low
0.5,NPIIN0000004161,Endocrinology,Low
0.0,NPIIN0000004162,Diabetology,Low
0.0,NPIIN0000004163,Pulmonology,Low
0.0,NPIIN0000004164,Endocrinology,Low
0.0,NPIIN0000004165,Cardiology,Low
0.0,NPIIN0000004166,Cardiology,Low
0.0,NPIIN0000004167,Pulmonology,Low
0.0,NPIIN0000004168,Dermatology,Low
7.6,NPIIN0000004169,Diabetology,Low
0.0,NPIIN0000004170,Orthopedics,Low
0.0,NPIIN0000004171,Dermatology,Low
0.0,NPIIN0000004172,Cardiology,Low
0.0,NPIIN0000004173,General Medicine,Low
0.0,NPIIN0000004174,Cardiology,Low
0.0,NPIIN0000004175,Urology,Low
0.0,NPIIN0000004176,Gastroenterology,Low
0.0,NPIIN0000004177,Neurology,Low
0.0,NPIIN0000004178,Neurology,Low
82.6,NPIIN0000004179,Diabetology,Medium
0.0,NPIIN0000004180,Orthopedics,Low
0.0,NPIIN0000004181,Urology,Low
0.0,NPIIN0000004182,Gastroenterology,Low
34.9,NPIIN0000004183,General Medicine,Low
0.0,NPIIN0000004184,Cardiology,Low
0.0,NPIIN0000004185,Cardiology,Low
1.0,NPIIN0000004186,Cardiology,Low
5.9,NPIIN0000004187,Pulmonology,Low
0.0,NPIIN0000004188,Dermatology,Low
0.0,NPIIN0000004189,Orthopedics,Low
36.3,NPIIN0000004190,Endocrinology,Low
0.2,NPIIN0000004191,Diabetology,Low
0.0,NPIIN0000004192,Cardiology,Low
85.0,NPIIN0000004193,Orthopedics,Low
0.0,NPIIN0000004194,Gastroenterology,Low
46.7,NPIIN0000004195,General Medicine,Low
7.8,NPIIN0000004196,Pulmonology,Low
0.0,NPIIN0000004197,Pulmonology,Low
77.6,NPIIN0000004198,Diabetology,Low
86.8,NPIIN0000004199,Endocrinology,Low
84.8,NPIIN0000004200,Diabetology,Low
13.2,NPIIN0000004201,Diabetology,Low
0.0,NPIIN0000004202,Pulmonology,Low
24.0,NPIIN0000004203,Diabetology,Low
0.0,NPIIN0000004204,Gastroenterology,Low
27.1,NPIIN0000004205,Pulmonology,Low
0.0,NPIIN0000004206,Pulmonology,Low
7.0,NPIIN0000004207,Orthopedics,Low
1.3,NPIIN0000004208,Diabetology,Low
0.0,NPIIN0000004209,Neurology,Low
0.0,NPIIN0000004210,Cardiology,Low
0.0,NPIIN0000004211,Gastroenterology,Low
0.0,NPIIN0000004212,General Medicine,Low
85.0,NPIIN0000004213,Endocrinology,Low
0.0,NPIIN0000004214,Cardiology,Low
0.1,NPIIN0000004215,Neurology,Low
0.0,NPIIN0000004216,Neurology,Low
0.0,NPIIN0000004217,Neurology,Low
0.0,NPIIN0000004218,General Medicine,Low
0.0,NPIIN0000004219,Neurology,Low
0.0,NPIIN0000004220,Pulmonology,Low
54.3,NPIIN0000004221,Endocrinology,Low
46.7,NPIIN0000004222,General Medicine,Low
51.7,NPIIN0000004223,General Medicine,Low
0.0,NPIIN0000004224,Dermatology,Low
63.0,NPIIN0000004225,General Medicine,Low
0.0,NPIIN0000004226,General Medicine,Low
0.0,NPIIN0000004227,Orthopedics,Low
0.0,NPIIN0000004228,Urology,Low
70.3,NPIIN0000004229,Diabetology,Low
0.0,NPIIN0000004230,Urology,Low
0.0,NPIIN0000004231,Cardiology,Low
0.0,NPIIN0000004232,Dermatology,Low
52.5,NPIIN0000004233,Endocrinology,Medium
0.0,NPIIN0000004234,General Medicine,Low
56.0,NPIIN0000004235,Orthopedics,Low
26.8,NPIIN0000004236,Cardiology,Low
0.0,NPIIN0000004237,Dermatology,Low
55.9,NPIIN0000004238,General Medicine,Low
0.0,NPIIN0000004239,Cardiology,Low
0.0,NPIIN0000004240,Orthopedics,Low
0.0,NPIIN0000004241,Pulmonology,Low
0.0,NPIIN0000004242,Urology,Low
0.0,NPIIN0000004243,Urology,Low
0.0,NPIIN0000004244,Cardiology,Low
74.2,NPIIN0000004245,Diabetology,Medium
72.3,NPIIN0000004246,General Medicine,Low
0.0,NPIIN0000004247,Pulmonology,Low
0.0,NPIIN0000004248,Cardiology,Low
0.7,NPIIN0000004249,General Medicine,Low
0.0,NPIIN0000004250,Dermatology,Low
65.1,NPIIN0000004251,Endocrinology,Low
0.0,NPIIN0000004252,Neurology,Low
0.0,NPIIN0000004253,General Medicine,Low
0.0,NPIIN0000004254,Cardiology,Low
0.3,NPIIN0000004255,Endocrinology,Low
51.6,NPIIN0000004256,Endocrinology,Low
0.0,NPIIN0000004257,Pulmonology,Low
0.0,NPIIN0000004258,Cardiology,Low
0.0,NPIIN0000004259,Dermatology,Low
0.0,NPIIN0000004260,Dermatology,Low
0.0,NPIIN0000004261,Cardiology,Low
0.1,NPIIN0000004262,Urology,Low
0.0,NPIIN0000004263,Orthopedics,Low
0.0,NPIIN0000004264,Cardiology,Low
0.0,NPIIN0000004265,Orthopedics,Low
0.0,NPIIN0000004266,Diabetology,Low
0.0,NPIIN0000004267,Neurology,Low
94.3,NPIIN0000004268,Endocrinology,Medium
55.2,NPIIN0000004269,Dermatology,Low
0.0,NPIIN0000004270,Dermatology,Low
0.0,NPIIN0000004271,Orthopedics,Low
0.0,NPIIN0000004272,Orthopedics,Low
51.6,NPIIN0000004273,Cardiology,Low
0.0,NPIIN0000004274,Neurology,Low
66.7,NPIIN0000004275,Diabetology,Low
0.0,NPIIN0000004276,Cardiology,Low
70.2,NPIIN0000004277,Endocrinology,Low
0.0,NPIIN0000004278,Orthopedics,Low
86.4,NPIIN0000004279,Neurology,Low
0.0,NPIIN0000004280,Cardiology,Low
24.8,NPIIN0000004281,Orthopedics,Low
0.0,NPIIN0000004282,Dermatology,Low
69.0,NPIIN0000004283,Diabetology,Low
6.9,NPIIN0000004284,General Medicine,Low
0.0,NPIIN0000004285,Gastroenterology,Low
0.0,NPIIN0000004286,Neurology,Low
68.5,NPIIN0000004287,General Medicine,Low
0.0,NPIIN0000004288,General Medicine,Low
0.0,NPIIN0000004289,Cardiology,Low
0.3,NPIIN0000004290,General Medicine,Low
0.3,NPIIN0000004291,General Medicine,Low
78.0,NPIIN0000004292,Diabetology,Low
82.4,NPIIN0000004293,Diabetology,Low
80.7,NPIIN0000004294,Neurology,Low
0.0,NPIIN0000004295,General Medicine,Low
0.0,NPIIN0000004296,General Medicine,Low
49.0,NPIIN0000004297,Endocrinology,Low
0.0,NPIIN0000004298,Orthopedics,Low
0.4,NPIIN0000004299,Endocrinology,Low
0.0,NPIIN0000004300,General Medicine,Low
91.3,NPIIN0000004301,Endocrinology,Low
0.0,NPIIN0000004302,Neurology,Low
0.0,NPIIN0000004303,General Medicine,Low
62.9,NPIIN0000004304,General Medicine,Low
0.0,NPIIN0000004305,Urology,Low
0.0,NPIIN0000004306,Gastroenterology,Low
0.0,NPIIN0000004307,General Medicine,Low
0.0,NPIIN0000004308,General Medicine,Low
0.0,NPIIN0000004309,Orthopedics,Low
0.0,NPIIN0000004310,Orthopedics,Low
0.0,NPIIN0000004311,Neurology,Low
1.4,NPIIN0000004312,Gastroenterology,Low
80.9,NPIIN0000004313,Urology,Low
0.0,NPIIN0000004314,Orthopedics,Low
0.0,NPIIN0000004315,Cardiology,Low
0.0,NPIIN0000004316,Orthopedics,Low
0.0,NPIIN0000004317,Neurology,Low
0.0,NPIIN0000004318,Pulmonology,Low
0.0,NPIIN0000004319,General Medicine,Low
47.5,NPIIN0000004320,General Medicine,Low
0.0,NPIIN0000004321,Dermatology,Low
7.8,NPIIN0000004322,Neurology,Low
47.5,NPIIN0000004323,Endocrinology,Low
0.0,NPIIN0000004324,Pulmonology,Low
0.6,NPIIN0000004325,Endocrinology,Low
0.0,NPIIN0000004326,General Medicine,Low
0.0,NPIIN0000004327,Pulmonology,Low
0.0,NPIIN0000004328,Neurology,Low
49.2,NPIIN0000004329,Endocrinology,Low
0.0,NPIIN0000004330,Cardiology,Low
51.1,NPIIN0000004331,Diabetology,Low
55.8,NPIIN0000004332,Pulmonology,Low
0.0,NPIIN0000004333,Orthopedics,Low
50.1,NPIIN0000004334,Gastroenterology,Low
0.0,NPIIN0000004335,Gastroenterology,Low
0.0,NPIIN0000004336,General Medicine,Low
0.0,NPIIN0000004337,Cardiology,Low
0.0,NPIIN0000004338,Urology,Low
0.0,NPIIN0000004339,General Medicine,Low
0.0,NPIIN0000004340,Cardiology,Low
0.0,NPIIN0000004341,Pulmonology,Low
80.3,NPIIN0000004342,Neurology,Low
71.8,NPIIN0000004343,Diabetology,Medium
0.0,NPIIN0000004344,Cardiology,Low
0.3,NPIIN0000004345,Pulmonology,Low
0.5,NPIIN0000004346,Cardiology,Low
90.8,NPIIN0000004347,General Medicine,Low
0.0,NPIIN0000004348,Dermatology,Low
0.3,NPIIN0000004349,Orthopedics,Low
71.7,NPIIN0000004350,General Medicine,Low
0.0,NPIIN0000004351,Cardiology,Low
62.7,NPIIN0000004352,General Medicine,Low
55.0,NPIIN0000004353,Diabetology,Low
0.0,NPIIN0000004354,Urology,Low
0.0,NPIIN0000004355,Gastroenterology,Low
1.4,NPIIN0000004356,General Medicine,Low
0.0,NPIIN0000004357,Gastroenterology,Low
0.0,NPIIN0000004358,General Medicine,Low
27.1,NPIIN0000004359,General Medicine,Low
0.0,NPIIN0000004360,Urology,Low
78.0,NPIIN0000004361,Endocrinology,Medium
7.8,NPIIN0000004362,Diabetology,Low
0.0,NPIIN0000004363,Urology,Low
49.9,NPIIN0000004364,General Medicine,Low
0.0,NPIIN0000004365,Diabetology,Low
0.0,NPIIN0000004366,Cardiology,Low
6.9,NPIIN0000004367,General Medicine,Low
0.3,NPIIN0000004368,General Medicine,Low
49.8,NPIIN0000004369,General Medicine,Low
14.9,NPIIN0000004370,Diabetology,Low
80.6,NPIIN0000004371,General Medicine,Low
0.0,NPIIN0000004372,Neurology,Low
87.6,NPIIN0000004373,Urology,Low
34.7,NPIIN0000004374,Neurology,Low
35.0,NPIIN0000004375,Neurology,Low
0.0,NPIIN0000004376,Dermatology,Low
76.1,NPIIN0000004377,Endocrinology,Low
77.5,NPIIN0000004378,Diabetology,Low
0.0,NPIIN0000004379,Cardiology,Low
0.0,NPIIN0000004380,General Medicine,Low
0.0,NPIIN0000004381,Orthopedics,Low
0.0,NPIIN0000004382,Diabetology,Low
0.0,NPIIN0000004383,Dermatology,Low
0.0,NPIIN0000004384,Cardiology,Low
15.3,NPIIN0000004385,General Medicine,Low
0.3,NPIIN0000004386,General Medicine,Low
76.8,NPIIN0000004387,Endocrinology,Medium
83.6,NPIIN0000004388,General Medicine,Low
0.0,NPIIN0000004389,Neurology,Low
0.0,NPIIN0000004390,General Medicine,Low
0.0,NPIIN0000004391,Dermatology,Low
0.8,NPIIN0000004392,Urology,Low
0.0,NPIIN0000004393,General Medicine,Low
58.6,NPIIN0000004394,Orthopedics,Low
0.0,NPIIN0000004395,Cardiology,Low
40.3,NPIIN0000004396,Diabetology,Low
0.0,NPIIN0000004397,General Medicine,Low
0.0,NPIIN0000004398,Pulmonology,Low
71.8,NPIIN0000004399,Pulmonology,Low
0.0,NPIIN0000004400,Pulmonology,Low
0.0,NPIIN0000004401,Urology,Low
57.0,NPIIN0000004402,Diabetology,Medium
0.0,NPIIN0000004403,Dermatology,Low
0.0,NPIIN0000004404,Pulmonology,Low
7.4,NPIIN0000004405,General Medicine,Low
14.9,NPIIN0000004406,Diabetology,Low
48.4,NPIIN0000004407,Diabetology,Low
0.0,NPIIN0000004408,General Medicine,Low
0.0,NPIIN0000004409,Gastroenterology,Low
0.0,NPIIN0000004410,General Medicine,Low
1.6,NPIIN0000004411,Endocrinology,Low
0.0,NPIIN0000004412,Gastroenterology,Low
0.0,NPIIN0000004413,Neurology,Low
0.0,NPIIN0000004414,Orthopedics,Low
0.1,NPIIN0000004415,General Medicine,Low
0.0,NPIIN0000004416,Neurology,Low
0.0,NPIIN0000004417,General Medicine,Low
0.0,NPIIN0000004418,Neurology,Low
0.0,NPIIN0000004419,General Medicine,Low
0.0,NPIIN0000004420,Cardiology,Low
0.0,NPIIN0000004421,Orthopedics,Low
0.0,NPIIN0000004422,Gastroenterology,Low
0.0,NPIIN0000004423,Pulmonology,Low
0.2,NPIIN0000004424,General Medicine,Low
0.0,NPIIN0000004425,Gastroenterology,Low
0.0,NPIIN0000004426,Cardiology,Low
0.0,NPIIN0000004427,Diabetology,Low
0.0,NPIIN0000004428,Cardiology,Low
0.0,NPIIN0000004429,Cardiology,Low
0.0,NPIIN0000004430,Cardiology,Low
74.5,NPIIN0000004431,Gastroenterology,Low
39.2,NPIIN0000004432,Endocrinology,Low
0.0,NPIIN0000004433,Dermatology,Low
0.1,NPIIN0000004434,Urology,Low
0.0,NPIIN0000004435,Endocrinology,Low
0.0,NPIIN0000004436,Neurology,Low
0.0,NPIIN0000004437,General Medicine,Low
0.0,NPIIN0000004438,Urology,Low
0.0,NPIIN0000004439,General Medicine,Low
0.1,NPIIN0000004440,General Medicine,Low
92.1,NPIIN0000004441,Diabetology,Low
0.0,NPIIN0000004442,Urology,Low
59.7,NPIIN0000004443,Endocrinology,Low
0.0,NPIIN0000004444,Dermatology,Low
46.8,NPIIN0000004445,Endocrinology,Low
0.0,NPIIN0000004446,Neurology,Low
6.9,NPIIN0000004447,General Medicine,Low
0.0,NPIIN0000004448,Cardiology,Low
0.0,NPIIN0000004449,Cardiology,Low
0.0,NPIIN0000004450,Diabetology,Low
0.0,NPIIN0000004451,Gastroenterology,Low
0.0,NPIIN0000004452,Gastroenterology,Low
66.2,NPIIN0000004453,Endocrinology,Medium
72.0,NPIIN0000004454,General Medicine,Low
0.1,NPIIN0000004455,Cardiology,Low
0.0,NPIIN0000004456,Gastroenterology,Low
0.0,NPIIN0000004457,Dermatology,Low
0.0,NPIIN0000004458,Urology,Low
0.0,NPIIN0000004459,Urology,Low
0.5,NPIIN0000004460,General Medicine,Low
0.0,NPIIN0000004461,Diabetology,Low
0.0,NPIIN0000004462,Urology,Low
0.0,NPIIN0000004463,Endocrinology,Low
24.8,NPIIN0000004464,Cardiology,Low
34.7,NPIIN0000004465,Diabetology,Low
0.0,NPIIN0000004466,Gastroenterology,Low
0.0,NPIIN0000004467,Neurology,Low
0.0,NPIIN0000004468,Orthopedics,Low
7.7,NPIIN0000004469,General Medicine,Low
0.0,NPIIN0000004470,Diabetology,Low
0.0,NPIIN0000004471,General Medicine,Low
0.1,NPIIN0000004472,Gastroenterology,Low
0.9,NPIIN0000004473,Endocrinology,Low
0.0,NPIIN0000004474,Orthopedics,Low
0.0,NPIIN0000004475,General Medicine,Low
0.2,NPIIN0000004476,Gastroenterology,Low
0.0,NPIIN0000004477,Dermatology,Low
0.0,NPIIN0000004478,General Medicine,Low
0.0,NPIIN0000004479,Gastroenterology,Low
0.0,NPIIN0000004480,General Medicine,Low
0.0,NPIIN0000004481,Dermatology,Low
0.3,NPIIN0000004482,Dermatology,Low
0.0,NPIIN0000004483,Pulmonology,Low
64.5,NPIIN0000004484,Endocrinology,Low
0.0,NPIIN0000004485,Orthopedics,Low
0.0,NPIIN0000004486,Orthopedics,Low
0.0,NPIIN0000004487,Pulmonology,Low
55.1,NPIIN0000004488,Orthopedics,Low
0.0,NPIIN0000004489,General Medicine,Low
0.0,NPIIN0000004490,General Medicine,Low
82.6,NPIIN0000004491,General Medicine,Low
0.0,NPIIN0000004492,Cardiology,Low
0.0,NPIIN0000004493,Pulmonology,Low
0.0,NPIIN0000004494,Neurology,Low
0.0,NPIIN0000004495,Cardiology,Low
72.8,NPIIN0000004496,Diabetology,Low
53.2,NPIIN0000004497,Gastroenterology,Low
0.0,NPIIN0000004498,Dermatology,Low
0.0,NPIIN0000004499,Orthopedics,Low
53.7,NPIIN0000004500,Diabetology,Low
0.0,NPIIN0000004501,Dermatology,Low
1.6,NPIIN0000004502,Endocrinology,Medium
0.0,NPIIN0000004503,Cardiology,Low
0.0,NPIIN0000004504,Gastroenterology,Low
85.2,NPIIN0000004505,General Medicine,Low
12.2,NPIIN0000004506,Dermatology,Low
51.6,NPIIN0000004507,Diabetology,Low
0.0,NPIIN0000004508,Endocrinology,Low
0.0,NPIIN0000004509,Pulmonology,Low
0.0,NPIIN0000004510,Cardiology,Low
31.2,NPIIN0000004511,Diabetology,Low
66.8,NPIIN0000004512,Endocrinology,Low
54.0,NPIIN0000004513,Diabetology,Low
0.0,NPIIN0000004514,Gastroenterology,Low
0.0,NPIIN0000004515,Cardiology,Low
0.0,NPIIN0000004516,Pulmonology,Low
0.0,NPIIN0000004517,Pulmonology,Low
0.0,NPIIN0000004518,Pulmonology,Low
84.7,NPIIN0000004519,General Medicine,Low
0.0,NPIIN0000004520,Neurology,Low
0.0,NPIIN0000004521,Dermatology,Low
0.0,NPIIN0000004522,Endocrinology,Low
47.4,NPIIN0000004523,Dermatology,Low
0.0,NPIIN0000004524,Cardiology,Low
55.2,NPIIN0000004525,General Medicine,Low
15.3,NPIIN0000004526,General Medicine,Low
1.0,NPIIN0000004527,Endocrinology,Low
0.0,NPIIN0000004528,Cardiology,Low
0.0,NPIIN0000004529,Cardiology,Low
0.0,NPIIN0000004530,Cardiology,Low
0.0,NPIIN0000004531,Pulmonology,Low
84.0,NPIIN0000004532,Endocrinology,Low
0.0,NPIIN0000004533,Dermatology,Low
0.0,NPIIN0000004534,Urology,Low
13.0,NPIIN0000004535,Diabetology,Low
75.8,NPIIN0000004536,Endocrinology,Low
0.0,NPIIN0000004537,General Medicine,Low
0.0,NPIIN0000004538,Urology,Low
0.6,NPIIN0000004539,General Medicine,Low
0.0,NPIIN0000004540,Cardiology,Low
0.0,NPIIN0000004541,Orthopedics,Low
15.1,NPIIN0000004542,General Medicine,Low
0.9,NPIIN0000004543,General Medicine,Low
0.0,NPIIN0000004544,Urology,Low
0.0,NPIIN0000004545,Urology,Low
0.0,NPIIN0000004546,General Medicine,Low
81.7,NPIIN0000004547,Diabetology,Low
0.8,NPIIN0000004548,General Medicine,Low
30.4,NPIIN0000004549,Endocrinology,Low
66.3,NPIIN0000004550,General Medicine,Low
68.8,NPIIN0000004551,Endocrinology,Low
0.0,NPIIN0000004552,Pulmonology,Low
0.0,NPIIN0000004553,Gastroenterology,Low
0.3,NPIIN0000004554,Orthopedics,Low
0.3,NPIIN0000004555,Dermatology,Low
0.0,NPIIN0000004556,Cardiology,Low
47.6,NPIIN0000004557,Endocrinology,Medium
0.0,NPIIN0000004558,Pulmonology,Low
0.1,NPIIN0000004559,Diabetology,Low
0.0,NPIIN0000004560,Cardiology,Low
0.3,NPIIN0000004561,Gastroenterology,Low
0.0,NPIIN0000004562,General Medicine,Low
0.0,NPIIN0000004563,Cardiology,Low
15.4,NPIIN0000004564,General Medicine,Low
0.0,NPIIN0000004565,Orthopedics,Low
13.0,NPIIN0000004566,Neurology,Low
0.0,NPIIN0000004567,Endocrinology,Low
0.0,NPIIN0000004568,General Medicine,Low
0.0,NPIIN0000004569,Urology,Low
0.0,NPIIN0000004570,Cardiology,Low
0.0,NPIIN0000004571,Neurology,Low
0.0,NPIIN0000004572,Gastroenterology,Low
0.0,NPIIN0000004573,Neurology,Low
0.0,NPIIN0000004574,Endocrinology,Low
0.0,NPIIN0000004575,Urology,Low
92.2,NPIIN0000004576,Diabetology,Low
0.0,NPIIN0000004577,Cardiology,Low
0.0,NPIIN0000004578,Cardiology,Low
86.8,NPIIN0000004579,General Medicine,Low
0.0,NPIIN0000004580,Cardiology,Low
0.0,NPIIN0000004581,Gastroenterology,Low
0.0,NPIIN0000004582,Urology,Low
0.0,NPIIN0000004583,Cardiology,Low
0.3,NPIIN0000004584,Dermatology,Low
0.0,NPIIN0000004585,Orthopedics,Low
0.0,NPIIN0000004586,Cardiology,Low
0.5,NPIIN0000004587,Gastroenterology,Low
0.0,NPIIN0000004588,Orthopedics,Low
0.3,NPIIN0000004589,Dermatology,Low
0.5,NPIIN0000004590,General Medicine,Low
0.0,NPIIN0000004591,Urology,Low
0.1,NPIIN0000004592,Neurology,Low
67.4,NPIIN0000004593,Diabetology,Low
92.3,NPIIN0000004594,Endocrinology,Low
0.1,NPIIN0000004595,General Medicine,Low
0.0,NPIIN0000004596,General Medicine,Low
83.5,NPIIN0000004597,Diabetology,Low
50.8,NPIIN0000004598,Endocrinology,Low
0.0,NPIIN0000004599,Dermatology,Low
0.0,NPIIN0000004600,Neurology,Low
0.4,NPIIN0000004601,General Medicine,Low
76.0,NPIIN0000004602,Endocrinology,Medium
0.0,NPIIN0000004603,Cardiology,Low
0.0,NPIIN0000004604,Cardiology,Low
0.0,NPIIN0000004605,Pulmonology,Low
0.0,NPIIN0000004606,Cardiology,Low
0.0,NPIIN0000004607,Orthopedics,Low
80.3,NPIIN0000004608,Diabetology,Low
0.0,NPIIN0000004609,Cardiology,Low
0.0,NPIIN0000004610,Dermatology,Low
7.6,NPIIN0000004611,General Medicine,Low
0.0,NPIIN0000004612,General Medicine,Low
0.0,NPIIN0000004613,Cardiology,Low
0.0,NPIIN0000004614,Neurology,Low
0.0,NPIIN0000004615,General Medicine,Low
80.3,NPIIN0000004616,Dermatology,Low
0.0,NPIIN0000004617,Neurology,Low
0.0,NPIIN0000004618,Urology,Low
0.0,NPIIN0000004619,Pulmonology,Low
0.0,NPIIN0000004620,Gastroenterology,Low
0.0,NPIIN0000004621,Neurology,Low
0.0,NPIIN0000004622,General Medicine,Low
0.0,NPIIN0000004623,Neurology,Low
0.0,NPIIN0000004624,Neurology,Low
0.0,NPIIN0000004625,Cardiology,Low
0.0,NPIIN0000004626,Neurology,Low
7.7,NPIIN0000004627,Diabetology,Low
0.0,NPIIN0000004628,Pulmonology,Low
0.0,NPIIN0000004629,Cardiology,Low
0.0,NPIIN0000004630,Cardiology,Low
1.4,NPIIN0000004631,Cardiology,Low
0.0,NPIIN0000004632,Endocrinology,Low
0.0,NPIIN0000004633,Cardiology,Low
0.0,NPIIN0000004634,Cardiology,Low
0.0,NPIIN0000004635,Pulmonology,Low
0.0,NPIIN0000004636,General Medicine,Low
0.0,NPIIN0000004637,Orthopedics,Low
0.0,NPIIN0000004638,Dermatology,Low
39.2,NPIIN0000004639,Endocrinology,Low
0.0,NPIIN0000004640,General Medicine,Low
7.5,NPIIN0000004641,General Medicine,Low
0.0,NPIIN0000004642,General Medicine,Low
1.4,NPIIN0000004643,General Medicine,Low
0.0,NPIIN0000004644,Neurology,Low
0.0,NPIIN0000004645,Neurology,Low
0.0,NPIIN0000004646,General Medicine,Low
0.0,NPIIN0000004647,Neurology,Low
0.0,NPIIN0000004648,Diabetology,Low
0.0,NPIIN0000004649,Dermatology,Low
0.1,NPIIN0000004650,Orthopedics,Low
72.2,NPIIN0000004651,Diabetology,Low
0.0,NPIIN0000004652,Gastroenterology,Low
0.0,NPIIN0000004653,Dermatology,Low
47.1,NPIIN0000004654,General Medicine,Low
0.0,NPIIN0000004655,Cardiology,Low
0.0,NPIIN0000004656,Gastroenterology,Low
0.0,NPIIN0000004657,General Medicine,Low
61.9,NPIIN0000004658,Endocrinology,Low
0.0,NPIIN0000004659,Pulmonology,Low
0.0,NPIIN0000004660,General Medicine,Low
0.0,NPIIN0000004661,Cardiology,Low
0.0,NPIIN0000004662,Orthopedics,Low
48.4,NPIIN0000004663,Diabetology,Low
34.6,NPIIN0000004664,General Medicine,Low
0.0,NPIIN0000004665,Neurology,Low
0.0,NPIIN0000004666,Cardiology,Low
0.0,NPIIN0000004667,Gastroenterology,Low
0.0,NPIIN0000004668,Neurology,Low
0.0,NPIIN0000004669,General Medicine,Low
7.9,NPIIN0000004670,General Medicine,Low
0.0,NPIIN0000004671,Orthopedics,Low
0.0,NPIIN0000004672,Urology,Low
0.0,NPIIN0000004673,Cardiology,Low
0.0,NPIIN0000004674,General Medicine,Low
82.5,NPIIN0000004675,General Medicine,Low
0.0,NPIIN0000004676,Urology,Low
0.0,NPIIN0000004677,Dermatology,Low
0.0,NPIIN0000004678,General Medicine,Low
86.4,NPIIN0000004679,Urology,Low
0.0,NPIIN0000004680,General Medicine,Low
47.7,NPIIN0000004681,Diabetology,Low
0.0,NPIIN0000004682,Pulmonology,Low
27.4,NPIIN0000004683,General Medicine,Low
0.0,NPIIN0000004684,Pulmonology,Low
0.0,NPIIN0000004685,General Medicine,Low
0.0,NPIIN0000004686,Dermatology,Low
0.0,NPIIN0000004687,Orthopedics,Low
48.9,NPIIN0000004688,Diabetology,Low
0.5,NPIIN0000004689,General Medicine,Low
0.0,NPIIN0000004690,Gastroenterology,Low
84.5,NPIIN0000004691,Endocrinology,Low
0.0,NPIIN0000004692,Dermatology,Low
0.0,NPIIN0000004693,Pulmonology,Low
78.4,NPIIN0000004694,Endocrinology,Low
0.0,NPIIN0000004695,Urology,Low
0.4,NPIIN0000004696,General Medicine,Low
35.9,NPIIN0000004697,Endocrinology,Low
0.3,NPIIN0000004698,Endocrinology,Low
0.0,NPIIN0000004699,Gastroenterology,Low
0.0,NPIIN0000004700,Orthopedics,Low
2.7,NPIIN0000004701,General Medicine,Low
0.0,NPIIN0000004702,Cardiology,Low
0.0,NPIIN0000004703,Cardiology,Low
80.7,NPIIN0000004704,Neurology,Low
91.3,NPIIN0000004705,General Medicine,Low
0.0,NPIIN0000004706,General Medicine,Low
0.0,NPIIN0000004707,General Medicine,Low
0.0,NPIIN0000004708,General Medicine,Low
0.7,NPIIN0000004709,Neurology,Low
0.0,NPIIN0000004710,Pulmonology,Low
0.2,NPIIN0000004711,Endocrinology,Low
53.1,NPIIN0000004712,General Medicine,Low
96.5,NPIIN0000004713,General Medicine,Low
0.2,NPIIN0000004714,Pulmonology,Low
0.0,NPIIN0000004715,Cardiology,Low
68.3,NPIIN0000004716,Endocrinology,Low
0.4,NPIIN0000004717,Pulmonology,Low
0.0,NPIIN0000004718,Diabetology,Low
0.3,NPIIN0000004719,Pulmonology,Low
0.0,NPIIN0000004720,General Medicine,Low
65.7,NPIIN0000004721,Endocrinology,Low
47.0,NPIIN0000004722,Neurology,Low
0.0,NPIIN0000004723,General Medicine,Low
58.0,NPIIN0000004724,Endocrinology,Low
0.0,NPIIN0000004725,Dermatology,Low
0.4,NPIIN0000004726,General Medicine,Low
0.0,NPIIN0000004727,Urology,Low
53.9,NPIIN0000004728,Endocrinology,Low
0.1,NPIIN0000004729,Urology,Low
0.0,NPIIN0000004730,Dermatology,Low
86.7,NPIIN0000004731,Cardiology,Low
0.0,NPIIN0000004732,Pulmonology,Low
0.0,NPIIN0000004733,Neurology,Low
0.0,NPIIN0000004734,General Medicine,Low
0.0,NPIIN0000004735,General Medicine,Low
0.0,NPIIN0000004736,Orthopedics,Low
0.1,NPIIN0000004737,Neurology,Low
0.0,NPIIN0000004738,Orthopedics,Low
0.0,NPIIN0000004739,Dermatology,Low
0.0,NPIIN0000004740,Dermatology,Low
0.0,NPIIN0000004741,Gastroenterology,Low
0.0,NPIIN0000004742,Neurology,Low
0.0,NPIIN0000004743,Urology,Low
72.3,NPIIN0000004744,Pulmonology,Low
0.0,NPIIN0000004745,Cardiology,Low
0.0,NPIIN0000004746,Pulmonology,Low
0.0,NPIIN0000004747,Cardiology,Low
0.0,NPIIN0000004748,Orthopedics,Low
0.0,NPIIN0000004749,Neurology,Low
0.0,NPIIN0000004750,Pulmonology,Low
82.5,NPIIN0000004751,Endocrinology,Low
0.0,NPIIN0000004752,General Medicine,Low
31.1,NPIIN0000004753,General Medicine,Low
0.0,NPIIN0000004754,Neurology,Low
0.0,NPIIN0000004755,Pulmonology,Low
0.0,NPIIN0000004756,General Medicine,Low
49.1,NPIIN0000004757,Diabetology,Low
48.8,NPIIN0000004758,General Medicine,Low
0.7,NPIIN0000004759,General Medicine,Low
0.0,NPIIN0000004760,Dermatology,Low
0.0,NPIIN0000004761,Urology,Low
0.0,NPIIN0000004762,Gastroenterology,Low
80.4,NPIIN0000004763,Diabetology,Low
0.0,NPIIN0000004764,Cardiology,Low
0.0,NPIIN0000004765,Urology,Low
0.0,NPIIN0000004766,Orthopedics,Low
0.0,NPIIN0000004767,Cardiology,Low
0.0,NPIIN0000004768,Neurology,Low
0.0,NPIIN0000004769,General Medicine,Low
74.2,NPIIN0000004770,Endocrinology,Low
0.0,NPIIN0000004771,Orthopedics,Low
0.0,NPIIN0000004772,Orthopedics,Low
0.0,NPIIN0000004773,Orthopedics,Low
0.5,NPIIN0000004774,Endocrinology,Low
50.0,NPIIN0000004775,General Medicine,Low
0.0,NPIIN0000004776,Urology,Low
0.0,NPIIN0000004777,Neurology,Low
0.0,NPIIN0000004778,General Medicine,Low
0.0,NPIIN0000004779,General Medicine,Low
0.0,NPIIN0000004780,Cardiology,Low
0.0,NPIIN0000004781,Pulmonology,Low
0.0,NPIIN0000004782,Dermatology,Low
0.0,NPIIN0000004783,Cardiology,Low
70.6,NPIIN0000004784,Endocrinology,Low
7.0,NPIIN0000004785,General Medicine,Low
0.0,NPIIN0000004786,Pulmonology,Low
0.0,NPIIN0000004787,General Medicine,Low
0.1,NPIIN0000004788,Cardiology,Low
0.0,NPIIN0000004789,Gastroenterology,Low
0.0,NPIIN0000004790,Diabetology,Low
0.0,NPIIN0000004791,Neurology,Low
0.0,NPIIN0000004792,Pulmonology,Low
0.7,NPIIN0000004793,General Medicine,Low
6.9,NPIIN0000004794,Pulmonology,Low
0.0,NPIIN0000004795,Neurology,Low
0.0,NPIIN0000004796,Pulmonology,Low
6.8,NPIIN0000004797,Pulmonology,Low
0.0,NPIIN0000004798,General Medicine,Low
24.9,NPIIN0000004799,General Medicine,Low
0.0,NPIIN0000004800,General Medicine,Low
0.0,NPIIN0000004801,General Medicine,Low
0.0,NPIIN0000004802,General Medicine,Low
0.0,NPIIN0000004803,Endocrinology,Low
0.7,NPIIN0000004804,Gastroenterology,Low
0.0,NPIIN0000004805,Cardiology,Low
0.0,NPIIN0000004806,Urology,Low
0.0,NPIIN0000004807,Pulmonology,Low
0.0,NPIIN0000004808,Cardiology,Low
0.0,NPIIN0000004809,Neurology,Low
0.0,NPIIN0000004810,General Medicine,Low
0.0,NPIIN0000004811,Urology,Low
0.0,NPIIN0000004812,Orthopedics,Low
0.0,NPIIN0000004813,Dermatology,Low
0.0,NPIIN0000004814,Pulmonology,Low
0.0,NPIIN0000004815,Urology,Low
72.1,NPIIN0000004816,Neurology,Low
84.5,NPIIN0000004817,Urology,Low
83.8,NPIIN0000004818,Endocrinology,Low
0.0,NPIIN0000004819,Urology,Low
0.0,NPIIN0000004820,Neurology,Low
33.1,NPIIN0000004821,Diabetology,Low
6.0,NPIIN0000004822,Orthopedics,Low
0.0,NPIIN0000004823,Neurology,Low
0.0,NPIIN0000004824,Urology,Low
0.0,NPIIN0000004825,Cardiology,Low
0.0,NPIIN0000004826,Pulmonology,Low
6.9,NPIIN0000004827,Gastroenterology,Low
0.0,NPIIN0000004828,Cardiology,Low
0.0,NPIIN0000004829,Gastroenterology,Low
0.9,NPIIN0000004830,Neurology,Low
51.1,NPIIN0000004831,Diabetology,Low
0.0,NPIIN0000004832,Neurology,Low
0.1,NPIIN0000004833,Cardiology,Low
0.0,NPIIN0000004834,Dermatology,Low
0.0,NPIIN0000004835,Urology,Low
24.8,NPIIN0000004836,General Medicine,Low
0.0,NPIIN0000004837,General Medicine,Low
66.6,NPIIN0000004838,General Medicine,Low
0.4,NPIIN0000004839,General Medicine,Low
0.0,NPIIN0000004840,Urology,Low
0.8,NPIIN0000004841,Diabetology,Low
0.0,NPIIN0000004842,General Medicine,Low
53.8,NPIIN0000004843,Diabetology,Low
6.8,NPIIN0000004844,Neurology,Low
0.0,NPIIN0000004845,Dermatology,Low
46.3,NPIIN0000004846,Endocrinology,Low
67.2,NPIIN0000004847,Diabetology,Low
0.0,NPIIN0000004848,Cardiology,Low
24.9,NPIIN0000004849,Endocrinology,Low
54.8,NPIIN0000004850,General Medicine,Low
0.0,NPIIN0000004851,Gastroenterology,Low
0.0,NPIIN0000004852,Pulmonology,Low
0.0,NPIIN0000004853,Cardiology,Low
0.0,NPIIN0000004854,Pulmonology,Low
0.0,NPIIN0000004855,Dermatology,Low
0.7,NPIIN0000004856,General Medicine,Low
84.2,NPIIN0000004857,Diabetology,Low
0.0,NPIIN0000004858,Gastroenterology,Low
0.0,NPIIN0000004859,Cardiology,Low
0.0,NPIIN0000004860,Dermatology,Low
0.0,NPIIN0000004861,Dermatology,Low
0.0,NPIIN0000004862,Urology,Low
0.0,NPIIN0000004863,Cardiology,Low
0.0,NPIIN0000004864,Cardiology,Low
0.6,NPIIN0000004865,Urology,Low
0.0,NPIIN0000004866,General Medicine,Low
0.0,NPIIN0000004867,General Medicine,Low
0.0,NPIIN0000004868,Pulmonology,Low
0.0,NPIIN0000004869,Cardiology,Low
0.0,NPIIN0000004870,Neurology,Low
0.4,NPIIN0000004871,Orthopedics,Low
0.0,NPIIN0000004872,Neurology,Low
0.6,NPIIN0000004873,General Medicine,Low
0.0,NPIIN0000004874,Orthopedics,Low
0.0,NPIIN0000004875,Neurology,Low
0.8,NPIIN0000004876,Cardiology,Low
0.5,NPIIN0000004877,Neurology,Low
15.0,NPIIN0000004878,Cardiology,Low
53.0,NPIIN0000004879,Diabetology,Low
0.0,NPIIN0000004880,Pulmonology,Low
68.0,NPIIN0000004881,Endocrinology,Low
6.9,NPIIN0000004882,Cardiology,Low
0.0,NPIIN0000004883,Pulmonology,Low
49.7,NPIIN0000004884,Diabetology,Low
0.0,NPIIN0000004885,Pulmonology,Low
2.9,NPIIN0000004886,Diabetology,Low
0.0,NPIIN0000004887,Neurology,Low
0.0,NPIIN0000004888,Urology,Low
0.0,NPIIN0000004889,Cardiology,Low
0.0,NPIIN0000004890,Gastroenterology,Low
34.7,NPIIN0000004891,Endocrinology,Low
14.8,NPIIN0000004892,Diabetology,Low
50.0,NPIIN0000004893,General Medicine,Low
80.6,NPIIN0000004894,Endocrinology,Low
0.0,NPIIN0000004895,Cardiology,Low
0.0,NPIIN0000004896,Gastroenterology,Low
0.0,NPIIN0000004897,Dermatology,Low
0.0,NPIIN0000004898,Orthopedics,Low
0.1,NPIIN0000004899,Orthopedics,Low
50.5,NPIIN0000004900,General Medicine,Low
0.0,NPIIN0000004901,Cardiology,Low
0.0,NPIIN0000004902,Cardiology,Low
0.0,NPIIN0000004903,Pulmonology,Low
81.7,NPIIN0000004904,Urology,Low
47.0,NPIIN0000004905,Diabetology,Low
49.6,NPIIN0000004906,Endocrinology,Low
0.0,NPIIN0000004907,General Medicine,Low
0.0,NPIIN0000004908,Urology,Low
0.3,NPIIN0000004909,General Medicine,Low
0.0,NPIIN0000004910,Gastroenterology,Low
54.3,NPIIN0000004911,General Medicine,Low
0.0,NPIIN0000004912,General Medicine,Low
0.0,NPIIN0000004913,General Medicine,Low
0.0,NPIIN0000004914,Gastroenterology,Low
0.0,NPIIN0000004915,Gastroenterology,Low
1.5,NPIIN0000004916,General Medicine,Low
77.9,NPIIN0000004917,Diabetology,Low
0.0,NPIIN0000004918,Cardiology,Low
0.0,NPIIN0000004919,Cardiology,Low
0.0,NPIIN0000004920,Cardiology,Low
67.3,NPIIN0000004921,Endocrinology,Low
0.3,NPIIN0000004922,Neurology,Low
46.2,NPIIN0000004923,Dermatology,Low
0.0,NPIIN0000004924,Gastroenterology,Low
0.0,NPIIN0000004925,Gastroenterology,Low
0.0,NPIIN0000004926,Orthopedics,Low
0.0,NPIIN0000004927,Orthopedics,Low
94.9,NPIIN0000004928,Diabetology,Low
0.7,NPIIN0000004929,Endocrinology,Low
72.3,NPIIN0000004930,Endocrinology,Low
0.0,NPIIN0000004931,Urology,Low
0.0,NPIIN0000004932,Cardiology,Low
0.7,NPIIN0000004933,General Medicine,Low
0.0,NPIIN0000004934,Pulmonology,Low
0.0,NPIIN0000004935,Pulmonology,Low
0.0,NPIIN0000004936,Pulmonology,Low
39.4,NPIIN0000004937,Gastroenterology,Low
0.0,NPIIN0000004938,Pulmonology,Low
80.6,NPIIN0000004939,Dermatology,Low
0.0,NPIIN0000004940,Cardiology,Low
0.0,NPIIN0000004941,Dermatology,Low
0.0,NPIIN0000004942,Pulmonology,Low
48.0,NPIIN0000004943,Endocrinology,Low
0.0,NPIIN0000004944,Orthopedics,Low
72.1,NPIIN0000004945,Orthopedics,Low
0.0,NPIIN0000004946,Dermatology,Low
49.8,NPIIN0000004947,Urology,Low
0.0,NPIIN0000004948,General Medicine,Low
86.8,NPIIN0000004949,Endocrinology,Low
7.7,NPIIN0000004950,Endocrinology,Low
0.3,NPIIN0000004951,Urology,Low
0.0,NPIIN0000004952,Dermatology,Low
0.0,NPIIN0000004953,Orthopedics,Low
72.9,NPIIN0000004954,Dermatology,Low
0.0,NPIIN0000004955,Neurology,Low
54.1,NPIIN0000004956,Endocrinology,Low
86.4,NPIIN0000004957,Endocrinology,Low
67.5,NPIIN0000004958,General Medicine,Low
0.0,NPIIN0000004959,Gastroenterology,Low
54.7,NPIIN0000004960,Endocrinology,Low
0.0,NPIIN0000004961,Urology,Low
0.0,NPIIN0000004962,Neurology,Low
0.3,NPIIN0000004963,Diabetology,Low
0.0,NPIIN0000004964,Urology,Low
0.1,NPIIN0000004965,Pulmonology,Low
0.0,NPIIN0000004966,Gastroenterology,Low
46.1,NPIIN0000004967,General Medicine,Low
0.0,NPIIN0000004968,General Medicine,Low
0.0,NPIIN0000004969,Cardiology,Low
0.0,NPIIN0000004970,Pulmonology,Low
0.0,NPIIN0000004971,Gastroenterology,Low
0.0,NPIIN0000004972,Orthopedics,Low
0.0,NPIIN0000004973,Urology,Low
0.0,NPIIN0000004974,Cardiology,Low
0.0,NPIIN0000004975,Orthopedics,Low
85.6,NPIIN0000004976,Endocrinology,Very High
0.0,NPIIN0000004977,Cardiology,Low
0.0,NPIIN0000004978,Gastroenterology,Low
48.6,NPIIN0000004979,Urology,Low
0.0,NPIIN0000004980,Orthopedics,Low
0.0,NPIIN0000004981,Dermatology,Low
0.1,NPIIN0000004982,Endocrinology,Low
0.1,NPIIN0000004983,Endocrinology,Low
1.5,NPIIN0000004984,Cardiology,Low
0.0,NPIIN0000004985,Pulmonology,Low
0.0,NPIIN0000004986,General Medicine,Low
0.0,NPIIN0000004987,Cardiology,Low
0.0,NPIIN0000004988,General Medicine,Low
0.0,NPIIN0000004989,Pulmonology,Low
43.6,NPIIN0000004990,Gastroenterology,Low
0.0,NPIIN0000004991,General Medicine,Low
50.7,NPIIN0000004992,Diabetology,Low
0.0,NPIIN0000004993,Neurology,Low
0.0,NPIIN0000004994,Neurology,Low
7.7,NPIIN0000004995,Diabetology,Low
0.0,NPIIN0000004996,Cardiology,Low
0.0,NPIIN0000004997,Orthopedics,Low
0.0,NPIIN0000004998,Gastroenterology,Low
82.4,NPIIN0000004999,Endocrinology,Low
87.9,NPIIN0000005000,Pulmonology,Low
0.0,NPIIN0000005001,Pulmonology,Low
0.0,NPIIN0000005002,Cardiology,Low
68.3,NPIIN0000005003,Endocrinology,Low
0.0,NPIIN0000005004,Orthopedics,Low
72.8,NPIIN0000005005,General Medicine,Low
83.4,NPIIN0000005006,Endocrinology,Low
0.0,NPIIN0000005007,Dermatology,Low
0.0,NPIIN0000005008,General Medicine,Low
0.0,NPIIN0000005009,Neurology,Low
7.6,NPIIN0000005010,Diabetology,Low
7.7,NPIIN0000005011,Cardiology,Low
65.8,NPIIN0000005012,Endocrinology,Low
0.0,NPIIN0000005013,Orthopedics,Low
0.0,NPIIN0000005014,Pulmonology,Low
0.0,NPIIN0000005015,Dermatology,Low
0.1,NPIIN0000005016,Cardiology,Low
0.0,NPIIN0000005017,Gastroenterology,Low
15.5,NPIIN0000005018,General Medicine,Low
0.0,NPIIN0000005019,Neurology,Low
0.3,NPIIN0000005020,General Medicine,Low
0.1,NPIIN0000005021,Pulmonology,Low
86.4,NPIIN0000005022,Cardiology,Low
0.0,NPIIN0000005023,Cardiology,Low
0.0,NPIIN0000005024,Dermatology,Low
0.0,NPIIN0000005025,Cardiology,Low
0.0,NPIIN0000005026,Cardiology,Low
0.0,NPIIN0000005027,Urology,Low
51.8,NPIIN0000005028,Diabetology,Low
48.5,NPIIN0000005029,Pulmonology,Low
0.0,NPIIN0000005030,Dermatology,Low
0.0,NPIIN0000005031,Gastroenterology,Low
0.0,NPIIN0000005032,Cardiology,Low
0.0,NPIIN0000005033,Pulmonology,Low
0.0,NPIIN0000005034,Pulmonology,Low
0.0,NPIIN0000005035,General Medicine,Low
0.0,NPIIN0000005036,Gastroenterology,Low
47.5,NPIIN0000005037,Orthopedics,Low
0.0,NPIIN0000005038,Endocrinology,Low
0.0,NPIIN0000005039,Endocrinology,Low
0.0,NPIIN0000005040,Gastroenterology,Low
0.0,NPIIN0000005041,General Medicine,Low
1.0,NPIIN0000005042,Dermatology,Low
0.7,NPIIN0000005043,Endocrinology,Low
0.0,NPIIN0000005044,Cardiology,Low
0.0,NPIIN0000005045,Neurology,Low
0.0,NPIIN0000005046,Orthopedics,Low
0.0,NPIIN0000005047,Cardiology,Low
0.0,NPIIN0000005048,Urology,Low
0.0,NPIIN0000005049,General Medicine,Low
0.0,NPIIN0000005050,Cardiology,Low
0.0,NPIIN0000005051,General Medicine,Low
0.0,NPIIN0000005052,Diabetology,Low
0.0,NPIIN0000005053,Neurology,Low
0.0,NPIIN0000005054,Diabetology,Low
81.7,NPIIN0000005055,General Medicine,Low
39.3,NPIIN0000005056,Endocrinology,Low
0.0,NPIIN0000005057,Dermatology,Low
0.0,NPIIN0000005058,Urology,Low
72.2,NPIIN0000005059,General Medicine,Low
85.6,NPIIN0000005060,General Medicine,Low
0.0,NPIIN0000005061,Orthopedics,Low
48.2,NPIIN0000005062,Endocrinology,Low
0.0,NPIIN0000005063,Dermatology,Low
27.2,NPIIN0000005064,Pulmonology,Low
0.0,NPIIN0000005065,Urology,Low
0.5,NPIIN0000005066,Diabetology,Low
0.0,NPIIN0000005067,Diabetology,Low
0.0,NPIIN0000005068,Diabetology,Low
0.0,NPIIN0000005069,Cardiology,Low
96.2,NPIIN0000005070,Endocrinology,Low
0.0,NPIIN0000005071,Orthopedics,Low
0.0,NPIIN0000005072,Diabetology,Low
0.0,NPIIN0000005073,Cardiology,Low
53.9,NPIIN0000005074,Diabetology,Low
0.0,NPIIN0000005075,General Medicine,Low
0.3,NPIIN0000005076,Pulmonology,Low
0.0,NPIIN0000005077,Cardiology,Low
0.1,NPIIN0000005078,Dermatology,Low
0.0,NPIIN0000005079,Dermatology,Low
0.0,NPIIN0000005080,Endocrinology,Low
0.0,NPIIN0000005081,Dermatology,Low
0.3,NPIIN0000005082,General Medicine,Low
0.0,NPIIN0000005083,General Medicine,Low
0.0,NPIIN0000005084,Orthopedics,Low
0.0,NPIIN0000005085,Urology,Low
0.4,NPIIN0000005086,General Medicine,Low
0.0,NPIIN0000005087,General Medicine,Low
0.2,NPIIN0000005088,Diabetology,Low
27.0,NPIIN0000005089,General Medicine,Low
0.0,NPIIN0000005090,Neurology,Low
0.0,NPIIN0000005091,Cardiology,Low
0.0,NPIIN0000005092,Urology,Low
0.0,NPIIN0000005093,Gastroenterology,Low
0.0,NPIIN0000005094,Cardiology,Low
0.0,NPIIN0000005095,Urology,Low
0.0,NPIIN0000005096,Gastroenterology,Low
0.4,NPIIN0000005097,Diabetology,Low
0.0,NPIIN0000005098,General Medicine,Low
0.0,NPIIN0000005099,Urology,Low
6.9,NPIIN0000005100,Orthopedics,Low
48.4,NPIIN0000005101,Diabetology,Low
0.0,NPIIN0000005102,Neurology,Low
13.3,NPIIN0000005103,Urology,Low
80.0,NPIIN0000005104,Orthopedics,Low
0.0,NPIIN0000005105,Cardiology,Low
0.0,NPIIN0000005106,General Medicine,Low
82.4,NPIIN0000005107,Urology,Low
0.0,NPIIN0000005108,Cardiology,Low
1.2,NPIIN0000005109,General Medicine,Low
0.0,NPIIN0000005110,Pulmonology,Low
0.0,NPIIN0000005111,General Medicine,Low
0.0,NPIIN0000005112,Gastroenterology,Low
0.0,NPIIN0000005113,Cardiology,Low
50.4,NPIIN0000005114,Gastroenterology,Low
82.0,NPIIN0000005115,Diabetology,Low
0.0,NPIIN0000005116,Dermatology,Low
73.3,NPIIN0000005117,General Medicine,Low
47.1,NPIIN0000005118,Cardiology,Low
12.2,NPIIN0000005119,Orthopedics,Low
0.0,NPIIN0000005120,Gastroenterology,Low
0.0,NPIIN0000005121,General Medicine,Low
0.0,NPIIN0000005122,Diabetology,Low
0.0,NPIIN0000005123,Pulmonology,Low
0.0,NPIIN0000005124,Orthopedics,Low
54.7,NPIIN0000005125,Diabetology,Low
14.8,NPIIN0000005126,Orthopedics,Low
0.1,NPIIN0000005127,General Medicine,Low
0.0,NPIIN0000005128,Neurology,Low
0.3,NPIIN0000005129,General Medicine,Low
0.0,NPIIN0000005130,Cardiology,Low
0.0,NPIIN0000005131,Orthopedics,Low
65.8,NPIIN0000005132,Endocrinology,Low
1.0,NPIIN0000005133,Orthopedics,Low
0.0,NPIIN0000005134,Cardiology,Low
54.5,NPIIN0000005135,Diabetology,Medium
0.0,NPIIN0000005136,Urology,Low
0.0,NPIIN0000005137,Neurology,Low
60.8,NPIIN0000005138,Endocrinology,Low
15.1,NPIIN0000005139,Pulmonology,Low
70.5,NPIIN0000005140,Endocrinology,Low
0.0,NPIIN0000005141,Urology,Low
0.0,NPIIN0000005142,Cardiology,Low
0.0,NPIIN0000005143,General Medicine,Low
0.0,NPIIN0000005144,Cardiology,Low
0.0,NPIIN0000005145,Neurology,Low
0.0,NPIIN0000005146,Orthopedics,Low
0.0,NPIIN0000005147,Dermatology,Low
0.0,NPIIN0000005148,General Medicine,Low
65.3,NPIIN0000005149,Endocrinology,Low
0.0,NPIIN0000005150,Cardiology,Low
0.0,NPIIN0000005151,Urology,Low
0.0,NPIIN0000005152,Cardiology,Low
0.0,NPIIN0000005153,Pulmonology,Low
0.3,NPIIN0000005154,General Medicine,Low
0.0,NPIIN0000005155,Orthopedics,Low
86.6,NPIIN0000005156,General Medicine,Low
0.3,NPIIN0000005157,Pulmonology,Low
0.0,NPIIN0000005158,Urology,Low
0.0,NPIIN0000005159,Orthopedics,Low
0.0,NPIIN0000005160,Pulmonology,Low
0.3,NPIIN0000005161,Dermatology,Low
0.0,NPIIN0000005162,Neurology,Low
0.6,NPIIN0000005163,General Medicine,Low
0.0,NPIIN0000005164,Cardiology,Low
0.0,NPIIN0000005165,Gastroenterology,Low
0.0,NPIIN0000005166,Neurology,Low
0.0,NPIIN0000005167,Cardiology,Low
46.1,NPIIN0000005168,Endocrinology,Low
0.0,NPIIN0000005169,Gastroenterology,Low
0.7,NPIIN0000005170,Endocrinology,Low
0.0,NPIIN0000005171,Neurology,Low
0.0,NPIIN0000005172,Gastroenterology,Low
0.0,NPIIN0000005173,General Medicine,Low
84.3,NPIIN0000005174,Diabetology,Low
0.0,NPIIN0000005175,General Medicine,Low
52.8,NPIIN0000005176,General Medicine,Low
0.0,NPIIN0000005177,Pulmonology,Low
0.0,NPIIN0000005178,Gastroenterology,Low
0.0,NPIIN0000005179,Urology,Low
0.0,NPIIN0000005180,Cardiology,Low
0.0,NPIIN0000005181,Gastroenterology,Low
90.3,NPIIN0000005182,Diabetology,Low
0.0,NPIIN0000005183,Dermatology,Low
0.0,NPIIN0000005184,Cardiology,Low
85.4,NPIIN0000005185,Pulmonology,Low
0.0,NPIIN0000005186,Pulmonology,Low
53.6,NPIIN0000005187,Diabetology,Low
0.0,NPIIN0000005188,Orthopedics,Low
0.0,NPIIN0000005189,Cardiology,Low
0.0,NPIIN0000005190,Cardiology,Low
0.0,NPIIN0000005191,Neurology,Low
0.0,NPIIN0000005192,General Medicine,Low
24.6,NPIIN0000005193,Diabetology,Low
0.3,NPIIN0000005194,Diabetology,Low
85.2,NPIIN0000005195,Endocrinology,Low
0.0,NPIIN0000005196,Urology,Low
0.0,NPIIN0000005197,Pulmonology,Low
49.1,NPIIN0000005198,Diabetology,Low
43.3,NPIIN0000005199,General Medicine,Low
0.0,NPIIN0000005200,Urology,Low
6.8,NPIIN0000005201,Urology,Low
0.1,NPIIN0000005202,Cardiology,Low
15.3,NPIIN0000005203,Neurology,Low
49.3,NPIIN0000005204,Endocrinology,Low
0.1,NPIIN0000005205,Endocrinology,Low
0.0,NPIIN0000005206,Urology,Low
0.0,NPIIN0000005207,Urology,Low
0.0,NPIIN0000005208,Cardiology,Low
0.0,NPIIN0000005209,Urology,Low
0.0,NPIIN0000005210,Gastroenterology,Low
0.0,NPIIN0000005211,Gastroenterology,Low
0.0,NPIIN0000005212,Dermatology,Low
0.0,NPIIN0000005213,General Medicine,Low
0.0,NPIIN0000005214,Orthopedics,Low
49.1,NPIIN0000005215,Endocrinology,Low
0.4,NPIIN0000005216,General Medicine,Low
0.0,NPIIN0000005217,Diabetology,Low
0.0,NPIIN0000005218,Dermatology,Low
0.0,NPIIN0000005219,Cardiology,Low
86.7,NPIIN0000005220,General Medicine,Low
0.0,NPIIN0000005221,Gastroenterology,Low
7.7,NPIIN0000005222,Diabetology,Low
74.9,NPIIN0000005223,Diabetology,Low
0.0,NPIIN0000005224,Diabetology,Low
0.0,NPIIN0000005225,Gastroenterology,Low
0.0,NPIIN0000005226,Diabetology,Low
87.0,NPIIN0000005227,General Medicine,Low
0.0,NPIIN0000005228,Pulmonology,Low
0.0,NPIIN0000005229,Orthopedics,Low
0.0,NPIIN0000005230,Dermatology,Low
0.0,NPIIN0000005231,Endocrinology,Low
0.0,NPIIN0000005232,Urology,Low
0.0,NPIIN0000005233,Dermatology,Low
0.0,NPIIN0000005234,Gastroenterology,Low
86.1,NPIIN0000005235,General Medicine,Low
0.0,NPIIN0000005236,Cardiology,Low
0.0,NPIIN0000005237,Gastroenterology,Low
0.0,NPIIN0000005238,General Medicine,Low
64.2,NPIIN0000005239,Diabetology,Low
0.0,NPIIN0000005240,Cardiology,Low
2.9,NPIIN0000005241,Endocrinology,Low
27.0,NPIIN0000005242,Pulmonology,Low
0.0,NPIIN0000005243,Cardiology,Low
0.0,NPIIN0000005244,Neurology,Low
0.0,NPIIN0000005245,Dermatology,Low
0.4,NPIIN0000005246,Diabetology,Low
0.0,NPIIN0000005247,Cardiology,Low
0.0,NPIIN0000005248,Cardiology,Low
53.6,NPIIN0000005249,General Medicine,Low
0.0,NPIIN0000005250,Dermatology,Low
0.0,NPIIN0000005251,Neurology,Low
0.0,NPIIN0000005252,Urology,Low
0.0,NPIIN0000005253,Orthopedics,Low
0.5,NPIIN0000005254,Endocrinology,Low
0.0,NPIIN0000005255,Neurology,Low
47.7,NPIIN0000005256,General Medicine,Low
0.2,NPIIN0000005257,General Medicine,Low
90.3,NPIIN0000005258,Diabetology,Low
51.4,NPIIN0000005259,General Medicine,Low
0.0,NPIIN0000005260,Neurology,Low
0.0,NPIIN0000005261,Pulmonology,Low
87.9,NPIIN0000005262,Diabetology,Low
0.0,NPIIN0000005263,Cardiology,Low
0.0,NPIIN0000005264,Pulmonology,Low
0.0,NPIIN0000005265,Gastroenterology,Low
0.0,NPIIN0000005266,Pulmonology,Low
0.0,NPIIN0000005267,Cardiology,Low
73.6,NPIIN0000005268,Diabetology,Low
0.0,NPIIN0000005269,Gastroenterology,Low
0.0,NPIIN0000005270,Gastroenterology,Low
0.0,NPIIN0000005271,Cardiology,Low
0.0,NPIIN0000005272,General Medicine,Low
0.0,NPIIN0000005273,General Medicine,Low
0.1,NPIIN0000005274,Neurology,Low
0.0,NPIIN0000005275,Cardiology,Low
0.0,NPIIN0000005276,Pulmonology,Low
0.0,NPIIN0000005277,Orthopedics,Low
0.0,NPIIN0000005278,General Medicine,Low
0.0,NPIIN0000005279,General Medicine,Low
0.0,NPIIN0000005280,Cardiology,Low
0.0,NPIIN0000005281,Cardiology,Low
0.0,NPIIN0000005282,Orthopedics,Low
0.0,NPIIN0000005283,Orthopedics,Low
0.0,NPIIN0000005284,Cardiology,Low
0.0,NPIIN0000005285,Urology,Low
50.8,NPIIN0000005286,Endocrinology,Low
0.0,NPIIN0000005287,Pulmonology,Low
0.0,NPIIN0000005288,Neurology,Low
0.1,NPIIN0000005289,General Medicine,Low
0.5,NPIIN0000005290,General Medicine,Low
0.0,NPIIN0000005291,Pulmonology,Low
62.7,NPIIN0000005292,Endocrinology,Low
0.0,NPIIN0000005293,Orthopedics,Low
50.7,NPIIN0000005294,Endocrinology,Low
0.0,NPIIN0000005295,Cardiology,Low
0.0,NPIIN0000005296,Orthopedics,Low
71.7,NPIIN0000005297,General Medicine,Low
52.0,NPIIN0000005298,General Medicine,Low
86.3,NPIIN0000005299,Diabetology,Low
0.0,NPIIN0000005300,Cardiology,Low
0.0,NPIIN0000005301,Diabetology,Low
0.0,NPIIN0000005302,General Medicine,Low
1.4,NPIIN0000005303,General Medicine,Low
13.4,NPIIN0000005304,General Medicine,Low
0.0,NPIIN0000005305,Urology,Low
0.0,NPIIN0000005306,Urology,Low
35.0,NPIIN0000005307,Diabetology,Low
0.0,NPIIN0000005308,Orthopedics,Low
0.0,NPIIN0000005309,Urology,Low
0.0,NPIIN0000005310,Urology,Low
0.0,NPIIN0000005311,Neurology,Low
54.3,NPIIN0000005312,Endocrinology,Low
48.7,NPIIN0000005313,Endocrinology,Low
0.0,NPIIN0000005314,Urology,Low
82.5,NPIIN0000005315,General Medicine,Low
0.3,NPIIN0000005316,Urology,Low
0.0,NPIIN0000005317,Gastroenterology,Low
0.1,NPIIN0000005318,Endocrinology,Low
0.0,NPIIN0000005319,General Medicine,Low
0.0,NPIIN0000005320,Orthopedics,Low
85.2,NPIIN0000005321,Cardiology,Low
0.0,NPIIN0000005322,Gastroenterology,Low
0.0,NPIIN0000005323,Orthopedics,Low
0.0,NPIIN0000005324,Cardiology,Low
83.0,NPIIN0000005325,Diabetology,Low
7.5,NPIIN0000005326,Pulmonology,Low
0.0,NPIIN0000005327,Dermatology,Low
0.0,NPIIN0000005328,General Medicine,Low
0.0,NPIIN0000005329,Cardiology,Low
0.0,NPIIN0000005330,Cardiology,Low
0.0,NPIIN0000005331,General Medicine,Low
0.2,NPIIN0000005332,Diabetology,Low
72.7,NPIIN0000005333,Endocrinology,Low
0.0,NPIIN0000005334,Dermatology,Low
0.0,NPIIN0000005335,Cardiology,Low
0.0,NPIIN0000005336,Dermatology,Low
0.0,NPIIN0000005337,Urology,Low
0.0,NPIIN0000005338,Neurology,Low
0.3,NPIIN0000005339,Pulmonology,Low
55.1,NPIIN0000005340,Endocrinology,Low
0.0,NPIIN0000005341,Pulmonology,Low
0.0,NPIIN0000005342,General Medicine,Low
7.6,NPIIN0000005343,Endocrinology,Low
0.0,NPIIN0000005344,Pulmonology,Low
0.0,NPIIN0000005345,Cardiology,Low
64.8,NPIIN0000005346,Diabetology,Low
0.9,NPIIN0000005347,Neurology,Low
0.0,NPIIN0000005348,General Medicine,Low
1.8,NPIIN0000005349,Endocrinology,Low
0.0,NPIIN0000005350,Cardiology,Low
39.3,NPIIN0000005351,Diabetology,Low
5.4,NPIIN0000005352,Pulmonology,Low
72.2,NPIIN0000005353,Pulmonology,Low
0.0,NPIIN0000005354,Cardiology,Low
0.0,NPIIN0000005355,Pulmonology,Low
0.0,NPIIN0000005356,Orthopedics,Low
0.0,NPIIN0000005357,Pulmonology,Low
78.5,NPIIN0000005358,General Medicine,Low
0.0,NPIIN0000005359,Pulmonology,Low
0.0,NPIIN0000005360,Urology,Low
0.0,NPIIN0000005361,Orthopedics,Low
0.0,NPIIN0000005362,Cardiology,Low
84.3,NPIIN0000005363,Endocrinology,Low
0.0,NPIIN0000005364,Cardiology,Low
0.0,NPIIN0000005365,Gastroenterology,Low
0.0,NPIIN0000005366,Cardiology,Low
0.0,NPIIN0000005367,Urology,Low
0.0,NPIIN0000005368,Cardiology,Low
0.0,NPIIN0000005369,Pulmonology,Low
81.8,NPIIN0000005370,Diabetology,Medium
0.0,NPIIN0000005371,General Medicine,Low
0.3,NPIIN0000005372,General Medicine,Low
0.0,NPIIN0000005373,Gastroenterology,Low
0.0,NPIIN0000005374,General Medicine,Low
0.7,NPIIN0000005375,General Medicine,Low
0.0,NPIIN0000005376,Gastroenterology,Low
0.0,NPIIN0000005377,Urology,Low
53.0,NPIIN0000005378,Dermatology,Low
0.0,NPIIN0000005379,Gastroenterology,Low
85.1,NPIIN0000005380,General Medicine,Low
0.0,NPIIN0000005381,Urology,Low
0.0,NPIIN0000005382,General Medicine,Low
0.0,NPIIN0000005383,Orthopedics,Low
0.1,NPIIN0000005384,Dermatology,Low
6.1,NPIIN0000005385,Endocrinology,Low
0.0,NPIIN0000005386,Cardiology,Low
0.0,NPIIN0000005387,Gastroenterology,Low
0.0,NPIIN0000005388,Neurology,Low
1.0,NPIIN0000005389,Pulmonology,Low
0.0,NPIIN0000005390,Orthopedics,Low
82.0,NPIIN0000005391,Pulmonology,Low
0.0,NPIIN0000005392,General Medicine,Low
0.0,NPIIN0000005393,Pulmonology,Low
0.0,NPIIN0000005394,Cardiology,Low
7.7,NPIIN0000005395,Pulmonology,Low
7.6,NPIIN0000005396,Urology,Low
0.0,NPIIN0000005397,Cardiology,Low
0.0,NPIIN0000005398,Dermatology,Low
0.0,NPIIN0000005399,Dermatology,Low
0.0,NPIIN0000005400,Cardiology,Low
0.0,NPIIN0000005401,Dermatology,Low
82.4,NPIIN0000005402,Gastroenterology,Low
6.1,NPIIN0000005403,General Medicine,Low
45.6,NPIIN0000005404,Diabetology,Low
68.1,NPIIN0000005405,Diabetology,Low
0.0,NPIIN0000005406,Pulmonology,Low
14.7,NPIIN0000005407,Diabetology,Low
68.7,NPIIN0000005408,Diabetology,Low
0.0,NPIIN0000005409,Orthopedics,Low
0.0,NPIIN0000005410,Gastroenterology,Low
0.0,NPIIN0000005411,Gastroenterology,Low
55.3,NPIIN0000005412,Orthopedics,Low
0.0,NPIIN0000005413,Cardiology,Low
44.2,NPIIN0000005414,Diabetology,Low
0.0,NPIIN0000005415,Neurology,Low
0.0,NPIIN0000005416,General Medicine,Low
1.0,NPIIN0000005417,Cardiology,Low
0.0,NPIIN0000005418,Gastroenterology,Low
0.0,NPIIN0000005419,Cardiology,Low
0.0,NPIIN0000005420,Pulmonology,Low
0.3,NPIIN0000005421,Pulmonology,Low
0.0,NPIIN0000005422,Neurology,Low
53.7,NPIIN0000005423,Diabetology,Low
0.0,NPIIN0000005424,Cardiology,Low
0.0,NPIIN0000005425,Urology,Low
0.0,NPIIN0000005426,Urology,Low
48.6,NPIIN0000005427,General Medicine,Low
0.0,NPIIN0000005428,Cardiology,Low
0.1,NPIIN0000005429,Pulmonology,Low
72.3,NPIIN0000005430,Diabetology,Low
62.6,NPIIN0000005431,Endocrinology,Low
34.6,NPIIN0000005432,Endocrinology,Low
94.9,NPIIN0000005433,Endocrinology,Low
0.0,NPIIN0000005434,General Medicine,Low
0.0,NPIIN0000005435,Diabetology,Low
0.0,NPIIN0000005436,Dermatology,Low
80.3,NPIIN0000005437,General Medicine,Low
0.0,NPIIN0000005438,General Medicine,Low
89.9,NPIIN0000005439,Endocrinology,Low
0.0,NPIIN0000005440,Urology,Low
0.0,NPIIN0000005441,Cardiology,Low
0.5,NPIIN0000005442,Endocrinology,Low
0.0,NPIIN0000005443,Pulmonology,Low
59.3,NPIIN0000005444,Neurology,Low
0.0,NPIIN0000005445,Dermatology,Low
85.7,NPIIN0000005446,General Medicine,Low
30.8,NPIIN0000005447,General Medicine,Low
61.6,NPIIN0000005448,Diabetology,Low
0.0,NPIIN0000005449,Pulmonology,Low
0.0,NPIIN0000005450,General Medicine,Low
72.7,NPIIN0000005451,Diabetology,Low
7.8,NPIIN0000005452,Cardiology,Low
0.0,NPIIN0000005453,Orthopedics,Low
0.0,NPIIN0000005454,Cardiology,Low
0.3,NPIIN0000005455,Diabetology,Low
0.0,NPIIN0000005456,Urology,Low
0.0,NPIIN0000005457,Gastroenterology,Low
0.0,NPIIN0000005458,Pulmonology,Low
0.0,NPIIN0000005459,Neurology,Low
0.0,NPIIN0000005460,Cardiology,Low
0.0,NPIIN0000005461,Dermatology,Low
7.0,NPIIN0000005462,Diabetology,Low
0.0,NPIIN0000005463,Orthopedics,Low
89.4,NPIIN0000005464,Endocrinology,High
0.0,NPIIN0000005465,Pulmonology,Low
0.0,NPIIN0000005466,Pulmonology,Low
72.9,NPIIN0000005467,Endocrinology,Low
6.9,NPIIN0000005468,General Medicine,Low
0.0,NPIIN0000005469,Gastroenterology,Low
81.5,NPIIN0000005470,Endocrinology,Low
0.0,NPIIN0000005471,Orthopedics,Low
0.0,NPIIN0000005472,Diabetology,Low
0.3,NPIIN0000005473,Pulmonology,Low
0.0,NPIIN0000005474,Pulmonology,Low
49.1,NPIIN0000005475,General Medicine,Low
0.0,NPIIN0000005476,Neurology,Low
0.0,NPIIN0000005477,Gastroenterology,Low
0.0,NPIIN0000005478,Pulmonology,Low
6.9,NPIIN0000005479,Pulmonology,Low
0.0,NPIIN0000005480,Pulmonology,Low
47.2,NPIIN0000005481,General Medicine,Low
0.6,NPIIN0000005482,Cardiology,Low
51.9,NPIIN0000005483,Endocrinology,Low
4.2,NPIIN0000005484,Pulmonology,Low
0.0,NPIIN0000005485,Urology,Low
6.5,NPIIN0000005486,Cardiology,Low
0.0,NPIIN0000005487,Pulmonology,Low
68.3,NPIIN0000005488,Diabetology,Low
0.0,NPIIN0000005489,Pulmonology,Low
0.0,NPIIN0000005490,Gastroenterology,Low
80.1,NPIIN0000005491,Gastroenterology,Low
0.0,NPIIN0000005492,Gastroenterology,Low
0.0,NPIIN0000005493,Gastroenterology,Low
0.0,NPIIN0000005494,Cardiology,Low
85.2,NPIIN0000005495,General Medicine,Low
50.8,NPIIN0000005496,Diabetology,Low
86.0,NPIIN0000005497,Urology,Low
0.0,NPIIN0000005498,Gastroenterology,Low
0.0,NPIIN0000005499,Cardiology,Low
24.7,NPIIN0000005500,Diabetology,Low
0.0,NPIIN0000005501,General Medicine,Low
0.0,NPIIN0000005502,Orthopedics,Low
0.0,NPIIN0000005503,Cardiology,Low
0.0,NPIIN0000005504,Pulmonology,Low
0.0,NPIIN0000005505,General Medicine,Low
0.0,NPIIN0000005506,Neurology,Low
0.0,NPIIN0000005507,Neurology,Low
62.9,NPIIN0000005508,Diabetology,Low
54.7,NPIIN0000005509,Gastroenterology,Low
0.0,NPIIN0000005510,Cardiology,Low
0.0,NPIIN0000005511,Dermatology,Low
1.4,NPIIN0000005512,Endocrinology,Low
0.0,NPIIN0000005513,Pulmonology,Low
0.0,NPIIN0000005514,General Medicine,Low
0.0,NPIIN0000005515,Pulmonology,Low
50.4,NPIIN0000005516,Diabetology,Low
0.6,NPIIN0000005517,Pulmonology,Low
0.0,NPIIN0000005518,Cardiology,Low
0.0,NPIIN0000005519,General Medicine,Low
46.8,NPIIN0000005520,Dermatology,Low
0.3,NPIIN0000005521,General Medicine,Low
0.0,NPIIN0000005522,General Medicine,Low
0.0,NPIIN0000005523,Pulmonology,Low
87.9,NPIIN0000005524,General Medicine,Low
0.0,NPIIN0000005525,Urology,Low
80.5,NPIIN0000005526,General Medicine,Low
0.0,NPIIN0000005527,Orthopedics,Low
0.5,NPIIN0000005528,Urology,Low
7.0,NPIIN0000005529,General Medicine,Low
0.3,NPIIN0000005530,General Medicine,Low
0.0,NPIIN0000005531,Neurology,Low
0.0,NPIIN0000005532,Gastroenterology,Low
6.6,NPIIN0000005533,Endocrinology,Low
27.4,NPIIN0000005534,Diabetology,Low
76.6,NPIIN0000005535,Endocrinology,Low
0.0,NPIIN0000005536,Gastroenterology,Low
0.0,NPIIN0000005537,Gastroenterology,Low
0.3,NPIIN0000005538,Endocrinology,Low
72.4,NPIIN0000005539,Pulmonology,Low
0.0,NPIIN0000005540,Gastroenterology,Low
0.0,NPIIN0000005541,Orthopedics,Low
44.1,NPIIN0000005542,Endocrinology,Low
49.3,NPIIN0000005543,Diabetology,Low
8.0,NPIIN0000005544,General Medicine,Low
5.9,NPIIN0000005545,Pulmonology,Low
0.0,NPIIN0000005546,Cardiology,Low
50.4,NPIIN0000005547,Endocrinology,Low
0.1,NPIIN0000005548,Gastroenterology,Low
0.0,NPIIN0000005549,Pulmonology,Low
0.2,NPIIN0000005550,Endocrinology,Low
0.0,NPIIN0000005551,General Medicine,Low
0.0,NPIIN0000005552,Cardiology,Low
7.9,NPIIN0000005553,General Medicine,Low
0.0,NPIIN0000005554,General Medicine,Low
13.1,NPIIN0000005555,Cardiology,Low
0.0,NPIIN0000005556,Cardiology,Low
0.0,NPIIN0000005557,Urology,Low
6.9,NPIIN0000005558,Urology,Low
0.0,NPIIN0000005559,Cardiology,Low
0.2,NPIIN0000005560,Neurology,Low
0.0,NPIIN0000005561,Cardiology,Low
0.0,NPIIN0000005562,Dermatology,Low
0.0,NPIIN0000005563,Urology,Low
0.0,NPIIN0000005564,Pulmonology,Low
0.0,NPIIN0000005565,Pulmonology,Low
0.0,NPIIN0000005566,General Medicine,Low
45.8,NPIIN0000005567,Diabetology,Low
0.0,NPIIN0000005568,General Medicine,Low
0.0,NPIIN0000005569,Cardiology,Low
0.0,NPIIN0000005570,Neurology,Low
1.2,NPIIN0000005571,General Medicine,Low
48.5,NPIIN0000005572,Endocrinology,Low
0.0,NPIIN0000005573,Pulmonology,Low
0.0,NPIIN0000005574,Dermatology,Low
0.0,NPIIN0000005575,Pulmonology,Low
26.9,NPIIN0000005576,General Medicine,Low
0.0,NPIIN0000005577,Dermatology,Low
0.1,NPIIN0000005578,Cardiology,Low
0.0,NPIIN0000005579,Pulmonology,Low
0.3,NPIIN0000005580,General Medicine,Low
0.0,NPIIN0000005581,Endocrinology,Low
0.0,NPIIN0000005582,Orthopedics,Low
0.0,NPIIN0000005583,General Medicine,Low
0.0,NPIIN0000005584,General Medicine,Low
47.6,NPIIN0000005585,Endocrinology,Low
0.0,NPIIN0000005586,Orthopedics,Low
0.0,NPIIN0000005587,Dermatology,Low
0.0,NPIIN0000005588,Cardiology,Low
0.0,NPIIN0000005589,Pulmonology,Low
0.2,NPIIN0000005590,Endocrinology,Low
0.0,NPIIN0000005591,Gastroenterology,Low
5.9,NPIIN0000005592,General Medicine,Low
0.0,NPIIN0000005593,Cardiology,Low
50.9,NPIIN0000005594,Pulmonology,Low
7.6,NPIIN0000005595,Urology,Low
0.0,NPIIN0000005596,General Medicine,Low
0.0,NPIIN0000005597,Cardiology,Low
0.0,NPIIN0000005598,Orthopedics,Low
0.6,NPIIN0000005599,Endocrinology,Low
0.1,NPIIN0000005600,General Medicine,Low
0.0,NPIIN0000005601,Pulmonology,Low
48.8,NPIIN0000005602,Endocrinology,Low
15.4,NPIIN0000005603,Endocrinology,Low
0.0,NPIIN0000005604,Cardiology,Low
0.0,NPIIN0000005605,Cardiology,Low
0.0,NPIIN0000005606,General Medicine,Low
0.0,NPIIN0000005607,Dermatology,Low
0.0,NPIIN0000005608,Cardiology,Low
14.9,NPIIN0000005609,Neurology,Low
4.2,NPIIN0000005610,General Medicine,Low
0.0,NPIIN0000005611,Cardiology,Low
0.3,NPIIN0000005612,Pulmonology,Low
75.5,NPIIN0000005613,Diabetology,Medium
0.0,NPIIN0000005614,Pulmonology,Low
0.0,NPIIN0000005615,General Medicine,Low
0.0,NPIIN0000005616,Neurology,Low
0.0,NPIIN0000005617,Urology,Low
66.8,NPIIN0000005618,Diabetology,Low
0.0,NPIIN0000005619,Orthopedics,Low
49.7,NPIIN0000005620,Endocrinology,Low
0.0,NPIIN0000005621,Cardiology,Low
68.6,NPIIN0000005622,Endocrinology,Low
0.0,NPIIN0000005623,Dermatology,Low
0.0,NPIIN0000005624,Neurology,Low
0.0,NPIIN0000005625,Orthopedics,Low
0.0,NPIIN0000005626,Neurology,Low
51.6,NPIIN0000005627,General Medicine,Low
0.0,NPIIN0000005628,Urology,Low
50.2,NPIIN0000005629,Orthopedics,Low
0.1,NPIIN0000005630,Dermatology,Low
0.0,NPIIN0000005631,Pulmonology,Low
0.0,NPIIN0000005632,Dermatology,Low
78.1,NPIIN0000005633,Endocrinology,Low
0.0,NPIIN0000005634,Urology,Low
0.0,NPIIN0000005635,Orthopedics,Low
0.0,NPIIN0000005636,Neurology,Low
85.5,NPIIN0000005637,Endocrinology,Low
86.6,NPIIN0000005638,Endocrinology,Low
24.5,NPIIN0000005639,Orthopedics,Low
0.0,NPIIN0000005640,Urology,Low
0.0,NPIIN0000005641,Gastroenterology,Low
0.0,NPIIN0000005642,Orthopedics,Low
55.8,NPIIN0000005643,General Medicine,Low
0.3,NPIIN0000005644,Urology,Low
78.0,NPIIN0000005645,Endocrinology,Low
0.2,NPIIN0000005646,Endocrinology,Low
0.1,NPIIN0000005647,General Medicine,Low
86.9,NPIIN0000005648,General Medicine,Low
0.5,NPIIN0000005649,General Medicine,Low
0.5,NPIIN0000005650,Dermatology,Low
0.0,NPIIN0000005651,Cardiology,Low
85.4,NPIIN0000005652,Gastroenterology,Low
0.0,NPIIN0000005653,Cardiology,Low
0.0,NPIIN0000005654,Dermatology,Low
64.1,NPIIN0000005655,Endocrinology,Low
0.0,NPIIN0000005656,Gastroenterology,Low
0.0,NPIIN0000005657,Pulmonology,Low
0.4,NPIIN0000005658,General Medicine,Low
0.0,NPIIN0000005659,Diabetology,Low
0.0,NPIIN0000005660,Cardiology,Low
0.6,NPIIN0000005661,General Medicine,Low
49.6,NPIIN0000005662,Endocrinology,Low
0.0,NPIIN0000005663,Cardiology,Low
0.0,NPIIN0000005664,Gastroenterology,Low
63.0,NPIIN0000005665,Endocrinology,Low
48.9,NPIIN0000005666,Endocrinology,Low
53.5,NPIIN0000005667,General Medicine,Low
6.1,NPIIN0000005668,General Medicine,Low
0.0,NPIIN0000005669,General Medicine,Low
0.0,NPIIN0000005670,Neurology,Low
0.0,NPIIN0000005671,Pulmonology,Low
0.4,NPIIN0000005672,General Medicine,Low
0.0,NPIIN0000005673,General Medicine,Low
0.4,NPIIN0000005674,Diabetology,Low
0.0,NPIIN0000005675,Neurology,Low
1.4,NPIIN0000005676,Diabetology,Low
0.0,NPIIN0000005677,Dermatology,Low
0.0,NPIIN0000005678,Pulmonology,Low
0.0,NPIIN0000005679,Neurology,Low
91.8,NPIIN0000005680,General Medicine,Low
0.0,NPIIN0000005681,Urology,Low
55.0,NPIIN0000005682,General Medicine,Low
0.0,NPIIN0000005683,General Medicine,Low
0.0,NPIIN0000005684,Urology,Low
0.0,NPIIN0000005685,Pulmonology,Low
0.3,NPIIN0000005686,General Medicine,Low
64.3,NPIIN0000005687,Diabetology,Low
37.4,NPIIN0000005688,Diabetology,Low
0.0,NPIIN0000005689,Dermatology,Low
0.0,NPIIN0000005690,Diabetology,Low
0.0,NPIIN0000005691,Cardiology,Low
0.0,NPIIN0000005692,Cardiology,Low
0.0,NPIIN0000005693,Orthopedics,Low
0.0,NPIIN0000005694,Pulmonology,Low
0.0,NPIIN0000005695,General Medicine,Low
7.6,NPIIN0000005696,Urology,Low
72.1,NPIIN0000005697,General Medicine,Low
0.0,NPIIN0000005698,Dermatology,Low
0.0,NPIIN0000005699,Gastroenterology,Low
0.7,NPIIN0000005700,General Medicine,Low
0.0,NPIIN0000005701,Gastroenterology,Low
0.0,NPIIN0000005702,Orthopedics,Low
97.9,NPIIN0000005703,Endocrinology,Medium
0.0,NPIIN0000005704,Cardiology,Low
0.0,NPIIN0000005705,Dermatology,Low
0.0,NPIIN0000005706,General Medicine,Low
0.0,NPIIN0000005707,Pulmonology,Low
86.9,NPIIN0000005708,Endocrinology,Low
0.7,NPIIN0000005709,Dermatology,Low
0.0,NPIIN0000005710,Gastroenterology,Low
0.1,NPIIN0000005711,Orthopedics,Low
0.0,NPIIN0000005712,General Medicine,Low
0.0,NPIIN0000005713,Orthopedics,Low
67.3,NPIIN0000005714,General Medicine,Low
0.0,NPIIN0000005715,Pulmonology,Low
0.0,NPIIN0000005716,Neurology,Low
47.2,NPIIN0000005717,General Medicine,Low
0.0,NPIIN0000005718,Pulmonology,Low
72.6,NPIIN0000005719,Endocrinology,Low
0.0,NPIIN0000005720,General Medicine,Low
0.0,NPIIN0000005721,Neurology,Low
0.0,NPIIN0000005722,Cardiology,Low
0.0,NPIIN0000005723,Neurology,Low
0.3,NPIIN0000005724,Diabetology,Low
70.7,NPIIN0000005725,Diabetology,Low
0.0,NPIIN0000005726,Neurology,Low
7.7,NPIIN0000005727,Endocrinology,Low
0.0,NPIIN0000005728,Orthopedics,Low
0.0,NPIIN0000005729,Orthopedics,Low
0.0,NPIIN0000005730,General Medicine,Low
52.4,NPIIN0000005731,General Medicine,Low
0.0,NPIIN0000005732,Cardiology,Low
0.0,NPIIN0000005733,Gastroenterology,Low
90.0,NPIIN0000005734,Endocrinology,Medium
0.0,NPIIN0000005735,Orthopedics,Low
0.0,NPIIN0000005736,Orthopedics,Low
0.0,NPIIN0000005737,Cardiology,Low
0.0,NPIIN0000005738,Neurology,Low
0.0,NPIIN0000005739,General Medicine,Low
0.0,NPIIN0000005740,Pulmonology,Low
0.7,NPIIN0000005741,Endocrinology,Low
0.0,NPIIN0000005742,Gastroenterology,Low
82.4,NPIIN0000005743,Endocrinology,Low
0.0,NPIIN0000005744,Urology,Low
6.1,NPIIN0000005745,General Medicine,Low
0.0,NPIIN0000005746,Neurology,Low
0.0,NPIIN0000005747,Urology,Low
24.8,NPIIN0000005748,Gastroenterology,Low
46.8,NPIIN0000005749,Pulmonology,Low
0.1,NPIIN0000005750,General Medicine,Low
50.2,NPIIN0000005751,General Medicine,Low
27.3,NPIIN0000005752,General Medicine,Low
0.0,NPIIN0000005753,Orthopedics,Low
91.9,NPIIN0000005754,Diabetology,Medium
0.0,NPIIN0000005755,General Medicine,Low
5.9,NPIIN0000005756,Gastroenterology,Low
50.6,NPIIN0000005757,General Medicine,Low
0.5,NPIIN0000005758,Urology,Low
78.3,NPIIN0000005759,Diabetology,Medium
0.0,NPIIN0000005760,Cardiology,Low
14.7,NPIIN0000005761,Pulmonology,Low
85.4,NPIIN0000005762,General Medicine,Low
86.5,NPIIN0000005763,Orthopedics,Low
1.4,NPIIN0000005764,General Medicine,Low
0.0,NPIIN0000005765,Cardiology,Low
91.2,NPIIN0000005766,Diabetology,Low
0.2,NPIIN0000005767,General Medicine,Low
0.5,NPIIN0000005768,Pulmonology,Low
54.5,NPIIN0000005769,Diabetology,Low
0.0,NPIIN0000005770,Pulmonology,Low
46.6,NPIIN0000005771,Urology,Low
0.1,NPIIN0000005772,General Medicine,Low
0.1,NPIIN0000005773,Neurology,Low
54.8,NPIIN0000005774,Endocrinology,Low
0.0,NPIIN0000005775,Dermatology,Low
24.2,NPIIN0000005776,Diabetology,Low
0.0,NPIIN0000005777,Pulmonology,Low
46.8,NPIIN0000005778,Diabetology,Low
7.5,NPIIN0000005779,Cardiology,Low
71.2,NPIIN0000005780,Diabetology,Low
39.2,NPIIN0000005781,Endocrinology,Low
1.4,NPIIN0000005782,Urology,Low
45.9,NPIIN0000005783,Diabetology,Low
0.0,NPIIN0000005784,Orthopedics,Low
0.0,NPIIN0000005785,General Medicine,Low
90.8,NPIIN0000005786,Endocrinology,Low
0.4,NPIIN0000005787,General Medicine,Low
75.8,NPIIN0000005788,Endocrinology,Low
0.0,NPIIN0000005789,Dermatology,Low
55.4,NPIIN0000005790,Cardiology,Low
0.0,NPIIN0000005791,Urology,Low
0.0,NPIIN0000005792,Cardiology,Low
7.8,NPIIN0000005793,Diabetology,Low
0.0,NPIIN0000005794,Cardiology,Low
0.0,NPIIN0000005795,Neurology,Low
0.0,NPIIN0000005796,General Medicine,Low
1.0,NPIIN0000005797,Orthopedics,Low
0.0,NPIIN0000005798,General Medicine,Low
0.0,NPIIN0000005799,Cardiology,Low
0.0,NPIIN0000005800,Gastroenterology,Low
0.0,NPIIN0000005801,Pulmonology,Low
0.0,NPIIN0000005802,Dermatology,Low
0.0,NPIIN0000005803,General Medicine,Low
0.3,NPIIN0000005804,Gastroenterology,Low
0.0,NPIIN0000005805,Endocrinology,Low
0.0,NPIIN0000005806,Orthopedics,Low
0.4,NPIIN0000005807,Endocrinology,Low
0.0,NPIIN0000005808,Dermatology,Low
47.8,NPIIN0000005809,Endocrinology,Low
54.7,NPIIN0000005810,Gastroenterology,Low
0.0,NPIIN0000005811,Urology,Low
0.0,NPIIN0000005812,Urology,Low
0.4,NPIIN0000005813,General Medicine,Low
0.0,NPIIN0000005814,General Medicine,Low
4.8,NPIIN0000005815,Dermatology,Low
0.0,NPIIN0000005816,Pulmonology,Low
0.0,NPIIN0000005817,Pulmonology,Low
0.0,NPIIN0000005818,Endocrinology,Low
25.3,NPIIN0000005819,General Medicine,Low
0.0,NPIIN0000005820,General Medicine,Low
0.0,NPIIN0000005821,Neurology,Low
84.4,NPIIN0000005822,Endocrinology,Low
57.3,NPIIN0000005823,General Medicine,Low
0.0,NPIIN0000005824,Dermatology,Low
85.3,NPIIN0000005825,Pulmonology,Low
0.3,NPIIN0000005826,Urology,Low
37.7,NPIIN0000005827,Endocrinology,Low
0.0,NPIIN0000005828,General Medicine,Low
7.1,NPIIN0000005829,General Medicine,Low
0.0,NPIIN0000005830,General Medicine,Low
0.1,NPIIN0000005831,Neurology,Low
51.5,NPIIN0000005832,Endocrinology,Low
49.8,NPIIN0000005833,General Medicine,Low
0.0,NPIIN0000005834,Cardiology,Low
0.0,NPIIN0000005835,Pulmonology,Low
0.0,NPIIN0000005836,Dermatology,Low
0.0,NPIIN0000005837,Cardiology,Low
50.5,NPIIN0000005838,General Medicine,Low
70.9,NPIIN0000005839,General Medicine,Low
0.0,NPIIN0000005840,Gastroenterology,Low
0.0,NPIIN0000005841,Cardiology,Low
0.0,NPIIN0000005842,General Medicine,Low
0.0,NPIIN0000005843,Gastroenterology,Low
0.3,NPIIN0000005844,Pulmonology,Low
0.0,NPIIN0000005845,Gastroenterology,Low
0.0,NPIIN0000005846,General Medicine,Low
0.0,NPIIN0000005847,Urology,Low
0.0,NPIIN0000005848,Cardiology,Low
46.7,NPIIN0000005849,Cardiology,Low
66.2,NPIIN0000005850,General Medicine,Low
50.1,NPIIN0000005851,General Medicine,Low
0.0,NPIIN0000005852,Neurology,Low
67.3,NPIIN0000005853,Endocrinology,Medium
0.0,NPIIN0000005854,Endocrinology,Low
0.0,NPIIN0000005855,Gastroenterology,Low
1.0,NPIIN0000005856,Diabetology,Low
0.0,NPIIN0000005857,Gastroenterology,Low
0.0,NPIIN0000005858,Neurology,Low
0.0,NPIIN0000005859,Cardiology,Low
0.0,NPIIN0000005860,Gastroenterology,Low
69.0,NPIIN0000005861,Urology,Low
15.2,NPIIN0000005862,Dermatology,Low
0.0,NPIIN0000005863,Cardiology,Low
0.0,NPIIN0000005864,Pulmonology,Low
0.0,NPIIN0000005865,Urology,Low
0.0,NPIIN0000005866,Pulmonology,Low
0.5,NPIIN0000005867,Diabetology,Low
79.5,NPIIN0000005868,Endocrinology,Low
0.0,NPIIN0000005869,Neurology,Low
0.0,NPIIN0000005870,Gastroenterology,Low
0.0,NPIIN0000005871,Urology,Low
0.0,NPIIN0000005872,Urology,Low
0.0,NPIIN0000005873,General Medicine,Low
0.0,NPIIN0000005874,Pulmonology,Low
0.6,NPIIN0000005875,Cardiology,Low
0.0,NPIIN0000005876,Cardiology,Low
0.0,NPIIN0000005877,Cardiology,Low
0.0,NPIIN0000005878,Urology,Low
0.0,NPIIN0000005879,Endocrinology,Low
0.0,NPIIN0000005880,General Medicine,Low
0.0,NPIIN0000005881,General Medicine,Low
77.8,NPIIN0000005882,Diabetology,Low
54.9,NPIIN0000005883,Pulmonology,Low
0.0,NPIIN0000005884,Cardiology,Low
0.0,NPIIN0000005885,General Medicine,Low
1.6,NPIIN0000005886,General Medicine,Low
0.0,NPIIN0000005887,Dermatology,Low
0.0,NPIIN0000005888,Neurology,Low
0.0,NPIIN0000005889,Dermatology,Low
0.0,NPIIN0000005890,General Medicine,Low
0.2,NPIIN0000005891,Endocrinology,Low
0.0,NPIIN0000005892,General Medicine,Low
0.0,NPIIN0000005893,Orthopedics,Low
76.7,NPIIN0000005894,Endocrinology,Low
0.3,NPIIN0000005895,Endocrinology,Low
0.0,NPIIN0000005896,Orthopedics,Low
0.0,NPIIN0000005897,Orthopedics,Low
51.7,NPIIN0000005898,Endocrinology,Low
0.0,NPIIN0000005899,Gastroenterology,Low
0.0,NPIIN0000005900,General Medicine,Low
72.0,NPIIN0000005901,General Medicine,Low
55.4,NPIIN0000005902,General Medicine,Low
0.0,NPIIN0000005903,Orthopedics,Low
0.0,NPIIN0000005904,Endocrinology,Low
0.0,NPIIN0000005905,Gastroenterology,Low
6.8,NPIIN0000005906,Cardiology,Low
0.0,NPIIN0000005907,Pulmonology,Low
0.0,NPIIN0000005908,Neurology,Low
0.0,NPIIN0000005909,Gastroenterology,Low
0.0,NPIIN0000005910,Urology,Low
0.0,NPIIN0000005911,Gastroenterology,Low
0.7,NPIIN0000005912,Gastroenterology,Low
52.5,NPIIN0000005913,Diabetology,Low
0.5,NPIIN0000005914,Orthopedics,Low
0.0,NPIIN0000005915,General Medicine,Low
0.0,NPIIN0000005916,General Medicine,Low
0.4,NPIIN0000005917,General Medicine,Low
0.0,NPIIN0000005918,General Medicine,Low
0.0,NPIIN0000005919,Pulmonology,Low
1.5,NPIIN0000005920,General Medicine,Low
0.9,NPIIN0000005921,Endocrinology,Low
0.0,NPIIN0000005922,Urology,Low
0.0,NPIIN0000005923,Urology,Low
0.0,NPIIN0000005924,General Medicine,Low
0.0,NPIIN0000005925,Orthopedics,Low
7.6,NPIIN0000005926,General Medicine,Low
0.0,NPIIN0000005927,General Medicine,Low
0.0,NPIIN0000005928,Urology,Low
0.0,NPIIN0000005929,Neurology,Low
0.0,NPIIN0000005930,Gastroenterology,Low
0.4,NPIIN0000005931,General Medicine,Low
54.6,NPIIN0000005932,General Medicine,Low
0.0,NPIIN0000005933,Cardiology,Low
0.3,NPIIN0000005934,Orthopedics,Low
67.3,NPIIN0000005935,Endocrinology,Medium
0.0,NPIIN0000005936,General Medicine,Low
0.0,NPIIN0000005937,Cardiology,Low
0.0,NPIIN0000005938,Neurology,Low
60.5,NPIIN0000005939,General Medicine,Low
0.0,NPIIN0000005940,Gastroenterology,Low
0.0,NPIIN0000005941,General Medicine,Low
82.0,NPIIN0000005942,Cardiology,Low
0.0,NPIIN0000005943,Cardiology,Low
0.0,NPIIN0000005944,Endocrinology,Low
7.5,NPIIN0000005945,Gastroenterology,Low
0.0,NPIIN0000005946,Dermatology,Low
0.4,NPIIN0000005947,General Medicine,Low
0.0,NPIIN0000005948,Pulmonology,Low
0.0,NPIIN0000005949,Diabetology,Low
4.2,NPIIN0000005950,Urology,Low
0.0,NPIIN0000005951,Orthopedics,Low
0.0,NPIIN0000005952,Gastroenterology,Low
0.0,NPIIN0000005953,Cardiology,Low
49.4,NPIIN0000005954,General Medicine,Low
0.0,NPIIN0000005955,Orthopedics,Low
59.0,NPIIN0000005956,Endocrinology,Low
46.5,NPIIN0000005957,Neurology,Low
0.0,NPIIN0000005958,Orthopedics,Low
0.9,NPIIN0000005959,Gastroenterology,Low
0.0,NPIIN0000005960,Pulmonology,Low
0.0,NPIIN0000005961,General Medicine,Low
0.0,NPIIN0000005962,Urology,Low
51.0,NPIIN0000005963,General Medicine,Low
0.0,NPIIN0000005964,Urology,Low
60.1,NPIIN0000005965,General Medicine,Low
1.0,NPIIN0000005966,Gastroenterology,Low
0.0,NPIIN0000005967,Urology,Low
0.3,NPIIN0000005968,Pulmonology,Low
0.0,NPIIN0000005969,Diabetology,Low
0.0,NPIIN0000005970,Cardiology,Low
0.0,NPIIN0000005971,Dermatology,Low
0.0,NPIIN0000005972,Pulmonology,Low
75.9,NPIIN0000005973,Diabetology,Low
0.0,NPIIN0000005974,Urology,Low
0.0,NPIIN0000005975,Urology,Low
0.0,NPIIN0000005976,Urology,Low
0.0,NPIIN0000005977,Pulmonology,Low
0.0,NPIIN0000005978,Orthopedics,Low
0.0,NPIIN0000005979,Urology,Low
0.0,NPIIN0000005980,Cardiology,Low
0.0,NPIIN0000005981,Orthopedics,Low
0.0,NPIIN0000005982,Pulmonology,Low
0.0,NPIIN0000005983,Urology,Low
0.0,NPIIN0000005984,Gastroenterology,Low
0.0,NPIIN0000005985,Neurology,Low
86.5,NPIIN0000005986,Diabetology,Low
0.0,NPIIN0000005987,Cardiology,Low
0.3,NPIIN0000005988,Diabetology,Low
0.0,NPIIN0000005989,Neurology,Low
0.0,NPIIN0000005990,Urology,Low
0.0,NPIIN0000005991,Cardiology,Low
60.7,NPIIN0000005992,Endocrinology,Low
0.3,NPIIN0000005993,Neurology,Low
0.3,NPIIN0000005994,Diabetology,Medium
49.1,NPIIN0000005995,Endocrinology,Low
0.0,NPIIN0000005996,Cardiology,Low
0.0,NPIIN0000005997,Neurology,Low
49.1,NPIIN0000005998,Pulmonology,Low
0.3,NPIIN0000005999,Dermatology,Low
71.4,NPIIN0000006000,Diabetology,Low
0.0,NPIIN0000006001,Cardiology,Low
0.0,NPIIN0000006002,Dermatology,Low
0.0,NPIIN0000006003,Orthopedics,Low
0.0,NPIIN0000006004,General Medicine,Low
0.0,NPIIN0000006005,Urology,Low
0.0,NPIIN0000006006,Gastroenterology,Low
47.5,NPIIN0000006007,Urology,Low
13.0,NPIIN0000006008,General Medicine,Low
0.0,NPIIN0000006009,Cardiology,Low
48.1,NPIIN0000006010,Cardiology,Low
0.3,NPIIN0000006011,Gastroenterology,Low
0.0,NPIIN0000006012,Urology,Low
0.3,NPIIN0000006013,General Medicine,Low
0.0,NPIIN0000006014,Cardiology,Low
0.0,NPIIN0000006015,Cardiology,Low
54.9,NPIIN0000006016,Pulmonology,Low
0.0,NPIIN0000006017,Urology,Low
86.7,NPIIN0000006018,General Medicine,Low
0.0,NPIIN0000006019,Neurology,Low
0.0,NPIIN0000006020,Pulmonology,Low
55.6,NPIIN0000006021,Urology,Low
0.4,NPIIN0000006022,Dermatology,Low
81.8,NPIIN0000006023,Endocrinology,Low
0.0,NPIIN0000006024,Neurology,Low
0.0,NPIIN0000006025,Dermatology,Low
13.2,NPIIN0000006026,Orthopedics,Low
81.0,NPIIN0000006027,Pulmonology,Low
0.0,NPIIN0000006028,Endocrinology,Low
0.0,NPIIN0000006029,Pulmonology,Low
0.0,NPIIN0000006030,Neurology,Low
0.3,NPIIN0000006031,Diabetology,Low
0.0,NPIIN0000006032,Orthopedics,Low
53.2,NPIIN0000006033,Endocrinology,Low
0.0,NPIIN0000006034,Urology,Low
85.1,NPIIN0000006035,General Medicine,Low
0.0,NPIIN0000006036,Cardiology,Low
0.0,NPIIN0000006037,Pulmonology,Low
0.0,NPIIN0000006038,Pulmonology,Low
0.0,NPIIN0000006039,Urology,Low
0.0,NPIIN0000006040,Pulmonology,Low
0.0,NPIIN0000006041,Cardiology,Low
0.0,NPIIN0000006042,Urology,Low
85.2,NPIIN0000006043,Pulmonology,Low
49.7,NPIIN0000006044,Diabetology,Low
85.3,NPIIN0000006045,Urology,Low
0.0,NPIIN0000006046,Cardiology,Low
0.0,NPIIN0000006047,Cardiology,Low
0.0,NPIIN0000006048,Pulmonology,Low
0.0,NPIIN0000006049,Pulmonology,Low
0.0,NPIIN0000006050,General Medicine,Low
24.8,NPIIN0000006051,Urology,Low
84.1,NPIIN0000006052,Diabetology,Medium
0.3,NPIIN0000006053,Orthopedics,Low
0.0,NPIIN0000006054,Cardiology,Low
0.0,NPIIN0000006055,Cardiology,Low
0.3,NPIIN0000006056,Endocrinology,Low
0.0,NPIIN0000006057,Cardiology,Low
6.8,NPIIN0000006058,General Medicine,Low
0.0,NPIIN0000006059,Urology,Low
0.0,NPIIN0000006060,Dermatology,Low
0.3,NPIIN0000006061,Gastroenterology,Low
0.0,NPIIN0000006062,Cardiology,Low
0.0,NPIIN0000006063,Urology,Low
0.0,NPIIN0000006064,General Medicine,Low
0.0,NPIIN0000006065,Gastroenterology,Low
0.0,NPIIN0000006066,Gastroenterology,Low
84.2,NPIIN0000006067,Endocrinology,Low
0.9,NPIIN0000006068,General Medicine,Low
0.0,NPIIN0000006069,Urology,Low
62.3,NPIIN0000006070,Diabetology,Low
0.0,NPIIN0000006071,Gastroenterology,Low
0.0,NPIIN0000006072,Orthopedics,Low
0.5,NPIIN0000006073,General Medicine,Low
0.3,NPIIN0000006074,General Medicine,Low
0.0,NPIIN0000006075,General Medicine,Low
0.0,NPIIN0000006076,Dermatology,Low
0.0,NPIIN0000006077,General Medicine,Low
34.1,NPIIN0000006078,General Medicine,Low
52.7,NPIIN0000006079,Endocrinology,Low
0.3,NPIIN0000006080,Orthopedics,Low
0.0,NPIIN0000006081,Urology,Low
0.0,NPIIN0000006082,Pulmonology,Low
0.4,NPIIN0000006083,Orthopedics,Low
0.0,NPIIN0000006084,Neurology,Low
0.0,NPIIN0000006085,Orthopedics,Low
0.5,NPIIN0000006086,Endocrinology,Low
50.1,NPIIN0000006087,Endocrinology,Low
0.0,NPIIN0000006088,Urology,Low
0.0,NPIIN0000006089,General Medicine,Low
13.0,NPIIN0000006090,General Medicine,Low
0.0,NPIIN0000006091,Gastroenterology,Low
0.0,NPIIN0000006092,Neurology,Low
0.0,NPIIN0000006093,General Medicine,Low
86.6,NPIIN0000006094,General Medicine,Low
13.3,NPIIN0000006095,General Medicine,Low
0.0,NPIIN0000006096,Cardiology,Low
0.0,NPIIN0000006097,Endocrinology,Low
63.2,NPIIN0000006098,Pulmonology,Low
0.0,NPIIN0000006099,Gastroenterology,Low
72.9,NPIIN0000006100,General Medicine,Low
0.0,NPIIN0000006101,General Medicine,Low
0.0,NPIIN0000006102,Neurology,Low
67.2,NPIIN0000006103,Endocrinology,Low
1.6,NPIIN0000006104,General Medicine,Low
87.9,NPIIN0000006105,Endocrinology,Low
13.1,NPIIN0000006106,Neurology,Low
0.0,NPIIN0000006107,Cardiology,Low
0.0,NPIIN0000006108,General Medicine,Low
0.9,NPIIN0000006109,Pulmonology,Low
0.0,NPIIN0000006110,Dermatology,Low
0.0,NPIIN0000006111,Gastroenterology,Low
0.0,NPIIN0000006112,Orthopedics,Low
5.8,NPIIN0000006113,Neurology,Low
0.3,NPIIN0000006114,General Medicine,Low
49.6,NPIIN0000006115,Endocrinology,Low
0.0,NPIIN0000006116,Cardiology,Low
76.6,NPIIN0000006117,Diabetology,Low
0.0,NPIIN0000006118,Cardiology,Low
0.0,NPIIN0000006119,General Medicine,Low
0.0,NPIIN0000006120,Neurology,Low
86.5,NPIIN0000006121,Neurology,Low
0.0,NPIIN0000006122,Diabetology,Low
0.0,NPIIN0000006123,General Medicine,Low
0.0,NPIIN0000006124,Endocrinology,Low
6.7,NPIIN0000006125,General Medicine,Low
69.6,NPIIN0000006126,General Medicine,Low
0.0,NPIIN0000006127,Diabetology,Low
1.1,NPIIN0000006128,Diabetology,Low
0.0,NPIIN0000006129,Orthopedics,Low
0.0,NPIIN0000006130,Pulmonology,Low
0.0,NPIIN0000006131,Pulmonology,Low
0.0,NPIIN0000006132,Cardiology,Low
5.1,NPIIN0000006133,Endocrinology,Low
0.0,NPIIN0000006134,General Medicine,Low
0.0,NPIIN0000006135,Orthopedics,Low
76.6,NPIIN0000006136,Endocrinology,Low
49.5,NPIIN0000006137,Diabetology,Low
0.0,NPIIN0000006138,Orthopedics,Low
0.0,NPIIN0000006139,General Medicine,Low
0.1,NPIIN0000006140,Diabetology,Low
7.6,NPIIN0000006141,Neurology,Low
0.0,NPIIN0000006142,General Medicine,Low
0.0,NPIIN0000006143,Orthopedics,Low
0.0,NPIIN0000006144,Cardiology,Low
0.0,NPIIN0000006145,Dermatology,Low
67.6,NPIIN0000006146,Diabetology,Medium
0.0,NPIIN0000006147,Dermatology,Low
0.0,NPIIN0000006148,Dermatology,Low
0.0,NPIIN0000006149,Dermatology,Low
0.0,NPIIN0000006150,Urology,Low
0.0,NPIIN0000006151,Gastroenterology,Low
85.6,NPIIN0000006152,Endocrinology,Low
0.0,NPIIN0000006153,Cardiology,Low
0.0,NPIIN0000006154,General Medicine,Low
0.3,NPIIN0000006155,General Medicine,Low
54.7,NPIIN0000006156,Diabetology,Low
0.0,NPIIN0000006157,Gastroenterology,Low
0.0,NPIIN0000006158,Gastroenterology,Low
14.7,NPIIN0000006159,Orthopedics,Low
0.0,NPIIN0000006160,General Medicine,Low
86.5,NPIIN0000006161,Gastroenterology,Low
0.0,NPIIN0000006162,Gastroenterology,Low
0.8,NPIIN0000006163,Orthopedics,Low
0.0,NPIIN0000006164,Gastroenterology,Low
35.6,NPIIN0000006165,Diabetology,Low
0.0,NPIIN0000006166,Cardiology,Low
0.0,NPIIN0000006167,Orthopedics,Low
0.1,NPIIN0000006168,Gastroenterology,Low
0.0,NPIIN0000006169,Dermatology,Low
0.0,NPIIN0000006170,Dermatology,Low
0.0,NPIIN0000006171,Gastroenterology,Low
0.0,NPIIN0000006172,Gastroenterology,Low
0.0,NPIIN0000006173,Urology,Low
0.0,NPIIN0000006174,Urology,Low
0.5,NPIIN0000006175,General Medicine,Low
0.0,NPIIN0000006176,Cardiology,Low
0.0,NPIIN0000006177,Cardiology,Low
25.6,NPIIN0000006178,General Medicine,Low
71.5,NPIIN0000006179,Dermatology,Low
0.0,NPIIN0000006180,Dermatology,Low
0.0,NPIIN0000006181,General Medicine,Low
60.1,NPIIN0000006182,Diabetology,Low
59.4,NPIIN0000006183,General Medicine,Low
0.0,NPIIN0000006184,Dermatology,Low
0.0,NPIIN0000006185,Neurology,Low
0.0,NPIIN0000006186,Cardiology,Low
38.9,NPIIN0000006187,General Medicine,Low
0.0,NPIIN0000006188,Pulmonology,Low
0.0,NPIIN0000006189,Pulmonology,Low
0.0,NPIIN0000006190,Dermatology,Low
0.0,NPIIN0000006191,Orthopedics,Low
6.9,NPIIN0000006192,Cardiology,Low
1.1,NPIIN0000006193,Endocrinology,Low
80.4,NPIIN0000006194,General Medicine,Low
58.6,NPIIN0000006195,Diabetology,Low
68.4,NPIIN0000006196,General Medicine,Low
0.0,NPIIN0000006197,Cardiology,Low
0.0,NPIIN0000006198,Cardiology,Low
0.0,NPIIN0000006199,Dermatology,Low
0.0,NPIIN0000006200,Cardiology,Low
0.0,NPIIN0000006201,Dermatology,Low
81.7,NPIIN0000006202,Diabetology,Low
0.0,NPIIN0000006203,Diabetology,Low
0.0,NPIIN0000006204,Cardiology,Low
25.2,NPIIN0000006205,Cardiology,Low
80.4,NPIIN0000006206,General Medicine,Low
14.8,NPIIN0000006207,Dermatology,Low
0.0,NPIIN0000006208,Urology,Low
0.0,NPIIN0000006209,Cardiology,Low
46.1,NPIIN0000006210,Cardiology,Low
0.3,NPIIN0000006211,Endocrinology,Low
0.0,NPIIN0000006212,Gastroenterology,Low
95.6,NPIIN0000006213,Endocrinology,Low
6.0,NPIIN0000006214,Endocrinology,Low
0.0,NPIIN0000006215,Urology,Low
0.0,NPIIN0000006216,Urology,Low
0.0,NPIIN0000006217,Neurology,Low
91.5,NPIIN0000006218,Endocrinology,Low
0.0,NPIIN0000006219,General Medicine,Low
91.3,NPIIN0000006220,Endocrinology,Low
0.0,NPIIN0000006221,Neurology,Low
0.0,NPIIN0000006222,Gastroenterology,Low
2.3,NPIIN0000006223,Endocrinology,Low
0.0,NPIIN0000006224,Urology,Low
72.5,NPIIN0000006225,General Medicine,Low
0.0,NPIIN0000006226,Dermatology,Low
0.0,NPIIN0000006227,Cardiology,Low
5.5,NPIIN0000006228,General Medicine,Low
0.0,NPIIN0000006229,Cardiology,Low
0.0,NPIIN0000006230,Gastroenterology,Low
0.0,NPIIN0000006231,Cardiology,Low
0.0,NPIIN0000006232,General Medicine,Low
0.3,NPIIN0000006233,Gastroenterology,Low
0.0,NPIIN0000006234,Gastroenterology,Low
0.0,NPIIN0000006235,Neurology,Low
0.0,NPIIN0000006236,Neurology,Low
0.0,NPIIN0000006237,Neurology,Low
0.0,NPIIN0000006238,Neurology,Low
0.0,NPIIN0000006239,General Medicine,Low
24.8,NPIIN0000006240,Cardiology,Low
0.0,NPIIN0000006241,General Medicine,Low
0.0,NPIIN0000006242,Cardiology,Low
0.3,NPIIN0000006243,General Medicine,Low
49.0,NPIIN0000006244,General Medicine,Low
38.0,NPIIN0000006245,Endocrinology,Medium
0.3,NPIIN0000006246,Gastroenterology,Low
5.8,NPIIN0000006247,Neurology,Low
7.5,NPIIN0000006248,Pulmonology,Low
0.6,NPIIN0000006249,Urology,Low
85.0,NPIIN0000006250,Diabetology,Low
89.3,NPIIN0000006251,Diabetology,Medium
7.7,NPIIN0000006252,Endocrinology,Low
5.9,NPIIN0000006253,Pulmonology,Low
54.4,NPIIN0000006254,Endocrinology,Low
0.0,NPIIN0000006255,Urology,Low
67.7,NPIIN0000006256,Diabetology,Low
86.8,NPIIN0000006257,General Medicine,Low
62.1,NPIIN0000006258,General Medicine,Low
0.4,NPIIN0000006259,Diabetology,Low
0.0,NPIIN0000006260,Gastroenterology,Low
0.0,NPIIN0000006261,Neurology,Low
1.5,NPIIN0000006262,Gastroenterology,Low
0.0,NPIIN0000006263,Pulmonology,Low
0.0,NPIIN0000006264,General Medicine,Low
0.0,NPIIN0000006265,General Medicine,Low
0.0,NPIIN0000006266,Gastroenterology,Low
80.9,NPIIN0000006267,General Medicine,Low
0.0,NPIIN0000006268,General Medicine,Low
52.4,NPIIN0000006269,Endocrinology,Low
0.0,NPIIN0000006270,Neurology,Low
25.5,NPIIN0000006271,Cardiology,Low
0.0,NPIIN0000006272,Orthopedics,Low
94.1,NPIIN0000006273,Endocrinology,Low
0.0,NPIIN0000006274,General Medicine,Low
65.1,NPIIN0000006275,Endocrinology,Low
46.2,NPIIN0000006276,Diabetology,Low
35.9,NPIIN0000006277,Diabetology,Low
0.0,NPIIN0000006278,Gastroenterology,Low
0.0,NPIIN0000006279,Endocrinology,Low
47.1,NPIIN0000006280,Diabetology,Low
0.0,NPIIN0000006281,Cardiology,Low
0.0,NPIIN0000006282,General Medicine,Low
55.5,NPIIN0000006283,Orthopedics,Low
47.2,NPIIN0000006284,General Medicine,Low
0.0,NPIIN0000006285,Gastroenterology,Low
5.9,NPIIN0000006286,General Medicine,Low
0.0,NPIIN0000006287,General Medicine,Low
0.0,NPIIN0000006288,Dermatology,Low
0.0,NPIIN0000006289,Cardiology,Low
0.0,NPIIN0000006290,Urology,Low
15.4,NPIIN0000006291,General Medicine,Low
82.6,NPIIN0000006292,General Medicine,Low
53.6,NPIIN0000006293,Urology,Low
0.0,NPIIN0000006294,General Medicine,Low
0.0,NPIIN0000006295,Orthopedics,Low
0.4,NPIIN0000006296,Orthopedics,Low
0.3,NPIIN0000006297,Diabetology,Low
0.0,NPIIN0000006298,General Medicine,Low
0.0,NPIIN0000006299,Dermatology,Low
96.2,NPIIN0000006300,Endocrinology,Low
0.0,NPIIN0000006301,Gastroenterology,Low
0.0,NPIIN0000006302,Cardiology,Low
51.0,NPIIN0000006303,Endocrinology,Low
25.6,NPIIN0000006304,General Medicine,Low
0.0,NPIIN0000006305,Gastroenterology,Low
0.0,NPIIN0000006306,Gastroenterology,Low
0.0,NPIIN0000006307,Pulmonology,Low
78.3,NPIIN0000006308,Diabetology,Low
0.0,NPIIN0000006309,General Medicine,Low
67.5,NPIIN0000006310,Diabetology,Low
0.4,NPIIN0000006311,Diabetology,Low
51.4,NPIIN0000006312,Diabetology,Low
0.0,NPIIN0000006313,Pulmonology,Low
76.7,NPIIN0000006314,Endocrinology,Low
0.0,NPIIN0000006315,Cardiology,Low
0.0,NPIIN0000006316,Neurology,Low
0.0,NPIIN0000006317,Cardiology,Low
0.0,NPIIN0000006318,Orthopedics,Low
0.1,NPIIN0000006319,General Medicine,Low
0.0,NPIIN0000006320,Cardiology,Low
15.0,NPIIN0000006321,Urology,Low
0.0,NPIIN0000006322,Pulmonology,Low
0.0,NPIIN0000006323,Dermatology,Low
0.7,NPIIN0000006324,General Medicine,Low
0.5,NPIIN0000006325,General Medicine,Low
0.0,NPIIN0000006326,Neurology,Low
0.0,NPIIN0000006327,General Medicine,Low
0.0,NPIIN0000006328,Pulmonology,Low
0.0,NPIIN0000006329,Diabetology,Low
46.7,NPIIN0000006330,General Medicine,Low
0.0,NPIIN0000006331,Cardiology,Low
0.0,NPIIN0000006332,Gastroenterology,Low
72.3,NPIIN0000006333,General Medicine,Low
0.0,NPIIN0000006334,Orthopedics,Low
38.4,NPIIN0000006335,Diabetology,Medium
47.4,NPIIN0000006336,General Medicine,Low
46.4,NPIIN0000006337,Diabetology,Low
0.1,NPIIN0000006338,Neurology,Low
0.0,NPIIN0000006339,Dermatology,Low
5.8,NPIIN0000006340,General Medicine,Low
0.0,NPIIN0000006341,General Medicine,Low
0.0,NPIIN0000006342,Gastroenterology,Low
79.7,NPIIN0000006343,Endocrinology,Low
0.0,NPIIN0000006344,Pulmonology,Low
0.0,NPIIN0000006345,Gastroenterology,Low
51.7,NPIIN0000006346,Diabetology,Low
0.0,NPIIN0000006347,Neurology,Low
0.0,NPIIN0000006348,Gastroenterology,Low
0.0,NPIIN0000006349,Cardiology,Low
68.1,NPIIN0000006350,Diabetology,Low
0.0,NPIIN0000006351,General Medicine,Low
0.0,NPIIN0000006352,Gastroenterology,Low
0.0,NPIIN0000006353,Pulmonology,Low
14.7,NPIIN0000006354,General Medicine,Low
15.1,NPIIN0000006355,Diabetology,Low
0.6,NPIIN0000006356,Cardiology,Low
0.0,NPIIN0000006357,Cardiology,Low
49.6,NPIIN0000006358,Diabetology,Low
0.0,NPIIN0000006359,Cardiology,Low
0.0,NPIIN0000006360,Cardiology,Low
0.0,NPIIN0000006361,Pulmonology,Low
0.0,NPIIN0000006362,Pulmonology,Low
0.0,NPIIN0000006363,Cardiology,Low
0.0,NPIIN0000006364,Pulmonology,Low
7.8,NPIIN0000006365,Endocrinology,Low
0.0,NPIIN0000006366,General Medicine,Low
0.0,NPIIN0000006367,Orthopedics,Low
0.0,NPIIN0000006368,General Medicine,Low
0.0,NPIIN0000006369,Cardiology,Low
0.0,NPIIN0000006370,General Medicine,Low
0.0,NPIIN0000006371,Neurology,Low
0.2,NPIIN0000006372,Endocrinology,Low
0.0,NPIIN0000006373,Orthopedics,Low
2.1,NPIIN0000006374,General Medicine,Low
0.0,NPIIN0000006375,Cardiology,Low
38.9,NPIIN0000006376,Pulmonology,Low
0.0,NPIIN0000006377,Neurology,Low
85.7,NPIIN0000006378,General Medicine,Low
0.0,NPIIN0000006379,Urology,Low
0.0,NPIIN0000006380,Urology,Low
0.6,NPIIN0000006381,Cardiology,Low
0.4,NPIIN0000006382,Cardiology,Low
84.1,NPIIN0000006383,Diabetology,Low
46.9,NPIIN0000006384,Pulmonology,Low
0.0,NPIIN0000006385,Pulmonology,Low
61.5,NPIIN0000006386,Diabetology,Low
6.0,NPIIN0000006387,Orthopedics,Low
0.4,NPIIN0000006388,Diabetology,Low
0.0,NPIIN0000006389,Dermatology,Low
6.9,NPIIN0000006390,Dermatology,Low
0.0,NPIIN0000006391,Cardiology,Low
0.1,NPIIN0000006392,Endocrinology,Low
51.2,NPIIN0000006393,Endocrinology,Low
0.1,NPIIN0000006394,Urology,Low
0.3,NPIIN0000006395,General Medicine,Low
13.0,NPIIN0000006396,Dermatology,Low
0.0,NPIIN0000006397,General Medicine,Low
0.0,NPIIN0000006398,General Medicine,Low
84.4,NPIIN0000006399,Urology,Low
0.0,NPIIN0000006400,General Medicine,Low
0.0,NPIIN0000006401,Gastroenterology,Low
55.5,NPIIN0000006402,General Medicine,Low
0.0,NPIIN0000006403,Cardiology,Low
0.0,NPIIN0000006404,Cardiology,Low
0.3,NPIIN0000006405,Endocrinology,Low
0.0,NPIIN0000006406,Gastroenterology,Low
62.6,NPIIN0000006407,General Medicine,Low
0.0,NPIIN0000006408,General Medicine,Low
0.0,NPIIN0000006409,Cardiology,Low
0.0,NPIIN0000006410,Pulmonology,Low
0.0,NPIIN0000006411,Dermatology,Low
0.0,NPIIN0000006412,Pulmonology,Low
84.2,NPIIN0000006413,Orthopedics,Low
0.0,NPIIN0000006414,Cardiology,Low
0.0,NPIIN0000006415,Cardiology,Low
15.0,NPIIN0000006416,General Medicine,Low
0.0,NPIIN0000006417,Diabetology,Low
0.0,NPIIN0000006418,Neurology,Low
0.0,NPIIN0000006419,Dermatology,Low
0.0,NPIIN0000006420,Cardiology,Low
0.0,NPIIN0000006421,Urology,Low
0.0,NPIIN0000006422,Cardiology,Low
0.0,NPIIN0000006423,Neurology,Low
0.0,NPIIN0000006424,General Medicine,Low
0.0,NPIIN0000006425,Neurology,Low
0.0,NPIIN0000006426,Cardiology,Low
0.0,NPIIN0000006427,Orthopedics,Low
0.0,NPIIN0000006428,Orthopedics,Low
60.1,NPIIN0000006429,General Medicine,Low
0.0,NPIIN0000006430,General Medicine,Low
0.0,NPIIN0000006431,Neurology,Low
4.8,NPIIN0000006432,Pulmonology,Low
86.5,NPIIN0000006433,Pulmonology,Low
7.4,NPIIN0000006434,Pulmonology,Low
0.0,NPIIN0000006435,Dermatology,Low
51.3,NPIIN0000006436,Pulmonology,Low
65.8,NPIIN0000006437,Endocrinology,Low
0.0,NPIIN0000006438,Urology,Low
1.4,NPIIN0000006439,Endocrinology,Low
0.0,NPIIN0000006440,Endocrinology,Low
0.0,NPIIN0000006441,Orthopedics,Low
0.0,NPIIN0000006442,Endocrinology,Low
0.0,NPIIN0000006443,Cardiology,Low
0.0,NPIIN0000006444,Pulmonology,Low
70.1,NPIIN0000006445,Dermatology,Low
0.0,NPIIN0000006446,Cardiology,Low
7.4,NPIIN0000006447,General Medicine,Low
0.0,NPIIN0000006448,Cardiology,Low
0.0,NPIIN0000006449,General Medicine,Low
2.9,NPIIN0000006450,General Medicine,Low
0.0,NPIIN0000006451,Cardiology,Low
0.0,NPIIN0000006452,Orthopedics,Low
0.0,NPIIN0000006453,Neurology,Low
0.0,NPIIN0000006454,Dermatology,Low
82.6,NPIIN0000006455,Urology,Low
6.9,NPIIN0000006456,Orthopedics,Low
0.0,NPIIN0000006457,Gastroenterology,Low
62.0,NPIIN0000006458,Diabetology,High
80.4,NPIIN0000006459,Dermatology,Low
0.0,NPIIN0000006460,General Medicine,Low
0.0,NPIIN0000006461,Diabetology,Low
56.3,NPIIN0000006462,General Medicine,Low
85.2,NPIIN0000006463,Diabetology,Low
0.0,NPIIN0000006464,General Medicine,Low
25.1,NPIIN0000006465,Gastroenterology,Low
0.0,NPIIN0000006466,General Medicine,Low
0.0,NPIIN0000006467,Diabetology,Low
0.0,NPIIN0000006468,Cardiology,Low
0.0,NPIIN0000006469,Dermatology,Low
0.0,NPIIN0000006470,General Medicine,Low
82.5,NPIIN0000006471,General Medicine,Low
0.0,NPIIN0000006472,Gastroenterology,Low
0.0,NPIIN0000006473,Dermatology,Low
1.4,NPIIN0000006474,General Medicine,Low
0.0,NPIIN0000006475,Neurology,Low
4.9,NPIIN0000006476,Endocrinology,Low
5.9,NPIIN0000006477,Orthopedics,Low
0.0,NPIIN0000006478,Pulmonology,Low
0.0,NPIIN0000006479,Gastroenterology,Low
0.0,NPIIN0000006480,Cardiology,Low
0.0,NPIIN0000006481,Neurology,Low
1.6,NPIIN0000006482,General Medicine,Low
0.5,NPIIN0000006483,General Medicine,Low
0.0,NPIIN0000006484,Neurology,Low
0.3,NPIIN0000006485,Dermatology,Low
0.1,NPIIN0000006486,General Medicine,Low
0.0,NPIIN0000006487,Urology,Low
2.6,NPIIN0000006488,Endocrinology,Low
0.0,NPIIN0000006489,Pulmonology,Low
0.8,NPIIN0000006490,Endocrinology,Low
81.4,NPIIN0000006491,Diabetology,Low
0.0,NPIIN0000006492,Urology,Low
0.0,NPIIN0000006493,Cardiology,Low
0.0,NPIIN0000006494,Urology,Low
91.2,NPIIN0000006495,Diabetology,Low
34.7,NPIIN0000006496,Neurology,Low
85.5,NPIIN0000006497,Cardiology,Low
0.0,NPIIN0000006498,Neurology,Low
55.3,NPIIN0000006499,Urology,Low
0.0,NPIIN0000006500,Pulmonology,Low
0.0,NPIIN0000006501,General Medicine,Low
0.0,NPIIN0000006502,Dermatology,Low
53.4,NPIIN0000006503,Gastroenterology,Low
0.0,NPIIN0000006504,Cardiology,Low
25.7,NPIIN0000006505,Neurology,Low
1.0,NPIIN0000006506,Neurology,Low
0.3,NPIIN0000006507,Gastroenterology,Low
0.0,NPIIN0000006508,Diabetology,Low
87.1,NPIIN0000006509,General Medicine,Low
0.0,NPIIN0000006510,Orthopedics,Low
0.0,NPIIN0000006511,Pulmonology,Low
0.0,NPIIN0000006512,General Medicine,Low
0.0,NPIIN0000006513,Orthopedics,Low
0.0,NPIIN0000006514,Endocrinology,Low
8.0,NPIIN0000006515,General Medicine,Low
0.0,NPIIN0000006516,Gastroenterology,Low
0.0,NPIIN0000006517,Gastroenterology,Low
0.0,NPIIN0000006518,Orthopedics,Low
0.0,NPIIN0000006519,Neurology,Low
46.8,NPIIN0000006520,Diabetology,Low
0.0,NPIIN0000006521,General Medicine,Low
0.0,NPIIN0000006522,Cardiology,Low
0.0,NPIIN0000006523,Urology,Low
0.0,NPIIN0000006524,Cardiology,Low
0.0,NPIIN0000006525,Pulmonology,Low
0.0,NPIIN0000006526,General Medicine,Low
0.0,NPIIN0000006527,Cardiology,Low
6.1,NPIIN0000006528,Diabetology,Low
0.0,NPIIN0000006529,Neurology,Low
48.3,NPIIN0000006530,Cardiology,Low
0.0,NPIIN0000006531,Orthopedics,Low
0.0,NPIIN0000006532,Urology,Low
0.0,NPIIN0000006533,Cardiology,Low
0.0,NPIIN0000006534,Urology,Low
81.9,NPIIN0000006535,Diabetology,Low
0.0,NPIIN0000006536,Cardiology,Low
51.8,NPIIN0000006537,Diabetology,Low
0.0,NPIIN0000006538,Dermatology,Low
0.0,NPIIN0000006539,Neurology,Low
67.9,NPIIN0000006540,Endocrinology,Low
0.0,NPIIN0000006541,Gastroenterology,Low
0.0,NPIIN0000006542,Neurology,Low
0.0,NPIIN0000006543,Gastroenterology,Low
0.0,NPIIN0000006544,Pulmonology,Low
0.0,NPIIN0000006545,Dermatology,Low
0.0,NPIIN0000006546,Neurology,Low
0.0,NPIIN0000006547,Cardiology,Low
0.0,NPIIN0000006548,Dermatology,Low
0.0,NPIIN0000006549,Diabetology,Low
82.2,NPIIN0000006550,Neurology,Low
0.0,NPIIN0000006551,Neurology,Low
0.0,NPIIN0000006552,General Medicine,Low
66.7,NPIIN0000006553,Endocrinology,Low
0.0,NPIIN0000006554,Neurology,Low
0.0,NPIIN0000006555,Dermatology,Low
0.0,NPIIN0000006556,Dermatology,Low
0.0,NPIIN0000006557,Pulmonology,Low
2.1,NPIIN0000006558,Endocrinology,Medium
47.0,NPIIN0000006559,Diabetology,Low
0.0,NPIIN0000006560,Gastroenterology,Low
0.4,NPIIN0000006561,General Medicine,Low
71.9,NPIIN0000006562,Gastroenterology,Low
49.8,NPIIN0000006563,Diabetology,Low
0.0,NPIIN0000006564,Cardiology,Low
0.0,NPIIN0000006565,Pulmonology,Low
86.4,NPIIN0000006566,Pulmonology,Low
0.0,NPIIN0000006567,Pulmonology,Low
83.2,NPIIN0000006568,Diabetology,Low
0.0,NPIIN0000006569,Dermatology,Low
24.9,NPIIN0000006570,General Medicine,Low
0.0,NPIIN0000006571,Gastroenterology,Low
0.0,NPIIN0000006572,Pulmonology,Low
50.4,NPIIN0000006573,General Medicine,Low
86.3,NPIIN0000006574,Neurology,Low
0.6,NPIIN0000006575,Pulmonology,Low
0.7,NPIIN0000006576,General Medicine,Low
0.0,NPIIN0000006577,Neurology,Low
72.6,NPIIN0000006578,Cardiology,Low
0.0,NPIIN0000006579,Urology,Low
84.8,NPIIN0000006580,General Medicine,Medium
0.2,NPIIN0000006581,Endocrinology,Low
0.0,NPIIN0000006582,Gastroenterology,Low
0.0,NPIIN0000006583,Endocrinology,Low
0.0,NPIIN0000006584,Orthopedics,Low
38.5,NPIIN0000006585,General Medicine,Low
50.5,NPIIN0000006586,Diabetology,Low
0.0,NPIIN0000006587,Cardiology,Low
0.0,NPIIN0000006588,Cardiology,Low
0.0,NPIIN0000006589,Cardiology,Low
0.0,NPIIN0000006590,Cardiology,Low
0.0,NPIIN0000006591,Diabetology,Low
79.4,NPIIN0000006592,Diabetology,Low
0.0,NPIIN0000006593,General Medicine,Low
79.6,NPIIN0000006594,Endocrinology,Low
0.0,NPIIN0000006595,Cardiology,Low
0.0,NPIIN0000006596,Cardiology,Low
55.0,NPIIN0000006597,Endocrinology,Low
48.2,NPIIN0000006598,Diabetology,Low
6.9,NPIIN0000006599,Endocrinology,Low
0.0,NPIIN0000006600,General Medicine,Low
0.0,NPIIN0000006601,Urology,Low
47.8,NPIIN0000006602,Diabetology,Low
90.2,NPIIN0000006603,Endocrinology,Low
0.0,NPIIN0000006604,Neurology,Low
0.0,NPIIN0000006605,General Medicine,Low
0.0,NPIIN0000006606,Cardiology,Low
0.0,NPIIN0000006607,Gastroenterology,Low
0.0,NPIIN0000006608,Gastroenterology,Low
1.0,NPIIN0000006609,Orthopedics,Low
0.0,NPIIN0000006610,Orthopedics,Low
86.5,NPIIN0000006611,Pulmonology,Low
0.0,NPIIN0000006612,Neurology,Low
47.3,NPIIN0000006613,General Medicine,Low
0.1,NPIIN0000006614,Urology,Low
0.0,NPIIN0000006615,Pulmonology,Low
82.4,NPIIN0000006616,Diabetology,Low
0.0,NPIIN0000006617,Cardiology,Low
1.0,NPIIN0000006618,Pulmonology,Low
72.1,NPIIN0000006619,General Medicine,Low
0.0,NPIIN0000006620,Dermatology,Low
68.0,NPIIN0000006621,Endocrinology,Low
0.0,NPIIN0000006622,Dermatology,Low
0.0,NPIIN0000006623,Cardiology,Low
6.9,NPIIN0000006624,Pulmonology,Low
0.0,NPIIN0000006625,General Medicine,Low
0.0,NPIIN0000006626,General Medicine,Low
6.9,NPIIN0000006627,General Medicine,Low
84.4,NPIIN0000006628,Endocrinology,Low
24.0,NPIIN0000006629,Endocrinology,Low
0.0,NPIIN0000006630,Dermatology,Low
0.0,NPIIN0000006631,Endocrinology,Low
0.0,NPIIN0000006632,Gastroenterology,Low
0.0,NPIIN0000006633,Gastroenterology,Low
0.0,NPIIN0000006634,Cardiology,Low
0.0,NPIIN0000006635,Urology,Low
0.0,NPIIN0000006636,Gastroenterology,Low
0.0,NPIIN0000006637,Dermatology,Low
47.0,NPIIN0000006638,Dermatology,Low
0.6,NPIIN0000006639,Pulmonology,Low
0.0,NPIIN0000006640,Orthopedics,Low
0.4,NPIIN0000006641,Endocrinology,Low
0.0,NPIIN0000006642,Cardiology,Low
7.0,NPIIN0000006643,Neurology,Low
4.6,NPIIN0000006644,Diabetology,Low
0.0,NPIIN0000006645,Pulmonology,Low
1.4,NPIIN0000006646,General Medicine,Low
0.4,NPIIN0000006647,General Medicine,Low
0.0,NPIIN0000006648,Urology,Low
0.0,NPIIN0000006649,Endocrinology,Low
0.0,NPIIN0000006650,Endocrinology,Low
0.0,NPIIN0000006651,Neurology,Low
85.0,NPIIN0000006652,Gastroenterology,Low
0.0,NPIIN0000006653,Dermatology,Low
96.1,NPIIN0000006654,Endocrinology,Low
0.0,NPIIN0000006655,Urology,Low
80.4,NPIIN0000006656,Pulmonology,Low
0.0,NPIIN0000006657,Dermatology,Low
0.0,NPIIN0000006658,Cardiology,Low
13.2,NPIIN0000006659,General Medicine,Low
72.5,NPIIN0000006660,General Medicine,Low
0.0,NPIIN0000006661,Pulmonology,Low
0.0,NPIIN0000006662,Cardiology,Low
7.4,NPIIN0000006663,Pulmonology,Low
0.0,NPIIN0000006664,Neurology,Low
0.2,NPIIN0000006665,General Medicine,Low
0.0,NPIIN0000006666,General Medicine,Low
0.0,NPIIN0000006667,Diabetology,Low
0.0,NPIIN0000006668,Urology,Low
0.0,NPIIN0000006669,Pulmonology,Low
0.0,NPIIN0000006670,Pulmonology,Low
7.1,NPIIN0000006671,Orthopedics,Low
24.8,NPIIN0000006672,Neurology,Low
85.1,NPIIN0000006673,Diabetology,Low
0.0,NPIIN0000006674,Neurology,Low
0.0,NPIIN0000006675,Orthopedics,Low
0.0,NPIIN0000006676,Cardiology,Low
0.0,NPIIN0000006677,Pulmonology,Low
31.1,NPIIN0000006678,Endocrinology,Low
0.7,NPIIN0000006679,Dermatology,Low
0.0,NPIIN0000006680,Neurology,Low
0.0,NPIIN0000006681,Orthopedics,Low
0.8,NPIIN0000006682,Neurology,Low
0.0,NPIIN0000006683,Cardiology,Low
0.5,NPIIN0000006684,General Medicine,Low
0.0,NPIIN0000006685,Urology,Low
0.4,NPIIN0000006686,Endocrinology,Low
0.0,NPIIN0000006687,Cardiology,Low
0.0,NPIIN0000006688,Gastroenterology,Low
0.0,NPIIN0000006689,General Medicine,Low
0.0,NPIIN0000006690,Cardiology,Low
0.4,NPIIN0000006691,Diabetology,Low
67.4,NPIIN0000006692,Diabetology,Low
0.0,NPIIN0000006693,Neurology,Low
0.0,NPIIN0000006694,General Medicine,Low
0.0,NPIIN0000006695,General Medicine,Low
0.0,NPIIN0000006696,Dermatology,Low
44.5,NPIIN0000006697,Diabetology,Low
0.0,NPIIN0000006698,Neurology,Low
0.0,NPIIN0000006699,General Medicine,Low
0.0,NPIIN0000006700,General Medicine,Low
0.0,NPIIN0000006701,Pulmonology,Low
0.0,NPIIN0000006702,Neurology,Low
0.8,NPIIN0000006703,Orthopedics,Low
39.9,NPIIN0000006704,Diabetology,Low
0.0,NPIIN0000006705,Cardiology,Low
0.0,NPIIN0000006706,General Medicine,Low
0.0,NPIIN0000006707,Pulmonology,Low
76.9,NPIIN0000006708,Endocrinology,Low
0.0,NPIIN0000006709,Urology,Low
0.0,NPIIN0000006710,Dermatology,Low
14.8,NPIIN0000006711,General Medicine,Low
39.6,NPIIN0000006712,General Medicine,Low
0.5,NPIIN0000006713,Cardiology,Low
0.0,NPIIN0000006714,Pulmonology,Low
0.0,NPIIN0000006715,Pulmonology,Low
0.0,NPIIN0000006716,Urology,Low
80.8,NPIIN0000006717,General Medicine,Low
0.3,NPIIN0000006718,Endocrinology,Low
0.0,NPIIN0000006719,Endocrinology,Low
52.2,NPIIN0000006720,Endocrinology,Low
0.0,NPIIN0000006721,Orthopedics,Low
0.3,NPIIN0000006722,Dermatology,Low
0.0,NPIIN0000006723,Dermatology,Low
0.0,NPIIN0000006724,Dermatology,Low
0.0,NPIIN0000006725,Cardiology,Low
0.0,NPIIN0000006726,Neurology,Low
0.0,NPIIN0000006727,Neurology,Low
68.4,NPIIN0000006728,Endocrinology,Low
0.0,NPIIN0000006729,General Medicine,Low
0.1,NPIIN0000006730,Neurology,Low
0.0,NPIIN0000006731,Urology,Low
47.6,NPIIN0000006732,Cardiology,Low
0.0,NPIIN0000006733,Urology,Low
0.0,NPIIN0000006734,Urology,Low
0.0,NPIIN0000006735,Urology,Low
0.0,NPIIN0000006736,Cardiology,Low
1.0,NPIIN0000006737,Endocrinology,Low
0.0,NPIIN0000006738,Neurology,Low
0.0,NPIIN0000006739,Diabetology,Low
0.0,NPIIN0000006740,Cardiology,Low
53.2,NPIIN0000006741,Gastroenterology,Low
0.0,NPIIN0000006742,Cardiology,Low
0.2,NPIIN0000006743,General Medicine,Low
72.3,NPIIN0000006744,Orthopedics,Low
59.1,NPIIN0000006745,General Medicine,Low
0.0,NPIIN0000006746,Urology,Low
0.0,NPIIN0000006747,General Medicine,Low
0.0,NPIIN0000006748,General Medicine,Low
0.3,NPIIN0000006749,Cardiology,Low
31.0,NPIIN0000006750,General Medicine,Low
44.5,NPIIN0000006751,General Medicine,Low
14.2,NPIIN0000006752,Dermatology,Low
0.0,NPIIN0000006753,Urology,Low
0.0,NPIIN0000006754,Cardiology,Low
6.9,NPIIN0000006755,Cardiology,Low
0.0,NPIIN0000006756,Neurology,Low
0.5,NPIIN0000006757,General Medicine,Low
56.5,NPIIN0000006758,Diabetology,Medium
68.2,NPIIN0000006759,Diabetology,Low
0.7,NPIIN0000006760,Endocrinology,Low
0.4,NPIIN0000006761,General Medicine,Low
0.0,NPIIN0000006762,Cardiology,Low
0.0,NPIIN0000006763,Gastroenterology,Low
5.3,NPIIN0000006764,Diabetology,Low
4.8,NPIIN0000006765,General Medicine,Low
2.6,NPIIN0000006766,General Medicine,Low
53.1,NPIIN0000006767,Endocrinology,Low
0.0,NPIIN0000006768,Urology,Low
0.0,NPIIN0000006769,Neurology,Low
0.0,NPIIN0000006770,Urology,Low
0.0,NPIIN0000006771,General Medicine,Low
6.9,NPIIN0000006772,General Medicine,Low
70.7,NPIIN0000006773,Endocrinology,Low
0.0,NPIIN0000006774,Pulmonology,Low
5.9,NPIIN0000006775,Pulmonology,Low
1.5,NPIIN0000006776,General Medicine,Low
7.5,NPIIN0000006777,Endocrinology,Low
4.1,NPIIN0000006778,Diabetology,Low
0.0,NPIIN0000006779,Cardiology,Low
86.2,NPIIN0000006780,Diabetology,Low
0.0,NPIIN0000006781,Pulmonology,Low
0.8,NPIIN0000006782,Orthopedics,Low
0.0,NPIIN0000006783,Endocrinology,Low
0.0,NPIIN0000006784,Cardiology,Low
62.2,NPIIN0000006785,Diabetology,Low
0.4,NPIIN0000006786,Endocrinology,Low
0.0,NPIIN0000006787,Neurology,Low
72.2,NPIIN0000006788,Cardiology,Low
0.0,NPIIN0000006789,Orthopedics,Low
6.7,NPIIN0000006790,Dermatology,Low
0.0,NPIIN0000006791,General Medicine,Low
13.1,NPIIN0000006792,Urology,Low
0.0,NPIIN0000006793,Pulmonology,Low
13.2,NPIIN0000006794,Orthopedics,Low
55.0,NPIIN0000006795,Diabetology,Low
0.0,NPIIN0000006796,Orthopedics,Low
0.4,NPIIN0000006797,Endocrinology,Low
0.0,NPIIN0000006798,General Medicine,Low
0.0,NPIIN0000006799,Orthopedics,Low
87.0,NPIIN0000006800,General Medicine,Low
50.3,NPIIN0000006801,Endocrinology,Low
0.0,NPIIN0000006802,Cardiology,Low
0.1,NPIIN0000006803,Endocrinology,Low
0.0,NPIIN0000006804,General Medicine,Low
0.0,NPIIN0000006805,General Medicine,Low
0.0,NPIIN0000006806,Pulmonology,Low
0.0,NPIIN0000006807,Dermatology,Low
0.0,NPIIN0000006808,Cardiology,Low
0.0,NPIIN0000006809,Dermatology,Low
0.0,NPIIN0000006810,Pulmonology,Low
0.1,NPIIN0000006811,Gastroenterology,Low
0.0,NPIIN0000006812,Gastroenterology,Low
0.0,NPIIN0000006813,Urology,Low
0.0,NPIIN0000006814,Cardiology,Low
0.0,NPIIN0000006815,Pulmonology,Low
0.0,NPIIN0000006816,Urology,Low
15.0,NPIIN0000006817,Gastroenterology,Low
0.3,NPIIN0000006818,Cardiology,Low
5.9,NPIIN0000006819,Pulmonology,Low
0.0,NPIIN0000006820,Dermatology,Low
46.0,NPIIN0000006821,Diabetology,Low
0.0,NPIIN0000006822,Neurology,Low
0.0,NPIIN0000006823,Dermatology,Low
0.0,NPIIN0000006824,General Medicine,Low
50.6,NPIIN0000006825,Endocrinology,Low
0.0,NPIIN0000006826,Pulmonology,Low
0.0,NPIIN0000006827,Pulmonology,Low
0.0,NPIIN0000006828,General Medicine,Low
0.0,NPIIN0000006829,Neurology,Low
0.0,NPIIN0000006830,General Medicine,Low
0.0,NPIIN0000006831,Urology,Low
0.0,NPIIN0000006832,Dermatology,Low
15.5,NPIIN0000006833,Dermatology,Low
0.0,NPIIN0000006834,General Medicine,Low
84.6,NPIIN0000006835,Endocrinology,Medium
0.0,NPIIN0000006836,Gastroenterology,Low
85.1,NPIIN0000006837,Cardiology,Low
0.0,NPIIN0000006838,General Medicine,Low
0.0,NPIIN0000006839,Cardiology,Low
0.0,NPIIN0000006840,General Medicine,Low
0.0,NPIIN0000006841,Neurology,Low
46.7,NPIIN0000006842,General Medicine,Low
0.0,NPIIN0000006843,General Medicine,Low
0.0,NPIIN0000006844,Cardiology,Low
71.6,NPIIN0000006845,Diabetology,Low
84.9,NPIIN0000006846,General Medicine,Low
0.0,NPIIN0000006847,Urology,Low
0.0,NPIIN0000006848,Urology,Low
0.0,NPIIN0000006849,Orthopedics,Low
0.0,NPIIN0000006850,Cardiology,Low
54.5,NPIIN0000006851,Diabetology,Low
85.1,NPIIN0000006852,General Medicine,Low
0.0,NPIIN0000006853,Neurology,Low
0.0,NPIIN0000006854,Neurology,Low
0.0,NPIIN0000006855,Gastroenterology,Low
72.3,NPIIN0000006856,General Medicine,Low
1.1,NPIIN0000006857,Pulmonology,Low
6.8,NPIIN0000006858,Orthopedics,Low
6.4,NPIIN0000006859,Diabetology,Low
0.0,NPIIN0000006860,Dermatology,Low
0.0,NPIIN0000006861,Gastroenterology,Low
53.7,NPIIN0000006862,Endocrinology,Low
83.3,NPIIN0000006863,Urology,Low
0.0,NPIIN0000006864,Dermatology,Low
0.0,NPIIN0000006865,Gastroenterology,Low
0.0,NPIIN0000006866,Cardiology,Low
0.0,NPIIN0000006867,Cardiology,Low
0.0,NPIIN0000006868,Neurology,Low
0.0,NPIIN0000006869,Cardiology,Low
0.0,NPIIN0000006870,Cardiology,Low
13.0,NPIIN0000006871,General Medicine,Low
0.0,NPIIN0000006872,Cardiology,Low
0.0,NPIIN0000006873,Gastroenterology,Low
0.0,NPIIN0000006874,Pulmonology,Low
0.0,NPIIN0000006875,Cardiology,Low
0.0,NPIIN0000006876,Pulmonology,Low
0.0,NPIIN0000006877,Cardiology,Low
0.0,NPIIN0000006878,Cardiology,Low
84.4,NPIIN0000006879,General Medicine,Low
72.3,NPIIN0000006880,General Medicine,Low
54.9,NPIIN0000006881,General Medicine,Low
0.0,NPIIN0000006882,Pulmonology,Low
87.1,NPIIN0000006883,General Medicine,Low
0.0,NPIIN0000006884,Pulmonology,Low
0.0,NPIIN0000006885,General Medicine,Low
0.0,NPIIN0000006886,Gastroenterology,Low
0.0,NPIIN0000006887,Pulmonology,Low
31.9,NPIIN0000006888,Endocrinology,Low
0.0,NPIIN0000006889,Neurology,Low
0.0,NPIIN0000006890,Gastroenterology,Low
0.0,NPIIN0000006891,Cardiology,Low
0.0,NPIIN0000006892,Pulmonology,Low
0.0,NPIIN0000006893,Dermatology,Low
0.0,NPIIN0000006894,Cardiology,Low
0.0,NPIIN0000006895,Urology,Low
52.9,NPIIN0000006896,General Medicine,Low
1.0,NPIIN0000006897,Gastroenterology,Low
0.0,NPIIN0000006898,Urology,Low
0.0,NPIIN0000006899,Orthopedics,Low
0.0,NPIIN0000006900,Pulmonology,Low
0.0,NPIIN0000006901,Neurology,Low
45.9,NPIIN0000006902,Diabetology,Low
66.0,NPIIN0000006903,Diabetology,Low
0.0,NPIIN0000006904,Dermatology,Low
87.0,NPIIN0000006905,General Medicine,Low
0.0,NPIIN0000006906,Dermatology,Low
0.3,NPIIN0000006907,Cardiology,Low
0.0,NPIIN0000006908,Endocrinology,Low
50.9,NPIIN0000006909,Endocrinology,Low
48.9,NPIIN0000006910,General Medicine,Low
24.7,NPIIN0000006911,Cardiology,Low
0.0,NPIIN0000006912,General Medicine,Low
0.0,NPIIN0000006913,Orthopedics,Low
1.4,NPIIN0000006914,Dermatology,Low
0.0,NPIIN0000006915,Gastroenterology,Low
0.0,NPIIN0000006916,Cardiology,Low
0.0,NPIIN0000006917,General Medicine,Low
0.0,NPIIN0000006918,Neurology,Low
0.0,NPIIN0000006919,Cardiology,Low
0.0,NPIIN0000006920,General Medicine,Low
0.0,NPIIN0000006921,Urology,Low
0.0,NPIIN0000006922,Cardiology,Low
0.0,NPIIN0000006923,Urology,Low
55.7,NPIIN0000006924,Endocrinology,Low
24.9,NPIIN0000006925,Endocrinology,Low
0.0,NPIIN0000006926,Endocrinology,Low
0.0,NPIIN0000006927,Orthopedics,Low
0.0,NPIIN0000006928,Pulmonology,Low
27.2,NPIIN0000006929,Gastroenterology,Low
0.0,NPIIN0000006930,General Medicine,Low
0.0,NPIIN0000006931,Urology,Low
0.0,NPIIN0000006932,Pulmonology,Low
0.0,NPIIN0000006933,Pulmonology,Low
0.0,NPIIN0000006934,Gastroenterology,Low
0.0,NPIIN0000006935,Gastroenterology,Low
0.0,NPIIN0000006936,Neurology,Low
0.0,NPIIN0000006937,Cardiology,Low
0.0,NPIIN0000006938,Urology,Low
0.0,NPIIN0000006939,Diabetology,Low
0.0,NPIIN0000006940,Orthopedics,Low
0.0,NPIIN0000006941,General Medicine,Low
0.0,NPIIN0000006942,Cardiology,Low
7.8,NPIIN0000006943,Diabetology,Low
27.4,NPIIN0000006944,Pulmonology,Low
0.3,NPIIN0000006945,General Medicine,Low
0.0,NPIIN0000006946,Dermatology,Low
0.0,NPIIN0000006947,Neurology,Low
0.0,NPIIN0000006948,Endocrinology,Low
0.1,NPIIN0000006949,Pulmonology,Low
0.5,NPIIN0000006950,Gastroenterology,Low
0.0,NPIIN0000006951,Urology,Low
0.0,NPIIN0000006952,General Medicine,Low
24.7,NPIIN0000006953,Urology,Low
0.0,NPIIN0000006954,Cardiology,Low
0.0,NPIIN0000006955,Neurology,Low
0.0,NPIIN0000006956,Gastroenterology,Low
55.3,NPIIN0000006957,General Medicine,Low
0.0,NPIIN0000006958,Cardiology,Low
0.0,NPIIN0000006959,Neurology,Low
0.0,NPIIN0000006960,General Medicine,Low
0.3,NPIIN0000006961,Endocrinology,Low
48.7,NPIIN0000006962,Endocrinology,Low
0.0,NPIIN0000006963,Gastroenterology,Low
66.1,NPIIN0000006964,Endocrinology,Low
0.0,NPIIN0000006965,General Medicine,Low
0.0,NPIIN0000006966,Orthopedics,Low
0.0,NPIIN0000006967,Gastroenterology,Low
0.0,NPIIN0000006968,Pulmonology,Low
0.3,NPIIN0000006969,General Medicine,Low
2.8,NPIIN0000006970,Endocrinology,Low
0.3,NPIIN0000006971,General Medicine,Low
0.0,NPIIN0000006972,Endocrinology,Low
0.0,NPIIN0000006973,Cardiology,Low
0.3,NPIIN0000006974,Cardiology,Low
0.0,NPIIN0000006975,Pulmonology,Low
76.4,NPIIN0000006976,Endocrinology,Low
0.0,NPIIN0000006977,Endocrinology,Low
0.0,NPIIN0000006978,Urology,Low
0.0,NPIIN0000006979,Cardiology,Low
6.8,NPIIN0000006980,Neurology,Low
86.7,NPIIN0000006981,General Medicine,Low
0.0,NPIIN0000006982,Pulmonology,Low
0.0,NPIIN0000006983,Cardiology,Low
0.0,NPIIN0000006984,Cardiology,Low
25.5,NPIIN0000006985,Dermatology,Low
0.0,NPIIN0000006986,General Medicine,Low
0.0,NPIIN0000006987,Cardiology,Low
0.0,NPIIN0000006988,General Medicine,Low
0.0,NPIIN0000006989,General Medicine,Low
0.0,NPIIN0000006990,Cardiology,Low
0.0,NPIIN0000006991,Pulmonology,Low
0.0,NPIIN0000006992,General Medicine,Low
0.0,NPIIN0000006993,Pulmonology,Low
0.0,NPIIN0000006994,Dermatology,Low
0.0,NPIIN0000006995,General Medicine,Low
0.0,NPIIN0000006996,Urology,Low
0.0,NPIIN0000006997,General Medicine,Low
0.0,NPIIN0000006998,General Medicine,Low
0.5,NPIIN0000006999,Neurology,Low
0.0,NPIIN0000007000,Pulmonology,Low
0.0,NPIIN0000007001,Cardiology,Low
0.0,NPIIN0000007002,Orthopedics,Low
0.0,NPIIN0000007003,Orthopedics,Low
13.5,NPIIN0000007004,Diabetology,Low
0.0,NPIIN0000007005,Pulmonology,Low
0.0,NPIIN0000007006,Gastroenterology,Low
0.0,NPIIN0000007007,Urology,Low
71.9,NPIIN0000007008,Pulmonology,Low
0.0,NPIIN0000007009,Cardiology,Low
0.0,NPIIN0000007010,Neurology,Low
1.4,NPIIN0000007011,Cardiology,Low
0.3,NPIIN0000007012,Neurology,Low
0.0,NPIIN0000007013,Pulmonology,Low
0.0,NPIIN0000007014,Neurology,Low
7.8,NPIIN0000007015,Endocrinology,Low
0.0,NPIIN0000007016,General Medicine,Low
0.5,NPIIN0000007017,Pulmonology,Low
0.3,NPIIN0000007018,Diabetology,Low
67.1,NPIIN0000007019,Endocrinology,Low
0.0,NPIIN0000007020,Endocrinology,Low
0.0,NPIIN0000007021,Dermatology,Low
7.1,NPIIN0000007022,General Medicine,Low
0.0,NPIIN0000007023,Neurology,Low
0.0,NPIIN0000007024,General Medicine,Low
72.1,NPIIN0000007025,Dermatology,Low
0.0,NPIIN0000007026,General Medicine,Low
0.0,NPIIN0000007027,Cardiology,Low
82.2,NPIIN0000007028,Endocrinology,Low
0.0,NPIIN0000007029,Cardiology,Low
0.0,NPIIN0000007030,Dermatology,Low
0.0,NPIIN0000007031,Neurology,Low
55.5,NPIIN0000007032,Gastroenterology,Low
0.0,NPIIN0000007033,Gastroenterology,Low
0.0,NPIIN0000007034,Dermatology,Low
1.0,NPIIN0000007035,Orthopedics,Low
0.1,NPIIN0000007036,Neurology,Low
90.5,NPIIN0000007037,Diabetology,Low
0.0,NPIIN0000007038,Cardiology,Low
0.3,NPIIN0000007039,Pulmonology,Low
55.9,NPIIN0000007040,Gastroenterology,Low
1.4,NPIIN0000007041,Pulmonology,Low
51.3,NPIIN0000007042,Diabetology,Low
0.0,NPIIN0000007043,Gastroenterology,Low
0.0,NPIIN0000007044,General Medicine,Low
0.1,NPIIN0000007045,Diabetology,Medium
0.0,NPIIN0000007046,Dermatology,Low
0.0,NPIIN0000007047,Pulmonology,Low
7.8,NPIIN0000007048,Diabetology,Low
94.2,NPIIN0000007049,Diabetology,Low
0.0,NPIIN0000007050,Pulmonology,Low
0.0,NPIIN0000007051,General Medicine,Low
83.5,NPIIN0000007052,Endocrinology,Low
0.0,NPIIN0000007053,Pulmonology,Low
0.1,NPIIN0000007054,Neurology,Low
0.0,NPIIN0000007055,Cardiology,Low
0.0,NPIIN0000007056,Pulmonology,Low
0.0,NPIIN0000007057,Pulmonology,Low
0.0,NPIIN0000007058,General Medicine,Low
0.0,NPIIN0000007059,General Medicine,Low
75.3,NPIIN0000007060,Diabetology,Low
49.8,NPIIN0000007061,General Medicine,Low
0.1,NPIIN0000007062,Dermatology,Low
0.0,NPIIN0000007063,General Medicine,Low
0.0,NPIIN0000007064,Orthopedics,Low
0.0,NPIIN0000007065,General Medicine,Low
0.0,NPIIN0000007066,Neurology,Low
7.6,NPIIN0000007067,Pulmonology,Low
0.0,NPIIN0000007068,Gastroenterology,Low
0.0,NPIIN0000007069,Urology,Low
0.0,NPIIN0000007070,General Medicine,Low
0.7,NPIIN0000007071,General Medicine,Low
0.0,NPIIN0000007072,Orthopedics,Low
0.0,NPIIN0000007073,Orthopedics,Low
0.0,NPIIN0000007074,Orthopedics,Low
48.6,NPIIN0000007075,Endocrinology,Low
0.0,NPIIN0000007076,Cardiology,Low
62.9,NPIIN0000007077,General Medicine,Low
0.0,NPIIN0000007078,Gastroenterology,Low
0.3,NPIIN0000007079,Cardiology,Low
0.0,NPIIN0000007080,General Medicine,Low
0.0,NPIIN0000007081,Pulmonology,Low
72.4,NPIIN0000007082,Endocrinology,Low
0.0,NPIIN0000007083,Gastroenterology,Low
38.3,NPIIN0000007084,Endocrinology,Low
0.0,NPIIN0000007085,Dermatology,Low
6.9,NPIIN0000007086,General Medicine,Low
0.0,NPIIN0000007087,Pulmonology,Low
0.0,NPIIN0000007088,Pulmonology,Low
46.7,NPIIN0000007089,Diabetology,Low
0.0,NPIIN0000007090,General Medicine,Low
0.0,NPIIN0000007091,Dermatology,Low
0.0,NPIIN0000007092,Pulmonology,Low
0.0,NPIIN0000007093,Cardiology,Low
0.0,NPIIN0000007094,Gastroenterology,Low
87.3,NPIIN0000007095,Endocrinology,Medium
0.0,NPIIN0000007096,General Medicine,Low
0.0,NPIIN0000007097,General Medicine,Low
7.1,NPIIN0000007098,General Medicine,Low
0.0,NPIIN0000007099,Cardiology,Low
67.4,NPIIN0000007100,Diabetology,Low
0.0,NPIIN0000007101,Cardiology,Low
82.2,NPIIN0000007102,General Medicine,Low
0.0,NPIIN0000007103,Pulmonology,Low
0.0,NPIIN0000007104,Neurology,Low
0.0,NPIIN0000007105,Cardiology,Low
0.0,NPIIN0000007106,Cardiology,Low
0.0,NPIIN0000007107,Neurology,Low
0.0,NPIIN0000007108,Pulmonology,Low
1.4,NPIIN0000007109,Dermatology,Low
0.5,NPIIN0000007110,Endocrinology,Low
0.0,NPIIN0000007111,Cardiology,Low
0.0,NPIIN0000007112,General Medicine,Low
0.0,NPIIN0000007113,Neurology,Low
0.0,NPIIN0000007114,General Medicine,Low
0.0,NPIIN0000007115,Cardiology,Low
0.0,NPIIN0000007116,Cardiology,Low
0.0,NPIIN0000007117,Neurology,Low
91.9,NPIIN0000007118,Diabetology,Low
47.1,NPIIN0000007119,Neurology,Low
0.0,NPIIN0000007120,Diabetology,Low
0.0,NPIIN0000007121,Diabetology,Low
46.5,NPIIN0000007122,Endocrinology,Low
0.0,NPIIN0000007123,Orthopedics,Low
38.5,NPIIN0000007124,Cardiology,Low
0.0,NPIIN0000007125,Cardiology,Low
86.3,NPIIN0000007126,Dermatology,Low
0.0,NPIIN0000007127,Cardiology,Low
73.5,NPIIN0000007128,Diabetology,Low
76.9,NPIIN0000007129,Diabetology,Low
0.0,NPIIN0000007130,Neurology,Low
0.0,NPIIN0000007131,General Medicine,Low
1.0,NPIIN0000007132,Dermatology,Low
0.0,NPIIN0000007133,Gastroenterology,Low
0.0,NPIIN0000007134,Pulmonology,Low
65.9,NPIIN0000007135,Diabetology,Low
0.0,NPIIN0000007136,Dermatology,Low
0.0,NPIIN0000007137,Urology,Low
47.4,NPIIN0000007138,Dermatology,Low
0.0,NPIIN0000007139,Cardiology,Low
0.0,NPIIN0000007140,Neurology,Low
0.0,NPIIN0000007141,Neurology,Low
82.5,NPIIN0000007142,Orthopedics,Low
92.0,NPIIN0000007143,Diabetology,Low
0.0,NPIIN0000007144,Gastroenterology,Low
0.0,NPIIN0000007145,Neurology,Low
0.0,NPIIN0000007146,Urology,Low
0.0,NPIIN0000007147,Neurology,Low
0.7,NPIIN0000007148,Dermatology,Low
69.0,NPIIN0000007149,General Medicine,Low
0.0,NPIIN0000007150,Endocrinology,Low
0.0,NPIIN0000007151,General Medicine,Low
0.0,NPIIN0000007152,Dermatology,Low
0.0,NPIIN0000007153,Cardiology,Low
0.0,NPIIN0000007154,Neurology,Low
0.0,NPIIN0000007155,Orthopedics,Low
0.0,NPIIN0000007156,Urology,Low
0.5,NPIIN0000007157,Neurology,Low
0.0,NPIIN0000007158,Dermatology,Low
0.0,NPIIN0000007159,Cardiology,Low
0.5,NPIIN0000007160,General Medicine,Low
7.5,NPIIN0000007161,Pulmonology,Low
0.0,NPIIN0000007162,Gastroenterology,Low
0.0,NPIIN0000007163,Diabetology,Low
0.0,NPIIN0000007164,Cardiology,Low
0.3,NPIIN0000007165,Neurology,Low
0.0,NPIIN0000007166,General Medicine,Low
4.2,NPIIN0000007167,Dermatology,Low
50.6,NPIIN0000007168,General Medicine,Low
0.0,NPIIN0000007169,Dermatology,Low
0.0,NPIIN0000007170,General Medicine,Low
0.0,NPIIN0000007171,Gastroenterology,Low
0.0,NPIIN0000007172,Gastroenterology,Low
54.8,NPIIN0000007173,Diabetology,Low
0.0,NPIIN0000007174,Diabetology,Low
0.0,NPIIN0000007175,Urology,Low
1.0,NPIIN0000007176,Endocrinology,Low
0.0,NPIIN0000007177,Neurology,Low
66.9,NPIIN0000007178,Endocrinology,Low
0.0,NPIIN0000007179,Gastroenterology,Low
83.4,NPIIN0000007180,Endocrinology,Low
0.4,NPIIN0000007181,Pulmonology,Low
0.0,NPIIN0000007182,Pulmonology,Low
86.4,NPIIN0000007183,Endocrinology,Low
0.0,NPIIN0000007184,General Medicine,Low
0.0,NPIIN0000007185,Urology,Low
15.0,NPIIN0000007186,Neurology,Low
0.0,NPIIN0000007187,Orthopedics,Low
0.0,NPIIN0000007188,Gastroenterology,Low
0.0,NPIIN0000007189,Neurology,Low
0.0,NPIIN0000007190,Pulmonology,Low
0.0,NPIIN0000007191,Orthopedics,Low
0.0,NPIIN0000007192,General Medicine,Low
47.3,NPIIN0000007193,General Medicine,Low
0.0,NPIIN0000007194,Dermatology,Low
0.0,NPIIN0000007195,Orthopedics,Low
15.5,NPIIN0000007196,General Medicine,Low
0.0,NPIIN0000007197,Cardiology,Low
0.0,NPIIN0000007198,Pulmonology,Low
0.0,NPIIN0000007199,Gastroenterology,Low
81.5,NPIIN0000007200,General Medicine,Low
0.0,NPIIN0000007201,Gastroenterology,Low
0.0,NPIIN0000007202,Pulmonology,Low
49.0,NPIIN0000007203,Diabetology,Low
0.0,NPIIN0000007204,Pulmonology,Low
49.3,NPIIN0000007205,General Medicine,Low
0.0,NPIIN0000007206,Gastroenterology,Low
0.0,NPIIN0000007207,Cardiology,Low
0.0,NPIIN0000007208,Dermatology,Low
0.1,NPIIN0000007209,Diabetology,Low
0.5,NPIIN0000007210,Orthopedics,Low
0.0,NPIIN0000007211,Gastroenterology,Low
95.4,NPIIN0000007212,Diabetology,Low
0.0,NPIIN0000007213,Orthopedics,Low
0.0,NPIIN0000007214,General Medicine,Low
0.0,NPIIN0000007215,General Medicine,Low
0.0,NPIIN0000007216,Urology,Low
0.0,NPIIN0000007217,Urology,Low
0.0,NPIIN0000007218,Neurology,Low
0.0,NPIIN0000007219,Orthopedics,Low
0.0,NPIIN0000007220,Diabetology,Low
78.9,NPIIN0000007221,Endocrinology,Medium
0.0,NPIIN0000007222,Cardiology,Low
6.8,NPIIN0000007223,General Medicine,Low
7.6,NPIIN0000007224,Pulmonology,Low
0.0,NPIIN0000007225,Diabetology,Low
0.0,NPIIN0000007226,Pulmonology,Low
0.0,NPIIN0000007227,Cardiology,Low
0.3,NPIIN0000007228,General Medicine,Low
0.0,NPIIN0000007229,Gastroenterology,Low
0.0,NPIIN0000007230,Cardiology,Low
0.0,NPIIN0000007231,Gastroenterology,Low
0.0,NPIIN0000007232,Gastroenterology,Low
0.0,NPIIN0000007233,Pulmonology,Low
0.0,NPIIN0000007234,Urology,Low
0.0,NPIIN0000007235,Orthopedics,Low
0.0,NPIIN0000007236,Cardiology,Low
0.0,NPIIN0000007237,Neurology,Low
51.5,NPIIN0000007238,Endocrinology,Low
51.3,NPIIN0000007239,General Medicine,Low
0.0,NPIIN0000007240,Pulmonology,Low
0.0,NPIIN0000007241,Gastroenterology,Low
0.0,NPIIN0000007242,Dermatology,Low
0.0,NPIIN0000007243,Neurology,Low
0.0,NPIIN0000007244,Gastroenterology,Low
0.0,NPIIN0000007245,Pulmonology,Low
0.0,NPIIN0000007246,Cardiology,Low
1.1,NPIIN0000007247,Cardiology,Low
0.0,NPIIN0000007248,General Medicine,Low
0.0,NPIIN0000007249,Gastroenterology,Low
0.0,NPIIN0000007250,Cardiology,Low
67.2,NPIIN0000007251,General Medicine,Low
1.6,NPIIN0000007252,Diabetology,Low
0.0,NPIIN0000007253,Pulmonology,Low
0.0,NPIIN0000007254,General Medicine,Low
0.0,NPIIN0000007255,Endocrinology,Low
0.0,NPIIN0000007256,Cardiology,Low
0.0,NPIIN0000007257,Diabetology,Low
0.0,NPIIN0000007258,General Medicine,Low
0.0,NPIIN0000007259,Urology,Low
74.4,NPIIN0000007260,Endocrinology,Medium
0.0,NPIIN0000007261,General Medicine,Low
0.0,NPIIN0000007262,Pulmonology,Low
0.0,NPIIN0000007263,Neurology,Low
0.0,NPIIN0000007264,Diabetology,Low
0.0,NPIIN0000007265,Cardiology,Low
0.0,NPIIN0000007266,Urology,Low
0.0,NPIIN0000007267,Orthopedics,Low
49.2,NPIIN0000007268,General Medicine,Low
0.0,NPIIN0000007269,Pulmonology,Low
0.0,NPIIN0000007270,Cardiology,Low
0.0,NPIIN0000007271,Cardiology,Low
0.0,NPIIN0000007272,Cardiology,Low
5.8,NPIIN0000007273,Gastroenterology,Low
82.8,NPIIN0000007274,Endocrinology,Low
12.9,NPIIN0000007275,Endocrinology,Low
0.0,NPIIN0000007276,Cardiology,Low
0.0,NPIIN0000007277,Cardiology,Low
0.0,NPIIN0000007278,General Medicine,Low
0.0,NPIIN0000007279,Pulmonology,Low
0.0,NPIIN0000007280,Pulmonology,Low
0.0,NPIIN0000007281,General Medicine,Low
0.0,NPIIN0000007282,General Medicine,Low
0.0,NPIIN0000007283,Gastroenterology,Low
46.6,NPIIN0000007284,Diabetology,Low
71.8,NPIIN0000007285,Endocrinology,Low
0.0,NPIIN0000007286,Dermatology,Low
0.0,NPIIN0000007287,Neurology,Low
0.5,NPIIN0000007288,General Medicine,Low
79.4,NPIIN0000007289,Diabetology,Low
0.0,NPIIN0000007290,Cardiology,Low
0.5,NPIIN0000007291,Cardiology,Low
0.0,NPIIN0000007292,Dermatology,Low
0.0,NPIIN0000007293,Pulmonology,Low
0.0,NPIIN0000007294,Cardiology,Low
89.7,NPIIN0000007295,Endocrinology,Medium
59.8,NPIIN0000007296,Diabetology,Low
0.1,NPIIN0000007297,Diabetology,Low
0.0,NPIIN0000007298,Pulmonology,Low
0.0,NPIIN0000007299,General Medicine,Low
0.0,NPIIN0000007300,Urology,Low
7.6,NPIIN0000007301,Gastroenterology,Low
7.7,NPIIN0000007302,Urology,Low
7.5,NPIIN0000007303,Urology,Low
5.7,NPIIN0000007304,Urology,Low
0.0,NPIIN0000007305,Orthopedics,Low
82.0,NPIIN0000007306,Diabetology,Low
0.3,NPIIN0000007307,Endocrinology,Low
0.0,NPIIN0000007308,Endocrinology,Low
0.0,NPIIN0000007309,Pulmonology,Low
0.0,NPIIN0000007310,Neurology,Low
0.0,NPIIN0000007311,Cardiology,Low
0.0,NPIIN0000007312,Dermatology,Low
0.0,NPIIN0000007313,Gastroenterology,Low
0.0,NPIIN0000007314,Pulmonology,Low
0.0,NPIIN0000007315,General Medicine,Low
7.7,NPIIN0000007316,Endocrinology,Low
39.1,NPIIN0000007317,General Medicine,Low
0.0,NPIIN0000007318,Endocrinology,Low
0.0,NPIIN0000007319,Pulmonology,Low
81.6,NPIIN0000007320,Diabetology,Low
86.8,NPIIN0000007321,Diabetology,Low
7.5,NPIIN0000007322,General Medicine,Low
0.0,NPIIN0000007323,Pulmonology,Low
82.2,NPIIN0000007324,General Medicine,Low
0.0,NPIIN0000007325,Orthopedics,Low
0.0,NPIIN0000007326,Cardiology,Low
0.3,NPIIN0000007327,Urology,Low
0.0,NPIIN0000007328,Cardiology,Low
0.0,NPIIN0000007329,Endocrinology,Low
86.6,NPIIN0000007330,Orthopedics,Low
0.5,NPIIN0000007331,Gastroenterology,Low
0.0,NPIIN0000007332,Neurology,Low
0.0,NPIIN0000007333,Gastroenterology,Low
6.9,NPIIN0000007334,General Medicine,Low
0.0,NPIIN0000007335,Gastroenterology,Low
0.0,NPIIN0000007336,Endocrinology,Low
0.0,NPIIN0000007337,Dermatology,Low
0.0,NPIIN0000007338,Orthopedics,Low
0.3,NPIIN0000007339,Dermatology,Low
71.8,NPIIN0000007340,Gastroenterology,Low
5.8,NPIIN0000007341,Neurology,Low
0.0,NPIIN0000007342,General Medicine,Low
0.0,NPIIN0000007343,General Medicine,Low
0.0,NPIIN0000007344,Urology,Low
0.0,NPIIN0000007345,Neurology,Low
0.0,NPIIN0000007346,General Medicine,Low
0.0,NPIIN0000007347,Gastroenterology,Low
1.5,NPIIN0000007348,Cardiology,Low
0.0,NPIIN0000007349,Dermatology,Low
0.0,NPIIN0000007350,Dermatology,Low
1.6,NPIIN0000007351,Endocrinology,Medium
0.3,NPIIN0000007352,Cardiology,Low
0.0,NPIIN0000007353,Gastroenterology,Low
46.8,NPIIN0000007354,Endocrinology,Low
0.0,NPIIN0000007355,Orthopedics,Low
0.0,NPIIN0000007356,Cardiology,Low
59.4,NPIIN0000007357,Endocrinology,Low
0.0,NPIIN0000007358,Cardiology,Low
0.3,NPIIN0000007359,Gastroenterology,Low
0.0,NPIIN0000007360,Pulmonology,Low
0.5,NPIIN0000007361,Dermatology,Low
50.3,NPIIN0000007362,Orthopedics,Low
0.0,NPIIN0000007363,Pulmonology,Low
35.2,NPIIN0000007364,Endocrinology,Low
0.0,NPIIN0000007365,Cardiology,Low
0.0,NPIIN0000007366,Urology,Low
0.9,NPIIN0000007367,Diabetology,Low
0.0,NPIIN0000007368,Urology,Low
13.2,NPIIN0000007369,Urology,Low
1.4,NPIIN0000007370,Pulmonology,Low
0.1,NPIIN0000007371,Pulmonology,Low
0.0,NPIIN0000007372,Orthopedics,Low
0.0,NPIIN0000007373,Gastroenterology,Low
0.4,NPIIN0000007374,Neurology,Low
63.0,NPIIN0000007375,General Medicine,Low
27.4,NPIIN0000007376,General Medicine,Low
0.3,NPIIN0000007377,General Medicine,Low
0.4,NPIIN0000007378,Orthopedics,Low
0.0,NPIIN0000007379,Neurology,Low
0.0,NPIIN0000007380,Gastroenterology,Low
0.0,NPIIN0000007381,Cardiology,Low
0.0,NPIIN0000007382,Dermatology,Low
0.0,NPIIN0000007383,General Medicine,Low
0.0,NPIIN0000007384,Gastroenterology,Low
0.0,NPIIN0000007385,Cardiology,Low
0.0,NPIIN0000007386,Urology,Low
0.0,NPIIN0000007387,Neurology,Low
7.4,NPIIN0000007388,General Medicine,Low
75.8,NPIIN0000007389,Diabetology,Low
60.8,NPIIN0000007390,Diabetology,Low
37.5,NPIIN0000007391,Diabetology,Low
0.0,NPIIN0000007392,Cardiology,Low
85.3,NPIIN0000007393,General Medicine,Low
7.8,NPIIN0000007394,General Medicine,Low
85.0,NPIIN0000007395,General Medicine,Low
0.0,NPIIN0000007396,Neurology,Low
4.0,NPIIN0000007397,General Medicine,Low
0.0,NPIIN0000007398,Cardiology,Low
1.0,NPIIN0000007399,Dermatology,Low
0.0,NPIIN0000007400,General Medicine,Low
0.0,NPIIN0000007401,Neurology,Low
55.0,NPIIN0000007402,Urology,Low
0.3,NPIIN0000007403,Gastroenterology,Low
0.0,NPIIN0000007404,Pulmonology,Low
0.0,NPIIN0000007405,Pulmonology,Low
7.1,NPIIN0000007406,Dermatology,Low
0.0,NPIIN0000007407,Dermatology,Low
35.0,NPIIN0000007408,Endocrinology,Low
0.0,NPIIN0000007409,Pulmonology,Low
0.0,NPIIN0000007410,Urology,Low
0.0,NPIIN0000007411,Dermatology,Low
0.0,NPIIN0000007412,Cardiology,Low
2.3,NPIIN0000007413,General Medicine,Medium
0.0,NPIIN0000007414,General Medicine,Low
77.6,NPIIN0000007415,Diabetology,Low
0.0,NPIIN0000007416,Neurology,Low
0.0,NPIIN0000007417,General Medicine,Low
62.9,NPIIN0000007418,Diabetology,Low
0.0,NPIIN0000007419,General Medicine,Low
0.0,NPIIN0000007420,Dermatology,Low
0.0,NPIIN0000007421,Urology,Low
0.0,NPIIN0000007422,Dermatology,Low
0.0,NPIIN0000007423,Urology,Low
0.0,NPIIN0000007424,Orthopedics,Low
0.0,NPIIN0000007425,General Medicine,Low
0.0,NPIIN0000007426,Cardiology,Low
0.0,NPIIN0000007427,Dermatology,Low
0.0,NPIIN0000007428,Neurology,Low
0.0,NPIIN0000007429,General Medicine,Low
0.0,NPIIN0000007430,Orthopedics,Low
0.0,NPIIN0000007431,General Medicine,Low
0.0,NPIIN0000007432,Urology,Low
0.0,NPIIN0000007433,Pulmonology,Low
0.0,NPIIN0000007434,Cardiology,Low
0.0,NPIIN0000007435,Urology,Low
0.0,NPIIN0000007436,Gastroenterology,Low
0.0,NPIIN0000007437,Neurology,Low
6.9,NPIIN0000007438,Pulmonology,Low
0.0,NPIIN0000007439,Endocrinology,Low
38.6,NPIIN0000007440,Endocrinology,Low
0.0,NPIIN0000007441,Cardiology,Low
2.4,NPIIN0000007442,Endocrinology,Low
0.1,NPIIN0000007443,General Medicine,Low
0.0,NPIIN0000007444,Pulmonology,Low
0.0,NPIIN0000007445,Cardiology,Low
0.0,NPIIN0000007446,Pulmonology,Low
0.0,NPIIN0000007447,Diabetology,Low
55.3,NPIIN0000007448,Diabetology,Low
0.0,NPIIN0000007449,Orthopedics,Low
0.0,NPIIN0000007450,Orthopedics,Low
0.0,NPIIN0000007451,Dermatology,Low
0.0,NPIIN0000007452,Cardiology,Low
0.0,NPIIN0000007453,Gastroenterology,Low
85.6,NPIIN0000007454,Endocrinology,Low
0.0,NPIIN0000007455,Pulmonology,Low
0.0,NPIIN0000007456,Urology,Low
0.0,NPIIN0000007457,General Medicine,Low
24.9,NPIIN0000007458,Urology,Low
0.0,NPIIN0000007459,Neurology,Low
53.4,NPIIN0000007460,Diabetology,Low
0.0,NPIIN0000007461,Cardiology,Low
0.0,NPIIN0000007462,Dermatology,Low
0.0,NPIIN0000007463,General Medicine,Low
0.0,NPIIN0000007464,Cardiology,Low
82.1,NPIIN0000007465,Cardiology,Low
0.0,NPIIN0000007466,Orthopedics,Low
71.4,NPIIN0000007467,Diabetology,Low
0.0,NPIIN0000007468,Orthopedics,Low
0.0,NPIIN0000007469,Neurology,Low
62.9,NPIIN0000007470,Diabetology,Low
0.0,NPIIN0000007471,General Medicine,Low
1.4,NPIIN0000007472,Gastroenterology,Low
0.0,NPIIN0000007473,General Medicine,Low
6.8,NPIIN0000007474,Cardiology,Low
49.6,NPIIN0000007475,Endocrinology,Low
0.0,NPIIN0000007476,Urology,Low
0.0,NPIIN0000007477,Neurology,Low
7.6,NPIIN0000007478,General Medicine,Low
55.0,NPIIN0000007479,Diabetology,Low
51.8,NPIIN0000007480,General Medicine,Low
86.3,NPIIN0000007481,Gastroenterology,Low
0.0,NPIIN0000007482,Cardiology,Low
0.0,NPIIN0000007483,Orthopedics,Low
4.2,NPIIN0000007484,Dermatology,Low
77.8,NPIIN0000007485,Diabetology,Low
73.1,NPIIN0000007486,Urology,Low
0.0,NPIIN0000007487,Neurology,Low
82.6,NPIIN0000007488,Neurology,Low
0.0,NPIIN0000007489,Cardiology,Low
0.0,NPIIN0000007490,Urology,Low
54.6,NPIIN0000007491,General Medicine,Low
0.0,NPIIN0000007492,Dermatology,Low
80.4,NPIIN0000007493,Diabetology,Low
0.4,NPIIN0000007494,Diabetology,Low
0.0,NPIIN0000007495,Orthopedics,Low
0.0,NPIIN0000007496,General Medicine,Low
47.0,NPIIN0000007497,Cardiology,Low
32.9,NPIIN0000007498,Dermatology,Low
71.7,NPIIN0000007499,Endocrinology,Low
0.0,NPIIN0000007500,Urology,Low
0.0,NPIIN0000007501,Urology,Low
1.0,NPIIN0000007502,Cardiology,Low
0.0,NPIIN0000007503,Pulmonology,Low
0.0,NPIIN0000007504,Orthopedics,Low
0.0,NPIIN0000007505,Orthopedics,Low
0.0,NPIIN0000007506,General Medicine,Low
46.5,NPIIN0000007507,Neurology,Low
0.0,NPIIN0000007508,Pulmonology,Low
0.3,NPIIN0000007509,Endocrinology,Low
0.0,NPIIN0000007510,Neurology,Low
0.0,NPIIN0000007511,General Medicine,Low
82.0,NPIIN0000007512,General Medicine,Low
0.0,NPIIN0000007513,General Medicine,Low
0.1,NPIIN0000007514,Dermatology,Low
82.3,NPIIN0000007515,Endocrinology,Medium
0.0,NPIIN0000007516,Diabetology,Low
0.7,NPIIN0000007517,Cardiology,Low
48.0,NPIIN0000007518,Endocrinology,Low
0.0,NPIIN0000007519,Orthopedics,Low
67.2,NPIIN0000007520,General Medicine,Low
70.2,NPIIN0000007521,Endocrinology,Low
0.0,NPIIN0000007522,Orthopedics,Low
0.0,NPIIN0000007523,Cardiology,Low
0.0,NPIIN0000007524,General Medicine,Low
0.0,NPIIN0000007525,Dermatology,Low
0.0,NPIIN0000007526,Gastroenterology,Low
58.5,NPIIN0000007527,Endocrinology,Low
0.0,NPIIN0000007528,Neurology,Low
0.0,NPIIN0000007529,Pulmonology,Low
0.0,NPIIN0000007530,Neurology,Low
84.3,NPIIN0000007531,Diabetology,Low
0.0,NPIIN0000007532,Dermatology,Low
0.0,NPIIN0000007533,Pulmonology,Low
0.1,NPIIN0000007534,Gastroenterology,Low
0.7,NPIIN0000007535,Orthopedics,Low
0.0,NPIIN0000007536,Dermatology,Low
0.0,NPIIN0000007537,Gastroenterology,Low
69.4,NPIIN0000007538,Diabetology,Low
49.2,NPIIN0000007539,Cardiology,Low
24.9,NPIIN0000007540,Pulmonology,Low
0.0,NPIIN0000007541,Cardiology,Low
51.3,NPIIN0000007542,Gastroenterology,Low
7.6,NPIIN0000007543,Gastroenterology,Low
0.0,NPIIN0000007544,Pulmonology,Low
62.1,NPIIN0000007545,Endocrinology,Low
0.0,NPIIN0000007546,Urology,Low
0.3,NPIIN0000007547,Pulmonology,Low
5.1,NPIIN0000007548,General Medicine,Low
0.0,NPIIN0000007549,Pulmonology,Low
0.0,NPIIN0000007550,Cardiology,Low
0.6,NPIIN0000007551,Gastroenterology,Low
5.9,NPIIN0000007552,Cardiology,Low
0.0,NPIIN0000007553,Pulmonology,Low
77.6,NPIIN0000007554,Endocrinology,Low
71.2,NPIIN0000007555,Endocrinology,Low
48.4,NPIIN0000007556,Endocrinology,Low
0.4,NPIIN0000007557,Cardiology,Low
0.0,NPIIN0000007558,Urology,Low
0.3,NPIIN0000007559,Dermatology,Low
0.0,NPIIN0000007560,Cardiology,Low
0.0,NPIIN0000007561,Cardiology,Low
0.0,NPIIN0000007562,Gastroenterology,Low
0.0,NPIIN0000007563,Cardiology,Low
0.0,NPIIN0000007564,General Medicine,Low
0.0,NPIIN0000007565,Cardiology,Low
5.8,NPIIN0000007566,Pulmonology,Low
0.0,NPIIN0000007567,Orthopedics,Low
48.1,NPIIN0000007568,Endocrinology,Low
0.0,NPIIN0000007569,Orthopedics,Low
0.4,NPIIN0000007570,Urology,Low
0.0,NPIIN0000007571,Orthopedics,Low
0.0,NPIIN0000007572,Gastroenterology,Low
0.3,NPIIN0000007573,Dermatology,Low
0.0,NPIIN0000007574,Pulmonology,Low
0.0,NPIIN0000007575,Urology,Low
0.0,NPIIN0000007576,Cardiology,Low
0.0,NPIIN0000007577,Gastroenterology,Low
0.0,NPIIN0000007578,Pulmonology,Low
0.0,NPIIN0000007579,Cardiology,Low
69.4,NPIIN0000007580,Diabetology,Low
0.6,NPIIN0000007581,Endocrinology,Low
0.0,NPIIN0000007582,General Medicine,Low
0.0,NPIIN0000007583,Endocrinology,Low
2.2,NPIIN0000007584,Diabetology,High
0.5,NPIIN0000007585,Diabetology,Low
0.0,NPIIN0000007586,Pulmonology,Low
7.8,NPIIN0000007587,Cardiology,Low
67.8,NPIIN0000007588,Diabetology,Low
25.4,NPIIN0000007589,Diabetology,Low
0.0,NPIIN0000007590,General Medicine,Low
0.0,NPIIN0000007591,Cardiology,Low
0.0,NPIIN0000007592,Orthopedics,Low
54.4,NPIIN0000007593,Diabetology,Low
81.8,NPIIN0000007594,Diabetology,Low
0.0,NPIIN0000007595,Pulmonology,Low
0.0,NPIIN0000007596,Dermatology,Low
0.0,NPIIN0000007597,General Medicine,Low
76.1,NPIIN0000007598,Diabetology,Low
0.0,NPIIN0000007599,Pulmonology,Low
7.7,NPIIN0000007600,General Medicine,Low
0.0,NPIIN0000007601,General Medicine,Low
0.0,NPIIN0000007602,Orthopedics,Low
0.0,NPIIN0000007603,Orthopedics,Low
0.0,NPIIN0000007604,Pulmonology,Low
0.0,NPIIN0000007605,Cardiology,Low
0.0,NPIIN0000007606,Pulmonology,Low
0.0,NPIIN0000007607,Orthopedics,Low
47.2,NPIIN0000007608,Urology,Low
90.7,NPIIN0000007609,Endocrinology,Low
6.9,NPIIN0000007610,Endocrinology,Low
68.8,NPIIN0000007611,Endocrinology,Low
0.0,NPIIN0000007612,Dermatology,Low
87.9,NPIIN0000007613,General Medicine,Low
0.0,NPIIN0000007614,General Medicine,Low
0.0,NPIIN0000007615,Diabetology,Low
46.7,NPIIN0000007616,Diabetology,Low
0.0,NPIIN0000007617,Urology,Low
71.7,NPIIN0000007618,General Medicine,Low
66.9,NPIIN0000007619,Diabetology,Low
0.0,NPIIN0000007620,Gastroenterology,Low
24.8,NPIIN0000007621,Neurology,Low
54.7,NPIIN0000007622,Gastroenterology,Low
82.2,NPIIN0000007623,Dermatology,Low
0.0,NPIIN0000007624,Cardiology,Low
0.0,NPIIN0000007625,Cardiology,Low
0.0,NPIIN0000007626,Cardiology,Low
0.0,NPIIN0000007627,Neurology,Low
0.0,NPIIN0000007628,Orthopedics,Low
0.0,NPIIN0000007629,General Medicine,Low
0.0,NPIIN0000007630,Gastroenterology,Low
0.0,NPIIN0000007631,Gastroenterology,Low
0.0,NPIIN0000007632,Orthopedics,Low
46.5,NPIIN0000007633,General Medicine,Low
57.0,NPIIN0000007634,Endocrinology,Low
0.7,NPIIN0000007635,Gastroenterology,Low
82.0,NPIIN0000007636,Dermatology,Low
0.0,NPIIN0000007637,Neurology,Low
15.3,NPIIN0000007638,Urology,Low
6.0,NPIIN0000007639,General Medicine,Low
0.0,NPIIN0000007640,Neurology,Low
66.6,NPIIN0000007641,Diabetology,Low
86.4,NPIIN0000007642,General Medicine,Low
7.0,NPIIN0000007643,Diabetology,Low
7.9,NPIIN0000007644,Endocrinology,Low
0.1,NPIIN0000007645,Cardiology,Low
0.0,NPIIN0000007646,Neurology,Low
0.0,NPIIN0000007647,Urology,Low
71.9,NPIIN0000007648,Diabetology,Low
0.0,NPIIN0000007649,General Medicine,Low
0.3,NPIIN0000007650,Cardiology,Low
0.0,NPIIN0000007651,General Medicine,Low
0.1,NPIIN0000007652,Diabetology,Low
80.0,NPIIN0000007653,Pulmonology,Low
0.0,NPIIN0000007654,Urology,Low
0.5,NPIIN0000007655,General Medicine,Low
0.0,NPIIN0000007656,Neurology,Low
0.0,NPIIN0000007657,Neurology,Low
38.7,NPIIN0000007658,Endocrinology,Low
0.0,NPIIN0000007659,General Medicine,Low
0.0,NPIIN0000007660,Cardiology,Low
0.0,NPIIN0000007661,General Medicine,Low
0.0,NPIIN0000007662,Urology,Low
0.0,NPIIN0000007663,General Medicine,Low
46.6,NPIIN0000007664,General Medicine,Low
64.5,NPIIN0000007665,Endocrinology,Low
0.3,NPIIN0000007666,Diabetology,Low
0.0,NPIIN0000007667,Orthopedics,Low
76.1,NPIIN0000007668,Diabetology,Low
0.0,NPIIN0000007669,Gastroenterology,Low
0.0,NPIIN0000007670,Cardiology,Low
0.0,NPIIN0000007671,Cardiology,Low
98.2,NPIIN0000007672,Diabetology,Low
0.0,NPIIN0000007673,Urology,Low
68.9,NPIIN0000007674,Endocrinology,Low
0.0,NPIIN0000007675,Gastroenterology,Low
15.3,NPIIN0000007676,Endocrinology,Low
0.0,NPIIN0000007677,Pulmonology,Low
6.8,NPIIN0000007678,Pulmonology,Low
0.0,NPIIN0000007679,Pulmonology,Low
0.3,NPIIN0000007680,Diabetology,Low
90.4,NPIIN0000007681,Endocrinology,Low
85.4,NPIIN0000007682,Urology,Low
1.6,NPIIN0000007683,Pulmonology,Low
0.0,NPIIN0000007684,Endocrinology,Low
0.0,NPIIN0000007685,General Medicine,Low
0.0,NPIIN0000007686,Cardiology,Low
0.0,NPIIN0000007687,General Medicine,Low
0.0,NPIIN0000007688,General Medicine,Low
0.0,NPIIN0000007689,Cardiology,Low
0.0,NPIIN0000007690,General Medicine,Low
0.0,NPIIN0000007691,Neurology,Low
0.0,NPIIN0000007692,Urology,Low
0.0,NPIIN0000007693,Neurology,Low
1.0,NPIIN0000007694,General Medicine,Low
0.7,NPIIN0000007695,Gastroenterology,Low
76.9,NPIIN0000007696,Diabetology,Low
0.0,NPIIN0000007697,Neurology,Low
1.0,NPIIN0000007698,Cardiology,Low
0.0,NPIIN0000007699,Cardiology,Low
0.0,NPIIN0000007700,Pulmonology,Low
58.5,NPIIN0000007701,Endocrinology,Low
0.0,NPIIN0000007702,Neurology,Low
0.0,NPIIN0000007703,Neurology,Low
0.0,NPIIN0000007704,Cardiology,Low
61.8,NPIIN0000007705,General Medicine,Low
0.5,NPIIN0000007706,Pulmonology,Low
0.9,NPIIN0000007707,Gastroenterology,Low
0.0,NPIIN0000007708,Dermatology,Low
52.4,NPIIN0000007709,General Medicine,Low
0.0,NPIIN0000007710,Dermatology,Low
0.0,NPIIN0000007711,General Medicine,Low
0.1,NPIIN0000007712,Cardiology,Low
85.2,NPIIN0000007713,Pulmonology,Low
0.0,NPIIN0000007714,Diabetology,Low
0.0,NPIIN0000007715,Cardiology,Low
71.6,NPIIN0000007716,Diabetology,Low
0.1,NPIIN0000007717,Dermatology,Low
0.0,NPIIN0000007718,Urology,Low
0.0,NPIIN0000007719,Orthopedics,Low
6.9,NPIIN0000007720,Diabetology,Low
0.4,NPIIN0000007721,General Medicine,Low
0.0,NPIIN0000007722,Dermatology,Low
48.4,NPIIN0000007723,Diabetology,Low
0.0,NPIIN0000007724,General Medicine,Low
91.2,NPIIN0000007725,Endocrinology,Low
82.5,NPIIN0000007726,Pulmonology,Low
0.0,NPIIN0000007727,Neurology,Low
0.1,NPIIN0000007728,Diabetology,Low
0.0,NPIIN0000007729,Cardiology,Low
0.0,NPIIN0000007730,Gastroenterology,Low
0.0,NPIIN0000007731,Pulmonology,Low
0.0,NPIIN0000007732,Endocrinology,Low
44.4,NPIIN0000007733,Diabetology,Low
0.0,NPIIN0000007734,Orthopedics,Low
0.0,NPIIN0000007735,Neurology,Low
0.0,NPIIN0000007736,Pulmonology,Low
1.4,NPIIN0000007737,Neurology,Low
0.3,NPIIN0000007738,Orthopedics,Low
0.3,NPIIN0000007739,General Medicine,Low
66.3,NPIIN0000007740,Diabetology,Low
0.0,NPIIN0000007741,General Medicine,Low
0.0,NPIIN0000007742,Dermatology,Low
0.0,NPIIN0000007743,Cardiology,Low
75.3,NPIIN0000007744,Endocrinology,Low
85.8,NPIIN0000007745,Endocrinology,Low
0.0,NPIIN0000007746,Neurology,Low
0.0,NPIIN0000007747,Neurology,Low
0.4,NPIIN0000007748,General Medicine,Low
71.1,NPIIN0000007749,Diabetology,Very High
0.0,NPIIN0000007750,Gastroenterology,Low
0.0,NPIIN0000007751,Cardiology,Low
0.0,NPIIN0000007752,Gastroenterology,Low
49.3,NPIIN0000007753,Endocrinology,Low
0.0,NPIIN0000007754,Urology,Low
24.9,NPIIN0000007755,General Medicine,Low
0.6,NPIIN0000007756,Neurology,Low
0.0,NPIIN0000007757,Cardiology,Low
0.0,NPIIN0000007758,Diabetology,Low
80.4,NPIIN0000007759,Neurology,Low
0.0,NPIIN0000007760,Pulmonology,Low
6.7,NPIIN0000007761,Gastroenterology,Low
0.0,NPIIN0000007762,Pulmonology,Low
0.0,NPIIN0000007763,Pulmonology,Low
0.0,NPIIN0000007764,Dermatology,Low
0.3,NPIIN0000007765,General Medicine,Low
0.0,NPIIN0000007766,Urology,Low
0.0,NPIIN0000007767,General Medicine,Low
65.4,NPIIN0000007768,Diabetology,Low
0.0,NPIIN0000007769,Gastroenterology,Low
0.0,NPIIN0000007770,Cardiology,Low
0.0,NPIIN0000007771,Endocrinology,Low
0.0,NPIIN0000007772,Cardiology,Low
0.0,NPIIN0000007773,General Medicine,Low
0.0,NPIIN0000007774,Pulmonology,Low
0.0,NPIIN0000007775,Cardiology,Low
0.3,NPIIN0000007776,Endocrinology,Low
49.4,NPIIN0000007777,Diabetology,Low
2.4,NPIIN0000007778,Diabetology,Low
0.0,NPIIN0000007779,Cardiology,Low
2.1,NPIIN0000007780,Endocrinology,Low
0.0,NPIIN0000007781,Dermatology,Low
0.0,NPIIN0000007782,Neurology,Low
0.0,NPIIN0000007783,Diabetology,Low
34.4,NPIIN0000007784,Diabetology,Low
0.0,NPIIN0000007785,Cardiology,Low
67.9,NPIIN0000007786,General Medicine,Low
0.0,NPIIN0000007787,General Medicine,Low
0.0,NPIIN0000007788,Urology,Low
0.0,NPIIN0000007789,Gastroenterology,Low
7.5,NPIIN0000007790,General Medicine,Low
0.0,NPIIN0000007791,Cardiology,Low
0.0,NPIIN0000007792,Neurology,Low
0.0,NPIIN0000007793,Orthopedics,Low
0.0,NPIIN0000007794,Cardiology,Low
0.0,NPIIN0000007795,Dermatology,Low
50.8,NPIIN0000007796,Endocrinology,Low
0.0,NPIIN0000007797,Neurology,Low
50.1,NPIIN0000007798,Endocrinology,Low
0.0,NPIIN0000007799,Pulmonology,Low
24.3,NPIIN0000007800,Endocrinology,Low
0.0,NPIIN0000007801,Pulmonology,Low
0.0,NPIIN0000007802,Pulmonology,Low
0.0,NPIIN0000007803,Pulmonology,Low
0.0,NPIIN0000007804,Neurology,Low
0.0,NPIIN0000007805,Cardiology,Low
6.8,NPIIN0000007806,Neurology,Low
0.0,NPIIN0000007807,Endocrinology,Low
4.8,NPIIN0000007808,Neurology,Low
0.0,NPIIN0000007809,Cardiology,Low
0.0,NPIIN0000007810,General Medicine,Low
0.1,NPIIN0000007811,General Medicine,Low
0.0,NPIIN0000007812,Orthopedics,Low
0.0,NPIIN0000007813,Neurology,Low
0.0,NPIIN0000007814,Cardiology,Low
0.0,NPIIN0000007815,Neurology,Low
0.0,NPIIN0000007816,Endocrinology,Low
0.3,NPIIN0000007817,Diabetology,Low
7.7,NPIIN0000007818,General Medicine,Low
0.0,NPIIN0000007819,Gastroenterology,Low
53.5,NPIIN0000007820,Orthopedics,Low
72.1,NPIIN0000007821,Urology,Low
54.0,NPIIN0000007822,Endocrinology,Low
0.0,NPIIN0000007823,Cardiology,Low
0.0,NPIIN0000007824,Dermatology,Low
40.1,NPIIN0000007825,Diabetology,Low
0.0,NPIIN0000007826,Pulmonology,Low
0.0,NPIIN0000007827,Orthopedics,Low
94.3,NPIIN0000007828,Endocrinology,Low
0.0,NPIIN0000007829,General Medicine,Low
86.9,NPIIN0000007830,Urology,Low
0.0,NPIIN0000007831,Neurology,Low
0.0,NPIIN0000007832,Orthopedics,Low
0.0,NPIIN0000007833,Neurology,Low
7.5,NPIIN0000007834,Diabetology,Low
0.1,NPIIN0000007835,Dermatology,Low
0.0,NPIIN0000007836,Gastroenterology,Low
0.4,NPIIN0000007837,Orthopedics,Low
1.5,NPIIN0000007838,General Medicine,Low
0.0,NPIIN0000007839,General Medicine,Low
69.7,NPIIN0000007840,Diabetology,Low
1.1,NPIIN0000007841,Diabetology,Low
0.0,NPIIN0000007842,Orthopedics,Low
0.0,NPIIN0000007843,Orthopedics,Low
82.4,NPIIN0000007844,General Medicine,Low
0.0,NPIIN0000007845,Orthopedics,Low
0.0,NPIIN0000007846,General Medicine,Low
0.0,NPIIN0000007847,Dermatology,Low
0.0,NPIIN0000007848,Neurology,Low
0.4,NPIIN0000007849,Gastroenterology,Low
0.0,NPIIN0000007850,Gastroenterology,Low
0.0,NPIIN0000007851,Neurology,Low
0.0,NPIIN0000007852,Dermatology,Low
4.0,NPIIN0000007853,General Medicine,Low
0.0,NPIIN0000007854,Dermatology,Low
78.5,NPIIN0000007855,Endocrinology,Low
82.0,NPIIN0000007856,Endocrinology,Low
0.0,NPIIN0000007857,Gastroenterology,Low
0.0,NPIIN0000007858,Gastroenterology,Low
0.0,NPIIN0000007859,Urology,Low
46.5,NPIIN0000007860,Diabetology,Low
0.0,NPIIN0000007861,Cardiology,Low
0.0,NPIIN0000007862,General Medicine,Low
0.0,NPIIN0000007863,Urology,Low
0.0,NPIIN0000007864,Orthopedics,Low
0.0,NPIIN0000007865,Dermatology,Low
69.8,NPIIN0000007866,General Medicine,Low
7.7,NPIIN0000007867,Urology,Low
13.1,NPIIN0000007868,Endocrinology,Low
0.0,NPIIN0000007869,Urology,Low
0.0,NPIIN0000007870,Pulmonology,Low
0.0,NPIIN0000007871,General Medicine,Low
0.0,NPIIN0000007872,Pulmonology,Low
0.0,NPIIN0000007873,Gastroenterology,Low
0.0,NPIIN0000007874,Diabetology,Low
0.0,NPIIN0000007875,Cardiology,Low
0.0,NPIIN0000007876,Gastroenterology,Low
0.0,NPIIN0000007877,Orthopedics,Low
0.0,NPIIN0000007878,Neurology,Low
84.4,NPIIN0000007879,Endocrinology,Low
0.0,NPIIN0000007880,Neurology,Low
0.0,NPIIN0000007881,Cardiology,Low
6.6,NPIIN0000007882,Diabetology,Low
0.0,NPIIN0000007883,Cardiology,Low
0.0,NPIIN0000007884,General Medicine,Low
70.3,NPIIN0000007885,Diabetology,Medium
0.0,NPIIN0000007886,Cardiology,Low
82.6,NPIIN0000007887,Diabetology,Low
0.0,NPIIN0000007888,Neurology,Low
0.0,NPIIN0000007889,Diabetology,Low
63.0,NPIIN0000007890,Endocrinology,Low
0.0,NPIIN0000007891,Pulmonology,Low
0.0,NPIIN0000007892,Gastroenterology,Low
0.0,NPIIN0000007893,Dermatology,Low
0.0,NPIIN0000007894,General Medicine,Low
55.5,NPIIN0000007895,Gastroenterology,Low
0.0,NPIIN0000007896,Dermatology,Low
0.0,NPIIN0000007897,Neurology,Low
0.0,NPIIN0000007898,General Medicine,Low
85.7,NPIIN0000007899,Cardiology,Low
86.4,NPIIN0000007900,Diabetology,Low
83.4,NPIIN0000007901,Diabetology,Low
52.1,NPIIN0000007902,General Medicine,Low
72.0,NPIIN0000007903,Orthopedics,Low
47.1,NPIIN0000007904,Endocrinology,Low
55.7,NPIIN0000007905,Pulmonology,Low
0.0,NPIIN0000007906,Orthopedics,Low
0.0,NPIIN0000007907,Pulmonology,Low
82.2,NPIIN0000007908,Endocrinology,Low
5.9,NPIIN0000007909,Orthopedics,Low
85.5,NPIIN0000007910,General Medicine,Low
82.5,NPIIN0000007911,Cardiology,Low
0.0,NPIIN0000007912,General Medicine,Low
76.7,NPIIN0000007913,Diabetology,Low
48.2,NPIIN0000007914,Dermatology,Low
76.9,NPIIN0000007915,Endocrinology,Low
1.0,NPIIN0000007916,Dermatology,Low
0.3,NPIIN0000007917,Cardiology,Low
0.0,NPIIN0000007918,Urology,Low
0.0,NPIIN0000007919,Cardiology,Low
0.0,NPIIN0000007920,Orthopedics,Low
0.0,NPIIN0000007921,Cardiology,Low
0.0,NPIIN0000007922,Urology,Low
12.2,NPIIN0000007923,Dermatology,Low
0.0,NPIIN0000007924,Pulmonology,Low
0.0,NPIIN0000007925,Cardiology,Low
0.0,NPIIN0000007926,Pulmonology,Low
0.0,NPIIN0000007927,Pulmonology,Low
0.0,NPIIN0000007928,Pulmonology,Low
0.0,NPIIN0000007929,Neurology,Low
0.0,NPIIN0000007930,Orthopedics,Low
14.8,NPIIN0000007931,Orthopedics,Low
0.0,NPIIN0000007932,General Medicine,Low
0.0,NPIIN0000007933,Cardiology,Low
0.0,NPIIN0000007934,Cardiology,Low
0.0,NPIIN0000007935,Gastroenterology,Low
0.0,NPIIN0000007936,Orthopedics,Low
0.0,NPIIN0000007937,General Medicine,Low
47.4,NPIIN0000007938,Cardiology,Low
0.0,NPIIN0000007939,General Medicine,Low
1.4,NPIIN0000007940,General Medicine,Low
0.0,NPIIN0000007941,Orthopedics,Low
71.9,NPIIN0000007942,Neurology,Low
0.0,NPIIN0000007943,Cardiology,Low
68.8,NPIIN0000007944,General Medicine,Low
80.6,NPIIN0000007945,Cardiology,Low
0.0,NPIIN0000007946,Neurology,Low
0.0,NPIIN0000007947,Neurology,Low
0.0,NPIIN0000007948,Cardiology,Low
0.0,NPIIN0000007949,General Medicine,Low
0.0,NPIIN0000007950,Urology,Low
0.0,NPIIN0000007951,Dermatology,Low
5.9,NPIIN0000007952,Pulmonology,Low
88.1,NPIIN0000007953,General Medicine,Low
15.1,NPIIN0000007954,Orthopedics,Low
0.0,NPIIN0000007955,Gastroenterology,Low
0.0,NPIIN0000007956,Orthopedics,Low
0.0,NPIIN0000007957,Cardiology,Low
51.7,NPIIN0000007958,Endocrinology,Low
0.0,NPIIN0000007959,Cardiology,Low
0.0,NPIIN0000007960,Urology,Low
1.4,NPIIN0000007961,Neurology,Low
0.3,NPIIN0000007962,Endocrinology,Low
0.0,NPIIN0000007963,Orthopedics,Low
82.8,NPIIN0000007964,Orthopedics,Low
79.9,NPIIN0000007965,Endocrinology,Low
6.8,NPIIN0000007966,Neurology,Low
0.0,NPIIN0000007967,Neurology,Low
0.0,NPIIN0000007968,Cardiology,Low
0.0,NPIIN0000007969,Neurology,Low
91.2,NPIIN0000007970,Endocrinology,Medium
0.0,NPIIN0000007971,Urology,Low
0.0,NPIIN0000007972,Dermatology,Low
0.0,NPIIN0000007973,Urology,Low
79.8,NPIIN0000007974,Gastroenterology,Low
0.0,NPIIN0000007975,Endocrinology,Low
0.0,NPIIN0000007976,General Medicine,Low
7.9,NPIIN0000007977,Neurology,Low
40.5,NPIIN0000007978,Diabetology,Low
0.5,NPIIN0000007979,Gastroenterology,Low
0.0,NPIIN0000007980,General Medicine,Low
72.8,NPIIN0000007981,Endocrinology,Low
0.5,NPIIN0000007982,General Medicine,Low
0.0,NPIIN0000007983,Neurology,Low
71.7,NPIIN0000007984,General Medicine,Low
72.5,NPIIN0000007985,Neurology,Low
7.6,NPIIN0000007986,General Medicine,Low
0.0,NPIIN0000007987,Gastroenterology,Low
15.4,NPIIN0000007988,Neurology,Low
82.0,NPIIN0000007989,Pulmonology,Low
0.0,NPIIN0000007990,General Medicine,Low
0.0,NPIIN0000007991,Pulmonology,Low
0.0,NPIIN0000007992,Cardiology,Low
0.0,NPIIN0000007993,Neurology,Low
46.3,NPIIN0000007994,Endocrinology,Low
0.6,NPIIN0000007995,Urology,Low
0.0,NPIIN0000007996,Dermatology,Low
0.0,NPIIN0000007997,General Medicine,Low
0.0,NPIIN0000007998,Dermatology,Low
0.0,NPIIN0000007999,Neurology,Low
87.5,NPIIN0000008000,Endocrinology,Low
53.9,NPIIN0000008001,Gastroenterology,Low
0.5,NPIIN0000008002,Orthopedics,Low
55.1,NPIIN0000008003,Cardiology,Low
85.7,NPIIN0000008004,Diabetology,Low
5.9,NPIIN0000008005,Pulmonology,Low
0.0,NPIIN0000008006,General Medicine,Low
0.0,NPIIN0000008007,Neurology,Low
0.1,NPIIN0000008008,Pulmonology,Low
0.0,NPIIN0000008009,Gastroenterology,Low
0.0,NPIIN0000008010,Cardiology,Low
72.6,NPIIN0000008011,General Medicine,Low
85.3,NPIIN0000008012,Urology,Low
0.0,NPIIN0000008013,General Medicine,Low
54.4,NPIIN0000008014,General Medicine,Low
0.0,NPIIN0000008015,Cardiology,Low
43.0,NPIIN0000008016,Endocrinology,Low
0.1,NPIIN0000008017,General Medicine,Low
0.0,NPIIN0000008018,General Medicine,Low
0.0,NPIIN0000008019,Gastroenterology,Low
0.0,NPIIN0000008020,Pulmonology,Low
0.0,NPIIN0000008021,Urology,Low
0.0,NPIIN0000008022,Dermatology,Low
76.4,NPIIN0000008023,Diabetology,Low
0.0,NPIIN0000008024,Cardiology,Low
0.0,NPIIN0000008025,Dermatology,Low
77.8,NPIIN0000008026,Diabetology,Low
7.7,NPIIN0000008027,General Medicine,Low
90.6,NPIIN0000008028,Endocrinology,Low
0.0,NPIIN0000008029,Neurology,Low
6.5,NPIIN0000008030,Diabetology,Low
0.4,NPIIN0000008031,Endocrinology,Low
82.5,NPIIN0000008032,General Medicine,Low
0.0,NPIIN0000008033,Gastroenterology,Low
0.0,NPIIN0000008034,Diabetology,Low
0.0,NPIIN0000008035,Gastroenterology,Low
0.0,NPIIN0000008036,General Medicine,Low
0.0,NPIIN0000008037,General Medicine,Low
27.9,NPIIN0000008038,General Medicine,Low
96.4,NPIIN0000008039,Endocrinology,Medium
0.0,NPIIN0000008040,General Medicine,Low
0.0,NPIIN0000008041,Urology,Low
0.0,NPIIN0000008042,Cardiology,Low
90.8,NPIIN0000008043,Orthopedics,Low
0.0,NPIIN0000008044,Cardiology,Low
0.0,NPIIN0000008045,General Medicine,Low
0.3,NPIIN0000008046,Pulmonology,Low
0.0,NPIIN0000008047,Dermatology,Low
48.2,NPIIN0000008048,Endocrinology,Low
0.0,NPIIN0000008049,Endocrinology,Low
0.0,NPIIN0000008050,Pulmonology,Low
84.7,NPIIN0000008051,Diabetology,Low
0.0,NPIIN0000008052,Neurology,Low
0.0,NPIIN0000008053,Dermatology,Low
27.1,NPIIN0000008054,Cardiology,Low
0.0,NPIIN0000008055,Dermatology,Low
0.0,NPIIN0000008056,Cardiology,Low
0.0,NPIIN0000008057,Urology,Low
0.0,NPIIN0000008058,Orthopedics,Low
0.0,NPIIN0000008059,Neurology,Low
0.0,NPIIN0000008060,Orthopedics,Low
0.0,NPIIN0000008061,Dermatology,Low
0.0,NPIIN0000008062,Cardiology,Low
0.0,NPIIN0000008063,Cardiology,Low
0.0,NPIIN0000008064,Cardiology,Low
0.0,NPIIN0000008065,General Medicine,Low
0.0,NPIIN0000008066,Pulmonology,Low
0.0,NPIIN0000008067,General Medicine,Low
72.5,NPIIN0000008068,Neurology,Low
0.0,NPIIN0000008069,General Medicine,Low
0.0,NPIIN0000008070,Cardiology,Low
47.3,NPIIN0000008071,Endocrinology,Low
0.0,NPIIN0000008072,Orthopedics,Low
0.0,NPIIN0000008073,General Medicine,Low
0.0,NPIIN0000008074,Diabetology,Low
34.7,NPIIN0000008075,Endocrinology,Low
0.8,NPIIN0000008076,Orthopedics,Low
38.8,NPIIN0000008077,Endocrinology,Low
0.0,NPIIN0000008078,Neurology,Low
0.0,NPIIN0000008079,Cardiology,Low
0.0,NPIIN0000008080,Cardiology,Low
7.7,NPIIN0000008081,Gastroenterology,Low
0.3,NPIIN0000008082,Neurology,Low
0.0,NPIIN0000008083,Neurology,Low
84.4,NPIIN0000008084,Endocrinology,Low
0.0,NPIIN0000008085,Orthopedics,Low
0.0,NPIIN0000008086,Pulmonology,Low
0.0,NPIIN0000008087,Orthopedics,Low
13.5,NPIIN0000008088,Endocrinology,Low
50.0,NPIIN0000008089,General Medicine,Low
54.8,NPIIN0000008090,General Medicine,Low
0.0,NPIIN0000008091,Gastroenterology,Low
0.0,NPIIN0000008092,Gastroenterology,Low
0.0,NPIIN0000008093,General Medicine,Low
0.0,NPIIN0000008094,Cardiology,Low
53.0,NPIIN0000008095,Endocrinology,Low
0.0,NPIIN0000008096,Cardiology,Low
0.0,NPIIN0000008097,Dermatology,Low
52.1,NPIIN0000008098,Diabetology,Low
0.0,NPIIN0000008099,Cardiology,Low
6.0,NPIIN0000008100,General Medicine,Low
0.0,NPIIN0000008101,Cardiology,Low
0.0,NPIIN0000008102,Orthopedics,Low
70.8,NPIIN0000008103,Diabetology,Low
0.0,NPIIN0000008104,Orthopedics,Low
0.0,NPIIN0000008105,Neurology,Low
0.0,NPIIN0000008106,Pulmonology,Low
1.5,NPIIN0000008107,General Medicine,Low
0.0,NPIIN0000008108,Neurology,Low
0.0,NPIIN0000008109,Neurology,Low
0.0,NPIIN0000008110,Cardiology,Low
25.0,NPIIN0000008111,Urology,Low
0.0,NPIIN0000008112,General Medicine,Low
0.0,NPIIN0000008113,General Medicine,Low
0.0,NPIIN0000008114,General Medicine,Low
0.0,NPIIN0000008115,Neurology,Low
0.0,NPIIN0000008116,General Medicine,Low
0.3,NPIIN0000008117,General Medicine,Low
0.0,NPIIN0000008118,Cardiology,Low
0.0,NPIIN0000008119,General Medicine,Low
0.7,NPIIN0000008120,Endocrinology,Low
26.8,NPIIN0000008121,Dermatology,Low
7.5,NPIIN0000008122,General Medicine,Low
0.0,NPIIN0000008123,Orthopedics,Low
0.0,NPIIN0000008124,Neurology,Low
0.0,NPIIN0000008125,Gastroenterology,Low
0.0,NPIIN0000008126,Orthopedics,Low
79.9,NPIIN0000008127,Endocrinology,Low
0.0,NPIIN0000008128,Pulmonology,Low
0.0,NPIIN0000008129,Cardiology,Low
0.0,NPIIN0000008130,Cardiology,Low
0.0,NPIIN0000008131,General Medicine,Low
14.8,NPIIN0000008132,Neurology,Low
0.0,NPIIN0000008133,Dermatology,Low
82.1,NPIIN0000008134,Diabetology,Low
0.0,NPIIN0000008135,Gastroenterology,Low
50.9,NPIIN0000008136,Endocrinology,Low
0.0,NPIIN0000008137,Cardiology,Low
0.0,NPIIN0000008138,Cardiology,Low
71.8,NPIIN0000008139,Pulmonology,Low
0.0,NPIIN0000008140,General Medicine,Low
91.7,NPIIN0000008141,Diabetology,Low
0.0,NPIIN0000008142,Cardiology,Low
5.9,NPIIN0000008143,Pulmonology,Low
0.0,NPIIN0000008144,Dermatology,Low
0.0,NPIIN0000008145,Cardiology,Low
0.0,NPIIN0000008146,Gastroenterology,Low
0.0,NPIIN0000008147,Neurology,Low
0.0,NPIIN0000008148,General Medicine,Low
0.0,NPIIN0000008149,Cardiology,Low
0.0,NPIIN0000008150,Urology,Low
0.0,NPIIN0000008151,General Medicine,Low
0.3,NPIIN0000008152,General Medicine,Low
0.0,NPIIN0000008153,Urology,Low
0.0,NPIIN0000008154,Dermatology,Low
0.0,NPIIN0000008155,Gastroenterology,Low
0.0,NPIIN0000008156,Dermatology,Low
0.0,NPIIN0000008157,Cardiology,Low
0.0,NPIIN0000008158,Gastroenterology,Low
0.0,NPIIN0000008159,Diabetology,Low
0.0,NPIIN0000008160,Urology,Low
0.0,NPIIN0000008161,General Medicine,Low
0.0,NPIIN0000008162,Cardiology,Low
0.0,NPIIN0000008163,General Medicine,Low
0.0,NPIIN0000008164,Gastroenterology,Low
0.0,NPIIN0000008165,General Medicine,Low
0.0,NPIIN0000008166,Gastroenterology,Low
0.0,NPIIN0000008167,Cardiology,Low
11.9,NPIIN0000008168,Endocrinology,Low
0.0,NPIIN0000008169,Pulmonology,Low
0.0,NPIIN0000008170,General Medicine,Low
0.0,NPIIN0000008171,Neurology,Low
0.0,NPIIN0000008172,Orthopedics,Low
0.0,NPIIN0000008173,Neurology,Low
0.0,NPIIN0000008174,General Medicine,Low
0.1,NPIIN0000008175,Pulmonology,Low
0.0,NPIIN0000008176,Urology,Low
0.0,NPIIN0000008177,Neurology,Low
0.0,NPIIN0000008178,Dermatology,Low
89.8,NPIIN0000008179,Diabetology,Medium
13.1,NPIIN0000008180,Gastroenterology,Low
14.9,NPIIN0000008181,Cardiology,Low
0.0,NPIIN0000008182,Gastroenterology,Low
0.3,NPIIN0000008183,Urology,Low
0.0,NPIIN0000008184,Urology,Low
0.0,NPIIN0000008185,Cardiology,Low
0.0,NPIIN0000008186,Dermatology,Low
0.0,NPIIN0000008187,Cardiology,Low
0.7,NPIIN0000008188,General Medicine,Low
0.0,NPIIN0000008189,Neurology,Low
5.8,NPIIN0000008190,General Medicine,Low
0.0,NPIIN0000008191,General Medicine,Low
0.0,NPIIN0000008192,Neurology,Low
24.8,NPIIN0000008193,Neurology,Low
0.0,NPIIN0000008194,Pulmonology,Low
0.0,NPIIN0000008195,General Medicine,Low
0.0,NPIIN0000008196,Neurology,Low
0.0,NPIIN0000008197,General Medicine,Low
0.0,NPIIN0000008198,Cardiology,Low
0.0,NPIIN0000008199,Pulmonology,Low
0.0,NPIIN0000008200,Gastroenterology,Low
96.1,NPIIN0000008201,Diabetology,Medium
83.9,NPIIN0000008202,Endocrinology,Medium
0.0,NPIIN0000008203,Urology,Low
0.0,NPIIN0000008204,Urology,Low
0.0,NPIIN0000008205,Pulmonology,Low
0.3,NPIIN0000008206,Gastroenterology,Low
0.0,NPIIN0000008207,Orthopedics,Low
0.0,NPIIN0000008208,Pulmonology,Low
0.3,NPIIN0000008209,Diabetology,Low
0.0,NPIIN0000008210,Neurology,Low
0.0,NPIIN0000008211,Urology,Low
4.0,NPIIN0000008212,Neurology,Low
0.0,NPIIN0000008213,Cardiology,Low
0.0,NPIIN0000008214,Urology,Low
0.0,NPIIN0000008215,Gastroenterology,Low
0.0,NPIIN0000008216,General Medicine,Low
0.0,NPIIN0000008217,Orthopedics,Low
0.0,NPIIN0000008218,Gastroenterology,Low
0.0,NPIIN0000008219,Dermatology,Low
0.3,NPIIN0000008220,Orthopedics,Low
0.0,NPIIN0000008221,Cardiology,Low
0.0,NPIIN0000008222,Gastroenterology,Low
0.2,NPIIN0000008223,General Medicine,Low
0.0,NPIIN0000008224,Urology,Low
0.0,NPIIN0000008225,Urology,Low
0.0,NPIIN0000008226,Dermatology,Low
0.0,NPIIN0000008227,Gastroenterology,Low
0.0,NPIIN0000008228,Dermatology,Low
0.0,NPIIN0000008229,Diabetology,Low
33.9,NPIIN0000008230,General Medicine,Low
0.0,NPIIN0000008231,Cardiology,Low
0.0,NPIIN0000008232,Dermatology,Low
0.0,NPIIN0000008233,Neurology,Low
0.0,NPIIN0000008234,Pulmonology,Low
71.9,NPIIN0000008235,Diabetology,Low
0.0,NPIIN0000008236,Pulmonology,Low
0.0,NPIIN0000008237,General Medicine,Low
0.0,NPIIN0000008238,Orthopedics,Low
0.0,NPIIN0000008239,Urology,Low
47.1,NPIIN0000008240,General Medicine,Low
2.2,NPIIN0000008241,Dermatology,Low
66.6,NPIIN0000008242,Endocrinology,Low
0.0,NPIIN0000008243,Cardiology,Low
0.0,NPIIN0000008244,Neurology,Low
0.1,NPIIN0000008245,Gastroenterology,Low
0.0,NPIIN0000008246,Cardiology,Low
0.0,NPIIN0000008247,Endocrinology,Low
0.0,NPIIN0000008248,Pulmonology,Low
0.0,NPIIN0000008249,Cardiology,Low
0.0,NPIIN0000008250,General Medicine,Low
0.0,NPIIN0000008251,General Medicine,Low
0.0,NPIIN0000008252,Urology,Low
84.1,NPIIN0000008253,Diabetology,Medium
0.5,NPIIN0000008254,Endocrinology,Low
0.0,NPIIN0000008255,Cardiology,Low
0.1,NPIIN0000008256,Cardiology,Low
0.0,NPIIN0000008257,Gastroenterology,Low
0.0,NPIIN0000008258,General Medicine,Low
45.4,NPIIN0000008259,Endocrinology,Low
0.0,NPIIN0000008260,Orthopedics,Low
0.0,NPIIN0000008261,Gastroenterology,Low
0.0,NPIIN0000008262,Cardiology,Low
69.4,NPIIN0000008263,Diabetology,Low
0.0,NPIIN0000008264,Dermatology,Low
0.2,NPIIN0000008265,Neurology,Low
0.0,NPIIN0000008266,Orthopedics,Low
0.0,NPIIN0000008267,Cardiology,Low
0.0,NPIIN0000008268,Gastroenterology,Low
0.0,NPIIN0000008269,Cardiology,Low
0.0,NPIIN0000008270,General Medicine,Low
0.0,NPIIN0000008271,Gastroenterology,Low
0.0,NPIIN0000008272,Gastroenterology,Low
0.0,NPIIN0000008273,Cardiology,Low
0.0,NPIIN0000008274,Endocrinology,Low
47.7,NPIIN0000008275,Gastroenterology,Low
0.0,NPIIN0000008276,Cardiology,Low
67.8,NPIIN0000008277,Diabetology,Low
84.9,NPIIN0000008278,Endocrinology,Low
0.0,NPIIN0000008279,Cardiology,Low
0.0,NPIIN0000008280,Dermatology,Low
0.0,NPIIN0000008281,Cardiology,Low
0.0,NPIIN0000008282,Pulmonology,Low
0.0,NPIIN0000008283,Neurology,Low
0.0,NPIIN0000008284,Cardiology,Low
0.0,NPIIN0000008285,Neurology,Low
0.7,NPIIN0000008286,General Medicine,Low
0.0,NPIIN0000008287,Dermatology,Low
46.9,NPIIN0000008288,Dermatology,Low
0.0,NPIIN0000008289,Dermatology,Low
0.0,NPIIN0000008290,General Medicine,Low
0.0,NPIIN0000008291,Dermatology,Low
0.0,NPIIN0000008292,Pulmonology,Low
0.0,NPIIN0000008293,General Medicine,Low
0.0,NPIIN0000008294,Cardiology,Low
0.0,NPIIN0000008295,Cardiology,Low
68.4,NPIIN0000008296,Diabetology,Low
38.9,NPIIN0000008297,Diabetology,Low
80.6,NPIIN0000008298,Urology,Low
0.0,NPIIN0000008299,Orthopedics,Low
81.0,NPIIN0000008300,Endocrinology,Low
0.0,NPIIN0000008301,Orthopedics,Low
0.0,NPIIN0000008302,Neurology,Low
0.4,NPIIN0000008303,General Medicine,Low
0.3,NPIIN0000008304,Orthopedics,Low
0.0,NPIIN0000008305,Gastroenterology,Low
13.1,NPIIN0000008306,Pulmonology,Low
95.6,NPIIN0000008307,Endocrinology,Low
0.0,NPIIN0000008308,Diabetology,Low
1.4,NPIIN0000008309,Urology,Low
49.2,NPIIN0000008310,Endocrinology,Low
0.0,NPIIN0000008311,Cardiology,Low
47.6,NPIIN0000008312,Diabetology,Low
0.0,NPIIN0000008313,General Medicine,Low
0.0,NPIIN0000008314,General Medicine,Low
0.0,NPIIN0000008315,Orthopedics,Low
82.2,NPIIN0000008316,General Medicine,Low
0.0,NPIIN0000008317,Urology,Low
0.0,NPIIN0000008318,Pulmonology,Low
0.0,NPIIN0000008319,General Medicine,Low
0.0,NPIIN0000008320,Endocrinology,Low
51.7,NPIIN0000008321,Diabetology,Low
0.0,NPIIN0000008322,Urology,Low
6.8,NPIIN0000008323,Gastroenterology,Low
0.0,NPIIN0000008324,General Medicine,Low
0.0,NPIIN0000008325,Urology,Low
0.0,NPIIN0000008326,Dermatology,Low
0.0,NPIIN0000008327,Cardiology,Low
0.0,NPIIN0000008328,Pulmonology,Low
0.0,NPIIN0000008329,Dermatology,Low
0.0,NPIIN0000008330,Dermatology,Low
0.0,NPIIN0000008331,Cardiology,Low
80.8,NPIIN0000008332,Endocrinology,High
0.3,NPIIN0000008333,General Medicine,Low
7.7,NPIIN0000008334,Diabetology,Low
0.0,NPIIN0000008335,Cardiology,Low
0.0,NPIIN0000008336,Pulmonology,Low
0.0,NPIIN0000008337,General Medicine,Low
8.0,NPIIN0000008338,Endocrinology,Low
0.0,NPIIN0000008339,Pulmonology,Low
0.0,NPIIN0000008340,Cardiology,Low
5.8,NPIIN0000008341,General Medicine,Low
0.0,NPIIN0000008342,Dermatology,Low
0.7,NPIIN0000008343,Urology,Low
61.8,NPIIN0000008344,Diabetology,Low
0.0,NPIIN0000008345,Dermatology,Low
0.0,NPIIN0000008346,Urology,Low
0.0,NPIIN0000008347,Pulmonology,Low
0.0,NPIIN0000008348,Orthopedics,Low
4.0,NPIIN0000008349,Diabetology,Low
0.0,NPIIN0000008350,Cardiology,Low
47.0,NPIIN0000008351,Dermatology,Low
0.0,NPIIN0000008352,General Medicine,Low
55.1,NPIIN0000008353,General Medicine,Low
0.0,NPIIN0000008354,Cardiology,Low
0.0,NPIIN0000008355,Cardiology,Low
0.0,NPIIN0000008356,Cardiology,Low
47.8,NPIIN0000008357,Endocrinology,Low
0.0,NPIIN0000008358,Orthopedics,Low
95.9,NPIIN0000008359,Diabetology,High
0.0,NPIIN0000008360,Dermatology,Low
0.0,NPIIN0000008361,Cardiology,Low
0.0,NPIIN0000008362,Diabetology,Low
4.1,NPIIN0000008363,Urology,Low
26.9,NPIIN0000008364,Endocrinology,Low
66.7,NPIIN0000008365,Diabetology,Low
0.0,NPIIN0000008366,Dermatology,Low
0.0,NPIIN0000008367,Cardiology,Low
0.0,NPIIN0000008368,Cardiology,Low
0.0,NPIIN0000008369,Orthopedics,Low
0.3,NPIIN0000008370,General Medicine,Low
0.0,NPIIN0000008371,Neurology,Low
0.0,NPIIN0000008372,Cardiology,Low
49.8,NPIIN0000008373,Endocrinology,Low
0.0,NPIIN0000008374,General Medicine,Low
6.9,NPIIN0000008375,Neurology,Low
0.0,NPIIN0000008376,Diabetology,Low
0.0,NPIIN0000008377,Urology,Low
0.0,NPIIN0000008378,Gastroenterology,Low
0.0,NPIIN0000008379,Pulmonology,Low
0.0,NPIIN0000008380,General Medicine,Low
0.0,NPIIN0000008381,Pulmonology,Low
0.0,NPIIN0000008382,Gastroenterology,Low
0.0,NPIIN0000008383,Cardiology,Low
0.0,NPIIN0000008384,Dermatology,Low
1.0,NPIIN0000008385,General Medicine,Low
0.0,NPIIN0000008386,Orthopedics,Low
0.0,NPIIN0000008387,Orthopedics,Low
0.0,NPIIN0000008388,Cardiology,Low
0.3,NPIIN0000008389,General Medicine,Low
0.0,NPIIN0000008390,General Medicine,Low
0.1,NPIIN0000008391,Pulmonology,Low
0.0,NPIIN0000008392,Dermatology,Low
32.8,NPIIN0000008393,Endocrinology,Low
0.0,NPIIN0000008394,Pulmonology,Low
0.0,NPIIN0000008395,Orthopedics,Low
0.0,NPIIN0000008396,Orthopedics,Low
0.0,NPIIN0000008397,Cardiology,Low
0.0,NPIIN0000008398,Orthopedics,Low
0.0,NPIIN0000008399,Cardiology,Low
0.0,NPIIN0000008400,Pulmonology,Low
55.4,NPIIN0000008401,Diabetology,Low
0.0,NPIIN0000008402,Pulmonology,Low
0.0,NPIIN0000008403,Cardiology,Low
51.8,NPIIN0000008404,Endocrinology,Low
75.1,NPIIN0000008405,Diabetology,Low
0.0,NPIIN0000008406,Urology,Low
0.0,NPIIN0000008407,Pulmonology,Low
0.0,NPIIN0000008408,Neurology,Low
0.0,NPIIN0000008409,Neurology,Low
39.0,NPIIN0000008410,General Medicine,Low
0.0,NPIIN0000008411,Cardiology,Low
0.0,NPIIN0000008412,Cardiology,Low
0.0,NPIIN0000008413,General Medicine,Low
0.0,NPIIN0000008414,Orthopedics,Low
82.2,NPIIN0000008415,Diabetology,Low
0.0,NPIIN0000008416,Neurology,Low
82.0,NPIIN0000008417,Dermatology,Low
0.0,NPIIN0000008418,Urology,Low
0.0,NPIIN0000008419,Diabetology,Low
0.0,NPIIN0000008420,Orthopedics,Low
0.1,NPIIN0000008421,Pulmonology,Low
63.3,NPIIN0000008422,General Medicine,Low
54.7,NPIIN0000008423,Gastroenterology,Low
58.7,NPIIN0000008424,Endocrinology,Low
0.0,NPIIN0000008425,Dermatology,Low
0.0,NPIIN0000008426,Neurology,Low
0.0,NPIIN0000008427,Dermatology,Low
71.9,NPIIN0000008428,Dermatology,Low
0.0,NPIIN0000008429,Pulmonology,Low
82.0,NPIIN0000008430,Cardiology,Low
0.1,NPIIN0000008431,Diabetology,Low
0.0,NPIIN0000008432,Urology,Low
0.0,NPIIN0000008433,Pulmonology,Low
0.0,NPIIN0000008434,Urology,Low
2.1,NPIIN0000008435,General Medicine,Low
0.0,NPIIN0000008436,General Medicine,Low
58.7,NPIIN0000008437,Urology,Low
13.1,NPIIN0000008438,Gastroenterology,Low
0.0,NPIIN0000008439,General Medicine,Low
0.0,NPIIN0000008440,Cardiology,Low
0.0,NPIIN0000008441,Urology,Low
0.0,NPIIN0000008442,Gastroenterology,Low
25.2,NPIIN0000008443,General Medicine,Low
0.0,NPIIN0000008444,Pulmonology,Low
1.0,NPIIN0000008445,Endocrinology,Low
7.9,NPIIN0000008446,General Medicine,Low
75.2,NPIIN0000008447,Endocrinology,Low
0.2,NPIIN0000008448,Endocrinology,Low
0.5,NPIIN0000008449,Dermatology,Low
0.0,NPIIN0000008450,General Medicine,Low
0.0,NPIIN0000008451,Dermatology,Low
0.0,NPIIN0000008452,General Medicine,Low
2.5,NPIIN0000008453,Cardiology,Low
0.0,NPIIN0000008454,General Medicine,Low
0.0,NPIIN0000008455,Endocrinology,Low
0.0,NPIIN0000008456,Neurology,Low
0.0,NPIIN0000008457,Urology,Low
0.0,NPIIN0000008458,Gastroenterology,Low
0.0,NPIIN0000008459,Gastroenterology,Low
0.0,NPIIN0000008460,Urology,Low
68.8,NPIIN0000008461,Gastroenterology,Low
0.0,NPIIN0000008462,Pulmonology,Low
0.0,NPIIN0000008463,Gastroenterology,Low
27.1,NPIIN0000008464,General Medicine,Low
6.8,NPIIN0000008465,Cardiology,Low
0.0,NPIIN0000008466,Neurology,Low
0.0,NPIIN0000008467,Gastroenterology,Low
81.5,NPIIN0000008468,Endocrinology,Low
0.0,NPIIN0000008469,Orthopedics,Low
0.0,NPIIN0000008470,Cardiology,Low
0.0,NPIIN0000008471,Gastroenterology,Low
0.0,NPIIN0000008472,Orthopedics,Low
62.3,NPIIN0000008473,Diabetology,Low
0.0,NPIIN0000008474,Urology,Low
24.6,NPIIN0000008475,Dermatology,Low
0.0,NPIIN0000008476,Gastroenterology,Low
0.0,NPIIN0000008477,Orthopedics,Low
0.0,NPIIN0000008478,Neurology,Low
0.0,NPIIN0000008479,General Medicine,Low
0.0,NPIIN0000008480,Neurology,Low
6.0,NPIIN0000008481,General Medicine,Low
48.0,NPIIN0000008482,Diabetology,Low
0.1,NPIIN0000008483,Cardiology,Low
0.0,NPIIN0000008484,General Medicine,Low
73.3,NPIIN0000008485,Dermatology,Low
0.0,NPIIN0000008486,Orthopedics,Low
0.5,NPIIN0000008487,Orthopedics,Low
0.0,NPIIN0000008488,Endocrinology,Low
0.0,NPIIN0000008489,Pulmonology,Low
0.0,NPIIN0000008490,Pulmonology,Low
0.0,NPIIN0000008491,Endocrinology,Low
6.8,NPIIN0000008492,Pulmonology,Low
84.0,NPIIN0000008493,General Medicine,Low
0.0,NPIIN0000008494,Orthopedics,Low
0.0,NPIIN0000008495,Diabetology,Low
1.4,NPIIN0000008496,Dermatology,Low
0.0,NPIIN0000008497,Urology,Low
0.0,NPIIN0000008498,Gastroenterology,Low
95.4,NPIIN0000008499,Endocrinology,Low
85.7,NPIIN0000008500,Diabetology,Low
24.9,NPIIN0000008501,Orthopedics,Low
0.0,NPIIN0000008502,Cardiology,Low
0.0,NPIIN0000008503,Cardiology,Low
0.0,NPIIN0000008504,Orthopedics,Low
0.0,NPIIN0000008505,Gastroenterology,Low
0.0,NPIIN0000008506,Gastroenterology,Low
86.3,NPIIN0000008507,Endocrinology,Low
0.0,NPIIN0000008508,General Medicine,Low
0.0,NPIIN0000008509,Dermatology,Low
1.5,NPIIN0000008510,Diabetology,Low
0.3,NPIIN0000008511,Endocrinology,Low
0.0,NPIIN0000008512,Cardiology,Low
0.0,NPIIN0000008513,Pulmonology,Low
38.1,NPIIN0000008514,Diabetology,Low
0.0,NPIIN0000008515,Urology,Low
48.3,NPIIN0000008516,Diabetology,Low
33.8,NPIIN0000008517,Endocrinology,Low
0.0,NPIIN0000008518,Orthopedics,Low
0.0,NPIIN0000008519,Orthopedics,Low
13.0,NPIIN0000008520,Neurology,Low
0.0,NPIIN0000008521,Urology,Low
0.5,NPIIN0000008522,Endocrinology,Low
0.3,NPIIN0000008523,General Medicine,Low
0.0,NPIIN0000008524,Endocrinology,Low
7.8,NPIIN0000008525,General Medicine,Low
0.3,NPIIN0000008526,Dermatology,Low
0.0,NPIIN0000008527,Dermatology,Low
0.0,NPIIN0000008528,Cardiology,Low
80.5,NPIIN0000008529,General Medicine,Low
0.0,NPIIN0000008530,Orthopedics,Low
0.0,NPIIN0000008531,Pulmonology,Low
83.8,NPIIN0000008532,Diabetology,Low
0.0,NPIIN0000008533,General Medicine,Low
33.3,NPIIN0000008534,Diabetology,Low
0.0,NPIIN0000008535,General Medicine,Low
37.9,NPIIN0000008536,General Medicine,Low
0.0,NPIIN0000008537,General Medicine,Low
0.0,NPIIN0000008538,General Medicine,Low
0.0,NPIIN0000008539,General Medicine,Low
0.0,NPIIN0000008540,Cardiology,Low
0.0,NPIIN0000008541,Cardiology,Low
55.5,NPIIN0000008542,General Medicine,Low
0.0,NPIIN0000008543,Urology,Low
0.0,NPIIN0000008544,Dermatology,Low
0.0,NPIIN0000008545,Cardiology,Low
0.0,NPIIN0000008546,General Medicine,Low
7.1,NPIIN0000008547,Pulmonology,Low
0.0,NPIIN0000008548,General Medicine,Low
0.0,NPIIN0000008549,Neurology,Low
0.0,NPIIN0000008550,Orthopedics,Low
0.0,NPIIN0000008551,Cardiology,Low
0.0,NPIIN0000008552,General Medicine,Low
0.0,NPIIN0000008553,General Medicine,Low
0.0,NPIIN0000008554,Pulmonology,Low
82.1,NPIIN0000008555,Endocrinology,Low
0.0,NPIIN0000008556,Neurology,Low
0.0,NPIIN0000008557,Cardiology,Low
0.0,NPIIN0000008558,Gastroenterology,Low
0.0,NPIIN0000008559,Neurology,Low
1.1,NPIIN0000008560,General Medicine,Low
0.0,NPIIN0000008561,Orthopedics,Low
0.0,NPIIN0000008562,Dermatology,Low
0.0,NPIIN0000008563,Pulmonology,Low
0.3,NPIIN0000008564,Orthopedics,Low
0.0,NPIIN0000008565,Dermatology,Low
0.0,NPIIN0000008566,Cardiology,Low
0.0,NPIIN0000008567,Pulmonology,Low
0.0,NPIIN0000008568,Pulmonology,Low
0.0,NPIIN0000008569,Neurology,Low
0.0,NPIIN0000008570,Orthopedics,Low
0.0,NPIIN0000008571,General Medicine,Low
81.2,NPIIN0000008572,Cardiology,Low
0.0,NPIIN0000008573,General Medicine,Low
0.0,NPIIN0000008574,Gastroenterology,Low
54.6,NPIIN0000008575,General Medicine,Low
0.0,NPIIN0000008576,Cardiology,Low
0.0,NPIIN0000008577,Diabetology,Low
0.0,NPIIN0000008578,Neurology,Low
0.0,NPIIN0000008579,Cardiology,Low
7.9,NPIIN0000008580,General Medicine,Low
0.0,NPIIN0000008581,Cardiology,Low
0.3,NPIIN0000008582,General Medicine,Low
4.1,NPIIN0000008583,Endocrinology,Low
0.0,NPIIN0000008584,Cardiology,Low
0.0,NPIIN0000008585,Neurology,Low
50.0,NPIIN0000008586,Endocrinology,Low
49.9,NPIIN0000008587,Endocrinology,Low
4.0,NPIIN0000008588,Pulmonology,Low
0.0,NPIIN0000008589,Cardiology,Low
0.0,NPIIN0000008590,Cardiology,Low
69.6,NPIIN0000008591,General Medicine,Low
0.0,NPIIN0000008592,General Medicine,Low
0.0,NPIIN0000008593,Pulmonology,Low
0.0,NPIIN0000008594,Orthopedics,Low
68.0,NPIIN0000008595,General Medicine,Low
0.0,NPIIN0000008596,Pulmonology,Low
0.0,NPIIN0000008597,Urology,Low
51.1,NPIIN0000008598,General Medicine,Low
0.5,NPIIN0000008599,Gastroenterology,Low
0.0,NPIIN0000008600,Pulmonology,Low
0.0,NPIIN0000008601,Neurology,Low
0.0,NPIIN0000008602,Orthopedics,Low
0.0,NPIIN0000008603,Cardiology,Low
0.0,NPIIN0000008604,Urology,Low
0.2,NPIIN0000008605,General Medicine,Low
0.0,NPIIN0000008606,Pulmonology,Low
0.0,NPIIN0000008607,General Medicine,Low
7.0,NPIIN0000008608,Diabetology,Low
0.0,NPIIN0000008609,Cardiology,Low
0.0,NPIIN0000008610,Orthopedics,Low
0.0,NPIIN0000008611,Pulmonology,Low
0.0,NPIIN0000008612,Urology,Low
48.3,NPIIN0000008613,Diabetology,Low
39.4,NPIIN0000008614,Diabetology,Low
0.3,NPIIN0000008615,General Medicine,Low
0.5,NPIIN0000008616,Endocrinology,Low
0.7,NPIIN0000008617,General Medicine,Low
0.0,NPIIN0000008618,Orthopedics,Low
80.3,NPIIN0000008619,Urology,Low
0.0,NPIIN0000008620,General Medicine,Low
0.0,NPIIN0000008621,General Medicine,Low
0.0,NPIIN0000008622,Pulmonology,Low
0.0,NPIIN0000008623,Pulmonology,Low
0.1,NPIIN0000008624,Neurology,Low
0.5,NPIIN0000008625,Pulmonology,Low
0.0,NPIIN0000008626,Cardiology,Low
0.0,NPIIN0000008627,Cardiology,Low
0.0,NPIIN0000008628,Orthopedics,Low
0.0,NPIIN0000008629,Gastroenterology,Low
1.2,NPIIN0000008630,Orthopedics,Low
0.0,NPIIN0000008631,General Medicine,Low
0.0,NPIIN0000008632,Pulmonology,Low
2.6,NPIIN0000008633,Diabetology,Low
0.0,NPIIN0000008634,Urology,Low
84.2,NPIIN0000008635,Diabetology,Low
0.1,NPIIN0000008636,Neurology,Low
0.0,NPIIN0000008637,Endocrinology,Low
0.0,NPIIN0000008638,Cardiology,Low
78.6,NPIIN0000008639,Endocrinology,Low
0.0,NPIIN0000008640,General Medicine,Low
0.0,NPIIN0000008641,Dermatology,Low
0.0,NPIIN0000008642,Orthopedics,Low
6.9,NPIIN0000008643,Pulmonology,Low
61.2,NPIIN0000008644,Pulmonology,Low
0.0,NPIIN0000008645,Gastroenterology,Low
0.0,NPIIN0000008646,Cardiology,Low
0.0,NPIIN0000008647,Dermatology,Low
0.0,NPIIN0000008648,Gastroenterology,Low
49.9,NPIIN0000008649,General Medicine,Low
0.0,NPIIN0000008650,Cardiology,Low
0.0,NPIIN0000008651,Endocrinology,Low
0.0,NPIIN0000008652,General Medicine,Low
0.0,NPIIN0000008653,Orthopedics,Low
0.0,NPIIN0000008654,Neurology,Low
85.9,NPIIN0000008655,General Medicine,Low
0.0,NPIIN0000008656,General Medicine,Low
0.0,NPIIN0000008657,Gastroenterology,Low
64.6,NPIIN0000008658,Diabetology,Low
27.3,NPIIN0000008659,Cardiology,Low
0.0,NPIIN0000008660,Neurology,Low
38.1,NPIIN0000008661,Diabetology,Low
24.2,NPIIN0000008662,Diabetology,Low
0.0,NPIIN0000008663,General Medicine,Low
75.6,NPIIN0000008664,Diabetology,Low
0.0,NPIIN0000008665,Urology,Low
0.0,NPIIN0000008666,Dermatology,Low
0.0,NPIIN0000008667,Orthopedics,Low
0.0,NPIIN0000008668,Orthopedics,Low
46.6,NPIIN0000008669,Diabetology,Low
0.0,NPIIN0000008670,General Medicine,Low
0.0,NPIIN0000008671,Neurology,Low
0.0,NPIIN0000008672,Cardiology,Low
0.0,NPIIN0000008673,Orthopedics,Low
0.0,NPIIN0000008674,Cardiology,Low
0.0,NPIIN0000008675,Pulmonology,Low
0.1,NPIIN0000008676,Neurology,Low
15.1,NPIIN0000008677,Urology,Low
0.0,NPIIN0000008678,Neurology,Low
0.0,NPIIN0000008679,Pulmonology,Low
86.2,NPIIN0000008680,Diabetology,Low
0.0,NPIIN0000008681,Pulmonology,Low
0.0,NPIIN0000008682,Gastroenterology,Low
0.5,NPIIN0000008683,General Medicine,Low
0.0,NPIIN0000008684,Gastroenterology,Low
72.6,NPIIN0000008685,Cardiology,Low
0.0,NPIIN0000008686,General Medicine,Low
5.3,NPIIN0000008687,Orthopedics,Low
0.2,NPIIN0000008688,Diabetology,Low
0.0,NPIIN0000008689,Pulmonology,Low
59.2,NPIIN0000008690,General Medicine,Low
0.0,NPIIN0000008691,Orthopedics,Low
53.0,NPIIN0000008692,Endocrinology,Low
0.0,NPIIN0000008693,Diabetology,Low
0.0,NPIIN0000008694,Urology,Low
0.0,NPIIN0000008695,Neurology,Low
0.0,NPIIN0000008696,Pulmonology,Low
15.5,NPIIN0000008697,General Medicine,Low
86.5,NPIIN0000008698,General Medicine,Low
0.0,NPIIN0000008699,Orthopedics,Low
0.0,NPIIN0000008700,Neurology,Low
0.0,NPIIN0000008701,Urology,Low
0.0,NPIIN0000008702,Orthopedics,Low
0.0,NPIIN0000008703,Pulmonology,Low
6.0,NPIIN0000008704,Pulmonology,Low
80.4,NPIIN0000008705,Neurology,Low
50.1,NPIIN0000008706,Dermatology,Low
0.0,NPIIN0000008707,Neurology,Low
0.0,NPIIN0000008708,Cardiology,Low
0.0,NPIIN0000008709,Orthopedics,Low
0.0,NPIIN0000008710,Neurology,Low
0.0,NPIIN0000008711,Urology,Low
0.0,NPIIN0000008712,General Medicine,Low
0.0,NPIIN0000008713,General Medicine,Low
6.8,NPIIN0000008714,Neurology,Low
0.0,NPIIN0000008715,Gastroenterology,Low
0.0,NPIIN0000008716,Cardiology,Low
31.6,NPIIN0000008717,General Medicine,Low
0.0,NPIIN0000008718,Gastroenterology,Low
0.0,NPIIN0000008719,Orthopedics,Low
0.0,NPIIN0000008720,Cardiology,Low
6.0,NPIIN0000008721,Diabetology,Low
0.0,NPIIN0000008722,General Medicine,Low
0.0,NPIIN0000008723,Endocrinology,Low
47.0,NPIIN0000008724,Cardiology,Low
0.8,NPIIN0000008725,Pulmonology,Low
0.0,NPIIN0000008726,Neurology,Low
0.0,NPIIN0000008727,General Medicine,Low
0.1,NPIIN0000008728,General Medicine,Low
0.0,NPIIN0000008729,Orthopedics,Low
55.7,NPIIN0000008730,General Medicine,Low
0.0,NPIIN0000008731,Dermatology,Low
46.0,NPIIN0000008732,Diabetology,Low
0.0,NPIIN0000008733,Dermatology,Low
0.0,NPIIN0000008734,Dermatology,Low
47.0,NPIIN0000008735,Diabetology,Low
0.0,NPIIN0000008736,Neurology,Low
0.3,NPIIN0000008737,Neurology,Low
85.6,NPIIN0000008738,General Medicine,Low
0.3,NPIIN0000008739,Gastroenterology,Low
73.4,NPIIN0000008740,Diabetology,Very High
51.4,NPIIN0000008741,General Medicine,Low
0.0,NPIIN0000008742,Orthopedics,Low
0.4,NPIIN0000008743,Endocrinology,Low
6.0,NPIIN0000008744,Endocrinology,Low
2.2,NPIIN0000008745,Endocrinology,Medium
0.1,NPIIN0000008746,Orthopedics,Low
47.9,NPIIN0000008747,Endocrinology,Low
0.3,NPIIN0000008748,Endocrinology,Low
0.0,NPIIN0000008749,Neurology,Low
0.0,NPIIN0000008750,Gastroenterology,Low
0.0,NPIIN0000008751,General Medicine,Low
0.0,NPIIN0000008752,Orthopedics,Low
0.0,NPIIN0000008753,Cardiology,Low
0.0,NPIIN0000008754,Pulmonology,Low
0.0,NPIIN0000008755,Pulmonology,Low
0.0,NPIIN0000008756,Diabetology,Low
1.4,NPIIN0000008757,Urology,Low
0.0,NPIIN0000008758,Pulmonology,Low
32.0,NPIIN0000008759,Diabetology,Very High
0.0,NPIIN0000008760,Cardiology,Low
0.0,NPIIN0000008761,Cardiology,Low
0.0,NPIIN0000008762,Urology,Low
38.2,NPIIN0000008763,Diabetology,Low
0.0,NPIIN0000008764,Urology,Low
0.0,NPIIN0000008765,Cardiology,Low
0.0,NPIIN0000008766,Orthopedics,Low
55.3,NPIIN0000008767,Dermatology,Low
0.0,NPIIN0000008768,Cardiology,Low
15.2,NPIIN0000008769,Cardiology,Low
0.0,NPIIN0000008770,Dermatology,Low
0.0,NPIIN0000008771,Cardiology,Low
74.7,NPIIN0000008772,Diabetology,Low
72.5,NPIIN0000008773,Dermatology,Low
0.0,NPIIN0000008774,Urology,Low
0.0,NPIIN0000008775,Gastroenterology,Low
0.0,NPIIN0000008776,Urology,Low
0.0,NPIIN0000008777,Pulmonology,Low
0.0,NPIIN0000008778,Gastroenterology,Low
0.0,NPIIN0000008779,General Medicine,Low
7.8,NPIIN0000008780,Gastroenterology,Low
0.0,NPIIN0000008781,Neurology,Low
7.5,NPIIN0000008782,Pulmonology,Low
0.0,NPIIN0000008783,Orthopedics,Low
0.0,NPIIN0000008784,General Medicine,Low
0.7,NPIIN0000008785,Pulmonology,Low
49.0,NPIIN0000008786,General Medicine,Low
0.2,NPIIN0000008787,Diabetology,Low
54.5,NPIIN0000008788,General Medicine,Low
0.0,NPIIN0000008789,Orthopedics,Low
0.0,NPIIN0000008790,General Medicine,Low
0.0,NPIIN0000008791,Neurology,Low
0.0,NPIIN0000008792,Pulmonology,Low
0.0,NPIIN0000008793,Urology,Low
0.0,NPIIN0000008794,Gastroenterology,Low
0.0,NPIIN0000008795,Cardiology,Low
0.0,NPIIN0000008796,General Medicine,Low
0.0,NPIIN0000008797,Gastroenterology,Low
72.5,NPIIN0000008798,Endocrinology,Low
0.0,NPIIN0000008799,General Medicine,Low
82.1,NPIIN0000008800,Diabetology,Low
0.0,NPIIN0000008801,Cardiology,Low
5.7,NPIIN0000008802,Orthopedics,Low
0.3,NPIIN0000008803,Urology,Low
0.0,NPIIN0000008804,Gastroenterology,Low
48.0,NPIIN0000008805,Endocrinology,Low
0.0,NPIIN0000008806,Orthopedics,Low
0.0,NPIIN0000008807,Neurology,Low
0.0,NPIIN0000008808,Orthopedics,Low
0.0,NPIIN0000008809,Cardiology,Low
63.1,NPIIN0000008810,Endocrinology,Low
0.0,NPIIN0000008811,Neurology,Low
55.7,NPIIN0000008812,Urology,Low
0.1,NPIIN0000008813,Endocrinology,Low
53.4,NPIIN0000008814,Diabetology,Low
0.0,NPIIN0000008815,Pulmonology,Low
0.0,NPIIN0000008816,Orthopedics,Low
0.0,NPIIN0000008817,Dermatology,Low
0.0,NPIIN0000008818,Urology,Low
0.0,NPIIN0000008819,Neurology,Low
0.0,NPIIN0000008820,Urology,Low
0.0,NPIIN0000008821,General Medicine,Low
0.0,NPIIN0000008822,Cardiology,Low
0.0,NPIIN0000008823,Neurology,Low
0.0,NPIIN0000008824,Pulmonology,Low
0.0,NPIIN0000008825,General Medicine,Low
74.7,NPIIN0000008826,Diabetology,Low
0.0,NPIIN0000008827,Gastroenterology,Low
0.0,NPIIN0000008828,Dermatology,Low
0.0,NPIIN0000008829,General Medicine,Low
0.0,NPIIN0000008830,Urology,Low
52.3,NPIIN0000008831,General Medicine,Low
0.0,NPIIN0000008832,Cardiology,Low
71.0,NPIIN0000008833,Endocrinology,Low
6.8,NPIIN0000008834,General Medicine,Low
0.0,NPIIN0000008835,Cardiology,Low
0.0,NPIIN0000008836,Gastroenterology,Low
0.0,NPIIN0000008837,Dermatology,Low
0.0,NPIIN0000008838,Pulmonology,Low
0.0,NPIIN0000008839,Urology,Low
0.0,NPIIN0000008840,Orthopedics,Low
0.0,NPIIN0000008841,General Medicine,Low
0.0,NPIIN0000008842,Cardiology,Low
81.9,NPIIN0000008843,Endocrinology,Low
0.0,NPIIN0000008844,Neurology,Low
62.9,NPIIN0000008845,General Medicine,Low
0.0,NPIIN0000008846,Neurology,Low
0.0,NPIIN0000008847,Neurology,Low
0.0,NPIIN0000008848,Pulmonology,Low
1.7,NPIIN0000008849,Endocrinology,Low
76.8,NPIIN0000008850,Diabetology,Low
7.6,NPIIN0000008851,General Medicine,Low
0.0,NPIIN0000008852,Dermatology,Low
0.0,NPIIN0000008853,Neurology,Low
0.1,NPIIN0000008854,Neurology,Low
0.0,NPIIN0000008855,Neurology,Low
74.8,NPIIN0000008856,General Medicine,Low
0.0,NPIIN0000008857,Cardiology,Low
0.0,NPIIN0000008858,Endocrinology,Low
0.0,NPIIN0000008859,Endocrinology,Low
0.0,NPIIN0000008860,Cardiology,Low
0.0,NPIIN0000008861,Diabetology,Low
0.0,NPIIN0000008862,Gastroenterology,Low
0.0,NPIIN0000008863,Cardiology,Low
0.0,NPIIN0000008864,Cardiology,Low
0.0,NPIIN0000008865,Cardiology,Low
13.3,NPIIN0000008866,Diabetology,Low
0.5,NPIIN0000008867,Endocrinology,Low
0.0,NPIIN0000008868,Cardiology,Low
46.0,NPIIN0000008869,Diabetology,Low
33.6,NPIIN0000008870,Orthopedics,Low
82.2,NPIIN0000008871,General Medicine,Low
0.0,NPIIN0000008872,Endocrinology,Low
27.3,NPIIN0000008873,General Medicine,Low
83.1,NPIIN0000008874,Endocrinology,Low
0.0,NPIIN0000008875,Pulmonology,Low
0.0,NPIIN0000008876,General Medicine,Low
7.4,NPIIN0000008877,Urology,Low
0.0,NPIIN0000008878,Urology,Low
0.0,NPIIN0000008879,Gastroenterology,Low
81.5,NPIIN0000008880,Endocrinology,Low
7.5,NPIIN0000008881,General Medicine,Low
0.1,NPIIN0000008882,Diabetology,Low
0.0,NPIIN0000008883,Dermatology,Low
0.0,NPIIN0000008884,Cardiology,Low
82.2,NPIIN0000008885,Neurology,Low
0.0,NPIIN0000008886,Diabetology,Low
0.0,NPIIN0000008887,General Medicine,Low
0.0,NPIIN0000008888,Diabetology,Low
0.0,NPIIN0000008889,General Medicine,Low
0.0,NPIIN0000008890,Neurology,Low
0.0,NPIIN0000008891,Pulmonology,Low
82.0,NPIIN0000008892,Diabetology,Low
0.0,NPIIN0000008893,Cardiology,Low
0.0,NPIIN0000008894,Dermatology,Low
0.0,NPIIN0000008895,General Medicine,Low
0.0,NPIIN0000008896,Pulmonology,Low
46.8,NPIIN0000008897,General Medicine,Low
0.8,NPIIN0000008898,Pulmonology,Low
0.0,NPIIN0000008899,Pulmonology,Low
0.0,NPIIN0000008900,Cardiology,Low
0.0,NPIIN0000008901,Pulmonology,Low
38.3,NPIIN0000008902,General Medicine,Low
0.0,NPIIN0000008903,Cardiology,Low
0.0,NPIIN0000008904,Gastroenterology,Low
1.0,NPIIN0000008905,Endocrinology,Low
0.0,NPIIN0000008906,Cardiology,Low
0.0,NPIIN0000008907,Dermatology,Low
0.0,NPIIN0000008908,Urology,Low
92.7,NPIIN0000008909,Diabetology,High
0.0,NPIIN0000008910,Neurology,Low
15.4,NPIIN0000008911,Cardiology,Low
6.7,NPIIN0000008912,Gastroenterology,Low
0.0,NPIIN0000008913,General Medicine,Low
0.0,NPIIN0000008914,Dermatology,Low
0.0,NPIIN0000008915,General Medicine,Low
0.3,NPIIN0000008916,General Medicine,Low
0.0,NPIIN0000008917,Dermatology,Low
6.9,NPIIN0000008918,Cardiology,Low
0.0,NPIIN0000008919,Endocrinology,Low
5.2,NPIIN0000008920,General Medicine,Low
0.0,NPIIN0000008921,Pulmonology,Low
0.0,NPIIN0000008922,Cardiology,Low
3.7,NPIIN0000008923,Pulmonology,Low
0.0,NPIIN0000008924,General Medicine,Low
0.0,NPIIN0000008925,Neurology,Low
0.0,NPIIN0000008926,Urology,Low
35.5,NPIIN0000008927,General Medicine,Low
0.0,NPIIN0000008928,Pulmonology,Low
2.5,NPIIN0000008929,General Medicine,Low
0.0,NPIIN0000008930,Cardiology,Low
0.1,NPIIN0000008931,Dermatology,Low
0.0,NPIIN0000008932,Urology,Low
0.0,NPIIN0000008933,Dermatology,Low
72.4,NPIIN0000008934,Orthopedics,Low
86.8,NPIIN0000008935,General Medicine,Low
0.0,NPIIN0000008936,Neurology,Low
6.1,NPIIN0000008937,Endocrinology,Low
0.0,NPIIN0000008938,Orthopedics,Low
0.0,NPIIN0000008939,Pulmonology,Low
0.0,NPIIN0000008940,Diabetology,Low
0.0,NPIIN0000008941,Dermatology,Low
82.4,NPIIN0000008942,Pulmonology,Low
0.0,NPIIN0000008943,Orthopedics,Low
0.0,NPIIN0000008944,Gastroenterology,Low
0.0,NPIIN0000008945,Urology,Low
0.0,NPIIN0000008946,Pulmonology,Low
0.0,NPIIN0000008947,General Medicine,Low
6.8,NPIIN0000008948,Gastroenterology,Low
0.0,NPIIN0000008949,Cardiology,Low
0.0,NPIIN0000008950,Cardiology,Low
0.1,NPIIN0000008951,Orthopedics,Low
0.0,NPIIN0000008952,Urology,Low
0.0,NPIIN0000008953,Orthopedics,Low
0.0,NPIIN0000008954,Cardiology,Low
82.7,NPIIN0000008955,Diabetology,Low
0.0,NPIIN0000008956,Urology,Low
0.0,NPIIN0000008957,Cardiology,Low
54.9,NPIIN0000008958,General Medicine,Low
0.0,NPIIN0000008959,General Medicine,Low
0.0,NPIIN0000008960,Urology,Low
0.1,NPIIN0000008961,General Medicine,Low
64.4,NPIIN0000008962,Diabetology,Medium
0.3,NPIIN0000008963,General Medicine,Low
0.0,NPIIN0000008964,Cardiology,Low
0.0,NPIIN0000008965,Gastroenterology,Low
0.0,NPIIN0000008966,Pulmonology,Low
0.0,NPIIN0000008967,Pulmonology,Low
0.0,NPIIN0000008968,General Medicine,Low
69.4,NPIIN0000008969,Diabetology,Low
0.0,NPIIN0000008970,Cardiology,Low
0.0,NPIIN0000008971,Orthopedics,Low
2.7,NPIIN0000008972,General Medicine,Low
30.5,NPIIN0000008973,General Medicine,Low
41.9,NPIIN0000008974,General Medicine,Low
0.0,NPIIN0000008975,Orthopedics,Low
0.0,NPIIN0000008976,Dermatology,Low
0.0,NPIIN0000008977,Cardiology,Low
0.0,NPIIN0000008978,Pulmonology,Low
0.0,NPIIN0000008979,General Medicine,Low
71.6,NPIIN0000008980,Dermatology,Low
0.0,NPIIN0000008981,Orthopedics,Low
0.0,NPIIN0000008982,Gastroenterology,Low
7.6,NPIIN0000008983,Urology,Low
0.0,NPIIN0000008984,General Medicine,Low
0.0,NPIIN0000008985,General Medicine,Low
0.0,NPIIN0000008986,Neurology,Low
0.0,NPIIN0000008987,Gastroenterology,Low
7.5,NPIIN0000008988,Endocrinology,Low
0.3,NPIIN0000008989,General Medicine,Low
0.8,NPIIN0000008990,Cardiology,Low
48.2,NPIIN0000008991,Endocrinology,Low
27.1,NPIIN0000008992,Urology,Low
7.7,NPIIN0000008993,Endocrinology,Low
0.0,NPIIN0000008994,Dermatology,Low
0.0,NPIIN0000008995,General Medicine,Low
0.0,NPIIN0000008996,Neurology,Low
7.5,NPIIN0000008997,Urology,Low
0.0,NPIIN0000008998,Gastroenterology,Low
0.0,NPIIN0000008999,Dermatology,Low
58.8,NPIIN0000009000,Diabetology,Low
57.3,NPIIN0000009001,General Medicine,Low
0.0,NPIIN0000009002,Gastroenterology,Low
0.0,NPIIN0000009003,Gastroenterology,Low
0.0,NPIIN0000009004,Dermatology,Low
57.6,NPIIN0000009005,Gastroenterology,Low
90.6,NPIIN0000009006,Endocrinology,Low
32.2,NPIIN0000009007,Diabetology,Low
0.0,NPIIN0000009008,Orthopedics,Low
0.0,NPIIN0000009009,Pulmonology,Low
0.0,NPIIN0000009010,Gastroenterology,Low
0.0,NPIIN0000009011,Pulmonology,Low
0.0,NPIIN0000009012,Urology,Low
0.0,NPIIN0000009013,Urology,Low
50.3,NPIIN0000009014,Diabetology,Low
0.0,NPIIN0000009015,Urology,Low
91.3,NPIIN0000009016,Diabetology,Low
0.1,NPIIN0000009017,General Medicine,Low
0.0,NPIIN0000009018,Dermatology,Low
0.0,NPIIN0000009019,Diabetology,Low
0.3,NPIIN0000009020,Diabetology,Low
0.0,NPIIN0000009021,Neurology,Low
0.0,NPIIN0000009022,Orthopedics,Low
0.0,NPIIN0000009023,Cardiology,Low
13.5,NPIIN0000009024,Neurology,Low
7.1,NPIIN0000009025,General Medicine,Low
0.0,NPIIN0000009026,General Medicine,Low
54.9,NPIIN0000009027,Gastroenterology,Low
0.0,NPIIN0000009028,Pulmonology,Low
0.0,NPIIN0000009029,Dermatology,Low
0.0,NPIIN0000009030,Gastroenterology,Low
0.4,NPIIN0000009031,Orthopedics,Low
0.0,NPIIN0000009032,Dermatology,Low
0.0,NPIIN0000009033,Cardiology,Low
1.4,NPIIN0000009034,Gastroenterology,Low
0.0,NPIIN0000009035,Neurology,Low
0.0,NPIIN0000009036,Cardiology,Low
0.0,NPIIN0000009037,Pulmonology,Low
0.0,NPIIN0000009038,Gastroenterology,Low
83.1,NPIIN0000009039,Endocrinology,Low
5.9,NPIIN0000009040,General Medicine,Low
72.4,NPIIN0000009041,Pulmonology,Low
52.9,NPIIN0000009042,General Medicine,Low
0.0,NPIIN0000009043,Urology,Low
68.4,NPIIN0000009044,Endocrinology,Low
0.0,NPIIN0000009045,Gastroenterology,Low
0.0,NPIIN0000009046,Gastroenterology,Low
85.8,NPIIN0000009047,General Medicine,Low
0.0,NPIIN0000009048,Pulmonology,Low
40.5,NPIIN0000009049,Endocrinology,Low
0.3,NPIIN0000009050,Endocrinology,Low
0.0,NPIIN0000009051,Pulmonology,Low
48.6,NPIIN0000009052,Endocrinology,Low
0.0,NPIIN0000009053,Dermatology,Low
0.0,NPIIN0000009054,Pulmonology,Low
72.2,NPIIN0000009055,Cardiology,Low
39.4,NPIIN0000009056,General Medicine,Low
5.9,NPIIN0000009057,Dermatology,Low
0.3,NPIIN0000009058,Diabetology,Low
0.0,NPIIN0000009059,Gastroenterology,Low
0.0,NPIIN0000009060,Cardiology,Low
0.0,NPIIN0000009061,Orthopedics,Low
5.1,NPIIN0000009062,General Medicine,Low
15.2,NPIIN0000009063,General Medicine,Low
0.0,NPIIN0000009064,Pulmonology,Low
0.0,NPIIN0000009065,General Medicine,Low
0.0,NPIIN0000009066,Gastroenterology,Low
0.0,NPIIN0000009067,Cardiology,Low
24.8,NPIIN0000009068,Endocrinology,Low
46.7,NPIIN0000009069,Endocrinology,Low
0.0,NPIIN0000009070,Neurology,Low
0.0,NPIIN0000009071,Urology,Low
0.0,NPIIN0000009072,Cardiology,Low
0.0,NPIIN0000009073,Dermatology,Low
55.3,NPIIN0000009074,Dermatology,Low
0.0,NPIIN0000009075,Cardiology,Low
85.4,NPIIN0000009076,Endocrinology,Low
0.0,NPIIN0000009077,General Medicine,Low
0.0,NPIIN0000009078,Cardiology,Low
0.0,NPIIN0000009079,Gastroenterology,Low
85.7,NPIIN0000009080,General Medicine,Low
0.3,NPIIN0000009081,General Medicine,Low
0.0,NPIIN0000009082,Gastroenterology,Low
86.5,NPIIN0000009083,Diabetology,Low
0.0,NPIIN0000009084,Urology,Low
0.0,NPIIN0000009085,Neurology,Low
3.0,NPIIN0000009086,General Medicine,Low
0.0,NPIIN0000009087,Pulmonology,Low
81.9,NPIIN0000009088,Diabetology,Low
24.9,NPIIN0000009089,Orthopedics,Low
0.0,NPIIN0000009090,General Medicine,Low
0.0,NPIIN0000009091,Urology,Low
0.4,NPIIN0000009092,Orthopedics,Low
0.0,NPIIN0000009093,Pulmonology,Low
0.0,NPIIN0000009094,Gastroenterology,Low
0.0,NPIIN0000009095,Pulmonology,Low
7.6,NPIIN0000009096,Cardiology,Low
0.0,NPIIN0000009097,Orthopedics,Low
0.0,NPIIN0000009098,General Medicine,Low
0.0,NPIIN0000009099,Urology,Low
0.0,NPIIN0000009100,Neurology,Low
0.0,NPIIN0000009101,Cardiology,Low
39.2,NPIIN0000009102,General Medicine,Low
78.7,NPIIN0000009103,Endocrinology,Low
7.7,NPIIN0000009104,Endocrinology,Low
0.0,NPIIN0000009105,Gastroenterology,Low
0.0,NPIIN0000009106,Cardiology,Low
0.0,NPIIN0000009107,Orthopedics,Low
84.7,NPIIN0000009108,General Medicine,Low
85.7,NPIIN0000009109,General Medicine,Low
49.3,NPIIN0000009110,Diabetology,Low
0.0,NPIIN0000009111,Cardiology,Low
69.1,NPIIN0000009112,Pulmonology,Low
50.0,NPIIN0000009113,General Medicine,Low
0.0,NPIIN0000009114,Pulmonology,Low
0.0,NPIIN0000009115,Pulmonology,Low
0.0,NPIIN0000009116,Endocrinology,Low
82.5,NPIIN0000009117,General Medicine,Low
49.0,NPIIN0000009118,Diabetology,Low
38.1,NPIIN0000009119,Endocrinology,Low
0.0,NPIIN0000009120,Gastroenterology,Low
0.0,NPIIN0000009121,Cardiology,Low
0.0,NPIIN0000009122,Diabetology,Low
0.0,NPIIN0000009123,Pulmonology,Low
0.0,NPIIN0000009124,General Medicine,Low
50.9,NPIIN0000009125,Orthopedics,Low
0.0,NPIIN0000009126,Dermatology,Low
0.0,NPIIN0000009127,Gastroenterology,Low
0.3,NPIIN0000009128,General Medicine,Low
0.0,NPIIN0000009129,General Medicine,Low
0.0,NPIIN0000009130,Cardiology,Low
0.3,NPIIN0000009131,Dermatology,Low
87.0,NPIIN0000009132,General Medicine,Low
86.6,NPIIN0000009133,Diabetology,Low
0.1,NPIIN0000009134,Pulmonology,Low
0.0,NPIIN0000009135,Gastroenterology,Low
0.0,NPIIN0000009136,General Medicine,Low
65.8,NPIIN0000009137,Endocrinology,Low
0.4,NPIIN0000009138,Urology,Low
0.0,NPIIN0000009139,Cardiology,Low
0.0,NPIIN0000009140,Orthopedics,Low
55.1,NPIIN0000009141,General Medicine,Low
0.0,NPIIN0000009142,Orthopedics,Low
0.0,NPIIN0000009143,Urology,Low
43.7,NPIIN0000009144,General Medicine,Low
0.0,NPIIN0000009145,Dermatology,Low
0.0,NPIIN0000009146,Cardiology,Low
5.9,NPIIN0000009147,Cardiology,Low
0.0,NPIIN0000009148,General Medicine,Low
72.6,NPIIN0000009149,Pulmonology,Low
0.0,NPIIN0000009150,Cardiology,Low
0.4,NPIIN0000009151,General Medicine,Low
0.0,NPIIN0000009152,Orthopedics,Low
0.0,NPIIN0000009153,Dermatology,Low
4.1,NPIIN0000009154,Endocrinology,Low
0.0,NPIIN0000009155,General Medicine,Low
87.9,NPIIN0000009156,Endocrinology,Low
49.1,NPIIN0000009157,Diabetology,Low
0.0,NPIIN0000009158,Urology,Low
0.0,NPIIN0000009159,Orthopedics,Low
0.4,NPIIN0000009160,Diabetology,Low
68.2,NPIIN0000009161,Endocrinology,Low
85.3,NPIIN0000009162,General Medicine,Low
48.6,NPIIN0000009163,General Medicine,Low
0.0,NPIIN0000009164,Cardiology,Low
49.2,NPIIN0000009165,Endocrinology,Low
0.0,NPIIN0000009166,General Medicine,Low
0.9,NPIIN0000009167,Endocrinology,Low
0.0,NPIIN0000009168,Dermatology,Low
0.0,NPIIN0000009169,Gastroenterology,Low
0.0,NPIIN0000009170,Pulmonology,Low
0.0,NPIIN0000009171,General Medicine,Low
0.0,NPIIN0000009172,Dermatology,Low
54.0,NPIIN0000009173,Endocrinology,Low
0.0,NPIIN0000009174,Urology,Low
0.0,NPIIN0000009175,Cardiology,Low
0.0,NPIIN0000009176,Urology,Low
0.0,NPIIN0000009177,Cardiology,Low
0.0,NPIIN0000009178,Dermatology,Low
86.5,NPIIN0000009179,Cardiology,Low
0.0,NPIIN0000009180,Dermatology,Low
0.0,NPIIN0000009181,Pulmonology,Low
0.0,NPIIN0000009182,Cardiology,Low
0.0,NPIIN0000009183,Gastroenterology,Low
0.0,NPIIN0000009184,Cardiology,Low
0.7,NPIIN0000009185,Pulmonology,Low
0.0,NPIIN0000009186,General Medicine,Low
0.0,NPIIN0000009187,Gastroenterology,Low
0.0,NPIIN0000009188,Dermatology,Low
0.3,NPIIN0000009189,General Medicine,Low
0.0,NPIIN0000009190,Gastroenterology,Low
0.0,NPIIN0000009191,Urology,Low
0.0,NPIIN0000009192,Neurology,Low
1.5,NPIIN0000009193,Diabetology,Low
0.7,NPIIN0000009194,General Medicine,Low
0.0,NPIIN0000009195,Endocrinology,Low
0.0,NPIIN0000009196,General Medicine,Low
0.0,NPIIN0000009197,Diabetology,Low
0.0,NPIIN0000009198,Dermatology,Low
0.0,NPIIN0000009199,Pulmonology,Low
15.3,NPIIN0000009200,Neurology,Low
46.7,NPIIN0000009201,Cardiology,Low
1.0,NPIIN0000009202,Cardiology,Low
0.0,NPIIN0000009203,Gastroenterology,Low
1.4,NPIIN0000009204,Pulmonology,Low
0.0,NPIIN0000009205,Orthopedics,Low
0.0,NPIIN0000009206,Pulmonology,Low
52.1,NPIIN0000009207,Endocrinology,Low
0.6,NPIIN0000009208,Neurology,Low
0.0,NPIIN0000009209,Neurology,Low
0.0,NPIIN0000009210,Cardiology,Low
0.0,NPIIN0000009211,Neurology,Low
56.1,NPIIN0000009212,Endocrinology,Low
0.0,NPIIN0000009213,Diabetology,Low
0.0,NPIIN0000009214,Cardiology,Low
0.0,NPIIN0000009215,Pulmonology,Low
0.0,NPIIN0000009216,Gastroenterology,Low
0.0,NPIIN0000009217,Endocrinology,Low
0.0,NPIIN0000009218,Dermatology,Low
6.7,NPIIN0000009219,Gastroenterology,Low
0.0,NPIIN0000009220,General Medicine,Low
0.0,NPIIN0000009221,Cardiology,Low
71.0,NPIIN0000009222,Diabetology,Low
57.7,NPIIN0000009223,Endocrinology,Low
0.0,NPIIN0000009224,Orthopedics,Low
47.1,NPIIN0000009225,Dermatology,Low
0.0,NPIIN0000009226,Cardiology,Low
0.4,NPIIN0000009227,General Medicine,Low
54.8,NPIIN0000009228,Diabetology,Low
0.0,NPIIN0000009229,Cardiology,Low
0.3,NPIIN0000009230,Diabetology,Low
0.5,NPIIN0000009231,Cardiology,Low
91.3,NPIIN0000009232,Endocrinology,Low
47.3,NPIIN0000009233,Diabetology,Low
0.0,NPIIN0000009234,General Medicine,Low
0.3,NPIIN0000009235,General Medicine,Low
0.5,NPIIN0000009236,General Medicine,Low
49.3,NPIIN0000009237,General Medicine,Low
0.0,NPIIN0000009238,General Medicine,Low
0.3,NPIIN0000009239,General Medicine,Low
0.0,NPIIN0000009240,Orthopedics,Low
0.0,NPIIN0000009241,Cardiology,Low
0.0,NPIIN0000009242,Pulmonology,Low
2.5,NPIIN0000009243,Endocrinology,Low
0.0,NPIIN0000009244,General Medicine,Low
0.0,NPIIN0000009245,Pulmonology,Low
0.0,NPIIN0000009246,Gastroenterology,Low
0.0,NPIIN0000009247,Orthopedics,Low
0.0,NPIIN0000009248,General Medicine,Low
0.0,NPIIN0000009249,Diabetology,Low
0.5,NPIIN0000009250,Dermatology,Low
0.0,NPIIN0000009251,Endocrinology,Low
85.1,NPIIN0000009252,General Medicine,Low
0.0,NPIIN0000009253,Dermatology,Low
0.0,NPIIN0000009254,General Medicine,Low
0.0,NPIIN0000009255,Pulmonology,Low
71.4,NPIIN0000009256,Cardiology,Low
0.0,NPIIN0000009257,Cardiology,Low
0.0,NPIIN0000009258,Orthopedics,Low
54.2,NPIIN0000009259,Endocrinology,Medium
0.0,NPIIN0000009260,General Medicine,Low
80.1,NPIIN0000009261,General Medicine,Low
0.0,NPIIN0000009262,General Medicine,Low
0.0,NPIIN0000009263,Cardiology,Low
70.8,NPIIN0000009264,Endocrinology,Low
67.7,NPIIN0000009265,General Medicine,Low
0.0,NPIIN0000009266,General Medicine,Low
0.0,NPIIN0000009267,Dermatology,Low
27.3,NPIIN0000009268,Diabetology,Low
0.0,NPIIN0000009269,Orthopedics,Low
0.3,NPIIN0000009270,Diabetology,Low
53.0,NPIIN0000009271,General Medicine,Low
0.0,NPIIN0000009272,Orthopedics,Low
0.0,NPIIN0000009273,Dermatology,Low
46.7,NPIIN0000009274,Diabetology,Low
91.9,NPIIN0000009275,General Medicine,Low
0.0,NPIIN0000009276,Dermatology,Low
86.7,NPIIN0000009277,Cardiology,Low
97.9,NPIIN0000009278,Diabetology,High
0.0,NPIIN0000009279,Pulmonology,Low
0.0,NPIIN0000009280,Dermatology,Low
0.0,NPIIN0000009281,Pulmonology,Low
0.0,NPIIN0000009282,General Medicine,Low
0.0,NPIIN0000009283,Orthopedics,Low
73.0,NPIIN0000009284,Cardiology,Low
0.0,NPIIN0000009285,Gastroenterology,Low
0.0,NPIIN0000009286,Cardiology,Low
0.0,NPIIN0000009287,Gastroenterology,Low
0.0,NPIIN0000009288,Pulmonology,Low
6.9,NPIIN0000009289,Diabetology,Low
0.4,NPIIN0000009290,Pulmonology,Low
0.0,NPIIN0000009291,Urology,Low
84.9,NPIIN0000009292,General Medicine,Low
0.0,NPIIN0000009293,Cardiology,Low
0.0,NPIIN0000009294,Cardiology,Low
0.0,NPIIN0000009295,Neurology,Low
0.0,NPIIN0000009296,Neurology,Low
0.0,NPIIN0000009297,General Medicine,Low
0.0,NPIIN0000009298,Diabetology,Low
0.0,NPIIN0000009299,Gastroenterology,Low
54.0,NPIIN0000009300,Diabetology,Low
6.8,NPIIN0000009301,Cardiology,Low
85.5,NPIIN0000009302,General Medicine,Low
7.7,NPIIN0000009303,Pulmonology,Low
0.0,NPIIN0000009304,Orthopedics,Low
47.4,NPIIN0000009305,Pulmonology,Low
61.7,NPIIN0000009306,Endocrinology,Low
0.0,NPIIN0000009307,Dermatology,Low
6.7,NPIIN0000009308,Diabetology,Low
0.0,NPIIN0000009309,Orthopedics,Low
99.8,NPIIN0000009310,Diabetology,Medium
0.0,NPIIN0000009311,Urology,Low
0.0,NPIIN0000009312,Urology,Low
0.0,NPIIN0000009313,Urology,Low
0.0,NPIIN0000009314,Cardiology,Low
0.0,NPIIN0000009315,Dermatology,Low
0.0,NPIIN0000009316,Gastroenterology,Low
48.5,NPIIN0000009317,General Medicine,Low
0.0,NPIIN0000009318,General Medicine,Low
0.0,NPIIN0000009319,Neurology,Low
0.0,NPIIN0000009320,Orthopedics,Low
0.0,NPIIN0000009321,Gastroenterology,Low
1.5,NPIIN0000009322,General Medicine,Low
0.0,NPIIN0000009323,Neurology,Low
91.7,NPIIN0000009324,Endocrinology,Low
0.0,NPIIN0000009325,General Medicine,Low
0.0,NPIIN0000009326,Dermatology,Low
0.0,NPIIN0000009327,Pulmonology,Low
0.0,NPIIN0000009328,Gastroenterology,Low
38.0,NPIIN0000009329,General Medicine,Low
7.5,NPIIN0000009330,General Medicine,Low
0.0,NPIIN0000009331,Gastroenterology,Low
0.0,NPIIN0000009332,Cardiology,Low
0.0,NPIIN0000009333,Orthopedics,Low
0.0,NPIIN0000009334,Orthopedics,Low
0.0,NPIIN0000009335,Urology,Low
1.0,NPIIN0000009336,Urology,Low
0.0,NPIIN0000009337,General Medicine,Low
0.0,NPIIN0000009338,General Medicine,Low
0.0,NPIIN0000009339,Dermatology,Low
0.3,NPIIN0000009340,Diabetology,Low
0.0,NPIIN0000009341,Dermatology,Low
56.6,NPIIN0000009342,Endocrinology,Low
0.0,NPIIN0000009343,Urology,Low
0.0,NPIIN0000009344,Pulmonology,Low
0.0,NPIIN0000009345,Dermatology,Low
15.1,NPIIN0000009346,General Medicine,Low
0.0,NPIIN0000009347,Pulmonology,Low
0.0,NPIIN0000009348,Urology,Low
82.2,NPIIN0000009349,General Medicine,Low
81.5,NPIIN0000009350,Endocrinology,Low
0.0,NPIIN0000009351,Cardiology,Low
0.0,NPIIN0000009352,Pulmonology,Low
0.0,NPIIN0000009353,Pulmonology,Low
0.0,NPIIN0000009354,Pulmonology,Low
0.0,NPIIN0000009355,Cardiology,Low
0.0,NPIIN0000009356,Cardiology,Low
0.0,NPIIN0000009357,Urology,Low
0.0,NPIIN0000009358,Neurology,Low
0.0,NPIIN0000009359,Cardiology,Low
0.0,NPIIN0000009360,Cardiology,Low
49.0,NPIIN0000009361,Endocrinology,Low
0.0,NPIIN0000009362,Dermatology,Low
0.0,NPIIN0000009363,Gastroenterology,Low
0.0,NPIIN0000009364,Neurology,Low
0.0,NPIIN0000009365,Neurology,Low
0.0,NPIIN0000009366,Dermatology,Low
0.0,NPIIN0000009367,General Medicine,Low
56.7,NPIIN0000009368,Diabetology,Low
88.0,NPIIN0000009369,General Medicine,Low
0.0,NPIIN0000009370,Orthopedics,Low
0.0,NPIIN0000009371,Pulmonology,Low
0.1,NPIIN0000009372,Pulmonology,Low
0.0,NPIIN0000009373,Dermatology,Low
0.0,NPIIN0000009374,Endocrinology,Low
33.4,NPIIN0000009375,General Medicine,Low
0.0,NPIIN0000009376,Neurology,Low
0.0,NPIIN0000009377,Orthopedics,Low
39.3,NPIIN0000009378,Endocrinology,Low
0.0,NPIIN0000009379,General Medicine,Low
0.0,NPIIN0000009380,Urology,Low
0.0,NPIIN0000009381,Gastroenterology,Low
0.0,NPIIN0000009382,Pulmonology,Low
95.0,NPIIN0000009383,Diabetology,Low
14.4,NPIIN0000009384,Endocrinology,Low
0.0,NPIIN0000009385,General Medicine,Low
0.0,NPIIN0000009386,Diabetology,Low
0.0,NPIIN0000009387,Dermatology,Low
0.3,NPIIN0000009388,Gastroenterology,Low
0.7,NPIIN0000009389,Dermatology,Low
0.0,NPIIN0000009390,Endocrinology,Low
0.0,NPIIN0000009391,Diabetology,Low
0.0,NPIIN0000009392,Gastroenterology,Low
68.0,NPIIN0000009393,Endocrinology,Low
79.1,NPIIN0000009394,Endocrinology,Low
0.0,NPIIN0000009395,General Medicine,Low
71.0,NPIIN0000009396,Endocrinology,Low
0.0,NPIIN0000009397,Cardiology,Low
58.9,NPIIN0000009398,Diabetology,Low
0.0,NPIIN0000009399,Urology,Low
0.0,NPIIN0000009400,Cardiology,Low
0.0,NPIIN0000009401,Pulmonology,Low
0.1,NPIIN0000009402,Pulmonology,Low
0.0,NPIIN0000009403,Pulmonology,Low
2.7,NPIIN0000009404,General Medicine,Low
0.0,NPIIN0000009405,Cardiology,Low
0.3,NPIIN0000009406,Cardiology,Low
0.0,NPIIN0000009407,General Medicine,Low
0.0,NPIIN0000009408,Orthopedics,Low
0.0,NPIIN0000009409,General Medicine,Low
0.0,NPIIN0000009410,General Medicine,Low
0.0,NPIIN0000009411,Orthopedics,Low
0.0,NPIIN0000009412,Gastroenterology,Low
0.0,NPIIN0000009413,Gastroenterology,Low
0.0,NPIIN0000009414,General Medicine,Low
1.4,NPIIN0000009415,Urology,Low
0.0,NPIIN0000009416,Pulmonology,Low
0.0,NPIIN0000009417,Neurology,Low
0.0,NPIIN0000009418,Gastroenterology,Low
35.8,NPIIN0000009419,General Medicine,Low
0.0,NPIIN0000009420,Orthopedics,Low
0.0,NPIIN0000009421,Orthopedics,Low
0.0,NPIIN0000009422,Pulmonology,Low
74.8,NPIIN0000009423,Endocrinology,Low
0.0,NPIIN0000009424,Gastroenterology,Low
7.9,NPIIN0000009425,Diabetology,Low
0.0,NPIIN0000009426,Pulmonology,Low
0.0,NPIIN0000009427,Cardiology,Low
0.0,NPIIN0000009428,Dermatology,Low
0.0,NPIIN0000009429,Orthopedics,Low
0.3,NPIIN0000009430,Cardiology,Low
0.0,NPIIN0000009431,Gastroenterology,Low
0.0,NPIIN0000009432,Urology,Low
0.0,NPIIN0000009433,Cardiology,Low
65.7,NPIIN0000009434,Diabetology,Low
0.2,NPIIN0000009435,General Medicine,Low
0.0,NPIIN0000009436,Dermatology,Low
0.0,NPIIN0000009437,General Medicine,Low
0.0,NPIIN0000009438,Cardiology,Low
51.3,NPIIN0000009439,Diabetology,Low
49.6,NPIIN0000009440,General Medicine,Low
0.0,NPIIN0000009441,Cardiology,Low
0.0,NPIIN0000009442,Neurology,Low
0.3,NPIIN0000009443,Cardiology,Low
0.0,NPIIN0000009444,Gastroenterology,Low
0.0,NPIIN0000009445,Gastroenterology,Low
0.0,NPIIN0000009446,Urology,Low
0.5,NPIIN0000009447,Endocrinology,Low
0.0,NPIIN0000009448,Pulmonology,Low
0.0,NPIIN0000009449,Gastroenterology,Low
7.9,NPIIN0000009450,General Medicine,Low
7.5,NPIIN0000009451,Cardiology,Low
0.0,NPIIN0000009452,Cardiology,Low
0.0,NPIIN0000009453,Pulmonology,Low
0.0,NPIIN0000009454,General Medicine,Low
27.1,NPIIN0000009455,Urology,Low
0.0,NPIIN0000009456,Dermatology,Low
0.0,NPIIN0000009457,Gastroenterology,Low
0.0,NPIIN0000009458,Orthopedics,Low
0.0,NPIIN0000009459,Neurology,Low
0.0,NPIIN0000009460,Cardiology,Low
1.0,NPIIN0000009461,Cardiology,Low
27.4,NPIIN0000009462,Dermatology,Low
69.7,NPIIN0000009463,General Medicine,Low
15.3,NPIIN0000009464,Urology,Low
0.0,NPIIN0000009465,Cardiology,Low
14.8,NPIIN0000009466,Endocrinology,Low
0.0,NPIIN0000009467,Gastroenterology,Low
46.9,NPIIN0000009468,Dermatology,Low
0.0,NPIIN0000009469,Urology,Low
0.0,NPIIN0000009470,Cardiology,Low
38.6,NPIIN0000009471,General Medicine,Low
0.0,NPIIN0000009472,Neurology,Low
0.0,NPIIN0000009473,Urology,Low
0.7,NPIIN0000009474,Endocrinology,Low
25.7,NPIIN0000009475,Pulmonology,Low
0.0,NPIIN0000009476,Endocrinology,Low
0.0,NPIIN0000009477,Gastroenterology,Low
0.0,NPIIN0000009478,Cardiology,Low
0.0,NPIIN0000009479,Orthopedics,Low
0.0,NPIIN0000009480,Cardiology,Low
0.0,NPIIN0000009481,Neurology,Low
0.0,NPIIN0000009482,Gastroenterology,Low
72.3,NPIIN0000009483,Diabetology,Low
0.0,NPIIN0000009484,Diabetology,Low
0.0,NPIIN0000009485,Pulmonology,Low
0.0,NPIIN0000009486,Neurology,Low
0.0,NPIIN0000009487,Gastroenterology,Low
0.0,NPIIN0000009488,Pulmonology,Low
6.7,NPIIN0000009489,Endocrinology,Low
0.0,NPIIN0000009490,Urology,Low
13.1,NPIIN0000009491,Endocrinology,Low
0.0,NPIIN0000009492,Pulmonology,Low
48.6,NPIIN0000009493,Urology,Low
0.1,NPIIN0000009494,Urology,Low
0.1,NPIIN0000009495,Endocrinology,Low
4.0,NPIIN0000009496,Endocrinology,Low
6.9,NPIIN0000009497,Pulmonology,Low
0.0,NPIIN0000009498,General Medicine,Low
0.0,NPIIN0000009499,Gastroenterology,Low
0.0,NPIIN0000009500,General Medicine,Low
95.6,NPIIN0000009501,Diabetology,Low
0.0,NPIIN0000009502,General Medicine,Low
0.0,NPIIN0000009503,Neurology,Low
0.0,NPIIN0000009504,Gastroenterology,Low
13.1,NPIIN0000009505,General Medicine,Low
0.0,NPIIN0000009506,Cardiology,Low
12.3,NPIIN0000009507,General Medicine,Low
0.0,NPIIN0000009508,Neurology,Low
0.0,NPIIN0000009509,Gastroenterology,Low
0.0,NPIIN0000009510,Urology,Low
0.0,NPIIN0000009511,Orthopedics,Low
0.0,NPIIN0000009512,General Medicine,Low
0.0,NPIIN0000009513,Urology,Low
76.6,NPIIN0000009514,Diabetology,Low
0.0,NPIIN0000009515,Pulmonology,Low
0.0,NPIIN0000009516,Pulmonology,Low
0.0,NPIIN0000009517,Gastroenterology,Low
27.1,NPIIN0000009518,Gastroenterology,Low
99.2,NPIIN0000009519,Diabetology,Medium
0.0,NPIIN0000009520,Urology,Low
36.4,NPIIN0000009521,Urology,Low
56.3,NPIIN0000009522,Orthopedics,Low
25.6,NPIIN0000009523,General Medicine,Low
0.0,NPIIN0000009524,Orthopedics,Low
0.0,NPIIN0000009525,Gastroenterology,Low
0.0,NPIIN0000009526,Neurology,Low
0.0,NPIIN0000009527,General Medicine,Low
0.0,NPIIN0000009528,Dermatology,Low
1.5,NPIIN0000009529,Gastroenterology,Low
0.0,NPIIN0000009530,Pulmonology,Low
0.0,NPIIN0000009531,Orthopedics,Low
96.2,NPIIN0000009532,Diabetology,Medium
72.4,NPIIN0000009533,Neurology,Low
82.3,NPIIN0000009534,Diabetology,Low
0.0,NPIIN0000009535,General Medicine,Low
0.0,NPIIN0000009536,General Medicine,Low
53.5,NPIIN0000009537,General Medicine,Low
7.6,NPIIN0000009538,General Medicine,Low
0.0,NPIIN0000009539,Cardiology,Low
0.0,NPIIN0000009540,Cardiology,Low
0.0,NPIIN0000009541,Gastroenterology,Low
0.4,NPIIN0000009542,Diabetology,Low
0.0,NPIIN0000009543,Cardiology,Low
0.0,NPIIN0000009544,Cardiology,Low
84.4,NPIIN0000009545,Endocrinology,Low
0.0,NPIIN0000009546,Cardiology,Low
0.0,NPIIN0000009547,Orthopedics,Low
0.0,NPIIN0000009548,Pulmonology,Low
0.0,NPIIN0000009549,General Medicine,Low
0.3,NPIIN0000009550,Pulmonology,Low
0.0,NPIIN0000009551,Cardiology,Low
0.0,NPIIN0000009552,Neurology,Low
0.0,NPIIN0000009553,Orthopedics,Low
0.0,NPIIN0000009554,Cardiology,Low
0.0,NPIIN0000009555,Endocrinology,Low
0.0,NPIIN0000009556,Pulmonology,Low
2.3,NPIIN0000009557,Endocrinology,Medium
0.0,NPIIN0000009558,Cardiology,Low
0.0,NPIIN0000009559,Neurology,Low
0.0,NPIIN0000009560,Pulmonology,Low
66.0,NPIIN0000009561,Endocrinology,Low
0.0,NPIIN0000009562,Dermatology,Low
0.0,NPIIN0000009563,Cardiology,Low
0.0,NPIIN0000009564,General Medicine,Low
0.0,NPIIN0000009565,Gastroenterology,Low
0.0,NPIIN0000009566,Pulmonology,Low
0.0,NPIIN0000009567,Pulmonology,Low
0.0,NPIIN0000009568,Neurology,Low
0.0,NPIIN0000009569,Neurology,Low
0.0,NPIIN0000009570,Urology,Low
0.1,NPIIN0000009571,Pulmonology,Low
0.0,NPIIN0000009572,General Medicine,Low
0.0,NPIIN0000009573,Gastroenterology,Low
48.5,NPIIN0000009574,Diabetology,Low
0.0,NPIIN0000009575,Gastroenterology,Low
77.5,NPIIN0000009576,Diabetology,Low
6.0,NPIIN0000009577,General Medicine,Low
0.0,NPIIN0000009578,Gastroenterology,Low
7.1,NPIIN0000009579,Pulmonology,Low
0.0,NPIIN0000009580,Cardiology,Low
0.0,NPIIN0000009581,General Medicine,Low
0.0,NPIIN0000009582,Dermatology,Low
0.0,NPIIN0000009583,Orthopedics,Low
7.0,NPIIN0000009584,General Medicine,Low
0.0,NPIIN0000009585,Cardiology,Low
0.0,NPIIN0000009586,General Medicine,Low
0.0,NPIIN0000009587,General Medicine,Low
0.0,NPIIN0000009588,Cardiology,Low
46.8,NPIIN0000009589,Urology,Low
0.0,NPIIN0000009590,Pulmonology,Low
87.0,NPIIN0000009591,General Medicine,Low
1.6,NPIIN0000009592,General Medicine,Low
0.0,NPIIN0000009593,Cardiology,Low
0.0,NPIIN0000009594,General Medicine,Low
55.1,NPIIN0000009595,General Medicine,Low
0.0,NPIIN0000009596,General Medicine,Low
0.1,NPIIN0000009597,Neurology,Low
0.0,NPIIN0000009598,General Medicine,Low
86.5,NPIIN0000009599,Pulmonology,Low
0.0,NPIIN0000009600,Urology,Low
34.9,NPIIN0000009601,General Medicine,Low
0.0,NPIIN0000009602,General Medicine,Low
0.0,NPIIN0000009603,Urology,Low
0.0,NPIIN0000009604,General Medicine,Low
0.0,NPIIN0000009605,General Medicine,Low
0.0,NPIIN0000009606,Dermatology,Low
0.0,NPIIN0000009607,Pulmonology,Low
0.0,NPIIN0000009608,Orthopedics,Low
0.0,NPIIN0000009609,General Medicine,Low
0.5,NPIIN0000009610,General Medicine,Low
0.0,NPIIN0000009611,Cardiology,Low
0.0,NPIIN0000009612,Endocrinology,Low
0.0,NPIIN0000009613,Pulmonology,Low
7.6,NPIIN0000009614,Endocrinology,Low
82.4,NPIIN0000009615,General Medicine,Low
85.1,NPIIN0000009616,Diabetology,Low
0.0,NPIIN0000009617,Cardiology,Low
0.5,NPIIN0000009618,General Medicine,Low
0.0,NPIIN0000009619,Neurology,Low
0.0,NPIIN0000009620,General Medicine,Low
0.0,NPIIN0000009621,Gastroenterology,Low
94.1,NPIIN0000009622,Endocrinology,Low
0.0,NPIIN0000009623,Cardiology,Low
0.0,NPIIN0000009624,Orthopedics,Low
0.0,NPIIN0000009625,Urology,Low
72.3,NPIIN0000009626,General Medicine,Low
0.0,NPIIN0000009627,General Medicine,Low
0.0,NPIIN0000009628,Dermatology,Low
0.0,NPIIN0000009629,Pulmonology,Low
0.1,NPIIN0000009630,Cardiology,Low
0.0,NPIIN0000009631,Cardiology,Low
0.0,NPIIN0000009632,Cardiology,Low
0.0,NPIIN0000009633,Gastroenterology,Low
0.0,NPIIN0000009634,Pulmonology,Low
47.3,NPIIN0000009635,Diabetology,Low
82.5,NPIIN0000009636,Endocrinology,Low
0.0,NPIIN0000009637,Cardiology,Low
4.0,NPIIN0000009638,Gastroenterology,Low
0.0,NPIIN0000009639,Urology,Low
0.0,NPIIN0000009640,Pulmonology,Low
85.1,NPIIN0000009641,Gastroenterology,Low
0.0,NPIIN0000009642,Diabetology,Low
46.7,NPIIN0000009643,Pulmonology,Low
0.0,NPIIN0000009644,General Medicine,Low
82.0,NPIIN0000009645,Cardiology,Low
47.6,NPIIN0000009646,General Medicine,Low
0.0,NPIIN0000009647,Dermatology,Low
0.0,NPIIN0000009648,Cardiology,Low
7.5,NPIIN0000009649,General Medicine,Low
0.0,NPIIN0000009650,Urology,Low
0.0,NPIIN0000009651,Dermatology,Low
0.0,NPIIN0000009652,General Medicine,Low
86.6,NPIIN0000009653,Endocrinology,Low
0.0,NPIIN0000009654,Dermatology,Low
7.7,NPIIN0000009655,Endocrinology,Low
79.5,NPIIN0000009656,Diabetology,Low
0.0,NPIIN0000009657,Cardiology,Low
0.0,NPIIN0000009658,General Medicine,Low
0.0,NPIIN0000009659,Pulmonology,Low
0.0,NPIIN0000009660,Dermatology,Low
70.8,NPIIN0000009661,General Medicine,Low
5.8,NPIIN0000009662,Orthopedics,Low
0.0,NPIIN0000009663,Pulmonology,Low
0.8,NPIIN0000009664,Pulmonology,Low
4.8,NPIIN0000009665,Endocrinology,Low
4.1,NPIIN0000009666,Endocrinology,Low
0.0,NPIIN0000009667,Pulmonology,Low
0.0,NPIIN0000009668,Gastroenterology,Low
66.3,NPIIN0000009669,Endocrinology,Low
0.3,NPIIN0000009670,General Medicine,Low
0.0,NPIIN0000009671,General Medicine,Low
0.0,NPIIN0000009672,General Medicine,Low
1.8,NPIIN0000009673,Endocrinology,Low
0.2,NPIIN0000009674,Endocrinology,Low
97.9,NPIIN0000009675,Diabetology,Low
0.0,NPIIN0000009676,Urology,Low
0.0,NPIIN0000009677,Dermatology,Low
0.0,NPIIN0000009678,Cardiology,Low
0.0,NPIIN0000009679,Cardiology,Low
55.3,NPIIN0000009680,General Medicine,Low
59.9,NPIIN0000009681,Diabetology,Low
0.0,NPIIN0000009682,Dermatology,Low
0.0,NPIIN0000009683,General Medicine,Low
0.0,NPIIN0000009684,Dermatology,Low
14.9,NPIIN0000009685,Cardiology,Low
0.0,NPIIN0000009686,Orthopedics,Low
0.0,NPIIN0000009687,Gastroenterology,Low
0.0,NPIIN0000009688,Gastroenterology,Low
0.0,NPIIN0000009689,Orthopedics,Low
0.0,NPIIN0000009690,General Medicine,Low
85.1,NPIIN0000009691,Endocrinology,Low
0.0,NPIIN0000009692,General Medicine,Low
0.0,NPIIN0000009693,Dermatology,Low
0.0,NPIIN0000009694,Dermatology,Low
0.0,NPIIN0000009695,General Medicine,Low
0.3,NPIIN0000009696,Gastroenterology,Low
81.6,NPIIN0000009697,Diabetology,Low
4.0,NPIIN0000009698,Endocrinology,Low
0.0,NPIIN0000009699,Pulmonology,Low
0.4,NPIIN0000009700,General Medicine,Low
77.9,NPIIN0000009701,Endocrinology,Low
7.5,NPIIN0000009702,Gastroenterology,Low
0.0,NPIIN0000009703,Pulmonology,Low
0.0,NPIIN0000009704,General Medicine,Low
38.5,NPIIN0000009705,Endocrinology,Low
96.2,NPIIN0000009706,Diabetology,Medium
0.0,NPIIN0000009707,Neurology,Low
0.0,NPIIN0000009708,Dermatology,Low
32.8,NPIIN0000009709,Endocrinology,Low
0.0,NPIIN0000009710,Dermatology,Low
0.0,NPIIN0000009711,Gastroenterology,Low
7.7,NPIIN0000009712,Dermatology,Low
0.0,NPIIN0000009713,Pulmonology,Low
0.0,NPIIN0000009714,General Medicine,Low
0.0,NPIIN0000009715,Gastroenterology,Low
2.6,NPIIN0000009716,General Medicine,Low
55.8,NPIIN0000009717,Endocrinology,Low
0.0,NPIIN0000009718,General Medicine,Low
0.0,NPIIN0000009719,General Medicine,Low
0.0,NPIIN0000009720,General Medicine,Low
0.0,NPIIN0000009721,Urology,Low
0.0,NPIIN0000009722,General Medicine,Low
0.0,NPIIN0000009723,Diabetology,Low
73.1,NPIIN0000009724,Orthopedics,Low
7.7,NPIIN0000009725,Diabetology,Low
0.0,NPIIN0000009726,Cardiology,Low
0.0,NPIIN0000009727,Dermatology,Low
68.6,NPIIN0000009728,Orthopedics,Low
0.0,NPIIN0000009729,Neurology,Low
1.4,NPIIN0000009730,General Medicine,Low
68.3,NPIIN0000009731,Pulmonology,Low
0.0,NPIIN0000009732,Dermatology,Low
0.0,NPIIN0000009733,Urology,Low
0.0,NPIIN0000009734,Cardiology,Low
0.0,NPIIN0000009735,Urology,Low
0.0,NPIIN0000009736,Pulmonology,Low
0.0,NPIIN0000009737,Cardiology,Low
0.0,NPIIN0000009738,Cardiology,Low
0.4,NPIIN0000009739,Cardiology,Low
0.0,NPIIN0000009740,Orthopedics,Low
13.4,NPIIN0000009741,General Medicine,Low
0.0,NPIIN0000009742,Gastroenterology,Low
0.0,NPIIN0000009743,Cardiology,Low
0.0,NPIIN0000009744,Dermatology,Low
0.0,NPIIN0000009745,General Medicine,Low
0.0,NPIIN0000009746,Urology,Low
0.0,NPIIN0000009747,General Medicine,Low
0.0,NPIIN0000009748,Gastroenterology,Low
0.3,NPIIN0000009749,Pulmonology,Low
51.1,NPIIN0000009750,General Medicine,Low
86.5,NPIIN0000009751,Orthopedics,Low
15.3,NPIIN0000009752,General Medicine,Low
24.6,NPIIN0000009753,Urology,Low
0.0,NPIIN0000009754,Cardiology,Low
24.8,NPIIN0000009755,Neurology,Low
0.0,NPIIN0000009756,Urology,Low
72.5,NPIIN0000009757,Urology,Low
0.0,NPIIN0000009758,General Medicine,Low
27.4,NPIIN0000009759,General Medicine,Low
0.3,NPIIN0000009760,Dermatology,Low
0.0,NPIIN0000009761,General Medicine,Low
0.0,NPIIN0000009762,Orthopedics,Low
0.0,NPIIN0000009763,Diabetology,Low
0.2,NPIIN0000009764,Cardiology,Low
13.4,NPIIN0000009765,Gastroenterology,Low
0.0,NPIIN0000009766,General Medicine,Low
0.0,NPIIN0000009767,General Medicine,Low
6.9,NPIIN0000009768,Diabetology,Low
0.0,NPIIN0000009769,Orthopedics,Low
0.0,NPIIN0000009770,Pulmonology,Low
0.0,NPIIN0000009771,Orthopedics,Low
0.1,NPIIN0000009772,General Medicine,Low
7.5,NPIIN0000009773,General Medicine,Low
63.9,NPIIN0000009774,Endocrinology,Low
64.6,NPIIN0000009775,General Medicine,Low
0.0,NPIIN0000009776,Cardiology,Low
0.0,NPIIN0000009777,Cardiology,Low
78.3,NPIIN0000009778,General Medicine,Low
0.0,NPIIN0000009779,Gastroenterology,Low
0.6,NPIIN0000009780,General Medicine,Low
0.0,NPIIN0000009781,General Medicine,Low
0.0,NPIIN0000009782,General Medicine,Low
0.0,NPIIN0000009783,General Medicine,Low
0.0,NPIIN0000009784,Gastroenterology,Low
0.0,NPIIN0000009785,Dermatology,Low
0.0,NPIIN0000009786,Dermatology,Low
66.9,NPIIN0000009787,Endocrinology,Low
0.0,NPIIN0000009788,General Medicine,Low
0.0,NPIIN0000009789,Dermatology,Low
0.0,NPIIN0000009790,Orthopedics,Low
0.3,NPIIN0000009791,Pulmonology,Low
0.0,NPIIN0000009792,General Medicine,Low
0.0,NPIIN0000009793,Gastroenterology,Low
0.0,NPIIN0000009794,Orthopedics,Low
0.0,NPIIN0000009795,General Medicine,Low
12.7,NPIIN0000009796,Endocrinology,Low
0.0,NPIIN0000009797,Dermatology,Low
0.0,NPIIN0000009798,Gastroenterology,Low
68.9,NPIIN0000009799,Endocrinology,Low
39.0,NPIIN0000009800,Diabetology,Low
5.8,NPIIN0000009801,Pulmonology,Low
0.0,NPIIN0000009802,Gastroenterology,Low
0.0,NPIIN0000009803,Gastroenterology,Low
46.2,NPIIN0000009804,Endocrinology,Low
79.8,NPIIN0000009805,Endocrinology,Low
0.0,NPIIN0000009806,Gastroenterology,Low
0.0,NPIIN0000009807,Cardiology,Low
0.0,NPIIN0000009808,General Medicine,Low
0.0,NPIIN0000009809,Pulmonology,Low
38.6,NPIIN0000009810,General Medicine,Low
0.0,NPIIN0000009811,Dermatology,Low
0.0,NPIIN0000009812,Cardiology,Low
0.0,NPIIN0000009813,Gastroenterology,Low
0.0,NPIIN0000009814,Neurology,Low
55.8,NPIIN0000009815,General Medicine,Low
0.0,NPIIN0000009816,Urology,Low
91.6,NPIIN0000009817,Endocrinology,Low
0.0,NPIIN0000009818,Dermatology,Low
68.3,NPIIN0000009819,Endocrinology,Low
0.0,NPIIN0000009820,Orthopedics,Low
0.0,NPIIN0000009821,Cardiology,Low
0.0,NPIIN0000009822,Pulmonology,Low
85.6,NPIIN0000009823,Endocrinology,Medium
0.0,NPIIN0000009824,General Medicine,Low
46.0,NPIIN0000009825,Endocrinology,Low
0.3,NPIIN0000009826,Endocrinology,Low
0.0,NPIIN0000009827,Cardiology,Low
0.0,NPIIN0000009828,Cardiology,Low
72.5,NPIIN0000009829,Gastroenterology,Low
0.0,NPIIN0000009830,General Medicine,Low
0.0,NPIIN0000009831,Cardiology,Low
0.0,NPIIN0000009832,Orthopedics,Low
0.0,NPIIN0000009833,Neurology,Low
0.2,NPIIN0000009834,Diabetology,Low
0.0,NPIIN0000009835,General Medicine,Low
49.0,NPIIN0000009836,General Medicine,Low
0.0,NPIIN0000009837,Pulmonology,Low
0.0,NPIIN0000009838,Dermatology,Low
0.0,NPIIN0000009839,Pulmonology,Low
86.4,NPIIN0000009840,Orthopedics,Low
47.3,NPIIN0000009841,Gastroenterology,Low
0.3,NPIIN0000009842,Orthopedics,Low
0.0,NPIIN0000009843,Pulmonology,Low
0.0,NPIIN0000009844,Neurology,Low
0.0,NPIIN0000009845,Gastroenterology,Low
0.0,NPIIN0000009846,Gastroenterology,Low
0.0,NPIIN0000009847,Cardiology,Low
0.0,NPIIN0000009848,Cardiology,Low
47.1,NPIIN0000009849,Endocrinology,Low
53.9,NPIIN0000009850,Diabetology,Low
0.0,NPIIN0000009851,Urology,Low
0.0,NPIIN0000009852,Gastroenterology,Low
35.3,NPIIN0000009853,Endocrinology,Low
1.5,NPIIN0000009854,General Medicine,Low
0.0,NPIIN0000009855,Diabetology,Low
0.0,NPIIN0000009856,Dermatology,Low
0.0,NPIIN0000009857,Urology,Low
54.0,NPIIN0000009858,Endocrinology,Low
0.0,NPIIN0000009859,General Medicine,Low
0.0,NPIIN0000009860,Orthopedics,Low
0.0,NPIIN0000009861,Neurology,Low
0.0,NPIIN0000009862,Urology,Low
0.0,NPIIN0000009863,General Medicine,Low
76.3,NPIIN0000009864,Endocrinology,Low
0.0,NPIIN0000009865,Neurology,Low
0.3,NPIIN0000009866,Cardiology,Low
0.0,NPIIN0000009867,Dermatology,Low
0.0,NPIIN0000009868,Gastroenterology,Low
28.0,NPIIN0000009869,Diabetology,Low
92.3,NPIIN0000009870,General Medicine,Low
0.0,NPIIN0000009871,Dermatology,Low
0.0,NPIIN0000009872,Orthopedics,Low
0.0,NPIIN0000009873,General Medicine,Low
0.0,NPIIN0000009874,Gastroenterology,Low
80.4,NPIIN0000009875,Endocrinology,Low
0.0,NPIIN0000009876,Urology,Low
6.7,NPIIN0000009877,Neurology,Low
92.0,NPIIN0000009878,Endocrinology,Low
0.0,NPIIN0000009879,Gastroenterology,Low
0.0,NPIIN0000009880,Gastroenterology,Low
0.0,NPIIN0000009881,Gastroenterology,Low
0.5,NPIIN0000009882,General Medicine,Low
0.0,NPIIN0000009883,Gastroenterology,Low
0.0,NPIIN0000009884,Dermatology,Low
50.7,NPIIN0000009885,General Medicine,Low
86.5,NPIIN0000009886,Endocrinology,Low
85.5,NPIIN0000009887,Urology,Low
0.0,NPIIN0000009888,Pulmonology,Low
0.0,NPIIN0000009889,General Medicine,Low
1.0,NPIIN0000009890,Urology,Low
0.0,NPIIN0000009891,Cardiology,Low
0.0,NPIIN0000009892,Dermatology,Low
0.0,NPIIN0000009893,General Medicine,Low
0.0,NPIIN0000009894,Cardiology,Low
0.0,NPIIN0000009895,Orthopedics,Low
0.0,NPIIN0000009896,Gastroenterology,Low
0.0,NPIIN0000009897,Endocrinology,Low
14.7,NPIIN0000009898,Urology,Low
0.0,NPIIN0000009899,Orthopedics,Low
0.0,NPIIN0000009900,Dermatology,Low
13.3,NPIIN0000009901,Cardiology,Low
64.1,NPIIN0000009902,Endocrinology,Low
0.0,NPIIN0000009903,Gastroenterology,Low
0.0,NPIIN0000009904,Urology,Low
48.0,NPIIN0000009905,Endocrinology,Low
0.0,NPIIN0000009906,General Medicine,Low
0.0,NPIIN0000009907,Endocrinology,Low
0.0,NPIIN0000009908,General Medicine,Low
0.0,NPIIN0000009909,Neurology,Low
80.4,NPIIN0000009910,Cardiology,Low
0.0,NPIIN0000009911,Neurology,Low
62.8,NPIIN0000009912,Neurology,Low
71.3,NPIIN0000009913,General Medicine,Low
0.0,NPIIN0000009914,Urology,Low
0.0,NPIIN0000009915,Cardiology,Low
0.0,NPIIN0000009916,Cardiology,Low
33.5,NPIIN0000009917,General Medicine,Low
0.0,NPIIN0000009918,Pulmonology,Low
0.0,NPIIN0000009919,Diabetology,Low
0.0,NPIIN0000009920,Orthopedics,Low
98.5,NPIIN0000009921,Diabetology,Medium
1.9,NPIIN0000009922,Diabetology,Low
0.0,NPIIN0000009923,Dermatology,Low
0.0,NPIIN0000009924,Urology,Low
0.0,NPIIN0000009925,Pulmonology,Low
0.0,NPIIN0000009926,Cardiology,Low
73.2,NPIIN0000009927,General Medicine,Low
96.6,NPIIN0000009928,Endocrinology,Low
0.0,NPIIN0000009929,General Medicine,Low
0.0,NPIIN0000009930,Neurology,Low
0.0,NPIIN0000009931,General Medicine,Low
0.0,NPIIN0000009932,Pulmonology,Low
0.0,NPIIN0000009933,Gastroenterology,Low
75.6,NPIIN0000009934,Diabetology,Medium
7.8,NPIIN0000009935,Endocrinology,Low
0.0,NPIIN0000009936,Dermatology,Low
0.0,NPIIN0000009937,Cardiology,Low
69.5,NPIIN0000009938,Endocrinology,Low
0.0,NPIIN0000009939,Cardiology,Low
0.0,NPIIN0000009940,Pulmonology,Low
46.8,NPIIN0000009941,Pulmonology,Low
0.0,NPIIN0000009942,Pulmonology,Low
15.2,NPIIN0000009943,General Medicine,Low
0.0,NPIIN0000009944,General Medicine,Low
0.0,NPIIN0000009945,Endocrinology,Low
0.0,NPIIN0000009946,Dermatology,Low
6.8,NPIIN0000009947,Orthopedics,Low
6.8,NPIIN0000009948,Pulmonology,Low
60.0,NPIIN0000009949,General Medicine,Low
0.0,NPIIN0000009950,Dermatology,Low
72.7,NPIIN0000009951,Endocrinology,Low
77.5,NPIIN0000009952,Diabetology,Low
0.0,NPIIN0000009953,Orthopedics,Low
46.4,NPIIN0000009954,Endocrinology,Low
0.0,NPIIN0000009955,Cardiology,Low
0.0,NPIIN0000009956,Pulmonology,Low
80.2,NPIIN0000009957,Pulmonology,Low
72.2,NPIIN0000009958,Pulmonology,Low
7.0,NPIIN0000009959,Endocrinology,Low
6.8,NPIIN0000009960,Gastroenterology,Low
48.9,NPIIN0000009961,Diabetology,Low
0.0,NPIIN0000009962,Orthopedics,Low
26.4,NPIIN0000009963,Endocrinology,Low
0.0,NPIIN0000009964,Cardiology,Low
0.0,NPIIN0000009965,Pulmonology,Low
0.0,NPIIN0000009966,Endocrinology,Low
0.0,NPIIN0000009967,Pulmonology,Low
79.9,NPIIN0000009968,Endocrinology,Low
0.0,NPIIN0000009969,General Medicine,Low
75.7,NPIIN0000009970,Endocrinology,Low
0.5,NPIIN0000009971,General Medicine,Low
0.0,NPIIN0000009972,Cardiology,Low
33.3,NPIIN0000009973,General Medicine,Low
56.8,NPIIN0000009974,Endocrinology,Low
0.0,NPIIN0000009975,Dermatology,Low
0.1,NPIIN0000009976,Gastroenterology,Low
67.2,NPIIN0000009977,Endocrinology,Low
0.0,NPIIN0000009978,Cardiology,Low
0.0,NPIIN0000009979,Cardiology,Low
46.2,NPIIN0000009980,Endocrinology,Low
48.6,NPIIN0000009981,General Medicine,Low
0.0,NPIIN0000009982,General Medicine,Low
0.0,NPIIN0000009983,Orthopedics,Low
54.8,NPIIN0000009984,Dermatology,Low
0.0,NPIIN0000009985,Cardiology,Low
81.4,NPIIN0000009986,Endocrinology,Low
0.0,NPIIN0000009987,Cardiology,Low
15.3,NPIIN0000009988,Cardiology,Low
0.0,NPIIN0000009989,General Medicine,Low
0.0,NPIIN0000009990,Cardiology,Low
0.0,NPIIN0000009991,Cardiology,Low
0.0,NPIIN0000009992,Cardiology,Low
0.0,NPIIN0000009993,Neurology,Low
0.0,NPIIN0000009994,Cardiology,Low
0.0,NPIIN0000009995,Orthopedics,Low
0.0,NPIIN0000009996,General Medicine,Low
0.0,NPIIN0000009997,General Medicine,Low
52.9,NPIIN0000009998,General Medicine,Low
4.9,NPIIN0000009999,General Medicine,Low
0.0,NPIIN0000010000,General Medicine,Low
0.0,NPIIN0000010001,General Medicine,Low
0.0,NPIIN0000010002,General Medicine,Low
55.4,NPIIN0000010003,Diabetology,Low
0.0,NPIIN0000010004,Cardiology,Low
0.0,NPIIN0000010005,Neurology,Low
0.0,NPIIN0000010006,Pulmonology,Low
0.0,NPIIN0000010007,Neurology,Low
0.0,NPIIN0000010008,Orthopedics,Low
0.3,NPIIN0000010009,General Medicine,Low
0.0,NPIIN0000010010,Urology,Low
0.3,NPIIN0000010011,General Medicine,Low
0.0,NPIIN0000010012,General Medicine,Low
0.0,NPIIN0000010013,Neurology,Low
38.4,NPIIN0000010014,Endocrinology,Low
0.0,NPIIN0000010015,Endocrinology,Low
0.0,NPIIN0000010016,General Medicine,Low
0.1,NPIIN0000010017,Cardiology,Low
0.2,NPIIN0000010018,Endocrinology,Low
0.0,NPIIN0000010019,Dermatology,Low
59.1,NPIIN0000010020,General Medicine,Low
0.0,NPIIN0000010021,Cardiology,Low
0.0,NPIIN0000010022,Cardiology,Low
0.0,NPIIN0000010023,Urology,Low
0.0,NPIIN0000010024,Orthopedics,Low
0.0,NPIIN0000010025,Neurology,Low
26.7,NPIIN0000010026,Endocrinology,Low
0.0,NPIIN0000010027,General Medicine,Low
2.4,NPIIN0000010028,Diabetology,Medium
0.0,NPIIN0000010029,Gastroenterology,Low
0.0,NPIIN0000010030,Pulmonology,Low
7.5,NPIIN0000010031,Gastroenterology,Low
71.1,NPIIN0000010032,General Medicine,Low
0.0,NPIIN0000010033,Urology,Low
62.5,NPIIN0000010034,General Medicine,Low
85.0,NPIIN0000010035,General Medicine,Low
0.0,NPIIN0000010036,General Medicine,Low
0.0,NPIIN0000010037,Pulmonology,Low
80.1,NPIIN0000010038,Urology,Low
0.0,NPIIN0000010039,General Medicine,Low
0.0,NPIIN0000010040,Orthopedics,Low
0.0,NPIIN0000010041,General Medicine,Low
65.5,NPIIN0000010042,Diabetology,Low
25.9,NPIIN0000010043,Diabetology,Low
13.4,NPIIN0000010044,Cardiology,Low
0.0,NPIIN0000010045,Dermatology,Low
0.0,NPIIN0000010046,Cardiology,Low
0.0,NPIIN0000010047,General Medicine,Low
0.5,NPIIN0000010048,Diabetology,Low
0.0,NPIIN0000010049,Gastroenterology,Low
7.6,NPIIN0000010050,Orthopedics,Low
0.0,NPIIN0000010051,Dermatology,Low
77.0,NPIIN0000010052,Diabetology,Low
56.0,NPIIN0000010053,General Medicine,Low
0.0,NPIIN0000010054,Diabetology,Low
0.0,NPIIN0000010055,Urology,Low
0.0,NPIIN0000010056,Cardiology,Low
0.0,NPIIN0000010057,Orthopedics,Low
7.5,NPIIN0000010058,Dermatology,Low
0.3,NPIIN0000010059,Gastroenterology,Low
0.3,NPIIN0000010060,Gastroenterology,Low
73.0,NPIIN0000010061,General Medicine,Low
67.0,NPIIN0000010062,Diabetology,Low
0.4,NPIIN0000010063,General Medicine,Low
0.0,NPIIN0000010064,Endocrinology,Low
0.0,NPIIN0000010065,Gastroenterology,Low
0.0,NPIIN0000010066,General Medicine,Low
0.0,NPIIN0000010067,Urology,Low
0.0,NPIIN0000010068,Urology,Low
84.7,NPIIN0000010069,Endocrinology,Low
0.0,NPIIN0000010070,Endocrinology,Low
0.3,NPIIN0000010071,General Medicine,Low
0.0,NPIIN0000010072,Cardiology,Low
0.0,NPIIN0000010073,Neurology,Low
0.0,NPIIN0000010074,Gastroenterology,Low
0.0,NPIIN0000010075,Gastroenterology,Low
85.6,NPIIN0000010076,General Medicine,Low
0.0,NPIIN0000010077,Dermatology,Low
0.0,NPIIN0000010078,Pulmonology,Low
0.0,NPIIN0000010079,Orthopedics,Low
0.0,NPIIN0000010080,Dermatology,Low
0.0,NPIIN0000010081,Gastroenterology,Low
0.0,NPIIN0000010082,Cardiology,Low
0.0,NPIIN0000010083,Dermatology,Low
65.9,NPIIN0000010084,Diabetology,Low
59.3,NPIIN0000010085,General Medicine,Low
0.0,NPIIN0000010086,General Medicine,Low
51.9,NPIIN0000010087,General Medicine,Low
0.1,NPIIN0000010088,Cardiology,Low
71.4,NPIIN0000010089,Endocrinology,Low
47.2,NPIIN0000010090,Dermatology,Low
0.0,NPIIN0000010091,Neurology,Low
0.0,NPIIN0000010092,Orthopedics,Low
0.0,NPIIN0000010093,Dermatology,Low
0.4,NPIIN0000010094,General Medicine,Low
0.0,NPIIN0000010095,Gastroenterology,Low
0.0,NPIIN0000010096,Pulmonology,Low
93.6,NPIIN0000010097,Diabetology,Low
0.0,NPIIN0000010098,Orthopedics,Low
0.0,NPIIN0000010099,Urology,Low
0.0,NPIIN0000010100,Cardiology,Low
0.0,NPIIN0000010101,Dermatology,Low
0.0,NPIIN0000010102,Cardiology,Low
0.0,NPIIN0000010103,Urology,Low
0.0,NPIIN0000010104,Pulmonology,Low
0.0,NPIIN0000010105,Endocrinology,Low
0.0,NPIIN0000010106,Dermatology,Low
0.0,NPIIN0000010107,General Medicine,Low
32.5,NPIIN0000010108,Cardiology,Low
0.0,NPIIN0000010109,Dermatology,Low
4.2,NPIIN0000010110,Gastroenterology,Low
1.5,NPIIN0000010111,General Medicine,Low
0.0,NPIIN0000010112,Gastroenterology,Low
0.0,NPIIN0000010113,Cardiology,Low
99.9,NPIIN0000010114,Diabetology,Medium
0.0,NPIIN0000010115,Neurology,Low
0.0,NPIIN0000010116,Endocrinology,Low
55.6,NPIIN0000010117,General Medicine,Low
0.0,NPIIN0000010118,Orthopedics,Low
15.2,NPIIN0000010119,Dermatology,Low
0.0,NPIIN0000010120,Pulmonology,Low
0.0,NPIIN0000010121,Pulmonology,Low
0.0,NPIIN0000010122,Urology,Low
0.0,NPIIN0000010123,Urology,Low
0.0,NPIIN0000010124,Cardiology,Low
95.0,NPIIN0000010125,General Medicine,Low
48.7,NPIIN0000010126,Endocrinology,Low
0.0,NPIIN0000010127,Cardiology,Low
72.3,NPIIN0000010128,Diabetology,Low
0.0,NPIIN0000010129,Pulmonology,Low
0.0,NPIIN0000010130,Dermatology,Low
0.0,NPIIN0000010131,Urology,Low
25.1,NPIIN0000010132,General Medicine,Low
48.6,NPIIN0000010133,General Medicine,Low
97.8,NPIIN0000010134,Endocrinology,Low
1.3,NPIIN0000010135,Endocrinology,Low
0.0,NPIIN0000010136,Cardiology,Low
0.0,NPIIN0000010137,Orthopedics,Low
0.1,NPIIN0000010138,Cardiology,Low
0.0,NPIIN0000010139,Gastroenterology,Low
0.0,NPIIN0000010140,Diabetology,Low
0.0,NPIIN0000010141,Pulmonology,Low
0.0,NPIIN0000010142,Urology,Low
85.0,NPIIN0000010143,Orthopedics,Low
66.1,NPIIN0000010144,Diabetology,Low
72.2,NPIIN0000010145,Urology,Low
61.7,NPIIN0000010146,Diabetology,Low
0.0,NPIIN0000010147,Dermatology,Low
0.6,NPIIN0000010148,Cardiology,Low
0.0,NPIIN0000010149,Pulmonology,Low
0.0,NPIIN0000010150,Gastroenterology,Low
56.2,NPIIN0000010151,Dermatology,Low
41.8,NPIIN0000010152,Dermatology,Low
80.1,NPIIN0000010153,Diabetology,Low
0.0,NPIIN0000010154,Dermatology,Low
63.1,NPIIN0000010155,Diabetology,Low
55.1,NPIIN0000010156,Endocrinology,Low
0.0,NPIIN0000010157,Cardiology,Low
33.7,NPIIN0000010158,Endocrinology,Low
0.0,NPIIN0000010159,Cardiology,Low
0.0,NPIIN0000010160,Neurology,Low
68.0,NPIIN0000010161,Endocrinology,Low
5.9,NPIIN0000010162,Pulmonology,Low
0.0,NPIIN0000010163,Cardiology,Low
0.0,NPIIN0000010164,Neurology,Low
0.5,NPIIN0000010165,Diabetology,Low
98.6,NPIIN0000010166,Diabetology,High
0.0,NPIIN0000010167,Neurology,Low
0.0,NPIIN0000010168,Orthopedics,Low
0.0,NPIIN0000010169,Orthopedics,Low
7.8,NPIIN0000010170,General Medicine,Low
0.0,NPIIN0000010171,Orthopedics,Low
0.0,NPIIN0000010172,Pulmonology,Low
0.0,NPIIN0000010173,Urology,Low
0.0,NPIIN0000010174,Cardiology,Low
0.3,NPIIN0000010175,Cardiology,Low
0.0,NPIIN0000010176,Cardiology,Low
7.7,NPIIN0000010177,Dermatology,Low
26.7,NPIIN0000010178,Cardiology,Low
0.8,NPIIN0000010179,Endocrinology,Medium
0.0,NPIIN0000010180,Pulmonology,Low
0.0,NPIIN0000010181,Orthopedics,Low
0.0,NPIIN0000010182,Pulmonology,Low
0.5,NPIIN0000010183,Gastroenterology,Low
66.3,NPIIN0000010184,Endocrinology,Low
0.0,NPIIN0000010185,Urology,Low
0.0,NPIIN0000010186,Cardiology,Low
78.4,NPIIN0000010187,Diabetology,Low
0.0,NPIIN0000010188,General Medicine,Low
24.8,NPIIN0000010189,Endocrinology,Low
0.0,NPIIN0000010190,Neurology,Low
0.0,NPIIN0000010191,Neurology,Low
0.7,NPIIN0000010192,Endocrinology,Low
0.0,NPIIN0000010193,Cardiology,Low
0.0,NPIIN0000010194,Cardiology,Low
0.0,NPIIN0000010195,Cardiology,Low
0.0,NPIIN0000010196,Urology,Low
0.0,NPIIN0000010197,Pulmonology,Low
0.0,NPIIN0000010198,Cardiology,Low
0.0,NPIIN0000010199,Cardiology,Low
0.0,NPIIN0000010200,Dermatology,Low
0.0,NPIIN0000010201,Dermatology,Low
0.0,NPIIN0000010202,Urology,Low
0.0,NPIIN0000010203,Endocrinology,Low
85.0,NPIIN0000010204,General Medicine,Low
0.0,NPIIN0000010205,Cardiology,Low
0.0,NPIIN0000010206,Dermatology,Low
72.3,NPIIN0000010207,General Medicine,Low
0.0,NPIIN0000010208,Neurology,Low
0.0,NPIIN0000010209,Cardiology,Low
0.1,NPIIN0000010210,Gastroenterology,Low
0.0,NPIIN0000010211,Endocrinology,Low
0.0,NPIIN0000010212,Dermatology,Low
50.6,NPIIN0000010213,Endocrinology,Low
0.0,NPIIN0000010214,Dermatology,Low
0.0,NPIIN0000010215,Cardiology,Low
0.0,NPIIN0000010216,Neurology,Low
0.0,NPIIN0000010217,Gastroenterology,Low
85.2,NPIIN0000010218,General Medicine,Low
0.0,NPIIN0000010219,Diabetology,Low
0.7,NPIIN0000010220,General Medicine,Low
0.0,NPIIN0000010221,Diabetology,Low
0.0,NPIIN0000010222,Neurology,Low
0.0,NPIIN0000010223,Cardiology,Low
0.0,NPIIN0000010224,Cardiology,Low
0.0,NPIIN0000010225,Diabetology,Low
69.5,NPIIN0000010226,Diabetology,Low
93.1,NPIIN0000010227,Endocrinology,Medium
84.7,NPIIN0000010228,Gastroenterology,Low
0.0,NPIIN0000010229,Cardiology,Low
0.0,NPIIN0000010230,Urology,Low
0.0,NPIIN0000010231,Gastroenterology,Low
49.9,NPIIN0000010232,General Medicine,Low
0.0,NPIIN0000010233,Dermatology,Low
0.0,NPIIN0000010234,Pulmonology,Low
0.0,NPIIN0000010235,Pulmonology,Low
85.6,NPIIN0000010236,Diabetology,Low
0.0,NPIIN0000010237,Neurology,Low
0.3,NPIIN0000010238,Cardiology,Low
78.0,NPIIN0000010239,General Medicine,Low
0.0,NPIIN0000010240,Cardiology,Low
52.7,NPIIN0000010241,General Medicine,Low
0.0,NPIIN0000010242,Pulmonology,Low
75.9,NPIIN0000010243,Endocrinology,Low
38.7,NPIIN0000010244,Endocrinology,Low
0.0,NPIIN0000010245,Dermatology,Low
68.0,NPIIN0000010246,Diabetology,Low
0.0,NPIIN0000010247,Cardiology,Low
1.0,NPIIN0000010248,General Medicine,Low
0.0,NPIIN0000010249,Orthopedics,Low
0.0,NPIIN0000010250,Neurology,Low
0.0,NPIIN0000010251,Pulmonology,Low
0.1,NPIIN0000010252,Dermatology,Low
0.0,NPIIN0000010253,Neurology,Low
72.4,NPIIN0000010254,Dermatology,Low
0.0,NPIIN0000010255,Neurology,Low
0.1,NPIIN0000010256,Urology,Low
90.6,NPIIN0000010257,Pulmonology,Low
0.0,NPIIN0000010258,Diabetology,Low
0.0,NPIIN0000010259,Cardiology,Low
0.0,NPIIN0000010260,Cardiology,Low
54.1,NPIIN0000010261,General Medicine,Low
0.0,NPIIN0000010262,Orthopedics,Low
0.0,NPIIN0000010263,Gastroenterology,Low
0.0,NPIIN0000010264,Gastroenterology,Low
0.0,NPIIN0000010265,Neurology,Low
0.0,NPIIN0000010266,Urology,Low
0.0,NPIIN0000010267,Gastroenterology,Low
56.4,NPIIN0000010268,Diabetology,Low
0.0,NPIIN0000010269,General Medicine,Low
68.7,NPIIN0000010270,General Medicine,Low
47.9,NPIIN0000010271,Endocrinology,Low
26.5,NPIIN0000010272,Endocrinology,Low
30.0,NPIIN0000010273,Diabetology,Low
48.6,NPIIN0000010274,Endocrinology,Low
69.6,NPIIN0000010275,Endocrinology,Low
0.0,NPIIN0000010276,Urology,Low
0.5,NPIIN0000010277,General Medicine,Low
0.0,NPIIN0000010278,Dermatology,Low
0.0,NPIIN0000010279,Cardiology,Low
85.1,NPIIN0000010280,Orthopedics,Low
0.0,NPIIN0000010281,Gastroenterology,Low
0.0,NPIIN0000010282,Urology,Low
76.9,NPIIN0000010283,General Medicine,Low
0.0,NPIIN0000010284,Neurology,Low
0.0,NPIIN0000010285,General Medicine,Low
0.0,NPIIN0000010286,General Medicine,Low
0.0,NPIIN0000010287,Gastroenterology,Low
0.0,NPIIN0000010288,Cardiology,Low
0.0,NPIIN0000010289,Cardiology,Low
0.8,NPIIN0000010290,Urology,Low
0.0,NPIIN0000010291,Cardiology,Low
0.0,NPIIN0000010292,Gastroenterology,Low
0.1,NPIIN0000010293,Endocrinology,Low
27.5,NPIIN0000010294,General Medicine,Low
67.4,NPIIN0000010295,Diabetology,Low
4.4,NPIIN0000010296,General Medicine,Low
0.0,NPIIN0000010297,Dermatology,Low
0.0,NPIIN0000010298,Urology,Low
0.0,NPIIN0000010299,Endocrinology,Low
52.2,NPIIN0000010300,General Medicine,Low
0.0,NPIIN0000010301,Dermatology,Low
0.0,NPIIN0000010302,Cardiology,Low
0.0,NPIIN0000010303,Cardiology,Low
0.0,NPIIN0000010304,General Medicine,Low
0.0,NPIIN0000010305,Dermatology,Low
0.0,NPIIN0000010306,General Medicine,Low
0.0,NPIIN0000010307,Cardiology,Low
0.0,NPIIN0000010308,Orthopedics,Low
0.0,NPIIN0000010309,Orthopedics,Low
0.3,NPIIN0000010310,Neurology,Low
0.0,NPIIN0000010311,Neurology,Low
0.0,NPIIN0000010312,Orthopedics,Low
0.0,NPIIN0000010313,Neurology,Low
0.0,NPIIN0000010314,Gastroenterology,Low
7.5,NPIIN0000010315,General Medicine,Low
0.0,NPIIN0000010316,Endocrinology,Low
0.0,NPIIN0000010317,Dermatology,Low
0.0,NPIIN0000010318,Neurology,Low
84.3,NPIIN0000010319,Diabetology,Low
0.0,NPIIN0000010320,Pulmonology,Low
0.0,NPIIN0000010321,Dermatology,Low
79.5,NPIIN0000010322,Diabetology,Low
0.3,NPIIN0000010323,Gastroenterology,Low
0.0,NPIIN0000010324,Cardiology,Low
0.0,NPIIN0000010325,Pulmonology,Low
0.3,NPIIN0000010326,Orthopedics,Low
0.0,NPIIN0000010327,Urology,Low
0.0,NPIIN0000010328,Urology,Low
0.0,NPIIN0000010329,Neurology,Low
7.8,NPIIN0000010330,General Medicine,Low
0.0,NPIIN0000010331,Neurology,Low
67.1,NPIIN0000010332,Diabetology,Low
0.0,NPIIN0000010333,Pulmonology,Low
0.0,NPIIN0000010334,Pulmonology,Low
55.7,NPIIN0000010335,Pulmonology,Low
0.0,NPIIN0000010336,General Medicine,Low
0.0,NPIIN0000010337,General Medicine,Low
0.2,NPIIN0000010338,General Medicine,Low
72.9,NPIIN0000010339,Endocrinology,Low
85.8,NPIIN0000010340,General Medicine,Low
0.0,NPIIN0000010341,Cardiology,Low
0.0,NPIIN0000010342,Urology,Low
0.0,NPIIN0000010343,Cardiology,Low
0.0,NPIIN0000010344,Dermatology,Low
51.5,NPIIN0000010345,Diabetology,Low
0.0,NPIIN0000010346,Dermatology,Low
0.0,NPIIN0000010347,Gastroenterology,Low
0.0,NPIIN0000010348,Urology,Low
0.0,NPIIN0000010349,Urology,Low
25.4,NPIIN0000010350,Neurology,Low
0.3,NPIIN0000010351,Endocrinology,Low
0.0,NPIIN0000010352,Pulmonology,Low
1.6,NPIIN0000010353,General Medicine,Low
0.0,NPIIN0000010354,Urology,Low
0.4,NPIIN0000010355,Urology,Low
0.8,NPIIN0000010356,Diabetology,Low
0.0,NPIIN0000010357,Neurology,Low
51.5,NPIIN0000010358,General Medicine,Low
0.0,NPIIN0000010359,Neurology,Low
0.0,NPIIN0000010360,Pulmonology,Low
82.5,NPIIN0000010361,General Medicine,Low
0.0,NPIIN0000010362,Urology,Low
98.4,NPIIN0000010363,Diabetology,Low
0.0,NPIIN0000010364,Dermatology,Low
0.1,NPIIN0000010365,Neurology,Low
0.0,NPIIN0000010366,Diabetology,Low
66.1,NPIIN0000010367,General Medicine,Low
0.3,NPIIN0000010368,Cardiology,Low
0.0,NPIIN0000010369,Pulmonology,Low
0.0,NPIIN0000010370,Urology,Low
0.0,NPIIN0000010371,Cardiology,Low
0.0,NPIIN0000010372,Cardiology,Low
0.0,NPIIN0000010373,General Medicine,Low
0.0,NPIIN0000010374,Diabetology,Low
0.0,NPIIN0000010375,Diabetology,Low
0.0,NPIIN0000010376,Neurology,Low
0.0,NPIIN0000010377,General Medicine,Low
0.0,NPIIN0000010378,Dermatology,Low
66.4,NPIIN0000010379,General Medicine,Low
0.0,NPIIN0000010380,Pulmonology,Low
5.6,NPIIN0000010381,General Medicine,Low
71.9,NPIIN0000010382,Diabetology,Low
27.7,NPIIN0000010383,General Medicine,Low
0.0,NPIIN0000010384,Gastroenterology,Low
0.0,NPIIN0000010385,Orthopedics,Low
0.0,NPIIN0000010386,Cardiology,Low
0.0,NPIIN0000010387,Pulmonology,Low
0.6,NPIIN0000010388,Neurology,Low
0.0,NPIIN0000010389,Cardiology,Low
0.0,NPIIN0000010390,Dermatology,Low
0.0,NPIIN0000010391,Diabetology,Low
0.0,NPIIN0000010392,Urology,Low
0.0,NPIIN0000010393,Pulmonology,Low
65.1,NPIIN0000010394,Endocrinology,Low
0.0,NPIIN0000010395,Gastroenterology,Low
65.1,NPIIN0000010396,Endocrinology,Low
0.0,NPIIN0000010397,Gastroenterology,Low
0.0,NPIIN0000010398,Dermatology,Low
0.0,NPIIN0000010399,Pulmonology,Low
83.8,NPIIN0000010400,Diabetology,Low
82.4,NPIIN0000010401,General Medicine,Low
80.5,NPIIN0000010402,General Medicine,Low
0.0,NPIIN0000010403,Neurology,Low
85.8,NPIIN0000010404,Neurology,Low
55.4,NPIIN0000010405,General Medicine,Low
0.0,NPIIN0000010406,Gastroenterology,Low
26.9,NPIIN0000010407,Gastroenterology,Low
0.3,NPIIN0000010408,Neurology,Low
50.5,NPIIN0000010409,Diabetology,Low
80.8,NPIIN0000010410,General Medicine,Low
6.7,NPIIN0000010411,General Medicine,Low
0.0,NPIIN0000010412,Dermatology,Low
0.0,NPIIN0000010413,Dermatology,Low
7.6,NPIIN0000010414,Urology,Low
82.6,NPIIN0000010415,Endocrinology,Medium
0.0,NPIIN0000010416,Gastroenterology,Low
0.0,NPIIN0000010417,Urology,Low
72.9,NPIIN0000010418,Endocrinology,Low
0.0,NPIIN0000010419,Cardiology,Low
0.0,NPIIN0000010420,Cardiology,Low
0.0,NPIIN0000010421,Pulmonology,Low
85.2,NPIIN0000010422,General Medicine,Low
66.4,NPIIN0000010423,Endocrinology,Low
0.0,NPIIN0000010424,General Medicine,Low
0.0,NPIIN0000010425,Gastroenterology,Low
0.0,NPIIN0000010426,Dermatology,Low
0.0,NPIIN0000010427,Gastroenterology,Low
0.0,NPIIN0000010428,Urology,Low
0.0,NPIIN0000010429,Pulmonology,Low
0.0,NPIIN0000010430,Dermatology,Low
0.0,NPIIN0000010431,General Medicine,Low
57.5,NPIIN0000010432,Dermatology,Low
0.0,NPIIN0000010433,Urology,Low
0.0,NPIIN0000010434,Neurology,Low
0.0,NPIIN0000010435,General Medicine,Low
84.2,NPIIN0000010436,Diabetology,Low
0.0,NPIIN0000010437,Diabetology,Low
27.2,NPIIN0000010438,Cardiology,Low
0.0,NPIIN0000010439,Cardiology,Low
70.9,NPIIN0000010440,General Medicine,Low
0.0,NPIIN0000010441,Cardiology,Low
0.0,NPIIN0000010442,Urology,Low
0.0,NPIIN0000010443,Neurology,Low
0.3,NPIIN0000010444,Dermatology,Low
0.0,NPIIN0000010445,General Medicine,Low
0.4,NPIIN0000010446,Endocrinology,Low
4.2,NPIIN0000010447,Diabetology,Low
0.0,NPIIN0000010448,Dermatology,Low
0.0,NPIIN0000010449,Cardiology,Low
0.0,NPIIN0000010450,Neurology,Low
86.3,NPIIN0000010451,Endocrinology,Low
81.0,NPIIN0000010452,General Medicine,Low
0.0,NPIIN0000010453,Cardiology,Low
26.9,NPIIN0000010454,General Medicine,Low
0.0,NPIIN0000010455,Cardiology,Low
0.0,NPIIN0000010456,Dermatology,Low
0.0,NPIIN0000010457,Cardiology,Low
68.2,NPIIN0000010458,Diabetology,Low
0.0,NPIIN0000010459,Cardiology,Low
0.0,NPIIN0000010460,Orthopedics,Low
0.0,NPIIN0000010461,Neurology,Low
7.4,NPIIN0000010462,Neurology,Low
0.0,NPIIN0000010463,General Medicine,Low
0.0,NPIIN0000010464,Urology,Low
0.8,NPIIN0000010465,Endocrinology,Low
0.0,NPIIN0000010466,Dermatology,Low
0.0,NPIIN0000010467,Dermatology,Low
0.0,NPIIN0000010468,Cardiology,Low
0.0,NPIIN0000010469,Cardiology,Low
0.0,NPIIN0000010470,Pulmonology,Low
0.0,NPIIN0000010471,Cardiology,Low
0.3,NPIIN0000010472,Diabetology,Low
0.0,NPIIN0000010473,General Medicine,Low
49.9,NPIIN0000010474,Endocrinology,Low
0.0,NPIIN0000010475,Neurology,Low
82.4,NPIIN0000010476,General Medicine,Low
0.0,NPIIN0000010477,Neurology,Low
7.6,NPIIN0000010478,General Medicine,Low
0.0,NPIIN0000010479,General Medicine,Low
0.4,NPIIN0000010480,General Medicine,Low
0.0,NPIIN0000010481,Urology,Low
0.0,NPIIN0000010482,General Medicine,Low
0.0,NPIIN0000010483,Neurology,Low
0.1,NPIIN0000010484,Dermatology,Low
0.0,NPIIN0000010485,Pulmonology,Low
0.0,NPIIN0000010486,Endocrinology,Low
0.0,NPIIN0000010487,Cardiology,Low
0.2,NPIIN0000010488,Pulmonology,Low
0.0,NPIIN0000010489,Gastroenterology,Low
0.0,NPIIN0000010490,Gastroenterology,Low
0.0,NPIIN0000010491,Neurology,Low
0.0,NPIIN0000010492,Cardiology,Low
0.0,NPIIN0000010493,Gastroenterology,Low
0.0,NPIIN0000010494,Pulmonology,Low
0.0,NPIIN0000010495,Orthopedics,Low
0.0,NPIIN0000010496,Gastroenterology,Low
0.5,NPIIN0000010497,General Medicine,Low
0.0,NPIIN0000010498,Neurology,Low
0.0,NPIIN0000010499,Pulmonology,Low
0.0,NPIIN0000010500,General Medicine,Low
0.0,NPIIN0000010501,Pulmonology,Low
94.3,NPIIN0000010502,Endocrinology,Low
0.0,NPIIN0000010503,Cardiology,Low
0.0,NPIIN0000010504,Gastroenterology,Low
0.0,NPIIN0000010505,General Medicine,Low
6.7,NPIIN0000010506,Gastroenterology,Low
0.3,NPIIN0000010507,General Medicine,Low
0.0,NPIIN0000010508,Dermatology,Low
0.3,NPIIN0000010509,Gastroenterology,Low
0.0,NPIIN0000010510,Gastroenterology,Low
0.0,NPIIN0000010511,General Medicine,Low
0.0,NPIIN0000010512,Orthopedics,Low
0.0,NPIIN0000010513,General Medicine,Low
0.0,NPIIN0000010514,Dermatology,Low
59.2,NPIIN0000010515,General Medicine,Low
91.4,NPIIN0000010516,Endocrinology,Medium
0.0,NPIIN0000010517,Pulmonology,Low
0.0,NPIIN0000010518,General Medicine,Low
70.9,NPIIN0000010519,Diabetology,Low
0.0,NPIIN0000010520,General Medicine,Low
1.7,NPIIN0000010521,Endocrinology,Low
0.0,NPIIN0000010522,Orthopedics,Low
7.5,NPIIN0000010523,Neurology,Low
79.9,NPIIN0000010524,Endocrinology,Low
0.3,NPIIN0000010525,Gastroenterology,Low
0.0,NPIIN0000010526,Pulmonology,Low
0.0,NPIIN0000010527,Gastroenterology,Low
0.0,NPIIN0000010528,Pulmonology,Low
0.0,NPIIN0000010529,Cardiology,Low
1.4,NPIIN0000010530,Endocrinology,Low
13.0,NPIIN0000010531,Gastroenterology,Low
0.0,NPIIN0000010532,Gastroenterology,Low
0.0,NPIIN0000010533,Gastroenterology,Low
0.0,NPIIN0000010534,Cardiology,Low
0.0,NPIIN0000010535,Dermatology,Low
1.1,NPIIN0000010536,General Medicine,Low
13.0,NPIIN0000010537,Neurology,Low
0.3,NPIIN0000010538,Diabetology,Low
0.0,NPIIN0000010539,Gastroenterology,Low
0.0,NPIIN0000010540,Orthopedics,Low
54.0,NPIIN0000010541,Diabetology,Low
0.0,NPIIN0000010542,Gastroenterology,Low
0.0,NPIIN0000010543,Pulmonology,Low
74.0,NPIIN0000010544,Diabetology,Medium
81.1,NPIIN0000010545,Diabetology,Low
0.0,NPIIN0000010546,Gastroenterology,Low
47.6,NPIIN0000010547,Diabetology,Low
0.0,NPIIN0000010548,Cardiology,Low
0.5,NPIIN0000010549,Urology,Low
0.0,NPIIN0000010550,Pulmonology,Low
0.0,NPIIN0000010551,Gastroenterology,Low
54.9,NPIIN0000010552,Pulmonology,Low
86.9,NPIIN0000010553,General Medicine,Low
85.3,NPIIN0000010554,Gastroenterology,Low
0.0,NPIIN0000010555,Cardiology,Low
75.5,NPIIN0000010556,Diabetology,Low
0.0,NPIIN0000010557,Pulmonology,Low
0.0,NPIIN0000010558,Orthopedics,Low
48.5,NPIIN0000010559,General Medicine,Low
0.0,NPIIN0000010560,Orthopedics,Low
0.0,NPIIN0000010561,Gastroenterology,Low
0.0,NPIIN0000010562,General Medicine,Low
0.0,NPIIN0000010563,General Medicine,Low
0.0,NPIIN0000010564,Cardiology,Low
0.0,NPIIN0000010565,Pulmonology,Low
0.1,NPIIN0000010566,Cardiology,Low
4.1,NPIIN0000010567,General Medicine,Low
4.1,NPIIN0000010568,Endocrinology,Low
0.0,NPIIN0000010569,Orthopedics,Low
65.9,NPIIN0000010570,General Medicine,Low
7.0,NPIIN0000010571,General Medicine,Low
48.7,NPIIN0000010572,General Medicine,Low
0.0,NPIIN0000010573,Cardiology,Low
0.0,NPIIN0000010574,General Medicine,Low
0.0,NPIIN0000010575,Gastroenterology,Low
0.0,NPIIN0000010576,Pulmonology,Low
0.1,NPIIN0000010577,General Medicine,Low
0.0,NPIIN0000010578,Dermatology,Low
0.0,NPIIN0000010579,Cardiology,Low
0.0,NPIIN0000010580,Dermatology,Low
0.0,NPIIN0000010581,Cardiology,Low
0.0,NPIIN0000010582,Urology,Low
0.0,NPIIN0000010583,Orthopedics,Low
0.0,NPIIN0000010584,Dermatology,Low
0.0,NPIIN0000010585,Cardiology,Low
0.4,NPIIN0000010586,General Medicine,Low
72.8,NPIIN0000010587,Dermatology,Low
0.0,NPIIN0000010588,Pulmonology,Low
0.7,NPIIN0000010589,General Medicine,Low
0.0,NPIIN0000010590,General Medicine,Low
0.0,NPIIN0000010591,Cardiology,Low
1.1,NPIIN0000010592,General Medicine,Low
0.0,NPIIN0000010593,Cardiology,Low
0.0,NPIIN0000010594,Neurology,Low
0.0,NPIIN0000010595,General Medicine,Low
7.6,NPIIN0000010596,Endocrinology,Low
0.0,NPIIN0000010597,Cardiology,Low
0.0,NPIIN0000010598,Urology,Low
0.0,NPIIN0000010599,Pulmonology,Low
0.0,NPIIN0000010600,Neurology,Low
0.0,NPIIN0000010601,Gastroenterology,Low
0.0,NPIIN0000010602,Pulmonology,Low
0.0,NPIIN0000010603,General Medicine,Low
5.1,NPIIN0000010604,Pulmonology,Low
78.6,NPIIN0000010605,Diabetology,Low
0.0,NPIIN0000010606,Pulmonology,Low
0.0,NPIIN0000010607,Endocrinology,Low
0.0,NPIIN0000010608,Urology,Low
0.0,NPIIN0000010609,General Medicine,Low
56.4,NPIIN0000010610,Endocrinology,Low
4.9,NPIIN0000010611,Neurology,Low
0.0,NPIIN0000010612,Cardiology,Low
0.1,NPIIN0000010613,General Medicine,Low
6.7,NPIIN0000010614,Urology,Low
0.0,NPIIN0000010615,Gastroenterology,Low
80.1,NPIIN0000010616,Neurology,Low
47.3,NPIIN0000010617,General Medicine,Low
0.0,NPIIN0000010618,General Medicine,Low
0.0,NPIIN0000010619,Cardiology,Low
0.0,NPIIN0000010620,Pulmonology,Low
0.3,NPIIN0000010621,Pulmonology,Low
0.0,NPIIN0000010622,Cardiology,Low
86.8,NPIIN0000010623,Cardiology,Low
0.0,NPIIN0000010624,Cardiology,Low
66.2,NPIIN0000010625,Diabetology,Low
0.0,NPIIN0000010626,Cardiology,Low
0.0,NPIIN0000010627,General Medicine,Low
0.0,NPIIN0000010628,General Medicine,Low
0.0,NPIIN0000010629,General Medicine,Low
56.8,NPIIN0000010630,Endocrinology,Low
0.0,NPIIN0000010631,General Medicine,Low
0.0,NPIIN0000010632,Dermatology,Low
6.7,NPIIN0000010633,Diabetology,Low
86.1,NPIIN0000010634,Diabetology,Low
26.8,NPIIN0000010635,Pulmonology,Low
45.5,NPIIN0000010636,Endocrinology,Low
0.0,NPIIN0000010637,General Medicine,Low
54.8,NPIIN0000010638,General Medicine,Low
82.0,NPIIN0000010639,General Medicine,Low
0.0,NPIIN0000010640,Dermatology,Low
0.0,NPIIN0000010641,Dermatology,Low
0.0,NPIIN0000010642,General Medicine,Low
0.0,NPIIN0000010643,General Medicine,Low
0.0,NPIIN0000010644,Orthopedics,Low
0.0,NPIIN0000010645,General Medicine,Low
0.0,NPIIN0000010646,Orthopedics,Low
0.0,NPIIN0000010647,Gastroenterology,Low
49.9,NPIIN0000010648,Diabetology,Low
49.6,NPIIN0000010649,Endocrinology,Low
46.5,NPIIN0000010650,Endocrinology,Low
0.0,NPIIN0000010651,Dermatology,Low
84.2,NPIIN0000010652,Diabetology,Low
24.7,NPIIN0000010653,Neurology,Low
0.0,NPIIN0000010654,Pulmonology,Low
82.9,NPIIN0000010655,Dermatology,Low
0.0,NPIIN0000010656,Gastroenterology,Low
0.0,NPIIN0000010657,Cardiology,Low
0.4,NPIIN0000010658,General Medicine,Low
0.0,NPIIN0000010659,General Medicine,Low
0.0,NPIIN0000010660,Dermatology,Low
0.0,NPIIN0000010661,Gastroenterology,Low
0.5,NPIIN0000010662,Pulmonology,Low
0.0,NPIIN0000010663,Dermatology,Low
24.9,NPIIN0000010664,General Medicine,Low
0.0,NPIIN0000010665,Cardiology,Low
0.0,NPIIN0000010666,Urology,Low
0.3,NPIIN0000010667,General Medicine,Low
0.0,NPIIN0000010668,Dermatology,Low
0.0,NPIIN0000010669,General Medicine,Low
0.0,NPIIN0000010670,Pulmonology,Low
0.0,NPIIN0000010671,General Medicine,Low
0.0,NPIIN0000010672,General Medicine,Low
47.4,NPIIN0000010673,Endocrinology,Low
0.0,NPIIN0000010674,Gastroenterology,Low
0.2,NPIIN0000010675,Diabetology,Low
5.9,NPIIN0000010676,Diabetology,Low
0.0,NPIIN0000010677,General Medicine,Low
0.0,NPIIN0000010678,General Medicine,Low
0.0,NPIIN0000010679,Pulmonology,Low
55.1,NPIIN0000010680,Neurology,Low
0.0,NPIIN0000010681,Neurology,Low
0.0,NPIIN0000010682,General Medicine,Low
0.0,NPIIN0000010683,General Medicine,Low
0.0,NPIIN0000010684,Endocrinology,Low
0.0,NPIIN0000010685,General Medicine,Low
0.0,NPIIN0000010686,Urology,Low
0.0,NPIIN0000010687,General Medicine,Low
0.0,NPIIN0000010688,Orthopedics,Low
97.6,NPIIN0000010689,Endocrinology,Low
55.8,NPIIN0000010690,Gastroenterology,Low
0.0,NPIIN0000010691,Neurology,Low
0.0,NPIIN0000010692,Neurology,Low
55.2,NPIIN0000010693,Neurology,Low
82.3,NPIIN0000010694,Cardiology,Low
0.0,NPIIN0000010695,Gastroenterology,Low
49.0,NPIIN0000010696,General Medicine,Low
0.0,NPIIN0000010697,General Medicine,Low
80.1,NPIIN0000010698,Cardiology,Low
82.2,NPIIN0000010699,Endocrinology,Low
80.2,NPIIN0000010700,Urology,Low
25.3,NPIIN0000010701,Diabetology,Low
0.0,NPIIN0000010702,General Medicine,Low
68.2,NPIIN0000010703,Endocrinology,Low
0.0,NPIIN0000010704,Neurology,Low
0.1,NPIIN0000010705,Gastroenterology,Low
0.0,NPIIN0000010706,Urology,Low
0.0,NPIIN0000010707,Pulmonology,Low
81.5,NPIIN0000010708,Diabetology,Low
0.0,NPIIN0000010709,Cardiology,Low
75.7,NPIIN0000010710,Diabetology,Low
0.0,NPIIN0000010711,Pulmonology,Low
0.0,NPIIN0000010712,Orthopedics,Low
0.0,NPIIN0000010713,Cardiology,Low
0.0,NPIIN0000010714,General Medicine,Low
0.0,NPIIN0000010715,Neurology,Low
0.0,NPIIN0000010716,Pulmonology,Low
0.0,NPIIN0000010717,Neurology,Low
0.0,NPIIN0000010718,General Medicine,Low
91.7,NPIIN0000010719,Diabetology,Low
0.5,NPIIN0000010720,General Medicine,Low
0.0,NPIIN0000010721,General Medicine,Low
0.0,NPIIN0000010722,Neurology,Low
53.6,NPIIN0000010723,Endocrinology,Low
0.0,NPIIN0000010724,General Medicine,Low
63.7,NPIIN0000010725,Orthopedics,Low
0.0,NPIIN0000010726,Pulmonology,Low
1.6,NPIIN0000010727,Endocrinology,Low
0.0,NPIIN0000010728,Orthopedics,Low
66.5,NPIIN0000010729,Diabetology,Low
0.0,NPIIN0000010730,Gastroenterology,Low
0.0,NPIIN0000010731,Cardiology,Low
1.0,NPIIN0000010732,Dermatology,Low
0.8,NPIIN0000010733,Endocrinology,Low
85.9,NPIIN0000010734,General Medicine,Low
0.0,NPIIN0000010735,Orthopedics,Low
0.0,NPIIN0000010736,Pulmonology,Low
72.2,NPIIN0000010737,Diabetology,Low
1.0,NPIIN0000010738,Cardiology,Low
0.0,NPIIN0000010739,Cardiology,Low
15.1,NPIIN0000010740,Diabetology,Low
0.0,NPIIN0000010741,General Medicine,Low
0.0,NPIIN0000010742,General Medicine,Low
0.0,NPIIN0000010743,Urology,Low
0.0,NPIIN0000010744,Gastroenterology,Low
0.0,NPIIN0000010745,Urology,Low
72.4,NPIIN0000010746,General Medicine,Low
87.1,NPIIN0000010747,General Medicine,Low
0.0,NPIIN0000010748,Pulmonology,Low
0.8,NPIIN0000010749,General Medicine,Low
0.8,NPIIN0000010750,Endocrinology,Low
0.0,NPIIN0000010751,Dermatology,Low
0.0,NPIIN0000010752,Neurology,Low
85.3,NPIIN0000010753,Diabetology,Low
13.2,NPIIN0000010754,General Medicine,Low
70.6,NPIIN0000010755,Endocrinology,Low
0.0,NPIIN0000010756,Pulmonology,Low
49.1,NPIIN0000010757,General Medicine,Low
0.0,NPIIN0000010758,Urology,Low
0.0,NPIIN0000010759,General Medicine,Low
1.4,NPIIN0000010760,General Medicine,Low
0.0,NPIIN0000010761,Gastroenterology,Low
6.9,NPIIN0000010762,Urology,Low
0.0,NPIIN0000010763,Dermatology,Low
0.0,NPIIN0000010764,General Medicine,Low
80.1,NPIIN0000010765,General Medicine,Low
0.0,NPIIN0000010766,Neurology,Low
0.1,NPIIN0000010767,Dermatology,Low
0.0,NPIIN0000010768,Orthopedics,Low
79.9,NPIIN0000010769,General Medicine,Low
0.0,NPIIN0000010770,Neurology,Low
70.6,NPIIN0000010771,Diabetology,Low
0.0,NPIIN0000010772,Cardiology,Low
0.5,NPIIN0000010773,Diabetology,Low
0.0,NPIIN0000010774,Cardiology,Low
0.0,NPIIN0000010775,General Medicine,Low
61.6,NPIIN0000010776,General Medicine,Low
0.0,NPIIN0000010777,Neurology,Low
1.5,NPIIN0000010778,Pulmonology,Low
87.1,NPIIN0000010779,Endocrinology,Low
0.0,NPIIN0000010780,Neurology,Low
6.0,NPIIN0000010781,Endocrinology,Low
7.6,NPIIN0000010782,Cardiology,Low
82.9,NPIIN0000010783,Orthopedics,Low
0.0,NPIIN0000010784,Cardiology,Low
85.3,NPIIN0000010785,General Medicine,Low
0.0,NPIIN0000010786,Neurology,Low
0.0,NPIIN0000010787,General Medicine,Low
0.1,NPIIN0000010788,General Medicine,Low
0.0,NPIIN0000010789,Gastroenterology,Low
0.0,NPIIN0000010790,Pulmonology,Low
55.3,NPIIN0000010791,General Medicine,Low
0.0,NPIIN0000010792,Urology,Low
0.0,NPIIN0000010793,Cardiology,Low
80.8,NPIIN0000010794,General Medicine,Low
7.6,NPIIN0000010795,Endocrinology,Low
0.0,NPIIN0000010796,Cardiology,Low
0.7,NPIIN0000010797,Orthopedics,Low
0.0,NPIIN0000010798,Gastroenterology,Low
7.8,NPIIN0000010799,Endocrinology,Low
0.3,NPIIN0000010800,General Medicine,Low
0.7,NPIIN0000010801,Endocrinology,Medium
0.0,NPIIN0000010802,Neurology,Low
44.5,NPIIN0000010803,General Medicine,Low
0.0,NPIIN0000010804,Urology,Low
0.0,NPIIN0000010805,Endocrinology,Low
82.3,NPIIN0000010806,General Medicine,Low
47.1,NPIIN0000010807,Orthopedics,Low
0.0,NPIIN0000010808,Urology,Low
0.0,NPIIN0000010809,Diabetology,Low
0.0,NPIIN0000010810,General Medicine,Low
6.9,NPIIN0000010811,Urology,Low
86.6,NPIIN0000010812,Neurology,Low
0.0,NPIIN0000010813,Neurology,Low
0.0,NPIIN0000010814,Neurology,Low
7.6,NPIIN0000010815,Urology,Low
0.2,NPIIN0000010816,General Medicine,Low
85.7,NPIIN0000010817,Endocrinology,Low
67.0,NPIIN0000010818,General Medicine,Low
0.0,NPIIN0000010819,Gastroenterology,Low
0.0,NPIIN0000010820,General Medicine,Low
38.6,NPIIN0000010821,Diabetology,Low
0.0,NPIIN0000010822,Neurology,Low
27.5,NPIIN0000010823,General Medicine,Low
0.0,NPIIN0000010824,Orthopedics,Low
0.0,NPIIN0000010825,General Medicine,Low
0.0,NPIIN0000010826,Gastroenterology,Low
0.0,NPIIN0000010827,Pulmonology,Low
0.0,NPIIN0000010828,Cardiology,Low
0.0,NPIIN0000010829,General Medicine,Low
0.4,NPIIN0000010830,Cardiology,Low
0.0,NPIIN0000010831,Gastroenterology,Low
0.0,NPIIN0000010832,Gastroenterology,Low
0.0,NPIIN0000010833,Cardiology,Low
0.0,NPIIN0000010834,General Medicine,Low
0.0,NPIIN0000010835,Orthopedics,Low
2.3,NPIIN0000010836,Diabetology,Low
0.0,NPIIN0000010837,Urology,Low
0.0,NPIIN0000010838,Endocrinology,Low
0.0,NPIIN0000010839,Cardiology,Low
0.0,NPIIN0000010840,Pulmonology,Low
68.0,NPIIN0000010841,Endocrinology,Low
0.0,NPIIN0000010842,Urology,Low
0.0,NPIIN0000010843,Neurology,Low
0.0,NPIIN0000010844,Neurology,Low
0.0,NPIIN0000010845,Neurology,Low
1.0,NPIIN0000010846,Neurology,Low
0.0,NPIIN0000010847,Gastroenterology,Low
0.0,NPIIN0000010848,Neurology,Low
0.0,NPIIN0000010849,Dermatology,Low
0.0,NPIIN0000010850,Pulmonology,Low
0.5,NPIIN0000010851,General Medicine,Low
0.4,NPIIN0000010852,General Medicine,Low
1.0,NPIIN0000010853,General Medicine,Low
0.0,NPIIN0000010854,General Medicine,Low
0.0,NPIIN0000010855,General Medicine,Low
0.0,NPIIN0000010856,General Medicine,Low
0.0,NPIIN0000010857,Cardiology,Low
0.0,NPIIN0000010858,Dermatology,Low
0.0,NPIIN0000010859,Gastroenterology,Low
0.0,NPIIN0000010860,General Medicine,Low
0.3,NPIIN0000010861,Orthopedics,Low
0.6,NPIIN0000010862,Orthopedics,Low
0.0,NPIIN0000010863,Dermatology,Low
0.0,NPIIN0000010864,Cardiology,Low
53.9,NPIIN0000010865,General Medicine,Low
0.0,NPIIN0000010866,General Medicine,Low
87.1,NPIIN0000010867,Gastroenterology,Low
0.0,NPIIN0000010868,Neurology,Low
0.0,NPIIN0000010869,Neurology,Low
0.0,NPIIN0000010870,Gastroenterology,Low
0.9,NPIIN0000010871,Orthopedics,Low
0.0,NPIIN0000010872,Pulmonology,Low
0.0,NPIIN0000010873,Urology,Low
0.0,NPIIN0000010874,Dermatology,Low
0.0,NPIIN0000010875,General Medicine,Low
0.0,NPIIN0000010876,Dermatology,Low
0.0,NPIIN0000010877,Cardiology,Low
87.2,NPIIN0000010878,Endocrinology,Low
0.0,NPIIN0000010879,Orthopedics,Low
0.0,NPIIN0000010880,General Medicine,Low
60.1,NPIIN0000010881,General Medicine,Low
0.0,NPIIN0000010882,Orthopedics,Low
49.9,NPIIN0000010883,General Medicine,Low
49.2,NPIIN0000010884,Endocrinology,Low
0.0,NPIIN0000010885,Cardiology,Low
0.0,NPIIN0000010886,General Medicine,Low
96.2,NPIIN0000010887,Endocrinology,Medium
0.0,NPIIN0000010888,Cardiology,Low
0.0,NPIIN0000010889,Dermatology,Low
68.1,NPIIN0000010890,Diabetology,Low
0.0,NPIIN0000010891,Pulmonology,Low
0.0,NPIIN0000010892,Cardiology,Low
0.0,NPIIN0000010893,General Medicine,Low
0.0,NPIIN0000010894,Neurology,Low
0.0,NPIIN0000010895,General Medicine,Low
6.8,NPIIN0000010896,General Medicine,Low
63.2,NPIIN0000010897,Diabetology,Low
0.0,NPIIN0000010898,Cardiology,Low
0.0,NPIIN0000010899,Cardiology,Low
75.9,NPIIN0000010900,General Medicine,Low
0.0,NPIIN0000010901,Cardiology,Low
80.0,NPIIN0000010902,Endocrinology,Low
82.7,NPIIN0000010903,Endocrinology,Medium
0.0,NPIIN0000010904,Dermatology,Low
92.2,NPIIN0000010905,General Medicine,Low
0.0,NPIIN0000010906,Pulmonology,Low
0.0,NPIIN0000010907,Pulmonology,Low
0.0,NPIIN0000010908,General Medicine,Low
79.2,NPIIN0000010909,Diabetology,Low
87.2,NPIIN0000010910,General Medicine,Low
0.0,NPIIN0000010911,Pulmonology,Low
7.6,NPIIN0000010912,General Medicine,Low
0.0,NPIIN0000010913,Cardiology,Low
0.0,NPIIN0000010914,Urology,Low
15.2,NPIIN0000010915,Gastroenterology,Low
0.0,NPIIN0000010916,Cardiology,Low
0.0,NPIIN0000010917,Urology,Low
49.2,NPIIN0000010918,Endocrinology,Low
86.5,NPIIN0000010919,Cardiology,Low
0.0,NPIIN0000010920,Endocrinology,Low
0.0,NPIIN0000010921,Orthopedics,Low
74.8,NPIIN0000010922,Endocrinology,Low
0.0,NPIIN0000010923,Gastroenterology,Low
0.0,NPIIN0000010924,Neurology,Low
0.0,NPIIN0000010925,General Medicine,Low
84.7,NPIIN0000010926,General Medicine,Low
0.0,NPIIN0000010927,Cardiology,Low
0.0,NPIIN0000010928,Gastroenterology,Low
0.4,NPIIN0000010929,General Medicine,Low
0.0,NPIIN0000010930,Pulmonology,Low
0.0,NPIIN0000010931,Cardiology,Low
0.0,NPIIN0000010932,Gastroenterology,Low
0.0,NPIIN0000010933,Neurology,Low
25.3,NPIIN0000010934,General Medicine,Low
80.4,NPIIN0000010935,General Medicine,Low
0.0,NPIIN0000010936,General Medicine,Low
15.0,NPIIN0000010937,General Medicine,Low
0.0,NPIIN0000010938,Cardiology,Low
0.0,NPIIN0000010939,Neurology,Low
0.0,NPIIN0000010940,Cardiology,Low
0.7,NPIIN0000010941,Cardiology,Low
46.7,NPIIN0000010942,Cardiology,Low
0.1,NPIIN0000010943,Endocrinology,Low
0.0,NPIIN0000010944,Pulmonology,Low
0.0,NPIIN0000010945,Neurology,Low
52.3,NPIIN0000010946,General Medicine,Low
0.0,NPIIN0000010947,General Medicine,Low
0.0,NPIIN0000010948,Pulmonology,Low
0.0,NPIIN0000010949,Pulmonology,Low
0.0,NPIIN0000010950,Dermatology,Low
1.6,NPIIN0000010951,Dermatology,Low
0.0,NPIIN0000010952,Dermatology,Low
0.0,NPIIN0000010953,Dermatology,Low
0.0,NPIIN0000010954,Urology,Low
4.1,NPIIN0000010955,Pulmonology,Low
0.0,NPIIN0000010956,Pulmonology,Low
80.3,NPIIN0000010957,Gastroenterology,Low
0.0,NPIIN0000010958,Endocrinology,Low
0.0,NPIIN0000010959,General Medicine,Low
0.0,NPIIN0000010960,Urology,Low
0.8,NPIIN0000010961,General Medicine,Low
0.0,NPIIN0000010962,Cardiology,Low
80.1,NPIIN0000010963,General Medicine,Low
77.3,NPIIN0000010964,Endocrinology,Low
0.0,NPIIN0000010965,General Medicine,Low
0.3,NPIIN0000010966,Pulmonology,Low
0.0,NPIIN0000010967,General Medicine,Low
0.0,NPIIN0000010968,General Medicine,Low
7.6,NPIIN0000010969,Cardiology,Low
0.0,NPIIN0000010970,General Medicine,Low
0.0,NPIIN0000010971,Cardiology,Low
0.0,NPIIN0000010972,General Medicine,Low
0.0,NPIIN0000010973,Neurology,Low
0.0,NPIIN0000010974,Cardiology,Low
0.0,NPIIN0000010975,Urology,Low
0.0,NPIIN0000010976,Neurology,Low
91.0,NPIIN0000010977,Endocrinology,Low
0.0,NPIIN0000010978,General Medicine,Low
0.0,NPIIN0000010979,Cardiology,Low
0.0,NPIIN0000010980,Cardiology,Low
0.3,NPIIN0000010981,Urology,Low
0.4,NPIIN0000010982,Neurology,Low
0.0,NPIIN0000010983,Gastroenterology,Low
0.0,NPIIN0000010984,Pulmonology,Low
0.0,NPIIN0000010985,Urology,Low
24.9,NPIIN0000010986,Urology,Low
0.0,NPIIN0000010987,Cardiology,Low
56.7,NPIIN0000010988,Endocrinology,Low
0.0,NPIIN0000010989,General Medicine,Low
0.0,NPIIN0000010990,General Medicine,Low
47.1,NPIIN0000010991,General Medicine,Low
75.2,NPIIN0000010992,Diabetology,Low
0.0,NPIIN0000010993,Dermatology,Low
0.0,NPIIN0000010994,Cardiology,Low
0.4,NPIIN0000010995,Dermatology,Low
0.0,NPIIN0000010996,General Medicine,Low
0.0,NPIIN0000010997,Cardiology,Low
0.0,NPIIN0000010998,Dermatology,Low
0.0,NPIIN0000010999,General Medicine,Low
0.0,NPIIN0000011000,Gastroenterology,Low
0.0,NPIIN0000011001,Urology,Low
0.0,NPIIN0000011002,Cardiology,Low
69.1,NPIIN0000011003,Diabetology,Low
0.0,NPIIN0000011004,Cardiology,Low
0.0,NPIIN0000011005,Cardiology,Low
0.0,NPIIN0000011006,Orthopedics,Low
0.0,NPIIN0000011007,Dermatology,Low
2.8,NPIIN0000011008,General Medicine,Low
0.0,NPIIN0000011009,Neurology,Low
0.3,NPIIN0000011010,Urology,Low
85.8,NPIIN0000011011,Endocrinology,Low
48.8,NPIIN0000011012,Cardiology,Low
0.0,NPIIN0000011013,Dermatology,Low
0.0,NPIIN0000011014,Gastroenterology,Low
51.2,NPIIN0000011015,Endocrinology,Low
0.0,NPIIN0000011016,General Medicine,Low
91.6,NPIIN0000011017,Endocrinology,Low
0.0,NPIIN0000011018,Pulmonology,Low
0.0,NPIIN0000011019,Neurology,Low
7.0,NPIIN0000011020,Diabetology,Low
0.0,NPIIN0000011021,Gastroenterology,Low
0.0,NPIIN0000011022,General Medicine,Low
0.0,NPIIN0000011023,Neurology,Low
0.1,NPIIN0000011024,Neurology,Low
51.9,NPIIN0000011025,General Medicine,Low
25.1,NPIIN0000011026,Diabetology,Low
72.0,NPIIN0000011027,Endocrinology,Low
0.3,NPIIN0000011028,Gastroenterology,Low
54.8,NPIIN0000011029,Neurology,Low
46.5,NPIIN0000011030,Diabetology,Low
0.0,NPIIN0000011031,Orthopedics,Low
0.0,NPIIN0000011032,Dermatology,Low
4.2,NPIIN0000011033,Cardiology,Low
7.7,NPIIN0000011034,Endocrinology,Low
0.0,NPIIN0000011035,Pulmonology,Low
0.0,NPIIN0000011036,Cardiology,Low
0.0,NPIIN0000011037,Orthopedics,Low
73.0,NPIIN0000011038,Neurology,Low
0.0,NPIIN0000011039,Cardiology,Low
48.1,NPIIN0000011040,General Medicine,Low
78.8,NPIIN0000011041,Endocrinology,Low
0.0,NPIIN0000011042,General Medicine,Low
12.6,NPIIN0000011043,Diabetology,Low
0.0,NPIIN0000011044,Dermatology,Low
0.0,NPIIN0000011045,Gastroenterology,Low
0.0,NPIIN0000011046,Urology,Low
49.8,NPIIN0000011047,Endocrinology,Low
0.0,NPIIN0000011048,General Medicine,Low
0.0,NPIIN0000011049,Dermatology,Low
0.6,NPIIN0000011050,General Medicine,Low
90.4,NPIIN0000011051,General Medicine,Low
0.0,NPIIN0000011052,Orthopedics,Low
0.0,NPIIN0000011053,Gastroenterology,Low
0.0,NPIIN0000011054,Urology,Low
13.2,NPIIN0000011055,General Medicine,Low
0.0,NPIIN0000011056,Pulmonology,Low
26.8,NPIIN0000011057,General Medicine,Low
0.0,NPIIN0000011058,General Medicine,Low
0.0,NPIIN0000011059,Cardiology,Low
0.0,NPIIN0000011060,Dermatology,Low
0.0,NPIIN0000011061,General Medicine,Low
0.0,NPIIN0000011062,Pulmonology,Low
0.0,NPIIN0000011063,Dermatology,Low
69.1,NPIIN0000011064,Gastroenterology,Low
64.8,NPIIN0000011065,Endocrinology,Low
0.0,NPIIN0000011066,Pulmonology,Low
0.0,NPIIN0000011067,General Medicine,Low
0.0,NPIIN0000011068,Diabetology,Low
0.0,NPIIN0000011069,Cardiology,Low
0.0,NPIIN0000011070,Pulmonology,Low
0.0,NPIIN0000011071,Gastroenterology,Low
0.0,NPIIN0000011072,Orthopedics,Low
0.0,NPIIN0000011073,General Medicine,Low
32.8,NPIIN0000011074,General Medicine,Low
48.3,NPIIN0000011075,Endocrinology,Low
0.0,NPIIN0000011076,Orthopedics,Low
0.1,NPIIN0000011077,Dermatology,Low
0.0,NPIIN0000011078,Orthopedics,Low
1.1,NPIIN0000011079,General Medicine,Low
1.4,NPIIN0000011080,Endocrinology,Low
0.0,NPIIN0000011081,Pulmonology,Low
24.8,NPIIN0000011082,General Medicine,Low
44.2,NPIIN0000011083,General Medicine,Low
0.0,NPIIN0000011084,Cardiology,Low
0.0,NPIIN0000011085,Cardiology,Low
0.0,NPIIN0000011086,General Medicine,Low
0.0,NPIIN0000011087,Urology,Low
86.5,NPIIN0000011088,Gastroenterology,Low
0.0,NPIIN0000011089,Gastroenterology,Low
48.0,NPIIN0000011090,Endocrinology,Low
0.3,NPIIN0000011091,Gastroenterology,Low
0.3,NPIIN0000011092,General Medicine,Low
0.0,NPIIN0000011093,Cardiology,Low
92.3,NPIIN0000011094,General Medicine,Low
0.0,NPIIN0000011095,Cardiology,Low
0.0,NPIIN0000011096,Dermatology,Low
0.5,NPIIN0000011097,Dermatology,Low
55.3,NPIIN0000011098,Diabetology,Low
0.0,NPIIN0000011099,Pulmonology,Low
0.0,NPIIN0000011100,General Medicine,Low
6.8,NPIIN0000011101,Endocrinology,Low
0.0,NPIIN0000011102,Neurology,Low
0.0,NPIIN0000011103,Gastroenterology,Low
0.0,NPIIN0000011104,Gastroenterology,Low
0.0,NPIIN0000011105,Endocrinology,Low
0.0,NPIIN0000011106,General Medicine,Low
0.0,NPIIN0000011107,Cardiology,Low
0.0,NPIIN0000011108,Cardiology,Low
0.0,NPIIN0000011109,Cardiology,Low
0.0,NPIIN0000011110,Cardiology,Low
84.7,NPIIN0000011111,General Medicine,Low
0.0,NPIIN0000011112,General Medicine,Low
0.0,NPIIN0000011113,Neurology,Low
1.4,NPIIN0000011114,Diabetology,Low
51.7,NPIIN0000011115,Endocrinology,Low
0.0,NPIIN0000011116,Orthopedics,Low
0.0,NPIIN0000011117,Urology,Low
0.0,NPIIN0000011118,Cardiology,Low
0.6,NPIIN0000011119,General Medicine,Low
13.3,NPIIN0000011120,Endocrinology,Low
0.0,NPIIN0000011121,Orthopedics,Low
0.0,NPIIN0000011122,General Medicine,Low
0.0,NPIIN0000011123,Cardiology,Low
0.0,NPIIN0000011124,Gastroenterology,Low
26.7,NPIIN0000011125,Gastroenterology,Low
1.0,NPIIN0000011126,Diabetology,Low
99.9,NPIIN0000011127,Diabetology,Low
0.5,NPIIN0000011128,General Medicine,Low
90.4,NPIIN0000011129,Diabetology,Low
0.0,NPIIN0000011130,Diabetology,Low
0.0,NPIIN0000011131,Dermatology,Low
0.0,NPIIN0000011132,Gastroenterology,Low
0.0,NPIIN0000011133,Neurology,Low
0.0,NPIIN0000011134,Neurology,Low
13.2,NPIIN0000011135,General Medicine,Low
0.0,NPIIN0000011136,General Medicine,Low
0.0,NPIIN0000011137,Gastroenterology,Low
72.3,NPIIN0000011138,Cardiology,Low
49.6,NPIIN0000011139,Endocrinology,Low
0.0,NPIIN0000011140,Cardiology,Low
75.9,NPIIN0000011141,Gastroenterology,Low
0.0,NPIIN0000011142,Pulmonology,Low
0.8,NPIIN0000011143,General Medicine,Low
0.4,NPIIN0000011144,General Medicine,Low
0.0,NPIIN0000011145,Dermatology,Low
0.0,NPIIN0000011146,Cardiology,Low
0.0,NPIIN0000011147,General Medicine,Low
71.9,NPIIN0000011148,Gastroenterology,Low
0.3,NPIIN0000011149,Neurology,Low
73.1,NPIIN0000011150,General Medicine,Low
64.0,NPIIN0000011151,Endocrinology,Low
0.0,NPIIN0000011152,Orthopedics,Low
87.9,NPIIN0000011153,General Medicine,Low
71.5,NPIIN0000011154,Urology,Low
0.0,NPIIN0000011155,Gastroenterology,Low
25.0,NPIIN0000011156,Urology,Low
0.0,NPIIN0000011157,Cardiology,Low
0.0,NPIIN0000011158,General Medicine,Low
0.0,NPIIN0000011159,Diabetology,Low
0.0,NPIIN0000011160,Diabetology,Low
81.7,NPIIN0000011161,Diabetology,Medium
72.1,NPIIN0000011162,General Medicine,Low
0.0,NPIIN0000011163,General Medicine,Low
0.0,NPIIN0000011164,Neurology,Low
0.5,NPIIN0000011165,Diabetology,Low
47.5,NPIIN0000011166,Diabetology,Low
85.5,NPIIN0000011167,General Medicine,Low
0.0,NPIIN0000011168,Neurology,Low
0.0,NPIIN0000011169,Cardiology,Low
0.0,NPIIN0000011170,Gastroenterology,Low
50.9,NPIIN0000011171,General Medicine,Low
0.0,NPIIN0000011172,Pulmonology,Low
1.0,NPIIN0000011173,Gastroenterology,Low
46.3,NPIIN0000011174,General Medicine,Low
0.0,NPIIN0000011175,Neurology,Low
0.0,NPIIN0000011176,Urology,Low
0.0,NPIIN0000011177,Cardiology,Low
0.0,NPIIN0000011178,General Medicine,Low
0.0,NPIIN0000011179,Urology,Low
0.0,NPIIN0000011180,Dermatology,Low
0.0,NPIIN0000011181,Pulmonology,Low
82.7,NPIIN0000011182,Endocrinology,High
0.0,NPIIN0000011183,General Medicine,Low
0.0,NPIIN0000011184,Dermatology,Low
0.0,NPIIN0000011185,Neurology,Low
6.0,NPIIN0000011186,Diabetology,Low
0.0,NPIIN0000011187,Cardiology,Low
0.0,NPIIN0000011188,Gastroenterology,Low
0.0,NPIIN0000011189,Pulmonology,Low
0.0,NPIIN0000011190,Orthopedics,Low
72.8,NPIIN0000011191,General Medicine,Low
0.0,NPIIN0000011192,General Medicine,Low
0.8,NPIIN0000011193,Diabetology,Low
0.4,NPIIN0000011194,General Medicine,Low
1.0,NPIIN0000011195,Diabetology,Low
0.0,NPIIN0000011196,Cardiology,Low
76.9,NPIIN0000011197,Diabetology,Low
71.5,NPIIN0000011198,Endocrinology,Low
0.0,NPIIN0000011199,Dermatology,Low
97.9,NPIIN0000011200,Endocrinology,Medium
0.3,NPIIN0000011201,General Medicine,Low
3.9,NPIIN0000011202,Neurology,Low
82.2,NPIIN0000011203,Endocrinology,Low
0.0,NPIIN0000011204,Pulmonology,Low
0.0,NPIIN0000011205,Dermatology,Low
0.0,NPIIN0000011206,Pulmonology,Low
0.0,NPIIN0000011207,General Medicine,Low
0.0,NPIIN0000011208,Dermatology,Low
0.0,NPIIN0000011209,Orthopedics,Low
0.0,NPIIN0000011210,Dermatology,Low
0.1,NPIIN0000011211,General Medicine,Low
0.0,NPIIN0000011212,Pulmonology,Low
0.0,NPIIN0000011213,General Medicine,Low
84.4,NPIIN0000011214,Diabetology,Low
0.0,NPIIN0000011215,General Medicine,Low
0.6,NPIIN0000011216,Dermatology,Low
51.1,NPIIN0000011217,Diabetology,Low
0.0,NPIIN0000011218,Urology,Low
0.0,NPIIN0000011219,Orthopedics,Low
49.2,NPIIN0000011220,Diabetology,Low
0.0,NPIIN0000011221,Cardiology,Low
82.2,NPIIN0000011222,Orthopedics,Low
72.9,NPIIN0000011223,Endocrinology,Low
0.0,NPIIN0000011224,Gastroenterology,Low
0.0,NPIIN0000011225,Cardiology,Low
68.5,NPIIN0000011226,Endocrinology,High
72.4,NPIIN0000011227,Diabetology,Low
0.0,NPIIN0000011228,Diabetology,Low
0.0,NPIIN0000011229,Urology,Low
82.0,NPIIN0000011230,Endocrinology,Low
79.1,NPIIN0000011231,Endocrinology,Low
0.0,NPIIN0000011232,Neurology,Low
0.0,NPIIN0000011233,Orthopedics,Low
0.4,NPIIN0000011234,General Medicine,Low
0.0,NPIIN0000011235,Gastroenterology,Low
0.0,NPIIN0000011236,Cardiology,Low
0.0,NPIIN0000011237,Dermatology,Low
0.0,NPIIN0000011238,Gastroenterology,Low
0.0,NPIIN0000011239,Urology,Low
0.0,NPIIN0000011240,Neurology,Low
0.0,NPIIN0000011241,Orthopedics,Low
0.0,NPIIN0000011242,General Medicine,Low
0.0,NPIIN0000011243,Gastroenterology,Low
0.0,NPIIN0000011244,Gastroenterology,Low
84.8,NPIIN0000011245,Diabetology,Low
0.0,NPIIN0000011246,Urology,Low
0.1,NPIIN0000011247,Gastroenterology,Low
0.0,NPIIN0000011248,Urology,Low
0.0,NPIIN0000011249,General Medicine,Low
0.0,NPIIN0000011250,Dermatology,Low
0.0,NPIIN0000011251,Diabetology,Low
0.0,NPIIN0000011252,Orthopedics,Low
24.7,NPIIN0000011253,Cardiology,Low
25.6,NPIIN0000011254,Pulmonology,Low
0.0,NPIIN0000011255,Cardiology,Low
0.0,NPIIN0000011256,Gastroenterology,Low
56.1,NPIIN0000011257,General Medicine,Low
0.0,NPIIN0000011258,Urology,Low
0.1,NPIIN0000011259,Urology,Low
0.0,NPIIN0000011260,General Medicine,Low
0.0,NPIIN0000011261,Dermatology,Low
85.7,NPIIN0000011262,Neurology,Low
84.9,NPIIN0000011263,General Medicine,Low
70.6,NPIIN0000011264,General Medicine,Low
69.0,NPIIN0000011265,Endocrinology,Low
0.0,NPIIN0000011266,Cardiology,Low
0.0,NPIIN0000011267,General Medicine,Low
0.0,NPIIN0000011268,Pulmonology,Low
1.4,NPIIN0000011269,General Medicine,Low
0.0,NPIIN0000011270,Orthopedics,Low
0.0,NPIIN0000011271,Cardiology,Low
0.0,NPIIN0000011272,Dermatology,Low
0.0,NPIIN0000011273,Dermatology,Low
0.0,NPIIN0000011274,Gastroenterology,Low
0.4,NPIIN0000011275,General Medicine,Low
0.0,NPIIN0000011276,Endocrinology,Low
0.0,NPIIN0000011277,Urology,Low
0.0,NPIIN0000011278,Gastroenterology,Low
86.3,NPIIN0000011279,Dermatology,Low
0.0,NPIIN0000011280,Endocrinology,Low
0.0,NPIIN0000011281,Pulmonology,Low
0.0,NPIIN0000011282,General Medicine,Low
0.0,NPIIN0000011283,Neurology,Low
0.0,NPIIN0000011284,Gastroenterology,Low
84.7,NPIIN0000011285,Endocrinology,Low
35.1,NPIIN0000011286,Endocrinology,Low
0.0,NPIIN0000011287,Cardiology,Low
66.9,NPIIN0000011288,Endocrinology,Low
39.3,NPIIN0000011289,Diabetology,Low
0.0,NPIIN0000011290,Cardiology,Low
0.5,NPIIN0000011291,General Medicine,Low
0.0,NPIIN0000011292,Neurology,Low
0.6,NPIIN0000011293,Dermatology,Low
39.7,NPIIN0000011294,General Medicine,Low
0.0,NPIIN0000011295,Cardiology,Low
0.0,NPIIN0000011296,Gastroenterology,Low
0.0,NPIIN0000011297,General Medicine,Low
79.3,NPIIN0000011298,Diabetology,Low
0.0,NPIIN0000011299,General Medicine,Low
5.8,NPIIN0000011300,Orthopedics,Low
0.0,NPIIN0000011301,General Medicine,Low
0.0,NPIIN0000011302,Orthopedics,Low
0.6,NPIIN0000011303,Diabetology,Low
0.3,NPIIN0000011304,Cardiology,Low
0.0,NPIIN0000011305,Endocrinology,Low
5.9,NPIIN0000011306,Gastroenterology,Low
0.0,NPIIN0000011307,Pulmonology,Low
0.0,NPIIN0000011308,Pulmonology,Low
3.9,NPIIN0000011309,Orthopedics,Low
0.0,NPIIN0000011310,General Medicine,Low
0.0,NPIIN0000011311,Cardiology,Low
0.0,NPIIN0000011312,Gastroenterology,Low
25.1,NPIIN0000011313,Endocrinology,Low
0.0,NPIIN0000011314,Pulmonology,Low
0.0,NPIIN0000011315,Dermatology,Low
46.7,NPIIN0000011316,General Medicine,Low
61.8,NPIIN0000011317,Diabetology,Low
0.0,NPIIN0000011318,Pulmonology,Low
0.0,NPIIN0000011319,Cardiology,Low
86.4,NPIIN0000011320,Diabetology,Low
0.0,NPIIN0000011321,General Medicine,Low
54.7,NPIIN0000011322,Diabetology,Low
0.0,NPIIN0000011323,Cardiology,Low
13.0,NPIIN0000011324,Pulmonology,Low
0.0,NPIIN0000011325,General Medicine,Low
0.0,NPIIN0000011326,General Medicine,Low
0.0,NPIIN0000011327,Orthopedics,Low
0.0,NPIIN0000011328,Cardiology,Low
55.2,NPIIN0000011329,Endocrinology,Low
1.0,NPIIN0000011330,Urology,Low
0.0,NPIIN0000011331,Cardiology,Low
0.4,NPIIN0000011332,Urology,Low
0.0,NPIIN0000011333,Neurology,Low
0.0,NPIIN0000011334,General Medicine,Low
0.2,NPIIN0000011335,Diabetology,Low
51.0,NPIIN0000011336,General Medicine,Low
0.0,NPIIN0000011337,Dermatology,Low
0.0,NPIIN0000011338,Cardiology,Low
0.0,NPIIN0000011339,Gastroenterology,Low
0.1,NPIIN0000011340,Dermatology,Low
0.0,NPIIN0000011341,Neurology,Low
0.0,NPIIN0000011342,Cardiology,Low
0.0,NPIIN0000011343,Gastroenterology,Low
0.0,NPIIN0000011344,Gastroenterology,Low
0.0,NPIIN0000011345,Cardiology,Low
0.0,NPIIN0000011346,Urology,Low
0.0,NPIIN0000011347,Cardiology,Low
0.0,NPIIN0000011348,Orthopedics,Low
0.0,NPIIN0000011349,Cardiology,Low
68.0,NPIIN0000011350,Endocrinology,Low
0.0,NPIIN0000011351,Neurology,Low
0.0,NPIIN0000011352,Cardiology,Low
75.0,NPIIN0000011353,Endocrinology,Low
0.0,NPIIN0000011354,Cardiology,Low
8.0,NPIIN0000011355,Dermatology,Low
0.3,NPIIN0000011356,Cardiology,Low
0.0,NPIIN0000011357,Neurology,Low
0.0,NPIIN0000011358,Pulmonology,Low
82.6,NPIIN0000011359,General Medicine,Low
0.0,NPIIN0000011360,General Medicine,Low
6.3,NPIIN0000011361,Diabetology,Low
0.0,NPIIN0000011362,Orthopedics,Low
0.0,NPIIN0000011363,Gastroenterology,Low
0.4,NPIIN0000011364,Urology,Low
0.0,NPIIN0000011365,Gastroenterology,Low
0.4,NPIIN0000011366,Dermatology,Low
0.0,NPIIN0000011367,Orthopedics,Low
31.1,NPIIN0000011368,General Medicine,Low
0.0,NPIIN0000011369,Urology,Low
0.0,NPIIN0000011370,Cardiology,Low
0.0,NPIIN0000011371,Cardiology,Low
80.4,NPIIN0000011372,General Medicine,Low
0.2,NPIIN0000011373,General Medicine,Low
42.1,NPIIN0000011374,General Medicine,Low
0.0,NPIIN0000011375,Pulmonology,Low
0.0,NPIIN0000011376,Pulmonology,Low
0.0,NPIIN0000011377,Urology,Low
0.0,NPIIN0000011378,General Medicine,Low
67.2,NPIIN0000011379,Diabetology,Low
0.0,NPIIN0000011380,Neurology,Low
0.0,NPIIN0000011381,Neurology,Low
0.0,NPIIN0000011382,Dermatology,Low
0.0,NPIIN0000011383,Diabetology,Low
0.0,NPIIN0000011384,Cardiology,Low
0.1,NPIIN0000011385,Orthopedics,Low
0.0,NPIIN0000011386,Cardiology,Low
0.0,NPIIN0000011387,Neurology,Low
4.0,NPIIN0000011388,Diabetology,Low
0.0,NPIIN0000011389,General Medicine,Low
0.0,NPIIN0000011390,Dermatology,Low
0.0,NPIIN0000011391,General Medicine,Low
0.3,NPIIN0000011392,Endocrinology,Low
1.6,NPIIN0000011393,Gastroenterology,Low
82.1,NPIIN0000011394,Cardiology,Low
0.4,NPIIN0000011395,Diabetology,Low
0.0,NPIIN0000011396,Pulmonology,Low
0.3,NPIIN0000011397,General Medicine,Low
1.0,NPIIN0000011398,Pulmonology,Low
52.1,NPIIN0000011399,General Medicine,Low
0.0,NPIIN0000011400,General Medicine,Low
0.0,NPIIN0000011401,General Medicine,Low
0.0,NPIIN0000011402,Urology,Low
86.0,NPIIN0000011403,Cardiology,Low
0.0,NPIIN0000011404,Orthopedics,Low
0.0,NPIIN0000011405,General Medicine,Low
82.7,NPIIN0000011406,General Medicine,Low
0.0,NPIIN0000011407,Gastroenterology,Low
50.6,NPIIN0000011408,General Medicine,Low
0.0,NPIIN0000011409,Pulmonology,Low
0.0,NPIIN0000011410,Urology,Low
0.0,NPIIN0000011411,Dermatology,Low
0.0,NPIIN0000011412,General Medicine,Low
0.0,NPIIN0000011413,Gastroenterology,Low
80.5,NPIIN0000011414,General Medicine,Low
0.0,NPIIN0000011415,Gastroenterology,Low
46.9,NPIIN0000011416,Endocrinology,Low
0.1,NPIIN0000011417,Cardiology,Low
0.0,NPIIN0000011418,Pulmonology,Low
65.7,NPIIN0000011419,Endocrinology,Medium
0.0,NPIIN0000011420,Gastroenterology,Low
0.0,NPIIN0000011421,Cardiology,Low
0.0,NPIIN0000011422,Cardiology,Low
0.0,NPIIN0000011423,Neurology,Low
46.3,NPIIN0000011424,General Medicine,Low
0.0,NPIIN0000011425,Orthopedics,Low
45.8,NPIIN0000011426,Diabetology,Low
0.0,NPIIN0000011427,Cardiology,Low
0.0,NPIIN0000011428,Cardiology,Low
0.0,NPIIN0000011429,General Medicine,Low
0.0,NPIIN0000011430,Cardiology,Low
0.0,NPIIN0000011431,Gastroenterology,Low
0.1,NPIIN0000011432,Cardiology,Low
0.0,NPIIN0000011433,Urology,Low
0.0,NPIIN0000011434,Pulmonology,Low
0.0,NPIIN0000011435,Neurology,Low
0.0,NPIIN0000011436,Cardiology,Low
0.0,NPIIN0000011437,Cardiology,Low
0.0,NPIIN0000011438,General Medicine,Low
1.6,NPIIN0000011439,General Medicine,Low
0.0,NPIIN0000011440,Pulmonology,Low
85.3,NPIIN0000011441,Diabetology,Low
0.4,NPIIN0000011442,Diabetology,Low
0.0,NPIIN0000011443,Orthopedics,Low
0.0,NPIIN0000011444,Diabetology,Low
0.0,NPIIN0000011445,Cardiology,Low
0.1,NPIIN0000011446,General Medicine,Low
66.7,NPIIN0000011447,Diabetology,Low
0.3,NPIIN0000011448,General Medicine,Low
0.0,NPIIN0000011449,Pulmonology,Low
0.0,NPIIN0000011450,Pulmonology,Low
0.0,NPIIN0000011451,Neurology,Low
7.7,NPIIN0000011452,Endocrinology,Low
0.0,NPIIN0000011453,Cardiology,Low
0.0,NPIIN0000011454,Dermatology,Low
0.3,NPIIN0000011455,Endocrinology,Low
4.2,NPIIN0000011456,Diabetology,Low
0.0,NPIIN0000011457,General Medicine,Low
0.0,NPIIN0000011458,Gastroenterology,Low
85.0,NPIIN0000011459,Endocrinology,Low
0.0,NPIIN0000011460,Urology,Low
13.3,NPIIN0000011461,Diabetology,Low
0.0,NPIIN0000011462,Orthopedics,Low
0.0,NPIIN0000011463,Diabetology,Low
0.0,NPIIN0000011464,Gastroenterology,Low
0.5,NPIIN0000011465,General Medicine,Low
0.0,NPIIN0000011466,Dermatology,Low
0.4,NPIIN0000011467,General Medicine,Low
5.7,NPIIN0000011468,Urology,Low
0.0,NPIIN0000011469,Gastroenterology,Low
0.0,NPIIN0000011470,Pulmonology,Low
91.2,NPIIN0000011471,Diabetology,Low
1.7,NPIIN0000011472,Diabetology,Low
0.0,NPIIN0000011473,Orthopedics,Low
0.1,NPIIN0000011474,Urology,Low
0.1,NPIIN0000011475,Cardiology,Low
61.2,NPIIN0000011476,Endocrinology,Low
0.0,NPIIN0000011477,Cardiology,Low
65.1,NPIIN0000011478,Endocrinology,Low
2.7,NPIIN0000011479,Diabetology,Low
25.0,NPIIN0000011480,Dermatology,Low
0.0,NPIIN0000011481,Cardiology,Low
0.0,NPIIN0000011482,Urology,Low
0.0,NPIIN0000011483,Orthopedics,Low
74.9,NPIIN0000011484,Diabetology,Low
46.7,NPIIN0000011485,General Medicine,Low
80.7,NPIIN0000011486,General Medicine,Low
83.4,NPIIN0000011487,Endocrinology,Low
72.1,NPIIN0000011488,Gastroenterology,Low
0.0,NPIIN0000011489,Pulmonology,Low
0.0,NPIIN0000011490,Cardiology,Low
0.0,NPIIN0000011491,Urology,Low
67.2,NPIIN0000011492,Diabetology,Low
95.9,NPIIN0000011493,Endocrinology,Low
0.0,NPIIN0000011494,Orthopedics,Low
0.0,NPIIN0000011495,Cardiology,Low
0.0,NPIIN0000011496,Cardiology,Low
92.2,NPIIN0000011497,Endocrinology,Medium
7.9,NPIIN0000011498,Diabetology,Low
0.4,NPIIN0000011499,General Medicine,Low
0.0,NPIIN0000011500,Neurology,Low
0.3,NPIIN0000011501,General Medicine,Low
0.0,NPIIN0000011502,Pulmonology,Low
0.0,NPIIN0000011503,Cardiology,Low
0.0,NPIIN0000011504,General Medicine,Low
0.8,NPIIN0000011505,Orthopedics,Low
27.2,NPIIN0000011506,Gastroenterology,Low
0.0,NPIIN0000011507,Gastroenterology,Low
78.2,NPIIN0000011508,Diabetology,Low
47.4,NPIIN0000011509,General Medicine,Low
0.0,NPIIN0000011510,Dermatology,Low
46.8,NPIIN0000011511,Urology,Low
6.0,NPIIN0000011512,Gastroenterology,Low
80.9,NPIIN0000011513,General Medicine,Low
0.0,NPIIN0000011514,Cardiology,Low
0.0,NPIIN0000011515,Cardiology,Low
0.0,NPIIN0000011516,Cardiology,Low
0.0,NPIIN0000011517,General Medicine,Low
0.0,NPIIN0000011518,Cardiology,Low
2.9,NPIIN0000011519,General Medicine,Low
0.0,NPIIN0000011520,Pulmonology,Low
0.0,NPIIN0000011521,Pulmonology,Low
0.0,NPIIN0000011522,Pulmonology,Low
11.7,NPIIN0000011523,Endocrinology,Low
0.0,NPIIN0000011524,General Medicine,Low
0.0,NPIIN0000011525,Orthopedics,Low
0.0,NPIIN0000011526,General Medicine,Low
0.0,NPIIN0000011527,Urology,Low
0.0,NPIIN0000011528,General Medicine,Low
0.0,NPIIN0000011529,Pulmonology,Low
0.0,NPIIN0000011530,General Medicine,Low
0.0,NPIIN0000011531,Neurology,Low
0.0,NPIIN0000011532,Urology,Low
51.5,NPIIN0000011533,General Medicine,Low
0.0,NPIIN0000011534,Gastroenterology,Low
0.0,NPIIN0000011535,Urology,Low
0.0,NPIIN0000011536,Gastroenterology,Low
0.0,NPIIN0000011537,Cardiology,Low
0.0,NPIIN0000011538,Cardiology,Low
0.0,NPIIN0000011539,Urology,Low
0.0,NPIIN0000011540,Gastroenterology,Low
27.0,NPIIN0000011541,Orthopedics,Low
46.5,NPIIN0000011542,Diabetology,Low
63.4,NPIIN0000011543,Gastroenterology,Low
15.0,NPIIN0000011544,Dermatology,Low
0.0,NPIIN0000011545,Dermatology,Low
55.2,NPIIN0000011546,Neurology,Low
0.0,NPIIN0000011547,Cardiology,Low
0.0,NPIIN0000011548,Neurology,Low
0.0,NPIIN0000011549,Pulmonology,Low
0.0,NPIIN0000011550,General Medicine,Low
47.2,NPIIN0000011551,Endocrinology,Low
0.0,NPIIN0000011552,Urology,Low
48.5,NPIIN0000011553,Endocrinology,Low
0.0,NPIIN0000011554,General Medicine,Low
0.6,NPIIN0000011555,Pulmonology,Low
0.0,NPIIN0000011556,Orthopedics,Low
0.0,NPIIN0000011557,Neurology,Low
81.2,NPIIN0000011558,Diabetology,Low
5.1,NPIIN0000011559,Cardiology,Low
9.9,NPIIN0000011560,Diabetology,Low
0.0,NPIIN0000011561,Diabetology,Low
7.5,NPIIN0000011562,Dermatology,Low
0.6,NPIIN0000011563,General Medicine,Low
0.0,NPIIN0000011564,Cardiology,Low
0.0,NPIIN0000011565,Urology,Low
0.0,NPIIN0000011566,Cardiology,Low
0.3,NPIIN0000011567,Cardiology,Low
0.3,NPIIN0000011568,General Medicine,Low
0.0,NPIIN0000011569,Cardiology,Low
48.3,NPIIN0000011570,Endocrinology,Low
0.0,NPIIN0000011571,Orthopedics,Low
0.0,NPIIN0000011572,Dermatology,Low
0.3,NPIIN0000011573,Gastroenterology,Low
0.0,NPIIN0000011574,Neurology,Low
0.0,NPIIN0000011575,Cardiology,Low
0.0,NPIIN0000011576,Dermatology,Low
0.0,NPIIN0000011577,General Medicine,Low
0.0,NPIIN0000011578,Cardiology,Low
49.7,NPIIN0000011579,Diabetology,Low
0.0,NPIIN0000011580,General Medicine,Low
0.0,NPIIN0000011581,Cardiology,Low
2.4,NPIIN0000011582,Diabetology,Low
88.2,NPIIN0000011583,General Medicine,Low
0.0,NPIIN0000011584,General Medicine,Low
15.2,NPIIN0000011585,Cardiology,Low
0.0,NPIIN0000011586,Pulmonology,Low
75.5,NPIIN0000011587,Endocrinology,Low
0.3,NPIIN0000011588,Pulmonology,Low
86.0,NPIIN0000011589,Endocrinology,Low
0.0,NPIIN0000011590,General Medicine,Low
0.4,NPIIN0000011591,Pulmonology,Low
0.1,NPIIN0000011592,Neurology,Low
0.0,NPIIN0000011593,Cardiology,Low
0.0,NPIIN0000011594,Pulmonology,Low
0.0,NPIIN0000011595,Dermatology,Low
82.5,NPIIN0000011596,Endocrinology,Low
0.0,NPIIN0000011597,Pulmonology,Low
0.0,NPIIN0000011598,General Medicine,Low
0.0,NPIIN0000011599,Dermatology,Low
0.0,NPIIN0000011600,General Medicine,Low
0.0,NPIIN0000011601,Orthopedics,Low
0.0,NPIIN0000011602,Neurology,Low
0.0,NPIIN0000011603,Pulmonology,Low
81.1,NPIIN0000011604,Diabetology,Low
0.0,NPIIN0000011605,Pulmonology,Low
1.4,NPIIN0000011606,Cardiology,Low
54.0,NPIIN0000011607,General Medicine,Low
0.4,NPIIN0000011608,Diabetology,Low
0.0,NPIIN0000011609,Neurology,Low
0.0,NPIIN0000011610,Gastroenterology,Low
0.0,NPIIN0000011611,Urology,Low
0.0,NPIIN0000011612,Endocrinology,Low
0.0,NPIIN0000011613,Urology,Low
0.0,NPIIN0000011614,Dermatology,Low
0.0,NPIIN0000011615,Urology,Low
55.6,NPIIN0000011616,Gastroenterology,Low
93.0,NPIIN0000011617,Diabetology,Low
0.0,NPIIN0000011618,Urology,Low
6.0,NPIIN0000011619,Pulmonology,Low
0.0,NPIIN0000011620,Gastroenterology,Low
71.9,NPIIN0000011621,Endocrinology,Low
76.1,NPIIN0000011622,Endocrinology,Low
70.8,NPIIN0000011623,Diabetology,Low
0.0,NPIIN0000011624,General Medicine,Low
0.0,NPIIN0000011625,General Medicine,Low
63.5,NPIIN0000011626,Urology,Low
0.0,NPIIN0000011627,Cardiology,Low
0.0,NPIIN0000011628,Cardiology,Low
88.7,NPIIN0000011629,Diabetology,Low
65.0,NPIIN0000011630,Endocrinology,Low
0.0,NPIIN0000011631,General Medicine,Low
0.0,NPIIN0000011632,Gastroenterology,Low
0.0,NPIIN0000011633,Orthopedics,Low
0.5,NPIIN0000011634,Endocrinology,Low
32.9,NPIIN0000011635,Diabetology,Low
0.0,NPIIN0000011636,Gastroenterology,Low
0.0,NPIIN0000011637,Diabetology,Low
0.0,NPIIN0000011638,Neurology,Low
0.0,NPIIN0000011639,Pulmonology,Low
0.5,NPIIN0000011640,Dermatology,Low
0.0,NPIIN0000011641,Cardiology,Low
0.0,NPIIN0000011642,Orthopedics,Low
0.0,NPIIN0000011643,Orthopedics,Low
0.0,NPIIN0000011644,Cardiology,Low
0.0,NPIIN0000011645,General Medicine,Low
0.0,NPIIN0000011646,General Medicine,Low
81.8,NPIIN0000011647,Diabetology,Low
0.0,NPIIN0000011648,Orthopedics,Low
24.7,NPIIN0000011649,Endocrinology,Low
1.4,NPIIN0000011650,Diabetology,Low
0.0,NPIIN0000011651,Cardiology,Low
72.2,NPIIN0000011652,Pulmonology,Low
80.6,NPIIN0000011653,Urology,Low
0.0,NPIIN0000011654,Pulmonology,Low
0.0,NPIIN0000011655,Neurology,Low
7.8,NPIIN0000011656,Cardiology,Low
0.0,NPIIN0000011657,Gastroenterology,Low
0.0,NPIIN0000011658,General Medicine,Low
39.1,NPIIN0000011659,General Medicine,Low
0.3,NPIIN0000011660,Pulmonology,Low
0.0,NPIIN0000011661,Orthopedics,Low
0.0,NPIIN0000011662,Gastroenterology,Low
0.0,NPIIN0000011663,Neurology,Low
0.0,NPIIN0000011664,General Medicine,Low
0.0,NPIIN0000011665,Cardiology,Low
0.0,NPIIN0000011666,Pulmonology,Low
0.0,NPIIN0000011667,Neurology,Low
15.2,NPIIN0000011668,Neurology,Low
49.1,NPIIN0000011669,Pulmonology,Low
0.4,NPIIN0000011670,Diabetology,Low
0.0,NPIIN0000011671,Endocrinology,Low
0.0,NPIIN0000011672,Cardiology,Low
0.0,NPIIN0000011673,Neurology,Low
0.0,NPIIN0000011674,Orthopedics,Low
0.3,NPIIN0000011675,General Medicine,Low
0.6,NPIIN0000011676,Neurology,Low
72.4,NPIIN0000011677,Neurology,Low
53.0,NPIIN0000011678,Endocrinology,Low
38.7,NPIIN0000011679,Endocrinology,Low
57.3,NPIIN0000011680,Endocrinology,Low
0.0,NPIIN0000011681,Orthopedics,Low
0.0,NPIIN0000011682,Cardiology,Low
82.1,NPIIN0000011683,Pulmonology,Low
68.7,NPIIN0000011684,General Medicine,Low
71.4,NPIIN0000011685,Neurology,Low
59.4,NPIIN0000011686,Endocrinology,Low
0.0,NPIIN0000011687,Orthopedics,Low
57.4,NPIIN0000011688,General Medicine,Low
0.0,NPIIN0000011689,Urology,Low
0.0,NPIIN0000011690,Pulmonology,Low
0.0,NPIIN0000011691,General Medicine,Low
0.0,NPIIN0000011692,Gastroenterology,Low
0.0,NPIIN0000011693,Pulmonology,Low
0.0,NPIIN0000011694,Cardiology,Low
73.2,NPIIN0000011695,Neurology,Low
0.0,NPIIN0000011696,Pulmonology,Low
0.0,NPIIN0000011697,Pulmonology,Low
0.0,NPIIN0000011698,Gastroenterology,Low
0.0,NPIIN0000011699,Neurology,Low
0.0,NPIIN0000011700,General Medicine,Low
77.4,NPIIN0000011701,Diabetology,Low
68.0,NPIIN0000011702,Diabetology,Low
0.0,NPIIN0000011703,Pulmonology,Low
52.3,NPIIN0000011704,Diabetology,Low
5.8,NPIIN0000011705,Cardiology,Low
0.0,NPIIN0000011706,Gastroenterology,Low
63.7,NPIIN0000011707,Endocrinology,Low
0.6,NPIIN0000011708,Endocrinology,Low
0.0,NPIIN0000011709,Dermatology,Low
0.7,NPIIN0000011710,Neurology,Low
0.0,NPIIN0000011711,Gastroenterology,Low
0.0,NPIIN0000011712,General Medicine,Low
6.9,NPIIN0000011713,Pulmonology,Low
0.0,NPIIN0000011714,Orthopedics,Low
0.0,NPIIN0000011715,Diabetology,Low
0.0,NPIIN0000011716,Cardiology,Low
67.4,NPIIN0000011717,Endocrinology,Low
0.0,NPIIN0000011718,Urology,Low
0.1,NPIIN0000011719,Diabetology,Low
0.3,NPIIN0000011720,General Medicine,Low
0.9,NPIIN0000011721,Pulmonology,Low
0.0,NPIIN0000011722,Orthopedics,Low
4.1,NPIIN0000011723,Diabetology,Low
34.5,NPIIN0000011724,General Medicine,Low
0.0,NPIIN0000011725,Orthopedics,Low
0.8,NPIIN0000011726,Endocrinology,Low
0.0,NPIIN0000011727,Pulmonology,Low
0.0,NPIIN0000011728,Cardiology,Low
51.4,NPIIN0000011729,Diabetology,Low
0.0,NPIIN0000011730,Cardiology,Low
0.0,NPIIN0000011731,General Medicine,Low
23.9,NPIIN0000011732,Endocrinology,Low
0.0,NPIIN0000011733,Dermatology,Low
0.2,NPIIN0000011734,General Medicine,Low
0.2,NPIIN0000011735,General Medicine,Low
0.0,NPIIN0000011736,Neurology,Low
0.0,NPIIN0000011737,Orthopedics,Low
86.3,NPIIN0000011738,Diabetology,Low
0.0,NPIIN0000011739,Cardiology,Low
31.7,NPIIN0000011740,Cardiology,Low
0.0,NPIIN0000011741,Dermatology,Low
67.7,NPIIN0000011742,Dermatology,Low
0.3,NPIIN0000011743,General Medicine,Low
15.1,NPIIN0000011744,Endocrinology,Low
8.0,NPIIN0000011745,General Medicine,Low
0.0,NPIIN0000011746,Neurology,Low
49.8,NPIIN0000011747,General Medicine,Low
0.0,NPIIN0000011748,Cardiology,Low
0.0,NPIIN0000011749,Diabetology,Low
0.0,NPIIN0000011750,Neurology,Low
1.1,NPIIN0000011751,Orthopedics,Low
90.8,NPIIN0000011752,Endocrinology,Medium
0.0,NPIIN0000011753,Urology,Low
0.0,NPIIN0000011754,General Medicine,Low
0.0,NPIIN0000011755,Neurology,Low
1.0,NPIIN0000011756,Urology,Low
0.0,NPIIN0000011757,Pulmonology,Low
0.0,NPIIN0000011758,Cardiology,Low
46.4,NPIIN0000011759,Diabetology,Low
0.5,NPIIN0000011760,Dermatology,Low
1.0,NPIIN0000011761,Pulmonology,Low
45.4,NPIIN0000011762,Diabetology,Low
0.0,NPIIN0000011763,Pulmonology,Low
0.4,NPIIN0000011764,Diabetology,Low
2.8,NPIIN0000011765,Diabetology,Low
0.0,NPIIN0000011766,Dermatology,Low
0.0,NPIIN0000011767,General Medicine,Low
71.6,NPIIN0000011768,Diabetology,Low
84.0,NPIIN0000011769,General Medicine,Low
6.9,NPIIN0000011770,Urology,Low
0.3,NPIIN0000011771,Endocrinology,Low
0.0,NPIIN0000011772,Endocrinology,Low
0.3,NPIIN0000011773,General Medicine,Low
0.0,NPIIN0000011774,Cardiology,Low
0.0,NPIIN0000011775,Cardiology,Low
0.5,NPIIN0000011776,Cardiology,Low
51.5,NPIIN0000011777,Endocrinology,Low
0.0,NPIIN0000011778,Neurology,Low
38.5,NPIIN0000011779,Endocrinology,Low
0.0,NPIIN0000011780,General Medicine,Low
0.0,NPIIN0000011781,Neurology,Low
0.0,NPIIN0000011782,Cardiology,Low
98.4,NPIIN0000011783,Endocrinology,Low
0.0,NPIIN0000011784,Orthopedics,Low
0.0,NPIIN0000011785,Pulmonology,Low
0.0,NPIIN0000011786,Neurology,Low
0.4,NPIIN0000011787,General Medicine,Low
0.0,NPIIN0000011788,Orthopedics,Low
0.0,NPIIN0000011789,Endocrinology,Low
0.0,NPIIN0000011790,Cardiology,Low
0.0,NPIIN0000011791,Dermatology,Low
0.0,NPIIN0000011792,Cardiology,Low
0.0,NPIIN0000011793,Pulmonology,Low
0.0,NPIIN0000011794,Cardiology,Low
0.0,NPIIN0000011795,General Medicine,Low
0.0,NPIIN0000011796,Neurology,Low
0.0,NPIIN0000011797,Pulmonology,Low
0.0,NPIIN0000011798,Pulmonology,Low
23.9,NPIIN0000011799,Endocrinology,Low
62.1,NPIIN0000011800,Diabetology,Low
0.0,NPIIN0000011801,Gastroenterology,Low
6.9,NPIIN0000011802,Cardiology,Low
0.0,NPIIN0000011803,Pulmonology,Low
50.9,NPIIN0000011804,General Medicine,Low
14.2,NPIIN0000011805,General Medicine,Low
0.0,NPIIN0000011806,General Medicine,Low
0.0,NPIIN0000011807,Dermatology,Low
0.0,NPIIN0000011808,General Medicine,Low
82.3,NPIIN0000011809,Cardiology,Low
0.0,NPIIN0000011810,Orthopedics,Low
0.0,NPIIN0000011811,Cardiology,Low
0.1,NPIIN0000011812,Dermatology,Low
71.4,NPIIN0000011813,Cardiology,Low
0.0,NPIIN0000011814,General Medicine,Low
0.0,NPIIN0000011815,General Medicine,Low
0.0,NPIIN0000011816,Cardiology,Low
0.0,NPIIN0000011817,Gastroenterology,Low
84.8,NPIIN0000011818,Diabetology,Low
0.0,NPIIN0000011819,Pulmonology,Low
0.0,NPIIN0000011820,Dermatology,Low
0.0,NPIIN0000011821,Pulmonology,Low
0.7,NPIIN0000011822,General Medicine,Low
55.6,NPIIN0000011823,General Medicine,Low
0.0,NPIIN0000011824,Cardiology,Low
0.0,NPIIN0000011825,Urology,Low
13.1,NPIIN0000011826,Pulmonology,Low
0.0,NPIIN0000011827,Neurology,Low
0.0,NPIIN0000011828,General Medicine,Low
5.9,NPIIN0000011829,General Medicine,Low
0.0,NPIIN0000011830,Cardiology,Low
0.0,NPIIN0000011831,Endocrinology,Low
0.0,NPIIN0000011832,General Medicine,Low
48.3,NPIIN0000011833,Diabetology,Low
0.3,NPIIN0000011834,Cardiology,Low
68.7,NPIIN0000011835,Pulmonology,Low
25.0,NPIIN0000011836,General Medicine,Low
0.8,NPIIN0000011837,General Medicine,Low
0.0,NPIIN0000011838,Gastroenterology,Low
7.6,NPIIN0000011839,Pulmonology,Low
0.0,NPIIN0000011840,Cardiology,Low
0.0,NPIIN0000011841,Gastroenterology,Low
82.0,NPIIN0000011842,General Medicine,Low
0.4,NPIIN0000011843,General Medicine,Low
0.0,NPIIN0000011844,Urology,Low
0.0,NPIIN0000011845,Cardiology,Low
0.0,NPIIN0000011846,Pulmonology,Low
0.0,NPIIN0000011847,Diabetology,Low
0.0,NPIIN0000011848,Cardiology,Low
0.0,NPIIN0000011849,General Medicine,Low
0.0,NPIIN0000011850,Diabetology,Low
0.0,NPIIN0000011851,Cardiology,Low
0.0,NPIIN0000011852,General Medicine,Low
85.8,NPIIN0000011853,Diabetology,Low
0.0,NPIIN0000011854,General Medicine,Low
0.0,NPIIN0000011855,Cardiology,Low
33.6,NPIIN0000011856,General Medicine,Low
80.3,NPIIN0000011857,General Medicine,Low
46.5,NPIIN0000011858,General Medicine,Low
0.0,NPIIN0000011859,Gastroenterology,Low
0.0,NPIIN0000011860,Orthopedics,Low
46.6,NPIIN0000011861,Cardiology,Low
15.4,NPIIN0000011862,General Medicine,Low
0.0,NPIIN0000011863,Dermatology,Low
0.0,NPIIN0000011864,Pulmonology,Low
0.0,NPIIN0000011865,Orthopedics,Low
0.0,NPIIN0000011866,Gastroenterology,Low
0.0,NPIIN0000011867,Gastroenterology,Low
0.0,NPIIN0000011868,Cardiology,Low
70.9,NPIIN0000011869,Diabetology,Low
0.0,NPIIN0000011870,Pulmonology,Low
0.0,NPIIN0000011871,General Medicine,Low
0.0,NPIIN0000011872,Gastroenterology,Low
0.0,NPIIN0000011873,Orthopedics,Low
77.3,NPIIN0000011874,Endocrinology,Low
0.0,NPIIN0000011875,General Medicine,Low
0.0,NPIIN0000011876,Urology,Low
27.4,NPIIN0000011877,Dermatology,Low
0.0,NPIIN0000011878,Dermatology,Low
0.0,NPIIN0000011879,Pulmonology,Low
0.0,NPIIN0000011880,Orthopedics,Low
0.0,NPIIN0000011881,General Medicine,Low
0.0,NPIIN0000011882,Cardiology,Low
0.0,NPIIN0000011883,Cardiology,Low
0.5,NPIIN0000011884,General Medicine,Low
0.0,NPIIN0000011885,Dermatology,Low
0.0,NPIIN0000011886,General Medicine,Low
86.0,NPIIN0000011887,Pulmonology,Low
51.0,NPIIN0000011888,General Medicine,Low
0.0,NPIIN0000011889,Gastroenterology,Low
0.8,NPIIN0000011890,Endocrinology,Low
0.0,NPIIN0000011891,General Medicine,Low
0.1,NPIIN0000011892,Endocrinology,Low
52.4,NPIIN0000011893,General Medicine,Low
0.0,NPIIN0000011894,General Medicine,Low
0.0,NPIIN0000011895,Pulmonology,Low
0.0,NPIIN0000011896,General Medicine,Low
0.0,NPIIN0000011897,Orthopedics,Low
0.0,NPIIN0000011898,Urology,Low
72.7,NPIIN0000011899,Diabetology,Low
0.0,NPIIN0000011900,Cardiology,Low
0.0,NPIIN0000011901,Cardiology,Low
81.8,NPIIN0000011902,Endocrinology,Low
47.1,NPIIN0000011903,Endocrinology,Low
0.0,NPIIN0000011904,Urology,Low
0.0,NPIIN0000011905,Urology,Low
85.1,NPIIN0000011906,Endocrinology,Low
0.0,NPIIN0000011907,Gastroenterology,Low
60.5,NPIIN0000011908,Dermatology,Low
37.5,NPIIN0000011909,General Medicine,Low
0.0,NPIIN0000011910,Urology,Low
0.0,NPIIN0000011911,Orthopedics,Low
0.0,NPIIN0000011912,Orthopedics,Low
0.5,NPIIN0000011913,Gastroenterology,Low
6.8,NPIIN0000011914,General Medicine,Low
60.6,NPIIN0000011915,Endocrinology,Low
0.0,NPIIN0000011916,Orthopedics,Low
47.4,NPIIN0000011917,Diabetology,Low
87.0,NPIIN0000011918,General Medicine,Low
2.6,NPIIN0000011919,Diabetology,Low
15.2,NPIIN0000011920,General Medicine,Low
0.0,NPIIN0000011921,Cardiology,Low
0.1,NPIIN0000011922,Dermatology,Low
0.0,NPIIN0000011923,General Medicine,Low
0.0,NPIIN0000011924,General Medicine,Low
0.0,NPIIN0000011925,General Medicine,Low
0.0,NPIIN0000011926,Pulmonology,Low
4.1,NPIIN0000011927,Gastroenterology,Low
0.0,NPIIN0000011928,Urology,Low
0.6,NPIIN0000011929,Dermatology,Low
0.6,NPIIN0000011930,General Medicine,Low
13.2,NPIIN0000011931,Dermatology,Low
0.0,NPIIN0000011932,General Medicine,Low
0.0,NPIIN0000011933,Neurology,Low
0.0,NPIIN0000011934,Neurology,Low
1.0,NPIIN0000011935,General Medicine,Low
0.0,NPIIN0000011936,General Medicine,Low
50.7,NPIIN0000011937,Neurology,Low
0.8,NPIIN0000011938,Diabetology,Low
0.0,NPIIN0000011939,Gastroenterology,Low
33.3,NPIIN0000011940,General Medicine,Low
0.0,NPIIN0000011941,Pulmonology,Low
0.0,NPIIN0000011942,Dermatology,Low
0.0,NPIIN0000011943,Cardiology,Low
76.7,NPIIN0000011944,Diabetology,Low
0.0,NPIIN0000011945,Pulmonology,Low
0.0,NPIIN0000011946,Cardiology,Low
0.1,NPIIN0000011947,Endocrinology,Low
0.0,NPIIN0000011948,Gastroenterology,Low
0.0,NPIIN0000011949,Cardiology,Low
0.0,NPIIN0000011950,Pulmonology,Low
0.0,NPIIN0000011951,Cardiology,Low
0.0,NPIIN0000011952,Cardiology,Low
0.0,NPIIN0000011953,General Medicine,Low
6.9,NPIIN0000011954,Orthopedics,Low
0.0,NPIIN0000011955,Pulmonology,Low
0.3,NPIIN0000011956,Diabetology,Low
85.3,NPIIN0000011957,General Medicine,Low
0.0,NPIIN0000011958,Pulmonology,Low
0.5,NPIIN0000011959,Pulmonology,Low
71.6,NPIIN0000011960,Diabetology,Low
85.2,NPIIN0000011961,Endocrinology,Low
15.5,NPIIN0000011962,General Medicine,Low
0.0,NPIIN0000011963,Neurology,Low
0.0,NPIIN0000011964,Dermatology,Low
0.0,NPIIN0000011965,Pulmonology,Low
0.0,NPIIN0000011966,Neurology,Low
0.0,NPIIN0000011967,General Medicine,Low
0.0,NPIIN0000011968,Pulmonology,Low
25.5,NPIIN0000011969,Neurology,Low
7.9,NPIIN0000011970,Endocrinology,Low
5.8,NPIIN0000011971,Orthopedics,Low
0.0,NPIIN0000011972,General Medicine,Low
0.0,NPIIN0000011973,Pulmonology,Low
0.0,NPIIN0000011974,Pulmonology,Low
0.0,NPIIN0000011975,Dermatology,Low
6.9,NPIIN0000011976,Cardiology,Low
0.0,NPIIN0000011977,Urology,Low
1.0,NPIIN0000011978,Cardiology,Low
0.3,NPIIN0000011979,Endocrinology,Low
0.0,NPIIN0000011980,Urology,Low
2.1,NPIIN0000011981,Diabetology,Low
0.5,NPIIN0000011982,Pulmonology,Low
0.0,NPIIN0000011983,General Medicine,Low
0.0,NPIIN0000011984,Orthopedics,Low
0.0,NPIIN0000011985,Gastroenterology,Low
0.0,NPIIN0000011986,General Medicine,Low
0.0,NPIIN0000011987,Dermatology,Low
0.0,NPIIN0000011988,Endocrinology,Low
0.0,NPIIN0000011989,Pulmonology,Low
0.0,NPIIN0000011990,Gastroenterology,Low
0.0,NPIIN0000011991,Neurology,Low
0.0,NPIIN0000011992,Neurology,Low
0.0,NPIIN0000011993,Dermatology,Low
0.0,NPIIN0000011994,Pulmonology,Low
0.0,NPIIN0000011995,Urology,Low
67.6,NPIIN0000011996,Endocrinology,Low
50.2,NPIIN0000011997,General Medicine,Low
0.0,NPIIN0000011998,Gastroenterology,Low
0.0,NPIIN0000011999,Diabetology,Low
0.0,NPIIN0000012000,General Medicine,Low
